{"12266.sol": [0, [0, 0, 0, 0, 0, 0, 0, 0, 0, 0]], "19241.sol": [0, [0, 0, 0, 0, 0, 0, 0, 0, 0, 0]], "37988.sol": [0, [0, 0, 0, 0, 0, 0, 0, 0, 0, 0]], "3553.sol": [0, [0, 0, 0, 0, 0, 0, 0, 0, 0, 0]], "12881.sol": [0, [0, 0, 0, 0, 0, 0, 0, 0, 0, 0]], "15435.sol": [0, [0, 0, 0, 0, 0, 0, 0, 0, 0, 0]], "2700.sol": [0, [0, 0, 0, 0, 0, 0, 0, 0, 0, 0]], "18306.sol": [0, [0, 0, 0, 0, 0, 0, 0, 0, 0, 0]], "18003.sol": [0, [0, 0, 0, 0, 0, 0, 0, 0, 0, 0]], "5412.sol": [1, [0, 0, 0, 0, 0, 1, 1, 1, 0, 0]], "19386.sol": [0, [0, 0, 0, 0, 0, 0, 0, 0, 0, 0]], "33737.sol": [0, [0, 0, 0, 0, 0, 0, 0, 0, 0, 0]], "7899.sol": [0, [0, 0, 0, 0, 0, 0, 0, 0, 0, 0]], "16568.sol": [0, [0, 0, 0, 0, 0, 0, 0, 0, 0, 0]], "2769.sol": [0, [0, 0, 0, 0, 0, 0, 0, 0, 0, 0]], "26533.sol": [0, [0, 0, 0, 0, 0, 0, 0, 0, 0, 0]], "22136.sol": [0, [0, 0, 0, 0, 0, 0, 0, 0, 0, 0]], "3308.sol": [0, [0, 0, 0, 0, 0, 0, 0, 0, 0, 0]], "19617.sol": [0, [0, 0, 0, 0, 0, 0, 0, 0, 0, 0]], "31701.sol": [0, [0, 0, 0, 0, 0, 0, 0, 0, 0, 0]], "4527.sol": [0, [0, 0, 0, 0, 0, 0, 0, 0, 0, 0]], "722.sol": [0, [0, 0, 0, 0, 0, 0, 0, 0, 0, 0]], "32925.sol": [0, [0, 0, 0, 0, 0, 0, 0, 0, 0, 0]], "9851.sol": [0, [0, 0, 0, 0, 0, 0, 0, 0, 0, 0]], "34881.sol": [0, [0, 0, 0, 0, 0, 0, 0, 0, 0, 0]], "27813.sol": [0, [0, 0, 0, 0, 0, 0, 0, 0, 0, 0]], "5578.sol": [0, [0, 0, 0, 0, 0, 0, 0, 0, 0, 0]], "13850.sol": [0, [0, 0, 0, 0, 0, 0, 0, 0, 0, 0]], "11985.sol": [0, [0, 0, 0, 0, 0, 0, 0, 0, 0, 0]], "15519.sol": [0, [0, 0, 0, 0, 0, 0, 0, 0, 0, 0]], "31785.sol": [0, [0, 0, 0, 0, 0, 0, 0, 0, 0, 0]], "17683.sol": [0, [0, 0, 0, 0, 0, 0, 0, 0, 0, 0]], "35126.sol": [0, [0, 0, 0, 0, 0, 0, 0, 0, 0, 0]], "27639.sol": [0, [0, 0, 0, 0, 0, 0, 0, 0, 0, 0]], "23969.sol": [0, [0, 0, 0, 0, 0, 0, 0, 0, 0, 0]], "15818.sol": [0, [0, 0, 0, 0, 0, 0, 0, 0, 0, 0]], "31996.sol": [0, [0, 0, 0, 0, 0, 0, 0, 0, 0, 0]], "14884.sol": [0, [0, 0, 0, 0, 0, 0, 0, 0, 0, 0]], "25275.sol": [0, [0, 0, 0, 0, 0, 0, 0, 0, 0, 0]], "17098.sol": [0, [0, 0, 0, 0, 0, 0, 0, 0, 0, 0]], "3103.sol": [0, [0, 0, 0, 0, 0, 0, 0, 0, 0, 0]], "21441.sol": [0, [0, 0, 0, 0, 0, 0, 0, 0, 0, 0]], "2719.sol": [0, [0, 0, 0, 0, 0, 0, 0, 0, 0, 0]], "31566.sol": [0, [0, 0, 0, 0, 0, 0, 0, 0, 0, 0]], "9040.sol": [0, [0, 0, 0, 0, 0, 0, 0, 0, 0, 0]], "28813.sol": [0, [0, 0, 0, 0, 0, 0, 0, 0, 0, 0]], "11486.sol": [0, [0, 0, 0, 0, 0, 0, 0, 0, 0, 0]], "13433.sol": [0, [0, 0, 0, 0, 0, 0, 0, 0, 0, 0]], "19290.sol": [0, [0, 0, 0, 0, 0, 0, 0, 0, 0, 0]], "5545.sol": [0, [0, 0, 0, 0, 0, 0, 0, 0, 0, 0]], "11672.sol": [0, [0, 0, 0, 0, 0, 0, 0, 0, 0, 0]], "22857.sol": [0, [0, 0, 0, 0, 0, 0, 0, 0, 0, 0]], "31381.sol": [0, [0, 0, 0, 0, 0, 0, 0, 0, 0, 0]], "16411.sol": [0, [0, 0, 0, 0, 0, 0, 0, 0, 0, 0]], "22588.sol": [0, [0, 0, 0, 0, 0, 0, 0, 0, 0, 0]], "13735.sol": [0, [0, 0, 0, 0, 0, 0, 0, 0, 0, 0]], "513.sol": [0, [0, 0, 0, 0, 0, 0, 0, 0, 0, 0]], "36807.sol": [0, [0, 0, 0, 0, 0, 0, 0, 0, 0, 0]], "38099.sol": [0, [0, 0, 0, 0, 0, 0, 0, 0, 0, 0]], "31380.sol": [0, [0, 0, 0, 0, 0, 0, 0, 0, 0, 0]], "26005.sol": [0, [0, 0, 0, 0, 0, 0, 0, 0, 0, 0]], "34181.sol": [0, [0, 0, 0, 0, 0, 0, 0, 0, 0, 0]], "9488.sol": [0, [0, 0, 0, 0, 0, 0, 0, 0, 0, 0]], "34973.sol": [0, [0, 0, 0, 0, 0, 0, 0, 0, 0, 0]], "17957.sol": [0, [0, 0, 0, 0, 0, 0, 0, 0, 0, 0]], "38937.sol": [0, [0, 0, 0, 0, 0, 0, 0, 0, 0, 0]], "24718.sol": [0, [0, 0, 0, 0, 0, 0, 0, 0, 0, 0]], "25896.sol": [0, [0, 0, 0, 0, 0, 0, 0, 0, 0, 0]], "8788.sol": [0, [0, 0, 0, 0, 0, 0, 0, 0, 0, 0]], "28485.sol": [0, [0, 0, 0, 0, 0, 0, 0, 0, 0, 0]], "29838.sol": [0, [0, 0, 0, 0, 0, 0, 0, 0, 0, 0]], "2963.sol": [0, [0, 0, 0, 0, 0, 0, 0, 0, 0, 0]], "10847.sol": [0, [0, 0, 0, 0, 0, 0, 0, 0, 0, 0]], "7307.sol": [0, [0, 0, 0, 0, 0, 0, 0, 0, 0, 0]], "31934.sol": [0, [0, 0, 0, 0, 0, 0, 0, 0, 0, 0]], "3655.sol": [0, [0, 0, 0, 0, 0, 0, 0, 0, 0, 0]], "4724.sol": [0, [0, 0, 0, 0, 0, 0, 0, 0, 0, 0]], "26061.sol": [0, [0, 0, 0, 0, 0, 0, 0, 0, 0, 0]], "32952.sol": [0, [0, 0, 0, 0, 0, 0, 0, 0, 0, 0]], "36206.sol": [0, [0, 0, 0, 0, 0, 0, 0, 0, 0, 0]], "24471.sol": [0, [0, 0, 0, 0, 0, 0, 0, 0, 0, 0]], "20953.sol": [0, [0, 0, 0, 0, 0, 0, 0, 0, 0, 0]], "1797.sol": [0, [0, 0, 0, 0, 0, 0, 0, 0, 0, 0]], "15481.sol": [0, [0, 0, 0, 0, 0, 0, 0, 0, 0, 0]], "26040.sol": [0, [0, 0, 0, 0, 0, 0, 0, 0, 0, 0]], "1353.sol": [0, [0, 0, 0, 0, 0, 0, 0, 0, 0, 0]], "3782.sol": [0, [0, 0, 0, 0, 0, 0, 0, 0, 0, 0]], "24306.sol": [0, [0, 0, 0, 0, 0, 0, 0, 0, 0, 0]], "21842.sol": [1, [0, 0, 0, 0, 0, 0, 0, 0, 0, 1]], "34463.sol": [0, [0, 0, 0, 0, 0, 0, 0, 0, 0, 0]], "6770.sol": [0, [0, 0, 0, 0, 0, 0, 0, 0, 0, 0]], "29301.sol": [0, [0, 0, 0, 0, 0, 0, 0, 0, 0, 0]], "35994.sol": [0, [0, 0, 0, 0, 0, 0, 0, 0, 0, 0]], "5634.sol": [0, [0, 0, 0, 0, 0, 0, 0, 0, 0, 0]], "31840.sol": [0, [0, 0, 0, 0, 0, 0, 0, 0, 0, 0]], "33245.sol": [0, [0, 0, 0, 0, 0, 0, 0, 0, 0, 0]], "38197.sol": [0, [0, 0, 0, 0, 0, 0, 0, 0, 0, 0]], "8835.sol": [0, [0, 0, 0, 0, 0, 0, 0, 0, 0, 0]], "15443.sol": [0, [0, 0, 0, 0, 0, 0, 0, 0, 0, 0]], "37541.sol": [0, [0, 0, 0, 0, 0, 0, 0, 0, 0, 0]], "11069.sol": [0, [0, 0, 0, 0, 0, 0, 0, 0, 0, 0]], "32472.sol": [0, [0, 0, 0, 0, 0, 0, 0, 0, 0, 0]], "39733.sol": [0, [0, 0, 0, 0, 0, 0, 0, 0, 0, 0]], "22882.sol": [0, [0, 0, 0, 0, 0, 0, 0, 0, 0, 0]], "28939.sol": [0, [0, 0, 0, 0, 0, 0, 0, 0, 0, 0]], "4986.sol": [0, [0, 0, 0, 0, 0, 0, 0, 0, 0, 0]], "38320.sol": [0, [0, 0, 0, 0, 0, 0, 0, 0, 0, 0]], "3237.sol": [0, [0, 0, 0, 0, 0, 0, 0, 0, 0, 0]], "25463.sol": [0, [0, 0, 0, 0, 0, 0, 0, 0, 0, 0]], "9419.sol": [0, [0, 0, 0, 0, 0, 0, 0, 0, 0, 0]], "30869.sol": [1, [0, 0, 1, 0, 0, 1, 0, 0, 0, 0]], "33183.sol": [0, [0, 0, 0, 0, 0, 0, 0, 0, 0, 0]], "32621.sol": [0, [0, 0, 0, 0, 0, 0, 0, 0, 0, 0]], "28363.sol": [0, [0, 0, 0, 0, 0, 0, 0, 0, 0, 0]], "1258.sol": [0, [0, 0, 0, 0, 0, 0, 0, 0, 0, 0]], "22851.sol": [0, [0, 0, 0, 0, 0, 0, 0, 0, 0, 0]], "17997.sol": [0, [0, 0, 0, 0, 0, 0, 0, 0, 0, 0]], "35918.sol": [0, [0, 0, 0, 0, 0, 0, 0, 0, 0, 0]], "20088.sol": [0, [0, 0, 0, 0, 0, 0, 0, 0, 0, 0]], "25007.sol": [0, [0, 0, 0, 0, 0, 0, 0, 0, 0, 0]], "36157.sol": [0, [0, 0, 0, 0, 0, 0, 0, 0, 0, 0]], "5745.sol": [0, [0, 0, 0, 0, 0, 0, 0, 0, 0, 0]], "11679.sol": [0, [0, 0, 0, 0, 0, 0, 0, 0, 0, 0]], "6620.sol": [0, [0, 0, 0, 0, 0, 0, 0, 0, 0, 0]], "1369.sol": [0, [0, 0, 0, 0, 0, 0, 0, 0, 0, 0]], "16018.sol": [0, [0, 0, 0, 0, 0, 0, 0, 0, 0, 0]], "28499.sol": [0, [0, 0, 0, 0, 0, 0, 0, 0, 0, 0]], "38635.sol": [0, [0, 0, 0, 0, 0, 0, 0, 0, 0, 0]], "8897.sol": [0, [0, 0, 0, 0, 0, 0, 0, 0, 0, 0]], "18449.sol": [0, [0, 0, 0, 0, 0, 0, 0, 0, 0, 0]], "1151.sol": [0, [0, 0, 0, 0, 0, 0, 0, 0, 0, 0]], "12908.sol": [0, [0, 0, 0, 0, 0, 0, 0, 0, 0, 0]], "20775.sol": [0, [0, 0, 0, 0, 0, 0, 0, 0, 0, 0]], "29031.sol": [0, [0, 0, 0, 0, 0, 0, 0, 0, 0, 0]], "15117.sol": [0, [0, 0, 0, 0, 0, 0, 0, 0, 0, 0]], "24512.sol": [0, [0, 0, 0, 0, 0, 0, 0, 0, 0, 0]], "2049.sol": [0, [0, 0, 0, 0, 0, 0, 0, 0, 0, 0]], "2218.sol": [0, [0, 0, 0, 0, 0, 0, 0, 0, 0, 0]], "25675.sol": [0, [0, 0, 0, 0, 0, 0, 0, 0, 0, 0]], "1747.sol": [0, [0, 0, 0, 0, 0, 0, 0, 0, 0, 0]], "38397.sol": [0, [0, 0, 0, 0, 0, 0, 0, 0, 0, 0]], "21030.sol": [0, [0, 0, 0, 0, 0, 0, 0, 0, 0, 0]], "18414.sol": [0, [0, 0, 0, 0, 0, 0, 0, 0, 0, 0]], "28834.sol": [0, [0, 0, 0, 0, 0, 0, 0, 0, 0, 0]], "909.sol": [0, [0, 0, 0, 0, 0, 0, 0, 0, 0, 0]], "29719.sol": [1, [0, 0, 0, 0, 0, 0, 0, 0, 1, 0]], "8693.sol": [0, [0, 0, 0, 0, 0, 0, 0, 0, 0, 0]], "21259.sol": [0, [0, 0, 0, 0, 0, 0, 0, 0, 0, 0]], "20443.sol": [0, [0, 0, 0, 0, 0, 0, 0, 0, 0, 0]], "2758.sol": [0, [0, 0, 0, 0, 0, 0, 0, 0, 0, 0]], "3971.sol": [0, [0, 0, 0, 0, 0, 0, 0, 0, 0, 0]], "13404.sol": [0, [0, 0, 0, 0, 0, 0, 0, 0, 0, 0]], "22384.sol": [0, [0, 0, 0, 0, 0, 0, 0, 0, 0, 0]], "16504.sol": [0, [0, 0, 0, 0, 0, 0, 0, 0, 0, 0]], "32961.sol": [0, [0, 0, 0, 0, 0, 0, 0, 0, 0, 0]], "5048.sol": [0, [0, 0, 0, 0, 0, 0, 0, 0, 0, 0]], "14686.sol": [0, [0, 0, 0, 0, 0, 0, 0, 0, 0, 0]], "36714.sol": [0, [0, 0, 0, 0, 0, 0, 0, 0, 0, 0]], "30209.sol": [0, [0, 0, 0, 0, 0, 0, 0, 0, 0, 0]], "1088.sol": [0, [0, 0, 0, 0, 0, 0, 0, 0, 0, 0]], "24828.sol": [0, [0, 0, 0, 0, 0, 0, 0, 0, 0, 0]], "14252.sol": [0, [0, 0, 0, 0, 0, 0, 0, 0, 0, 0]], "26025.sol": [0, [0, 0, 0, 0, 0, 0, 0, 0, 0, 0]], "26563.sol": [0, [0, 0, 0, 0, 0, 0, 0, 0, 0, 0]], "4321.sol": [0, [0, 0, 0, 0, 0, 0, 0, 0, 0, 0]], "1884.sol": [0, [0, 0, 0, 0, 0, 0, 0, 0, 0, 0]], "8150.sol": [0, [0, 0, 0, 0, 0, 0, 0, 0, 0, 0]], "4872.sol": [1, [0, 0, 0, 0, 0, 1, 1, 0, 0, 1]], "2296.sol": [0, [0, 0, 0, 0, 0, 0, 0, 0, 0, 0]], "18929.sol": [0, [0, 0, 0, 0, 0, 0, 0, 0, 0, 0]], "36475.sol": [0, [0, 0, 0, 0, 0, 0, 0, 0, 0, 0]], "14643.sol": [0, [0, 0, 0, 0, 0, 0, 0, 0, 0, 0]], "14979.sol": [0, [0, 0, 0, 0, 0, 0, 0, 0, 0, 0]], "4334.sol": [0, [0, 0, 0, 0, 0, 0, 0, 0, 0, 0]], "20306.sol": [0, [0, 0, 0, 0, 0, 0, 0, 0, 0, 0]], "28986.sol": [0, [0, 0, 0, 0, 0, 0, 0, 0, 0, 0]], "28611.sol": [0, [0, 0, 0, 0, 0, 0, 0, 0, 0, 0]], "6630.sol": [0, [0, 0, 0, 0, 0, 0, 0, 0, 0, 0]], "35005.sol": [0, [0, 0, 0, 0, 0, 0, 0, 0, 0, 0]], "25551.sol": [0, [0, 0, 0, 0, 0, 0, 0, 0, 0, 0]], "15768.sol": [0, [0, 0, 0, 0, 0, 0, 0, 0, 0, 0]], "35104.sol": [0, [0, 0, 0, 0, 0, 0, 0, 0, 0, 0]], "20195.sol": [0, [0, 0, 0, 0, 0, 0, 0, 0, 0, 0]], "11947.sol": [0, [0, 0, 0, 0, 0, 0, 0, 0, 0, 0]], "39260.sol": [0, [0, 0, 0, 0, 0, 0, 0, 0, 0, 0]], "28125.sol": [0, [0, 0, 0, 0, 0, 0, 0, 0, 0, 0]], "35735.sol": [0, [0, 0, 0, 0, 0, 0, 0, 0, 0, 0]], "15164.sol": [0, [0, 0, 0, 0, 0, 0, 0, 0, 0, 0]], "5138.sol": [0, [0, 0, 0, 0, 0, 0, 0, 0, 0, 0]], "13155.sol": [0, [0, 0, 0, 0, 0, 0, 0, 0, 0, 0]], "39384.sol": [0, [0, 0, 0, 0, 0, 0, 0, 0, 0, 0]], "5208.sol": [0, [0, 0, 0, 0, 0, 0, 0, 0, 0, 0]], "30736.sol": [0, [0, 0, 0, 0, 0, 0, 0, 0, 0, 0]], "5482.sol": [0, [0, 0, 0, 0, 0, 0, 0, 0, 0, 0]], "3816.sol": [0, [0, 0, 0, 0, 0, 0, 0, 0, 0, 0]], "5853.sol": [0, [0, 0, 0, 0, 0, 0, 0, 0, 0, 0]], "19441.sol": [0, [0, 0, 0, 0, 0, 0, 0, 0, 0, 0]], "35025.sol": [0, [0, 0, 0, 0, 0, 0, 0, 0, 0, 0]], "34707.sol": [0, [0, 0, 0, 0, 0, 0, 0, 0, 0, 0]], "32478.sol": [0, [0, 0, 0, 0, 0, 0, 0, 0, 0, 0]], "20173.sol": [0, [0, 0, 0, 0, 0, 0, 0, 0, 0, 0]], "18199.sol": [0, [0, 0, 0, 0, 0, 0, 0, 0, 0, 0]], "5921.sol": [0, [0, 0, 0, 0, 0, 0, 0, 0, 0, 0]], "25054.sol": [0, [0, 0, 0, 0, 0, 0, 0, 0, 0, 0]], "38329.sol": [0, [0, 0, 0, 0, 0, 0, 0, 0, 0, 0]], "1566.sol": [0, [0, 0, 0, 0, 0, 0, 0, 0, 0, 0]], "19595.sol": [0, [0, 0, 0, 0, 0, 0, 0, 0, 0, 0]], "3444.sol": [0, [0, 0, 0, 0, 0, 0, 0, 0, 0, 0]], "13325.sol": [0, [0, 0, 0, 0, 0, 0, 0, 0, 0, 0]], "28603.sol": [0, [0, 0, 0, 0, 0, 0, 0, 0, 0, 0]], "14123.sol": [0, [0, 0, 0, 0, 0, 0, 0, 0, 0, 0]], "872.sol": [0, [0, 0, 0, 0, 0, 0, 0, 0, 0, 0]], "20394.sol": [0, [0, 0, 0, 0, 0, 0, 0, 0, 0, 0]], "34700.sol": [0, [0, 0, 0, 0, 0, 0, 0, 0, 0, 0]], "38471.sol": [0, [0, 0, 0, 0, 0, 0, 0, 0, 0, 0]], "30148.sol": [0, [0, 0, 0, 0, 0, 0, 0, 0, 0, 0]], "32084.sol": [0, [0, 0, 0, 0, 0, 0, 0, 0, 0, 0]], "9834.sol": [0, [0, 0, 0, 0, 0, 0, 0, 0, 0, 0]], "30820.sol": [0, [0, 0, 0, 0, 0, 0, 0, 0, 0, 0]], "25547.sol": [0, [0, 0, 0, 0, 0, 0, 0, 0, 0, 0]], "19768.sol": [0, [0, 0, 0, 0, 0, 0, 0, 0, 0, 0]], "31826.sol": [0, [0, 0, 0, 0, 0, 0, 0, 0, 0, 0]], "34295.sol": [0, [0, 0, 0, 0, 0, 0, 0, 0, 0, 0]], "9710.sol": [1, [0, 1, 0, 1, 0, 1, 0, 1, 0, 0]], "3566.sol": [0, [0, 0, 0, 0, 0, 0, 0, 0, 0, 0]], "18300.sol": [0, [0, 0, 0, 0, 0, 0, 0, 0, 0, 0]], "27708.sol": [0, [0, 0, 0, 0, 0, 0, 0, 0, 0, 0]], "701.sol": [0, [0, 0, 0, 0, 0, 0, 0, 0, 0, 0]], "30618.sol": [0, [0, 0, 0, 0, 0, 0, 0, 0, 0, 0]], "38143.sol": [0, [0, 0, 0, 0, 0, 0, 0, 0, 0, 0]], "12396.sol": [0, [0, 0, 0, 0, 0, 0, 0, 0, 0, 0]], "31992.sol": [0, [0, 0, 0, 0, 0, 0, 0, 0, 0, 0]], "1830.sol": [0, [0, 0, 0, 0, 0, 0, 0, 0, 0, 0]], "21881.sol": [0, [0, 0, 0, 0, 0, 0, 0, 0, 0, 0]], "25918.sol": [0, [0, 0, 0, 0, 0, 0, 0, 0, 0, 0]], "7239.sol": [0, [0, 0, 0, 0, 0, 0, 0, 0, 0, 0]], "36134.sol": [0, [0, 0, 0, 0, 0, 0, 0, 0, 0, 0]], "28981.sol": [0, [0, 0, 0, 0, 0, 0, 0, 0, 0, 0]], "19563.sol": [0, [0, 0, 0, 0, 0, 0, 0, 0, 0, 0]], "16109.sol": [0, [0, 0, 0, 0, 0, 0, 0, 0, 0, 0]], "7605.sol": [0, [0, 0, 0, 0, 0, 0, 0, 0, 0, 0]], "12476.sol": [0, [0, 0, 0, 0, 0, 0, 0, 0, 0, 0]], "32778.sol": [0, [0, 0, 0, 0, 0, 0, 0, 0, 0, 0]], "16689.sol": [0, [0, 0, 0, 0, 0, 0, 0, 0, 0, 0]], "30981.sol": [1, [1, 1, 1, 1, 1, 0, 1, 1, 0, 0]], "28300.sol": [0, [0, 0, 0, 0, 0, 0, 0, 0, 0, 0]], "6503.sol": [0, [0, 0, 0, 0, 0, 0, 0, 0, 0, 0]], "5348.sol": [0, [0, 0, 0, 0, 0, 0, 0, 0, 0, 0]], "7667.sol": [0, [0, 0, 0, 0, 0, 0, 0, 0, 0, 0]], "30783.sol": [0, [0, 0, 0, 0, 0, 0, 0, 0, 0, 0]], "17089.sol": [0, [0, 0, 0, 0, 0, 0, 0, 0, 0, 0]], "32618.sol": [0, [0, 0, 0, 0, 0, 0, 0, 0, 0, 0]], "7202.sol": [0, [0, 0, 0, 0, 0, 0, 0, 0, 0, 0]], "13029.sol": [0, [0, 0, 0, 0, 0, 0, 0, 0, 0, 0]], "36255.sol": [0, [0, 0, 0, 0, 0, 0, 0, 0, 0, 0]], "3647.sol": [0, [0, 0, 0, 0, 0, 0, 0, 0, 0, 0]], "24869.sol": [0, [0, 0, 0, 0, 0, 0, 0, 0, 0, 0]], "29807.sol": [0, [0, 0, 0, 0, 0, 0, 0, 0, 0, 0]], "30386.sol": [1, [0, 0, 0, 0, 0, 0, 0, 1, 1, 0]], "8515.sol": [0, [0, 0, 0, 0, 0, 0, 0, 0, 0, 0]], "33924.sol": [0, [0, 0, 0, 0, 0, 0, 0, 0, 0, 0]], "29456.sol": [0, [0, 0, 0, 0, 0, 0, 0, 0, 0, 0]], "12034.sol": [0, [0, 0, 0, 0, 0, 0, 0, 0, 0, 0]], "29893.sol": [0, [0, 0, 0, 0, 0, 0, 0, 0, 0, 0]], "16909.sol": [0, [0, 0, 0, 0, 0, 0, 0, 0, 0, 0]], "30423.sol": [0, [0, 0, 0, 0, 0, 0, 0, 0, 0, 0]], "13894.sol": [0, [0, 0, 0, 0, 0, 0, 0, 0, 0, 0]], "32128.sol": [0, [0, 0, 0, 0, 0, 0, 0, 0, 0, 0]], "32671.sol": [0, [0, 0, 0, 0, 0, 0, 0, 0, 0, 0]], "10004.sol": [0, [0, 0, 0, 0, 0, 0, 0, 0, 0, 0]], "28901.sol": [0, [0, 0, 0, 0, 0, 0, 0, 0, 0, 0]], "39355.sol": [0, [0, 0, 0, 0, 0, 0, 0, 0, 0, 0]], "20915.sol": [0, [0, 0, 0, 0, 0, 0, 0, 0, 0, 0]], "27388.sol": [0, [0, 0, 0, 0, 0, 0, 0, 0, 0, 0]], "4528.sol": [0, [0, 0, 0, 0, 0, 0, 0, 0, 0, 0]], "33203.sol": [0, [0, 0, 0, 0, 0, 0, 0, 0, 0, 0]], "13957.sol": [0, [0, 0, 0, 0, 0, 0, 0, 0, 0, 0]], "1009.sol": [0, [0, 0, 0, 0, 0, 0, 0, 0, 0, 0]], "17905.sol": [0, [0, 0, 0, 0, 0, 0, 0, 0, 0, 0]], "7064.sol": [0, [0, 0, 0, 0, 0, 0, 0, 0, 0, 0]], "2861.sol": [0, [0, 0, 0, 0, 0, 0, 0, 0, 0, 0]], "2650.sol": [0, [0, 0, 0, 0, 0, 0, 0, 0, 0, 0]], "15927.sol": [0, [0, 0, 0, 0, 0, 0, 0, 0, 0, 0]], "17538.sol": [0, [0, 0, 0, 0, 0, 0, 0, 0, 0, 0]], "19826.sol": [0, [0, 0, 0, 0, 0, 0, 0, 0, 0, 0]], "2790.sol": [0, [0, 0, 0, 0, 0, 0, 0, 0, 0, 0]], "28446.sol": [0, [0, 0, 0, 0, 0, 0, 0, 0, 0, 0]], "34115.sol": [0, [0, 0, 0, 0, 0, 0, 0, 0, 0, 0]], "2225.sol": [0, [0, 0, 0, 0, 0, 0, 0, 0, 0, 0]], "29152.sol": [0, [0, 0, 0, 0, 0, 0, 0, 0, 0, 0]], "3737.sol": [0, [0, 0, 0, 0, 0, 0, 0, 0, 0, 0]], "19429.sol": [0, [0, 0, 0, 0, 0, 0, 0, 0, 0, 0]], "35208.sol": [0, [0, 0, 0, 0, 0, 0, 0, 0, 0, 0]], "33778.sol": [1, [0, 0, 1, 0, 0, 0, 0, 0, 0, 0]], "13500.sol": [1, [1, 1, 1, 0, 0, 0, 0, 0, 1, 0]], "35240.sol": [0, [0, 0, 0, 0, 0, 0, 0, 0, 0, 0]], "5607.sol": [0, [0, 0, 0, 0, 0, 0, 0, 0, 0, 0]], "37998.sol": [0, [0, 0, 0, 0, 0, 0, 0, 0, 0, 0]], "34000.sol": [0, [0, 0, 0, 0, 0, 0, 0, 0, 0, 0]], "4430.sol": [0, [0, 0, 0, 0, 0, 0, 0, 0, 0, 0]], "11667.sol": [0, [0, 0, 0, 0, 0, 0, 0, 0, 0, 0]], "11029.sol": [0, [0, 0, 0, 0, 0, 0, 0, 0, 0, 0]], "24921.sol": [0, [0, 0, 0, 0, 0, 0, 0, 0, 0, 0]], "32625.sol": [0, [0, 0, 0, 0, 0, 0, 0, 0, 0, 0]], "20364.sol": [0, [0, 0, 0, 0, 0, 0, 0, 0, 0, 0]], "3441.sol": [0, [0, 0, 0, 0, 0, 0, 0, 0, 0, 0]], "25235.sol": [0, [0, 0, 0, 0, 0, 0, 0, 0, 0, 0]], "28892.sol": [0, [0, 0, 0, 0, 0, 0, 0, 0, 0, 0]], "13532.sol": [0, [0, 0, 0, 0, 0, 0, 0, 0, 0, 0]], "17294.sol": [0, [0, 0, 0, 0, 0, 0, 0, 0, 0, 0]], "5713.sol": [0, [0, 0, 0, 0, 0, 0, 0, 0, 0, 0]], "31004.sol": [0, [0, 0, 0, 0, 0, 0, 0, 0, 0, 0]], "38736.sol": [0, [0, 0, 0, 0, 0, 0, 0, 0, 0, 0]], "17020.sol": [0, [0, 0, 0, 0, 0, 0, 0, 0, 0, 0]], "13668.sol": [0, [0, 0, 0, 0, 0, 0, 0, 0, 0, 0]], "27199.sol": [0, [0, 0, 0, 0, 0, 0, 0, 0, 0, 0]], "15216.sol": [0, [0, 0, 0, 0, 0, 0, 0, 0, 0, 0]], "13034.sol": [0, [0, 0, 0, 0, 0, 0, 0, 0, 0, 0]], "25710.sol": [1, [1, 1, 1, 1, 0, 0, 0, 0, 1, 1]], "22644.sol": [0, [0, 0, 0, 0, 0, 0, 0, 0, 0, 0]], "3106.sol": [0, [0, 0, 0, 0, 0, 0, 0, 0, 0, 0]], "34452.sol": [0, [0, 0, 0, 0, 0, 0, 0, 0, 0, 0]], "21874.sol": [0, [0, 0, 0, 0, 0, 0, 0, 0, 0, 0]], "36785.sol": [0, [0, 0, 0, 0, 0, 0, 0, 0, 0, 0]], "19115.sol": [0, [0, 0, 0, 0, 0, 0, 0, 0, 0, 0]], "21467.sol": [0, [0, 0, 0, 0, 0, 0, 0, 0, 0, 0]], "11506.sol": [0, [0, 0, 0, 0, 0, 0, 0, 0, 0, 0]], "24093.sol": [0, [0, 0, 0, 0, 0, 0, 0, 0, 0, 0]], "34362.sol": [0, [0, 0, 0, 0, 0, 0, 0, 0, 0, 0]], "5570.sol": [0, [0, 0, 0, 0, 0, 0, 0, 0, 0, 0]], "30889.sol": [0, [0, 0, 0, 0, 0, 0, 0, 0, 0, 0]], "9466.sol": [0, [0, 0, 0, 0, 0, 0, 0, 0, 0, 0]], "24600.sol": [0, [0, 0, 0, 0, 0, 0, 0, 0, 0, 0]], "12333.sol": [0, [0, 0, 0, 0, 0, 0, 0, 0, 0, 0]], "12670.sol": [0, [0, 0, 0, 0, 0, 0, 0, 0, 0, 0]], "16200.sol": [0, [0, 0, 0, 0, 0, 0, 0, 0, 0, 0]], "12389.sol": [0, [0, 0, 0, 0, 0, 0, 0, 0, 0, 0]], "34173.sol": [0, [0, 0, 0, 0, 0, 0, 0, 0, 0, 0]], "3804.sol": [0, [0, 0, 0, 0, 0, 0, 0, 0, 0, 0]], "16827.sol": [0, [0, 0, 0, 0, 0, 0, 0, 0, 0, 0]], "19424.sol": [0, [0, 0, 0, 0, 0, 0, 0, 0, 0, 0]], "6735.sol": [0, [0, 0, 0, 0, 0, 0, 0, 0, 0, 0]], "31551.sol": [0, [0, 0, 0, 0, 0, 0, 0, 0, 0, 0]], "19667.sol": [0, [0, 0, 0, 0, 0, 0, 0, 0, 0, 0]], "22191.sol": [0, [0, 0, 0, 0, 0, 0, 0, 0, 0, 0]], "15067.sol": [0, [0, 0, 0, 0, 0, 0, 0, 0, 0, 0]], "30548.sol": [0, [0, 0, 0, 0, 0, 0, 0, 0, 0, 0]], "16138.sol": [0, [0, 0, 0, 0, 0, 0, 0, 0, 0, 0]], "12755.sol": [0, [0, 0, 0, 0, 0, 0, 0, 0, 0, 0]], "382.sol": [0, [0, 0, 0, 0, 0, 0, 0, 0, 0, 0]], "31923.sol": [1, [1, 1, 1, 0, 1, 1, 0, 0, 0, 0]], "9520.sol": [0, [0, 0, 0, 0, 0, 0, 0, 0, 0, 0]], "27993.sol": [0, [0, 0, 0, 0, 0, 0, 0, 0, 0, 0]], "24299.sol": [0, [0, 0, 0, 0, 0, 0, 0, 0, 0, 0]], "15548.sol": [0, [0, 0, 0, 0, 0, 0, 0, 0, 0, 0]], "34931.sol": [0, [0, 0, 0, 0, 0, 0, 0, 0, 0, 0]], "30232.sol": [0, [0, 0, 0, 0, 0]], "1177.sol": [0, [0, 0, 0, 0, 0, 0, 0, 0, 0, 0]], "30975.sol": [0, [0, 0, 0, 0, 0, 0, 0, 0, 0, 0]], "5670.sol": [0, [0, 0, 0, 0, 0, 0, 0, 0, 0, 0]], "38493.sol": [0, [0, 0, 0, 0, 0, 0, 0, 0, 0, 0]], "25057.sol": [0, [0, 0, 0, 0, 0, 0, 0, 0, 0, 0]], "2489.sol": [0, [0, 0, 0, 0, 0, 0, 0, 0, 0, 0]], "15054.sol": [0, [0, 0, 0, 0, 0, 0, 0, 0, 0, 0]], "33503.sol": [0, [0, 0, 0, 0, 0, 0, 0, 0, 0, 0]], "18699.sol": [0, [0, 0, 0, 0, 0, 0, 0, 0, 0, 0]], "40573.sol": [0, [0, 0, 0, 0, 0, 0, 0, 0, 0, 0]], "3176.sol": [0, [0, 0, 0, 0, 0, 0, 0, 0, 0, 0]], "11643.sol": [0, [0, 0, 0, 0, 0, 0, 0, 0, 0, 0]], "7191.sol": [0, [0, 0, 0, 0, 0, 0, 0, 0, 0, 0]], "12038.sol": [0, [0, 0, 0, 0, 0, 0, 0, 0, 0, 0]], "22282.sol": [0, [0, 0, 0, 0, 0, 0, 0, 0, 0, 0]], "24870.sol": [0, [0, 0, 0, 0, 0, 0, 0, 0, 0, 0]], "8237.sol": [0, [0, 0, 0, 0, 0, 0, 0, 0, 0, 0]], "25015.sol": [0, [0, 0, 0, 0, 0, 0, 0, 0, 0, 0]], "3515.sol": [0, [0, 0, 0, 0, 0, 0, 0, 0, 0, 0]], "5484.sol": [0, [0, 0, 0, 0, 0, 0, 0, 0, 0, 0]], "5363.sol": [0, [0, 0, 0, 0, 0, 0, 0, 0, 0, 0]], "11175.sol": [0, [0, 0, 0, 0, 0, 0, 0, 0, 0, 0]], "3636.sol": [0, [0, 0, 0, 0, 0, 0, 0, 0, 0, 0]], "20589.sol": [0, [0, 0, 0, 0, 0, 0, 0, 0, 0, 0]], "11716.sol": [0, [0, 0, 0, 0, 0, 0, 0, 0, 0, 0]], "12700.sol": [0, [0, 0, 0, 0, 0, 0, 0, 0, 0, 0]], "10077.sol": [0, [0, 0, 0, 0, 0, 0, 0, 0, 0, 0]], "25735.sol": [0, [0, 0, 0, 0, 0, 0, 0, 0, 0, 0]], "38896.sol": [0, [0, 0, 0, 0, 0, 0, 0, 0, 0, 0]], "18542.sol": [0, [0, 0, 0, 0, 0, 0, 0, 0, 0, 0]], "1110.sol": [0, [0, 0, 0, 0, 0, 0, 0, 0, 0, 0]], "39246.sol": [0, [0, 0, 0, 0, 0, 0, 0, 0, 0, 0]], "13057.sol": [0, [0, 0, 0, 0, 0, 0, 0, 0, 0, 0]], "11552.sol": [0, [0, 0, 0, 0, 0, 0, 0, 0, 0, 0]], "1624.sol": [1, [1, 0, 0, 0, 0, 0, 0, 0, 0, 0]], "13399.sol": [0, [0, 0, 0, 0, 0, 0, 0, 0, 0, 0]], "12886.sol": [0, [0, 0, 0, 0, 0, 0, 0, 0, 0, 0]], "10570.sol": [0, [0, 0, 0, 0, 0, 0, 0, 0, 0, 0]], "9380.sol": [0, [0, 0, 0, 0, 0, 0, 0, 0, 0, 0]], "33627.sol": [0, [0, 0, 0, 0, 0, 0, 0, 0, 0, 0]], "15502.sol": [0, [0, 0, 0, 0, 0, 0, 0, 0, 0, 0]], "19368.sol": [0, [0, 0, 0, 0, 0, 0, 0]], "9253.sol": [0, [0, 0, 0, 0, 0, 0, 0, 0, 0, 0]], "10576.sol": [0, [0, 0, 0, 0, 0, 0, 0, 0, 0, 0]], "22124.sol": [0, [0, 0, 0, 0, 0, 0, 0, 0, 0, 0]], "16261.sol": [0, [0, 0, 0, 0, 0, 0, 0, 0, 0, 0]], "876.sol": [0, [0, 0, 0, 0, 0, 0, 0, 0, 0, 0]], "17608.sol": [0, [0, 0, 0, 0, 0, 0, 0, 0, 0, 0]], "5756.sol": [0, [0, 0, 0, 0, 0, 0, 0, 0, 0, 0]], "12480.sol": [0, [0, 0, 0, 0, 0, 0, 0, 0, 0, 0]], "32263.sol": [0, [0, 0, 0, 0, 0, 0, 0, 0, 0, 0]], "2770.sol": [0, [0, 0, 0, 0, 0, 0, 0, 0, 0, 0]], "23264.sol": [0, [0, 0, 0, 0, 0, 0, 0, 0, 0, 0]], "4353.sol": [0, [0, 0, 0, 0, 0, 0, 0, 0, 0, 0]], "34222.sol": [0, [0, 0, 0, 0, 0, 0, 0, 0, 0, 0]], "40315.sol": [0, [0, 0, 0, 0, 0, 0, 0, 0, 0, 0]], "9151.sol": [0, [0, 0, 0, 0, 0, 0, 0, 0, 0, 0]], "4513.sol": [0, [0, 0, 0, 0, 0, 0, 0, 0, 0, 0]], "501.sol": [0, [0, 0, 0, 0, 0, 0, 0, 0, 0, 0]], "9410.sol": [0, [0, 0, 0, 0, 0, 0, 0, 0, 0, 0]], "10620.sol": [0, [0, 0, 0, 0, 0, 0, 0, 0, 0, 0]], "7146.sol": [0, [0, 0, 0, 0, 0, 0, 0, 0, 0, 0]], "31522.sol": [0, [0, 0, 0, 0, 0, 0, 0, 0, 0, 0]], "12619.sol": [0, [0, 0, 0, 0, 0, 0, 0, 0, 0, 0]], "20610.sol": [0, [0, 0, 0, 0, 0, 0, 0, 0, 0, 0]], "36484.sol": [0, [0, 0, 0, 0, 0, 0, 0, 0, 0, 0]], "24997.sol": [0, [0, 0, 0, 0, 0, 0, 0, 0, 0, 0]], "3895.sol": [0, [0, 0, 0, 0, 0, 0, 0, 0, 0, 0]], "28334.sol": [0, [0, 0, 0, 0, 0, 0, 0, 0, 0, 0]], "36213.sol": [1, [0, 0, 0, 0, 0, 0, 0, 0, 0, 1]], "4072.sol": [0, [0, 0, 0, 0, 0, 0, 0, 0, 0, 0]], "15978.sol": [0, [0, 0, 0, 0, 0, 0, 0, 0, 0, 0]], "18558.sol": [0, [0, 0, 0, 0, 0, 0, 0, 0, 0, 0]], "39562.sol": [0, [0, 0, 0, 0, 0, 0, 0, 0, 0, 0]], "25098.sol": [0, [0, 0, 0, 0, 0, 0, 0, 0, 0, 0]], "3375.sol": [0, [0, 0, 0, 0, 0, 0, 0, 0, 0, 0]], "30717.sol": [0, [0, 0, 0, 0, 0, 0, 0, 0, 0, 0]], "2270.sol": [1, [0, 0, 0, 0, 0, 1, 0, 0, 0, 0]], "11792.sol": [0, [0, 0, 0, 0, 0, 0, 0, 0, 0, 0]], "17820.sol": [0, [0, 0, 0, 0, 0, 0, 0, 0, 0, 0]], "39692.sol": [1, [0, 0, 0, 0, 0, 1, 0, 1, 0, 0]], "16154.sol": [0, [0, 0, 0, 0, 0, 0, 0, 0, 0, 0]], "8373.sol": [0, [0, 0, 0, 0, 0, 0, 0, 0, 0, 0]], "18109.sol": [0, [0, 0, 0, 0, 0, 0, 0, 0, 0, 0]], "15890.sol": [0, [0, 0, 0, 0, 0, 0, 0, 0, 0, 0]], "15508.sol": [0, [0, 0, 0, 0, 0, 0, 0, 0, 0, 0]], "4823.sol": [0, [0, 0, 0, 0, 0, 0, 0, 0, 0, 0]], "6573.sol": [0, [0, 0, 0, 0, 0, 0, 0, 0, 0, 0]], "10592.sol": [0, [0, 0, 0, 0, 0, 0, 0, 0, 0, 0]], "2504.sol": [0, [0, 0, 0, 0, 0, 0, 0, 0, 0, 0]], "33951.sol": [0, [0, 0, 0, 0, 0, 0, 0, 0, 0, 0]], "4167.sol": [0, [0, 0, 0, 0, 0, 0, 0, 0, 0, 0]], "32071.sol": [0, [0, 0, 0, 0, 0, 0, 0, 0, 0, 0]], "28575.sol": [0, [0, 0, 0, 0, 0, 0, 0, 0, 0, 0]], "29135.sol": [0, [0, 0, 0, 0, 0, 0, 0, 0, 0, 0]], "33488.sol": [0, [0, 0, 0, 0, 0, 0, 0, 0, 0, 0]], "23607.sol": [0, [0, 0, 0, 0, 0, 0, 0, 0, 0, 0]], "391.sol": [0, [0, 0, 0, 0, 0, 0, 0, 0, 0, 0]], "28756.sol": [0, [0, 0, 0, 0, 0, 0, 0, 0, 0, 0]], "8266.sol": [0, [0, 0, 0, 0, 0, 0, 0, 0, 0, 0]], "11065.sol": [0, [0, 0, 0, 0, 0, 0, 0, 0, 0, 0]], "39221.sol": [0, [0, 0, 0, 0, 0, 0, 0, 0, 0, 0]], "10285.sol": [0, [0, 0, 0, 0, 0, 0, 0, 0, 0, 0]], "272.sol": [0, [0, 0, 0, 0, 0, 0, 0, 0, 0, 0]], "21069.sol": [1, [0, 0, 0, 0, 1, 1, 0, 0, 0, 0]], "8128.sol": [0, [0, 0, 0, 0, 0, 0, 0, 0, 0, 0]], "28426.sol": [0, [0, 0, 0, 0, 0, 0, 0, 0, 0, 0]], "727.sol": [0, [0, 0, 0, 0, 0, 0, 0, 0, 0, 0]], "16644.sol": [0, [0, 0, 0, 0, 0, 0, 0, 0, 0, 0]], "25835.sol": [0, [0, 0, 0, 0, 0, 0, 0, 0, 0, 0]], "26537.sol": [0, [0, 0, 0, 0, 0, 0, 0, 0, 0, 0]], "25328.sol": [0, [0, 0, 0, 0, 0, 0, 0, 0, 0, 0]], "23302.sol": [1, [1, 1, 0, 0, 0, 0, 0, 0, 0, 0]], "27492.sol": [0, [0, 0, 0, 0, 0, 0, 0, 0, 0, 0]], "39719.sol": [0, [0, 0, 0, 0, 0, 0, 0, 0, 0, 0]], "17555.sol": [0, [0, 0, 0, 0, 0, 0, 0, 0, 0, 0]], "16671.sol": [0, [0, 0, 0, 0, 0, 0, 0, 0, 0, 0]], "21085.sol": [0, [0, 0, 0, 0, 0, 0, 0, 0, 0, 0]], "24002.sol": [0, [0, 0, 0, 0, 0, 0, 0, 0, 0, 0]], "5639.sol": [0, [0, 0, 0, 0, 0, 0, 0, 0, 0, 0]], "10334.sol": [0, [0, 0, 0, 0, 0, 0, 0, 0, 0, 0]], "6103.sol": [0, [0, 0, 0, 0, 0, 0, 0, 0, 0, 0]], "23212.sol": [0, [0, 0, 0, 0, 0, 0, 0, 0, 0, 0]], "37089.sol": [1, [1, 0, 0, 0, 1, 0, 0, 0, 0, 1]], "16488.sol": [0, [0, 0, 0, 0, 0, 0, 0, 0, 0, 0]], "26566.sol": [0, [0, 0, 0, 0, 0, 0, 0, 0, 0, 0]], "6799.sol": [0, [0, 0, 0, 0, 0, 0, 0, 0, 0, 0]], "34530.sol": [0, [0, 0, 0, 0, 0, 0, 0, 0, 0, 0]], "18705.sol": [0, [0, 0, 0, 0, 0, 0, 0, 0, 0, 0]], "24534.sol": [0, [0, 0, 0, 0, 0, 0, 0, 0, 0, 0]], "22823.sol": [0, [0, 0, 0, 0, 0, 0, 0, 0, 0, 0]], "1569.sol": [0, [0, 0, 0, 0, 0, 0, 0, 0, 0, 0]], "7575.sol": [0, [0, 0, 0, 0, 0, 0, 0, 0, 0, 0]], "15761.sol": [0, [0, 0, 0, 0, 0, 0, 0, 0, 0, 0]], "26068.sol": [1, [0, 0, 0, 0, 0, 0, 0, 1, 1, 0]], "17027.sol": [0, [0, 0, 0, 0, 0, 0, 0, 0, 0, 0]], "13548.sol": [0, [0, 0, 0, 0, 0, 0, 0, 0, 0, 0]], "4375.sol": [0, [0, 0, 0, 0, 0, 0, 0, 0, 0, 0]], "17223.sol": [0, [0, 0, 0, 0, 0, 0, 0, 0, 0, 0]], "4306.sol": [0, [0, 0, 0, 0, 0, 0, 0, 0, 0, 0]], "20244.sol": [0, [0, 0, 0, 0, 0, 0, 0, 0, 0, 0]], "19265.sol": [0, [0, 0, 0, 0, 0, 0, 0, 0, 0, 0]], "9352.sol": [0, [0, 0, 0, 0, 0, 0, 0, 0, 0, 0]], "28876.sol": [0, [0, 0, 0, 0, 0, 0, 0, 0, 0, 0]], "28150.sol": [0, [0, 0, 0, 0, 0, 0, 0, 0, 0, 0]], "14189.sol": [0, [0, 0, 0, 0, 0, 0, 0, 0, 0, 0]], "19752.sol": [0, [0, 0, 0, 0, 0, 0, 0, 0, 0, 0]], "40485.sol": [0, [0, 0, 0, 0, 0, 0, 0, 0, 0, 0]], "22379.sol": [0, [0, 0, 0, 0, 0, 0, 0, 0, 0, 0]], "14934.sol": [0, [0, 0, 0, 0, 0, 0, 0, 0, 0, 0]], "8516.sol": [0, [0, 0, 0, 0, 0, 0, 0, 0, 0, 0]], "24648.sol": [0, [0, 0, 0, 0, 0, 0, 0, 0, 0, 0]], "10562.sol": [0, [0, 0, 0, 0, 0, 0, 0, 0, 0, 0]], "27834.sol": [0, [0, 0, 0, 0, 0, 0, 0, 0, 0, 0]], "20417.sol": [0, [0, 0, 0, 0, 0, 0, 0, 0, 0, 0]], "15162.sol": [0, [0, 0, 0, 0, 0, 0, 0, 0, 0, 0]], "24159.sol": [0, [0, 0, 0, 0, 0, 0, 0, 0, 0, 0]], "19642.sol": [0, [0, 0, 0, 0, 0, 0, 0, 0, 0, 0]], "27331.sol": [0, [0, 0, 0, 0, 0, 0, 0, 0, 0, 0]], "18557.sol": [0, [0, 0, 0, 0, 0, 0, 0, 0, 0, 0]], "769.sol": [0, [0, 0, 0, 0, 0, 0, 0, 0, 0, 0]], "6638.sol": [0, [0, 0, 0, 0, 0, 0, 0, 0, 0, 0]], "10084.sol": [0, [0, 0, 0, 0, 0, 0, 0, 0, 0, 0]], "32217.sol": [0, [0, 0, 0, 0, 0, 0, 0, 0, 0, 0]], "6348.sol": [0, [0, 0, 0, 0, 0, 0, 0, 0, 0, 0]], "32120.sol": [0, [0, 0, 0, 0, 0, 0, 0, 0, 0, 0]], "28652.sol": [0, [0, 0, 0, 0, 0, 0, 0, 0, 0, 0]], "27156.sol": [0, [0, 0, 0, 0, 0, 0, 0, 0, 0, 0]], "23829.sol": [0, [0, 0, 0, 0, 0, 0, 0, 0, 0, 0]], "27465.sol": [0, [0, 0, 0, 0, 0, 0, 0, 0, 0, 0]], "5790.sol": [0, [0, 0, 0, 0, 0, 0, 0, 0, 0, 0]], "339.sol": [0, [0, 0, 0, 0, 0, 0, 0, 0, 0, 0]], "36929.sol": [1, [1, 0, 1, 0, 0, 0, 0, 0, 0, 0]], "19254.sol": [0, [0, 0, 0, 0, 0, 0, 0, 0, 0, 0]], "16226.sol": [0, [0, 0, 0, 0, 0, 0, 0, 0, 0, 0]], "24980.sol": [0, [0, 0, 0, 0, 0, 0, 0, 0, 0, 0]], "19338.sol": [0, [0, 0, 0, 0, 0, 0, 0, 0, 0, 0]], "30683.sol": [0, [0, 0, 0, 0, 0, 0, 0, 0, 0, 0]], "30052.sol": [0, [0, 0, 0, 0, 0, 0, 0, 0, 0, 0]], "32261.sol": [0, [0, 0, 0, 0, 0, 0, 0, 0, 0, 0]], "25656.sol": [0, [0, 0, 0, 0, 0, 0, 0, 0, 0, 0]], "7702.sol": [0, [0, 0, 0, 0, 0, 0, 0, 0, 0, 0]], "274.sol": [0, [0, 0, 0, 0, 0, 0, 0, 0, 0, 0]], "12817.sol": [0, [0, 0, 0, 0, 0, 0, 0, 0, 0, 0]], "6389.sol": [0, [0, 0, 0, 0, 0, 0, 0, 0, 0, 0]], "6112.sol": [0, [0, 0, 0, 0, 0, 0, 0, 0, 0, 0]], "4562.sol": [0, [0, 0, 0, 0, 0, 0, 0, 0, 0, 0]], "1869.sol": [0, [0, 0, 0, 0, 0, 0, 0, 0, 0, 0]], "25937.sol": [0, [0, 0, 0, 0, 0, 0, 0, 0, 0, 0]], "11615.sol": [0, [0, 0, 0, 0, 0, 0, 0, 0, 0, 0]], "40189.sol": [0, [0, 0, 0, 0, 0, 0, 0, 0, 0]], "18646.sol": [0, [0, 0, 0, 0, 0, 0, 0, 0, 0, 0]], "24016.sol": [0, [0, 0, 0, 0, 0, 0, 0, 0, 0, 0]], "16194.sol": [0, [0, 0, 0, 0, 0, 0, 0, 0, 0, 0]], "2668.sol": [0, [0, 0, 0, 0, 0, 0, 0, 0, 0, 0]], "27537.sol": [0, [0, 0, 0, 0, 0, 0, 0, 0, 0, 0]], "36446.sol": [0, [0, 0, 0, 0, 0, 0, 0, 0, 0, 0]], "9690.sol": [0, [0, 0, 0, 0, 0, 0, 0, 0, 0, 0]], "33155.sol": [0, [0, 0, 0, 0, 0, 0, 0, 0, 0, 0]], "33554.sol": [0, [0, 0, 0, 0, 0, 0, 0, 0, 0, 0]], "37659.sol": [0, [0, 0, 0, 0, 0, 0, 0, 0, 0, 0]], "4876.sol": [0, [0, 0, 0, 0, 0, 0, 0, 0, 0, 0]], "11290.sol": [0, [0, 0, 0, 0, 0, 0, 0, 0, 0, 0]], "2375.sol": [0, [0, 0, 0, 0, 0, 0, 0, 0, 0, 0]], "6667.sol": [0, [0, 0, 0, 0, 0, 0, 0, 0, 0, 0]], "18615.sol": [0, [0, 0, 0, 0, 0, 0, 0, 0, 0, 0]], "17848.sol": [0, [0, 0, 0, 0, 0, 0, 0, 0, 0, 0]], "17915.sol": [0, [0, 0, 0, 0, 0, 0, 0, 0, 0, 0]], "8253.sol": [0, [0, 0, 0, 0, 0, 0, 0, 0, 0, 0]], "31226.sol": [0, [0, 0, 0, 0, 0, 0, 0, 0, 0, 0]], "7598.sol": [0, [0, 0, 0, 0, 0, 0, 0, 0, 0, 0]], "11523.sol": [0, [0, 0, 0, 0, 0, 0, 0, 0, 0, 0]], "9362.sol": [0, [0, 0, 0, 0, 0, 0, 0, 0, 0, 0]], "19194.sol": [0, [0, 0, 0, 0, 0, 0, 0, 0, 0, 0]], "27494.sol": [0, [0, 0, 0, 0, 0, 0, 0, 0, 0, 0]], "15009.sol": [0, [0, 0, 0, 0, 0, 0, 0, 0, 0, 0]], "19204.sol": [0, [0, 0, 0, 0, 0, 0, 0, 0, 0, 0]], "30873.sol": [0, [0, 0, 0, 0, 0, 0, 0, 0, 0, 0]], "9369.sol": [0, [0, 0, 0, 0, 0, 0, 0, 0, 0, 0]], "5366.sol": [0, [0, 0, 0, 0, 0, 0, 0, 0, 0, 0]], "31252.sol": [0, [0, 0, 0, 0, 0, 0, 0, 0, 0, 0]], "16173.sol": [0, [0, 0, 0, 0, 0, 0, 0, 0, 0, 0]], "17956.sol": [0, [0, 0, 0, 0, 0, 0, 0, 0, 0, 0]], "2323.sol": [0, [0, 0, 0, 0, 0, 0, 0, 0, 0, 0]], "29774.sol": [0, [0, 0, 0, 0, 0, 0, 0, 0, 0, 0]], "8326.sol": [0, [0, 0, 0, 0, 0, 0, 0, 0, 0, 0]], "26240.sol": [0, [0, 0, 0, 0, 0, 0, 0, 0, 0, 0]], "31079.sol": [0, [0, 0, 0, 0, 0, 0, 0, 0, 0, 0]], "12869.sol": [0, [0, 0, 0, 0, 0, 0, 0, 0, 0, 0]], "765.sol": [0, [0, 0, 0, 0, 0, 0, 0, 0, 0, 0]], "24023.sol": [0, [0, 0, 0, 0, 0, 0, 0, 0, 0, 0]], "18707.sol": [0, [0, 0, 0, 0, 0, 0, 0, 0, 0, 0]], "14065.sol": [0, [0, 0, 0, 0, 0, 0, 0, 0, 0, 0]], "24636.sol": [0, [0, 0, 0, 0, 0, 0, 0, 0, 0, 0]], "3085.sol": [0, [0, 0, 0, 0, 0, 0, 0, 0, 0, 0]], "16206.sol": [0, [0, 0, 0, 0, 0, 0, 0, 0, 0, 0]], "27642.sol": [0, [0, 0, 0, 0, 0, 0, 0, 0, 0, 0]], "3859.sol": [0, [0, 0, 0, 0, 0, 0, 0, 0, 0, 0]], "36730.sol": [0, [0, 0, 0, 0, 0, 0, 0, 0, 0, 0]], "34901.sol": [0, [0, 0, 0, 0, 0, 0, 0, 0, 0, 0]], "34018.sol": [0, [0, 0, 0, 0, 0, 0, 0, 0, 0, 0]], "18227.sol": [0, [0, 0, 0, 0, 0, 0, 0, 0, 0, 0]], "17731.sol": [0, [0, 0, 0, 0, 0, 0, 0, 0, 0, 0]], "27952.sol": [0, [0, 0, 0, 0, 0, 0, 0, 0, 0, 0]], "4964.sol": [0, [0, 0, 0, 0, 0, 0, 0, 0, 0, 0]], "14865.sol": [0, [0, 0, 0, 0, 0, 0, 0, 0, 0, 0]], "36234.sol": [0, [0, 0, 0, 0, 0, 0, 0, 0, 0, 0]], "2101.sol": [0, [0, 0, 0, 0, 0, 0, 0, 0, 0, 0]], "27436.sol": [0, [0, 0, 0, 0, 0, 0, 0, 0, 0, 0]], "31066.sol": [0, [0, 0, 0, 0, 0, 0, 0, 0, 0, 0]], "32789.sol": [0, [0, 0, 0, 0, 0, 0, 0, 0, 0, 0]], "39873.sol": [0, [0, 0, 0, 0, 0, 0, 0, 0, 0, 0]], "19282.sol": [0, [0, 0, 0, 0, 0, 0, 0, 0, 0, 0]], "35666.sol": [0, [0, 0, 0, 0, 0, 0, 0, 0, 0, 0]], "9245.sol": [0, [0, 0, 0, 0, 0, 0, 0, 0, 0, 0]], "8409.sol": [0, [0, 0, 0, 0, 0, 0, 0, 0, 0, 0]], "38080.sol": [0, [0, 0, 0, 0, 0, 0, 0, 0, 0, 0]], "18685.sol": [0, [0, 0, 0, 0, 0, 0, 0, 0, 0, 0]], "23855.sol": [0, [0, 0, 0, 0, 0, 0, 0, 0, 0, 0]], "2028.sol": [0, [0, 0, 0, 0, 0, 0, 0, 0, 0, 0]], "9642.sol": [0, [0, 0, 0, 0, 0, 0, 0, 0, 0, 0]], "12101.sol": [0, [0, 0, 0, 0, 0, 0, 0, 0, 0, 0]], "35987.sol": [0, [0, 0, 0, 0, 0, 0, 0, 0, 0, 0]], "10941.sol": [0, [0, 0, 0, 0, 0, 0, 0, 0, 0, 0]], "2937.sol": [0, [0, 0, 0, 0, 0, 0, 0, 0, 0, 0]], "21837.sol": [0, [0, 0, 0, 0, 0, 0, 0, 0, 0, 0]], "5377.sol": [0, [0, 0, 0, 0, 0, 0, 0, 0, 0, 0]], "9412.sol": [0, [0, 0, 0, 0, 0, 0, 0, 0, 0, 0]], "899.sol": [0, [0, 0, 0, 0, 0, 0, 0, 0, 0, 0]], "36677.sol": [0, [0, 0, 0, 0, 0, 0, 0, 0, 0, 0]], "11564.sol": [0, [0, 0, 0, 0, 0, 0, 0, 0, 0, 0]], "1504.sol": [0, [0, 0, 0, 0, 0, 0, 0, 0, 0, 0]], "15565.sol": [1, [0, 0, 0, 1, 0, 0, 0, 0, 0, 1]], "10379.sol": [0, [0, 0, 0, 0, 0, 0, 0, 0, 0, 0]], "30273.sol": [0, [0, 0, 0, 0, 0, 0, 0, 0, 0, 0]], "14365.sol": [0, [0, 0, 0, 0, 0, 0, 0, 0, 0, 0]], "26302.sol": [0, [0, 0, 0, 0, 0, 0, 0, 0, 0, 0]], "19489.sol": [0, [0, 0, 0, 0, 0, 0, 0, 0, 0, 0]], "34771.sol": [0, [0, 0, 0, 0, 0, 0, 0, 0, 0, 0]], "10979.sol": [0, [0, 0, 0, 0, 0, 0, 0, 0, 0, 0]], "30156.sol": [0, [0, 0, 0, 0, 0, 0, 0, 0, 0, 0]], "10075.sol": [0, [0, 0, 0, 0, 0, 0, 0, 0, 0, 0]], "32216.sol": [0, [0, 0, 0, 0, 0, 0, 0, 0, 0, 0]], "24051.sol": [0, [0, 0, 0, 0, 0, 0, 0, 0, 0, 0]], "37231.sol": [0, [0, 0, 0, 0, 0, 0, 0, 0, 0, 0]], "28913.sol": [0, [0, 0, 0, 0, 0, 0, 0, 0, 0, 0]], "27181.sol": [0, [0, 0, 0, 0, 0, 0, 0, 0, 0, 0]], "33848.sol": [0, [0, 0, 0, 0, 0, 0, 0, 0, 0, 0]], "29081.sol": [0, [0, 0, 0, 0, 0, 0, 0, 0, 0, 0]], "26989.sol": [0, [0, 0, 0, 0, 0, 0, 0, 0, 0, 0]], "5170.sol": [0, [0, 0, 0, 0, 0, 0, 0, 0, 0, 0]], "14924.sol": [0, [0, 0, 0, 0, 0, 0, 0, 0, 0, 0]], "36550.sol": [0, [0, 0, 0, 0, 0, 0, 0, 0, 0, 0]], "19250.sol": [0, [0, 0, 0, 0, 0, 0, 0, 0, 0, 0]], "3534.sol": [0, [0, 0, 0, 0, 0, 0, 0, 0, 0, 0]], "37632.sol": [0, [0, 0, 0, 0, 0, 0, 0, 0, 0, 0]], "30326.sol": [0, [0, 0, 0, 0, 0, 0, 0, 0, 0, 0]], "37595.sol": [0, [0, 0, 0, 0, 0, 0, 0, 0, 0, 0]], "2797.sol": [0, [0, 0, 0, 0, 0, 0, 0, 0, 0, 0]], "18722.sol": [0, [0, 0, 0, 0, 0, 0, 0, 0, 0, 0]], "19720.sol": [0, [0, 0, 0, 0, 0, 0, 0, 0, 0, 0]], "5632.sol": [0, [0, 0, 0, 0, 0, 0, 0, 0, 0, 0]], "27910.sol": [0, [0, 0, 0, 0, 0, 0, 0, 0, 0, 0]], "2472.sol": [0, [0, 0, 0, 0, 0, 0, 0, 0, 0, 0]], "30391.sol": [0, [0, 0, 0, 0, 0, 0, 0, 0, 0, 0]], "37543.sol": [0, [0, 0, 0, 0, 0, 0, 0, 0, 0, 0]], "12516.sol": [0, [0, 0, 0, 0, 0, 0, 0, 0, 0, 0]], "29140.sol": [0, [0, 0, 0, 0, 0, 0, 0, 0, 0, 0]], "30323.sol": [0, [0, 0, 0, 0, 0, 0, 0, 0, 0, 0]], "4002.sol": [0, [0, 0, 0, 0, 0, 0, 0, 0, 0, 0]], "1193.sol": [0, [0, 0, 0, 0, 0, 0, 0, 0, 0, 0]], "19799.sol": [0, [0, 0, 0, 0, 0, 0, 0, 0, 0, 0]], "23027.sol": [1, [0, 0, 0, 0, 0, 0, 0, 0, 1, 0]], "30838.sol": [0, [0, 0, 0, 0, 0, 0, 0, 0, 0, 0]], "39998.sol": [0, [0, 0, 0, 0, 0, 0, 0, 0, 0, 0]], "14387.sol": [1, [0, 0, 0, 0, 0, 0, 1, 0, 0, 0]], "34662.sol": [0, [0, 0, 0, 0, 0, 0, 0, 0, 0, 0]], "33483.sol": [0, [0, 0, 0, 0, 0, 0, 0, 0, 0, 0]], "11919.sol": [0, [0, 0, 0, 0, 0, 0, 0, 0, 0, 0]], "19737.sol": [0, [0, 0, 0, 0, 0, 0, 0, 0, 0, 0]], "22220.sol": [0, [0, 0, 0, 0, 0, 0, 0, 0, 0, 0]], "3660.sol": [0, [0, 0, 0, 0, 0, 0, 0, 0, 0, 0]], "24541.sol": [0, [0, 0, 0, 0, 0, 0, 0, 0, 0, 0]], "8348.sol": [0, [0, 0, 0, 0, 0, 0, 0, 0, 0, 0]], "22522.sol": [0, [0, 0, 0, 0, 0, 0, 0, 0, 0, 0]], "32151.sol": [0, [0, 0, 0, 0, 0, 0, 0, 0, 0, 0]], "23803.sol": [0, [0, 0, 0, 0, 0, 0, 0, 0, 0, 0]], "32955.sol": [0, [0, 0, 0, 0, 0, 0, 0, 0, 0, 0]], "21684.sol": [0, [0, 0, 0, 0, 0, 0, 0, 0, 0, 0]], "20751.sol": [0, [0, 0, 0, 0, 0, 0, 0, 0, 0, 0]], "36828.sol": [0, [0, 0, 0, 0, 0, 0, 0, 0, 0, 0]], "25979.sol": [0, [0, 0, 0, 0, 0, 0, 0, 0, 0, 0]], "1246.sol": [0, [0, 0, 0, 0, 0, 0, 0, 0, 0, 0]], "40082.sol": [0, [0, 0, 0, 0, 0, 0, 0, 0, 0, 0]], "26112.sol": [0, [0, 0, 0, 0, 0, 0, 0, 0, 0, 0]], "2785.sol": [0, [0, 0, 0, 0, 0, 0, 0, 0, 0, 0]], "36412.sol": [0, [0, 0, 0, 0, 0, 0, 0, 0, 0, 0]], "4199.sol": [0, [0, 0, 0, 0, 0, 0, 0, 0, 0, 0]], "3336.sol": [0, [0, 0, 0, 0, 0, 0, 0, 0, 0, 0]], "30718.sol": [0, [0, 0, 0, 0, 0, 0, 0, 0, 0, 0]], "4729.sol": [0, [0, 0, 0, 0, 0, 0, 0, 0, 0, 0]], "17387.sol": [0, [0, 0, 0, 0, 0, 0, 0, 0, 0, 0]], "36132.sol": [0, [0, 0, 0, 0, 0, 0, 0, 0, 0, 0]], "19570.sol": [0, [0, 0, 0, 0, 0, 0, 0, 0, 0, 0]], "1645.sol": [0, [0, 0, 0, 0, 0, 0, 0, 0, 0, 0]], "25497.sol": [0, [0, 0, 0, 0, 0, 0, 0, 0, 0, 0]], "19445.sol": [0, [0, 0, 0, 0, 0, 0, 0, 0, 0, 0]], "1836.sol": [0, [0, 0, 0, 0, 0, 0, 0, 0, 0, 0]], "30630.sol": [0, [0, 0, 0, 0, 0, 0, 0, 0, 0, 0]], "30985.sol": [0, [0, 0, 0, 0, 0, 0, 0, 0, 0, 0]], "38811.sol": [0, [0, 0, 0, 0, 0, 0, 0, 0, 0, 0]], "5815.sol": [0, [0, 0, 0, 0, 0, 0, 0, 0, 0, 0]], "9230.sol": [0, [0, 0, 0, 0, 0, 0, 0, 0, 0, 0]], "35132.sol": [0, [0, 0, 0, 0, 0, 0, 0, 0, 0, 0]], "34877.sol": [0, [0, 0, 0, 0, 0, 0, 0, 0, 0, 0]], "16218.sol": [0, [0, 0, 0, 0, 0, 0, 0, 0, 0, 0]], "39233.sol": [0, [0, 0, 0, 0, 0, 0, 0, 0, 0, 0]], "34342.sol": [0, [0, 0, 0, 0, 0, 0, 0, 0, 0, 0]], "19830.sol": [1, [1, 1, 1, 1, 1, 1, 1, 1, 1, 1]], "34631.sol": [0, [0, 0, 0, 0, 0, 0, 0, 0, 0, 0]], "28706.sol": [0, [0, 0, 0, 0, 0, 0, 0, 0, 0, 0]], "7010.sol": [0, [0, 0, 0, 0, 0, 0, 0, 0, 0, 0]], "3033.sol": [0, [0, 0, 0, 0, 0, 0, 0, 0, 0, 0]], "28973.sol": [0, [0, 0, 0, 0, 0, 0, 0, 0, 0, 0]], "7495.sol": [0, [0, 0, 0, 0, 0, 0, 0, 0, 0, 0]], "30348.sol": [0, [0, 0, 0, 0, 0, 0, 0, 0, 0, 0]], "33123.sol": [0, [0, 0, 0, 0, 0, 0, 0, 0, 0, 0]], "34185.sol": [0, [0, 0, 0, 0, 0, 0, 0, 0, 0, 0]], "7732.sol": [0, [0, 0, 0, 0, 0, 0, 0, 0, 0, 0]], "2036.sol": [0, [0, 0, 0, 0, 0, 0, 0, 0, 0, 0]], "16680.sol": [0, [0, 0, 0, 0, 0, 0, 0, 0, 0, 0]], "243.sol": [0, [0, 0, 0, 0, 0, 0, 0, 0, 0, 0]], "14942.sol": [0, [0, 0, 0, 0, 0, 0, 0, 0, 0, 0]], "170.sol": [0, [0, 0, 0, 0, 0, 0, 0, 0, 0, 0]], "7923.sol": [0, [0, 0, 0, 0, 0, 0, 0, 0, 0, 0]], "2269.sol": [0, [0, 0, 0, 0, 0, 0, 0, 0, 0, 0]], "5645.sol": [0, [0, 0, 0, 0, 0, 0, 0, 0, 0, 0]], "15691.sol": [0, [0, 0, 0, 0, 0, 0, 0, 0, 0, 0]], "8860.sol": [0, [0, 0, 0, 0, 0, 0, 0, 0, 0, 0]], "21767.sol": [0, [0, 0, 0, 0, 0, 0, 0, 0, 0, 0]], "26037.sol": [0, [0, 0, 0, 0, 0, 0, 0, 0, 0, 0]], "9960.sol": [0, [0, 0, 0, 0, 0, 0, 0, 0, 0, 0]], "34075.sol": [0, [0, 0, 0, 0, 0, 0, 0, 0, 0, 0]], "4506.sol": [0, [0, 0, 0, 0, 0, 0, 0, 0, 0, 0]], "10714.sol": [0, [0, 0, 0, 0, 0, 0, 0, 0, 0, 0]], "33979.sol": [0, [0, 0, 0, 0, 0, 0, 0, 0, 0, 0]], "705.sol": [0, [0, 0, 0, 0, 0, 0, 0, 0, 0, 0]], "3006.sol": [0, [0, 0, 0, 0, 0, 0, 0, 0, 0, 0]], "14078.sol": [0, [0, 0, 0, 0, 0, 0, 0, 0, 0, 0]], "1214.sol": [0, [0, 0, 0, 0, 0, 0, 0, 0, 0, 0]], "35695.sol": [0, [0, 0, 0, 0, 0, 0, 0, 0, 0, 0]], "21908.sol": [0, [0, 0, 0, 0, 0, 0, 0, 0, 0, 0]], "33590.sol": [0, [0, 0, 0, 0, 0, 0, 0, 0, 0, 0]], "35.sol": [0, [0, 0, 0, 0, 0, 0, 0, 0, 0, 0]], "1337.sol": [0, [0, 0, 0, 0, 0, 0, 0, 0, 0, 0]], "25995.sol": [0, [0, 0, 0, 0, 0, 0, 0, 0, 0, 0]], "34432.sol": [0, [0, 0, 0, 0, 0, 0, 0, 0, 0, 0]], "20354.sol": [0, [0, 0, 0, 0, 0, 0, 0, 0, 0, 0]], "2062.sol": [0, [0, 0, 0, 0, 0, 0, 0, 0, 0, 0]], "12386.sol": [0, [0, 0, 0, 0, 0, 0, 0, 0, 0, 0]], "26544.sol": [0, [0, 0, 0, 0, 0, 0, 0, 0, 0, 0]], "7688.sol": [0, [0, 0, 0, 0, 0, 0, 0, 0, 0, 0]], "22888.sol": [0, [0, 0, 0, 0, 0, 0, 0, 0, 0, 0]], "22850.sol": [1, [0, 0, 1, 1, 1, 1, 0, 0, 0, 0]], "29996.sol": [0, [0, 0, 0, 0, 0, 0, 0, 0, 0, 0]], "1969.sol": [0, [0, 0, 0, 0, 0, 0, 0, 0, 0, 0]], "3004.sol": [0, [0, 0, 0, 0, 0, 0, 0, 0, 0, 0]], "7523.sol": [0, [0, 0, 0, 0, 0, 0, 0, 0, 0, 0]], "22841.sol": [0, [0, 0, 0, 0, 0, 0, 0, 0, 0, 0]], "9107.sol": [0, [0, 0, 0, 0, 0, 0, 0, 0, 0, 0]], "32651.sol": [0, [0, 0, 0, 0, 0, 0, 0, 0, 0, 0]], "13324.sol": [0, [0, 0, 0, 0, 0, 0, 0, 0, 0, 0]], "15473.sol": [0, [0, 0, 0, 0, 0, 0, 0, 0, 0, 0]], "6386.sol": [0, [0, 0, 0, 0, 0, 0, 0, 0, 0, 0]], "2014.sol": [0, [0, 0, 0, 0, 0, 0, 0, 0, 0, 0]], "22169.sol": [0, [0, 0, 0, 0, 0, 0, 0, 0, 0, 0]], "7872.sol": [0, [0, 0, 0, 0, 0, 0, 0, 0, 0, 0]], "23482.sol": [0, [0, 0, 0, 0, 0, 0, 0, 0, 0, 0]], "29713.sol": [0, [0, 0, 0, 0, 0, 0, 0, 0, 0, 0]], "21221.sol": [0, [0, 0, 0, 0, 0, 0, 0, 0, 0, 0]], "6908.sol": [0, [0, 0, 0, 0, 0, 0, 0, 0, 0, 0]], "13855.sol": [0, [0, 0, 0, 0, 0, 0, 0, 0, 0, 0]], "25453.sol": [0, [0, 0, 0, 0, 0, 0, 0, 0, 0, 0]], "40328.sol": [0, [0, 0, 0, 0, 0, 0, 0, 0, 0, 0]], "13074.sol": [0, [0, 0, 0, 0, 0, 0, 0, 0, 0, 0]], "18473.sol": [0, [0, 0, 0, 0, 0, 0, 0, 0, 0, 0]], "28282.sol": [1, [0, 0, 0, 0, 1, 1, 1, 1, 1, 1]], "30755.sol": [0, [0, 0, 0, 0, 0, 0, 0, 0, 0, 0]], "14308.sol": [0, [0, 0, 0, 0, 0, 0, 0, 0, 0, 0]], "29391.sol": [0, [0, 0, 0, 0, 0, 0, 0, 0, 0, 0]], "39028.sol": [0, [0, 0, 0, 0, 0, 0, 0, 0, 0, 0]], "33036.sol": [0, [0, 0, 0, 0, 0, 0, 0, 0, 0, 0]], "24075.sol": [0, [0, 0, 0, 0, 0, 0, 0, 0, 0, 0]], "16055.sol": [0, [0, 0, 0, 0, 0, 0, 0, 0, 0, 0]], "5270.sol": [0, [0, 0, 0, 0, 0, 0, 0, 0, 0, 0]], "29851.sol": [0, [0, 0, 0, 0, 0, 0, 0, 0, 0, 0]], "38290.sol": [0, [0, 0, 0, 0, 0, 0, 0, 0, 0, 0]], "29763.sol": [0, [0, 0, 0, 0, 0, 0, 0, 0, 0, 0]], "22133.sol": [0, [0, 0, 0, 0, 0, 0, 0, 0, 0, 0]], "22263.sol": [0, [0, 0, 0, 0, 0, 0, 0, 0, 0, 0]], "10817.sol": [0, [0, 0, 0, 0, 0, 0, 0, 0, 0, 0]], "27666.sol": [0, [0, 0, 0, 0, 0, 0, 0, 0, 0, 0]], "27118.sol": [0, [0, 0, 0, 0, 0, 0, 0, 0, 0, 0]], "34468.sol": [0, [0, 0, 0, 0, 0, 0, 0, 0, 0, 0]], "30307.sol": [0, [0, 0, 0, 0, 0, 0, 0, 0, 0, 0]], "6751.sol": [0, [0, 0, 0, 0, 0, 0, 0, 0, 0, 0]], "27864.sol": [0, [0, 0, 0, 0, 0, 0, 0, 0, 0, 0]], "30650.sol": [0, [0, 0, 0, 0, 0, 0, 0, 0, 0, 0]], "37057.sol": [0, [0, 0, 0, 0, 0, 0, 0, 0, 0, 0]], "29188.sol": [0, [0, 0, 0, 0, 0, 0, 0, 0, 0, 0]], "31607.sol": [0, [0, 0, 0, 0, 0, 0, 0, 0, 0, 0]], "11519.sol": [0, [0, 0, 0, 0, 0, 0, 0, 0, 0, 0]], "1051.sol": [0, [0, 0, 0, 0, 0, 0, 0, 0, 0, 0]], "25321.sol": [0, [0, 0, 0, 0, 0, 0, 0, 0, 0, 0]], "24562.sol": [0, [0, 0, 0, 0, 0, 0, 0, 0, 0, 0]], "35689.sol": [0, [0, 0, 0, 0, 0, 0, 0, 0, 0, 0]], "25595.sol": [0, [0, 0, 0, 0, 0, 0, 0, 0, 0, 0]], "12275.sol": [0, [0, 0, 0, 0, 0, 0, 0, 0, 0, 0]], "2136.sol": [0, [0, 0, 0, 0, 0, 0, 0, 0, 0, 0]], "34815.sol": [0, [0, 0, 0, 0, 0, 0, 0, 0, 0, 0]], "23701.sol": [0, [0, 0, 0, 0, 0, 0, 0, 0, 0, 0]], "2744.sol": [0, [0, 0, 0, 0, 0, 0, 0, 0, 0, 0]], "33218.sol": [0, [0, 0, 0, 0, 0, 0, 0, 0, 0, 0]], "22982.sol": [0, [0, 0, 0, 0, 0, 0, 0, 0, 0, 0]], "6129.sol": [0, [0, 0, 0, 0, 0, 0, 0, 0, 0, 0]], "38295.sol": [0, [0, 0, 0, 0, 0, 0, 0, 0, 0, 0]], "26605.sol": [0, [0, 0, 0, 0, 0, 0, 0, 0, 0, 0]], "13028.sol": [0, [0, 0, 0, 0, 0, 0, 0, 0, 0, 0]], "8850.sol": [0, [0, 0, 0, 0, 0, 0, 0, 0, 0, 0]], "4901.sol": [0, [0, 0, 0, 0, 0, 0, 0, 0, 0, 0]], "12737.sol": [0, [0, 0, 0, 0, 0, 0, 0, 0, 0, 0]], "5224.sol": [0, [0, 0, 0, 0, 0, 0, 0, 0, 0, 0]], "10168.sol": [0, [0, 0, 0, 0, 0, 0, 0, 0, 0, 0]], "15404.sol": [0, [0, 0, 0, 0, 0, 0, 0, 0, 0, 0]], "26510.sol": [0, [0, 0, 0, 0, 0, 0, 0, 0, 0, 0]], "486.sol": [0, [0, 0, 0, 0, 0, 0, 0, 0, 0, 0]], "5606.sol": [0, [0, 0, 0, 0, 0, 0, 0, 0, 0, 0]], "28928.sol": [0, [0, 0, 0, 0, 0, 0, 0, 0, 0, 0]], "27103.sol": [0, [0, 0, 0, 0, 0, 0, 0, 0, 0, 0]], "26839.sol": [0, [0, 0, 0, 0, 0, 0, 0, 0, 0, 0]], "19328.sol": [0, [0, 0, 0, 0, 0, 0, 0, 0, 0, 0]], "14309.sol": [0, [0, 0, 0, 0, 0, 0, 0, 0, 0, 0]], "17165.sol": [0, [0, 0, 0, 0, 0, 0, 0, 0, 0, 0]], "15250.sol": [0, [0, 0, 0, 0, 0, 0, 0, 0, 0, 0]], "24644.sol": [0, [0, 0, 0, 0, 0, 0, 0, 0, 0, 0]], "20634.sol": [0, [0, 0, 0, 0, 0, 0, 0, 0, 0, 0]], "13528.sol": [0, [0, 0, 0, 0, 0, 0, 0, 0, 0, 0]], "24204.sol": [0, [0, 0, 0, 0, 0, 0, 0, 0, 0, 0]], "17523.sol": [0, [0, 0, 0, 0, 0, 0, 0, 0, 0, 0]], "14157.sol": [0, [0, 0, 0, 0, 0, 0, 0, 0, 0, 0]], "11054.sol": [1, [0, 0, 0, 1, 1, 1, 1, 1, 1, 1]], "32612.sol": [0, [0, 0, 0, 0, 0, 0, 0, 0, 0, 0]], "12720.sol": [0, [0, 0, 0, 0, 0, 0, 0, 0, 0, 0]], "33114.sol": [0, [0, 0, 0, 0, 0, 0, 0, 0, 0, 0]], "12354.sol": [0, [0, 0, 0, 0, 0, 0, 0, 0, 0, 0]], "1143.sol": [0, [0, 0, 0, 0, 0, 0, 0, 0, 0, 0]], "37813.sol": [0, [0, 0, 0, 0, 0, 0, 0, 0, 0, 0]], "2079.sol": [0, [0, 0, 0, 0, 0, 0, 0, 0, 0, 0]], "32557.sol": [0, [0, 0, 0, 0, 0, 0, 0, 0, 0, 0]], "20264.sol": [1, [1, 1, 0, 0, 0, 0, 0, 0, 0, 1]], "19107.sol": [0, [0, 0, 0, 0, 0, 0, 0, 0, 0, 0]], "4676.sol": [1, [1, 1, 0, 0, 0, 0, 0, 0, 0, 0]], "2303.sol": [0, [0, 0, 0, 0, 0, 0, 0, 0, 0, 0]], "24839.sol": [0, [0, 0, 0, 0, 0, 0, 0, 0, 0, 0]], "22334.sol": [0, [0, 0, 0, 0, 0, 0, 0, 0, 0, 0]], "10538.sol": [0, [0, 0, 0, 0, 0, 0, 0, 0, 0, 0]], "6551.sol": [0, [0, 0, 0, 0, 0, 0, 0, 0, 0, 0]], "12958.sol": [0, [0, 0, 0, 0, 0, 0, 0, 0, 0, 0]], "30558.sol": [0, [0, 0, 0, 0, 0, 0, 0, 0, 0, 0]], "11752.sol": [0, [0, 0, 0, 0, 0, 0, 0, 0, 0, 0]], "11688.sol": [0, [0, 0, 0, 0, 0, 0, 0, 0, 0, 0]], "6390.sol": [0, [0, 0, 0, 0, 0, 0, 0, 0, 0, 0]], "34521.sol": [0, [0, 0, 0, 0, 0, 0, 0, 0, 0, 0]], "15774.sol": [0, [0, 0, 0, 0, 0, 0, 0, 0, 0, 0]], "26627.sol": [0, [0, 0, 0, 0, 0, 0, 0, 0, 0, 0]], "33494.sol": [0, [0, 0, 0, 0, 0, 0, 0, 0, 0, 0]], "39376.sol": [0, [0, 0, 0, 0, 0, 0, 0, 0, 0, 0]], "26946.sol": [0, [0, 0, 0, 0, 0, 0, 0, 0, 0, 0]], "14303.sol": [0, [0, 0, 0, 0, 0, 0, 0, 0, 0, 0]], "27095.sol": [0, [0, 0, 0, 0, 0, 0, 0, 0, 0, 0]], "14746.sol": [0, [0, 0, 0, 0, 0, 0, 0, 0, 0, 0]], "27553.sol": [0, [0, 0, 0, 0, 0, 0, 0, 0, 0, 0]], "5810.sol": [0, [0, 0, 0, 0, 0, 0, 0, 0, 0, 0]], "28056.sol": [0, [0, 0, 0, 0, 0, 0, 0, 0, 0, 0]], "11112.sol": [0, [0, 0, 0, 0, 0, 0, 0, 0, 0, 0]], "27219.sol": [0, [0, 0, 0, 0, 0, 0, 0, 0, 0, 0]], "1002.sol": [0, [0, 0, 0, 0, 0, 0, 0, 0, 0, 0]], "40087.sol": [0, [0, 0, 0, 0, 0, 0, 0, 0, 0, 0]], "37700.sol": [0, [0, 0, 0, 0, 0, 0, 0, 0, 0, 0]], "18235.sol": [0, [0, 0, 0, 0, 0, 0, 0, 0, 0, 0]], "34025.sol": [1, [0, 0, 1, 0, 0, 1, 0, 0, 0, 0]], "13299.sol": [0, [0, 0, 0, 0, 0, 0, 0, 0, 0, 0]], "22231.sol": [0, [0, 0, 0, 0, 0, 0, 0, 0, 0, 0]], "23112.sol": [0, [0, 0, 0, 0, 0, 0, 0, 0, 0, 0]], "23484.sol": [0, [0, 0, 0, 0, 0, 0, 0, 0, 0, 0]], "2425.sol": [0, [0, 0, 0, 0, 0, 0, 0, 0, 0, 0]], "19966.sol": [0, [0, 0, 0, 0, 0, 0, 0, 0, 0, 0]], "37696.sol": [0, [0, 0, 0, 0, 0, 0, 0, 0, 0, 0]], "977.sol": [0, [0, 0, 0, 0, 0, 0, 0, 0, 0, 0]], "12799.sol": [0, [0, 0, 0, 0, 0, 0, 0, 0, 0, 0]], "28376.sol": [0, [0, 0, 0, 0, 0, 0, 0, 0, 0, 0]], "32858.sol": [0, [0, 0, 0, 0, 0, 0, 0, 0, 0, 0]], "20545.sol": [0, [0, 0, 0, 0, 0, 0, 0, 0, 0, 0]], "22595.sol": [0, [0, 0, 0, 0, 0, 0, 0, 0, 0, 0]], "13362.sol": [0, [0, 0, 0, 0, 0, 0, 0, 0, 0, 0]], "26597.sol": [0, [0, 0, 0, 0, 0, 0, 0, 0, 0, 0]], "7299.sol": [0, [0, 0, 0, 0, 0, 0, 0, 0, 0, 0]], "27970.sol": [0, [0, 0, 0, 0, 0, 0, 0, 0, 0, 0]], "15370.sol": [0, [0, 0, 0, 0, 0, 0, 0, 0, 0, 0]], "4133.sol": [0, [0, 0, 0, 0, 0, 0, 0, 0, 0, 0]], "10455.sol": [0, [0, 0, 0, 0, 0, 0, 0, 0, 0, 0]], "21403.sol": [0, [0, 0, 0, 0, 0, 0, 0, 0, 0, 0]], "9493.sol": [0, [0, 0, 0, 0, 0, 0, 0, 0, 0, 0]], "9757.sol": [0, [0, 0, 0, 0, 0, 0]], "11131.sol": [0, [0, 0, 0, 0, 0, 0, 0, 0, 0, 0]], "2332.sol": [0, [0, 0, 0, 0, 0, 0, 0, 0, 0, 0]], "3746.sol": [0, [0, 0, 0, 0, 0, 0, 0, 0, 0, 0]], "34110.sol": [0, [0, 0, 0, 0, 0, 0, 0, 0, 0, 0]], "7919.sol": [0, [0, 0, 0, 0, 0, 0, 0, 0, 0, 0]], "2268.sol": [0, [0, 0, 0, 0, 0, 0, 0, 0, 0, 0]], "11641.sol": [0, [0, 0, 0, 0, 0, 0, 0, 0, 0, 0]], "22960.sol": [0, [0, 0, 0, 0, 0, 0, 0, 0, 0, 0]], "11439.sol": [0, [0, 0, 0, 0, 0, 0, 0, 0, 0, 0]], "14680.sol": [0, [0, 0, 0, 0, 0, 0, 0, 0, 0, 0]], "31128.sol": [0, [0, 0, 0, 0, 0, 0, 0, 0, 0, 0]], "11797.sol": [0, [0, 0, 0, 0, 0, 0, 0, 0, 0, 0]], "13329.sol": [0, [0, 0, 0, 0, 0, 0, 0, 0, 0, 0]], "14021.sol": [0, [0, 0, 0, 0, 0, 0, 0, 0, 0, 0]], "14886.sol": [0, [0, 0, 0, 0, 0, 0, 0, 0, 0, 0]], "5852.sol": [0, [0, 0, 0, 0, 0, 0, 0, 0, 0, 0]], "36266.sol": [0, [0, 0, 0, 0, 0, 0, 0, 0, 0, 0]], "18386.sol": [0, [0, 0, 0, 0, 0, 0, 0, 0, 0, 0]], "12015.sol": [0, [0, 0, 0, 0, 0, 0, 0, 0, 0, 0]], "13979.sol": [0, [0, 0, 0, 0, 0, 0, 0, 0, 0, 0]], "23640.sol": [0, [0, 0, 0, 0, 0, 0, 0, 0, 0, 0]], "39674.sol": [0, [0, 0, 0, 0, 0, 0, 0, 0, 0, 0]], "32635.sol": [0, [0, 0, 0, 0, 0, 0, 0, 0, 0, 0]], "5569.sol": [0, [0, 0, 0, 0, 0, 0, 0, 0, 0, 0]], "6329.sol": [0, [0, 0, 0, 0, 0, 0, 0, 0, 0, 0]], "2537.sol": [0, [0, 0, 0, 0, 0, 0, 0, 0, 0, 0]], "15854.sol": [0, [0, 0, 0, 0, 0, 0, 0, 0, 0, 0]], "12962.sol": [0, [0, 0, 0, 0, 0, 0, 0, 0, 0, 0]], "1185.sol": [0, [0, 0, 0, 0, 0, 0, 0, 0, 0, 0]], "33072.sol": [0, [0, 0, 0, 0, 0, 0, 0, 0, 0, 0]], "8051.sol": [0, [0, 0, 0, 0, 0, 0, 0, 0, 0, 0]], "12456.sol": [0, [0, 0, 0, 0, 0, 0, 0, 0, 0, 0]], "22862.sol": [0, [0, 0, 0, 0, 0, 0, 0, 0, 0, 0]], "38624.sol": [0, [0, 0, 0, 0, 0, 0, 0, 0, 0, 0]], "20777.sol": [0, [0, 0, 0, 0, 0, 0, 0, 0, 0, 0]], "12065.sol": [0, [0, 0, 0, 0, 0, 0, 0, 0, 0, 0]], "29645.sol": [0, [0, 0, 0, 0, 0, 0, 0, 0, 0, 0]], "4115.sol": [0, [0, 0, 0, 0, 0, 0, 0, 0, 0, 0]], "27888.sol": [0, [0, 0, 0, 0, 0, 0, 0, 0, 0, 0]], "20709.sol": [0, [0, 0, 0, 0, 0, 0, 0, 0, 0, 0]], "17521.sol": [0, [0, 0, 0, 0, 0, 0, 0, 0, 0, 0]], "19360.sol": [0, [0, 0, 0, 0, 0, 0, 0, 0, 0, 0]], "24989.sol": [0, [0, 0, 0, 0, 0, 0, 0, 0, 0, 0]], "4338.sol": [0, [0, 0, 0, 0, 0, 0, 0, 0, 0, 0]], "31940.sol": [0, [0, 0, 0, 0, 0, 0, 0, 0, 0, 0]], "6687.sol": [0, [0, 0, 0, 0, 0, 0, 0, 0, 0, 0]], "9660.sol": [0, [0, 0, 0, 0, 0, 0, 0, 0, 0, 0]], "20283.sol": [1, [0, 0, 0, 1, 0, 0, 0, 0, 0, 0]], "35417.sol": [0, [0, 0, 0, 0, 0, 0, 0, 0, 0, 0]], "18955.sol": [0, [0, 0, 0, 0, 0, 0, 0, 0, 0, 0]], "11495.sol": [0, [0, 0, 0, 0, 0, 0, 0, 0, 0, 0]], "17629.sol": [0, [0, 0, 0, 0, 0, 0, 0, 0, 0, 0]], "34695.sol": [0, [0, 0, 0, 0, 0, 0, 0, 0, 0, 0]], "4314.sol": [0, [0, 0, 0, 0, 0, 0, 0, 0, 0, 0]], "30996.sol": [0, [0, 0, 0, 0, 0, 0, 0, 0, 0, 0]], "24423.sol": [0, [0, 0, 0, 0, 0, 0, 0, 0, 0, 0]], "30544.sol": [0, [0, 0, 0, 0, 0, 0, 0, 0, 0, 0]], "30452.sol": [0, [0, 0, 0, 0, 0, 0, 0, 0, 0, 0]], "11284.sol": [0, [0, 0, 0, 0, 0, 0, 0, 0, 0, 0]], "28352.sol": [0, [0, 0, 0, 0, 0, 0, 0, 0, 0, 0]], "13605.sol": [0, [0, 0, 0, 0, 0, 0, 0, 0, 0, 0]], "19395.sol": [0, [0, 0, 0, 0, 0, 0, 0, 0, 0, 0]], "7420.sol": [0, [0, 0, 0, 0, 0, 0, 0, 0, 0, 0]], "28323.sol": [0, [0, 0, 0, 0, 0, 0, 0, 0, 0, 0]], "668.sol": [0, [0, 0, 0, 0, 0, 0, 0, 0, 0, 0]], "18197.sol": [0, [0, 0, 0, 0, 0, 0, 0, 0, 0, 0]], "22493.sol": [0, [0, 0, 0, 0, 0, 0, 0, 0, 0, 0]], "3352.sol": [0, [0, 0, 0, 0, 0, 0, 0, 0, 0, 0]], "27799.sol": [0, [0, 0, 0, 0, 0, 0, 0, 0, 0, 0]], "16442.sol": [0, [0, 0, 0, 0, 0, 0, 0, 0, 0, 0]], "38684.sol": [0, [0, 0, 0, 0, 0, 0, 0, 0, 0, 0]], "22249.sol": [0, [0, 0, 0, 0, 0, 0, 0, 0, 0, 0]], "21102.sol": [0, [0, 0, 0, 0, 0, 0, 0, 0, 0, 0]], "16388.sol": [0, [0, 0, 0, 0, 0, 0, 0, 0, 0, 0]], "11626.sol": [0, [0, 0, 0, 0, 0, 0, 0, 0, 0, 0]], "15841.sol": [0, [0, 0, 0, 0, 0, 0, 0, 0, 0, 0]], "29573.sol": [0, [0, 0, 0, 0, 0, 0, 0, 0, 0, 0]], "24672.sol": [0, [0, 0, 0, 0, 0, 0, 0, 0, 0, 0]], "13775.sol": [0, [0, 0, 0, 0, 0, 0, 0, 0, 0, 0]], "1144.sol": [0, [0, 0, 0, 0, 0, 0, 0, 0, 0, 0]], "4544.sol": [1, [0, 0, 0, 0, 0, 0, 0, 0, 1, 1]], "21174.sol": [0, [0, 0, 0, 0, 0, 0, 0, 0, 0, 0]], "34383.sol": [0, [0, 0, 0, 0, 0, 0, 0, 0, 0, 0]], "12414.sol": [0, [0, 0, 0, 0, 0, 0, 0, 0, 0, 0]], "15994.sol": [0, [0, 0, 0, 0, 0, 0, 0, 0, 0, 0]], "579.sol": [0, [0, 0, 0, 0, 0, 0, 0, 0, 0, 0]], "18817.sol": [0, [0, 0, 0, 0, 0, 0, 0, 0, 0, 0]], "5848.sol": [0, [0, 0, 0, 0, 0, 0, 0, 0, 0, 0]], "34681.sol": [0, [0, 0, 0, 0, 0, 0, 0, 0, 0, 0]], "32514.sol": [0, [0, 0, 0, 0, 0, 0, 0, 0, 0, 0]], "2591.sol": [0, [0, 0, 0, 0, 0, 0, 0, 0, 0, 0]], "6194.sol": [0, [0, 0, 0, 0, 0, 0, 0, 0, 0, 0]], "17080.sol": [0, [0, 0, 0, 0, 0, 0, 0, 0, 0, 0]], "12489.sol": [0, [0, 0, 0, 0, 0, 0, 0, 0, 0, 0]], "25309.sol": [0, [0, 0, 0, 0, 0, 0, 0, 0, 0, 0]], "6723.sol": [0, [0, 0, 0, 0, 0, 0, 0, 0, 0, 0]], "17934.sol": [0, [0, 0, 0, 0, 0, 0, 0, 0, 0, 0]], "22722.sol": [0, [0, 0, 0, 0, 0, 0, 0, 0, 0, 0]], "20261.sol": [0, [0, 0, 0, 0, 0, 0, 0, 0]], "34183.sol": [0, [0, 0, 0, 0, 0, 0, 0, 0, 0, 0]], "118.sol": [0, [0, 0, 0, 0, 0, 0, 0, 0, 0, 0]], "20712.sol": [0, [0, 0, 0, 0, 0, 0, 0, 0, 0, 0]], "22849.sol": [0, [0, 0, 0, 0, 0, 0, 0, 0, 0, 0]], "7719.sol": [0, [0, 0, 0, 0, 0, 0, 0, 0, 0, 0]], "9559.sol": [0, [0, 0, 0, 0, 0, 0, 0, 0, 0, 0]], "38020.sol": [0, [0, 0, 0, 0, 0, 0, 0, 0, 0, 0]], "324.sol": [0, [0, 0, 0, 0, 0, 0, 0, 0, 0, 0]], "8324.sol": [0, [0, 0, 0, 0, 0, 0, 0, 0, 0, 0]], "12351.sol": [0, [0, 0, 0, 0, 0, 0, 0, 0, 0, 0]], "16991.sol": [0, [0, 0, 0, 0, 0, 0, 0, 0, 0, 0]], "13377.sol": [0, [0, 0, 0, 0, 0, 0, 0, 0, 0, 0]], "32330.sol": [0, [0, 0, 0, 0, 0, 0, 0, 0, 0, 0]], "24213.sol": [0, [0, 0, 0, 0, 0, 0, 0, 0, 0, 0]], "26278.sol": [0, [0, 0, 0, 0, 0, 0, 0, 0, 0, 0]], "77.sol": [0, [0, 0, 0, 0, 0, 0, 0, 0, 0, 0]], "12505.sol": [0, [0, 0, 0, 0, 0, 0, 0, 0, 0, 0]], "21959.sol": [0, [0, 0, 0, 0, 0, 0, 0, 0, 0, 0]], "15340.sol": [0, [0, 0, 0, 0, 0, 0, 0, 0, 0, 0]], "18189.sol": [0, [0, 0, 0, 0, 0, 0, 0, 0, 0, 0]], "36670.sol": [0, [0, 0, 0, 0, 0, 0, 0, 0, 0, 0]], "18055.sol": [0, [0, 0, 0, 0, 0, 0, 0, 0, 0, 0]], "28369.sol": [0, [0, 0, 0, 0, 0, 0, 0, 0, 0, 0]], "17781.sol": [0, [0, 0, 0, 0, 0, 0, 0, 0, 0, 0]], "33543.sol": [0, [0, 0, 0, 0, 0, 0, 0, 0, 0, 0]], "18514.sol": [0, [0, 0, 0, 0, 0, 0, 0, 0, 0, 0]], "30010.sol": [0, [0, 0, 0, 0, 0, 0, 0, 0, 0, 0]], "25828.sol": [0, [0, 0, 0, 0, 0, 0, 0, 0, 0, 0]], "24410.sol": [0, [0, 0, 0, 0, 0, 0, 0, 0, 0, 0]], "18570.sol": [0, [0, 0, 0, 0, 0, 0, 0, 0, 0, 0]], "35330.sol": [1, [1, 1, 1, 0, 0, 0, 1, 0, 0, 0]], "13840.sol": [0, [0, 0, 0, 0, 0, 0, 0, 0, 0, 0]], "32041.sol": [0, [0, 0, 0, 0, 0, 0, 0, 0, 0, 0]], "6736.sol": [0, [0, 0, 0, 0, 0, 0, 0, 0, 0, 0]], "36042.sol": [0, [0, 0, 0, 0, 0, 0, 0, 0, 0, 0]], "1998.sol": [0, [0, 0, 0, 0, 0, 0, 0, 0, 0, 0]], "1649.sol": [0, [0, 0, 0, 0, 0, 0, 0, 0, 0, 0]], "14693.sol": [0, [0, 0, 0, 0, 0, 0, 0, 0, 0, 0]], "14074.sol": [0, [0, 0, 0, 0, 0, 0, 0, 0, 0, 0]], "18936.sol": [0, [0, 0, 0, 0, 0, 0, 0, 0, 0, 0]], "39550.sol": [0, [0, 0, 0, 0, 0, 0, 0, 0, 0, 0]], "27004.sol": [0, [0, 0, 0, 0, 0, 0, 0, 0, 0, 0]], "40012.sol": [0, [0, 0, 0, 0, 0, 0, 0, 0, 0, 0]], "13680.sol": [0, [0, 0, 0, 0, 0, 0, 0, 0, 0, 0]], "1604.sol": [0, [0, 0, 0, 0, 0, 0, 0, 0, 0, 0]], "13419.sol": [0, [0, 0, 0, 0, 0, 0, 0, 0, 0, 0]], "24653.sol": [0, [0, 0, 0, 0, 0, 0, 0, 0, 0, 0]], "15203.sol": [0, [0, 0, 0, 0, 0, 0, 0, 0, 0, 0]], "37563.sol": [0, [0, 0, 0, 0, 0, 0, 0, 0, 0, 0]], "20631.sol": [0, [0, 0, 0, 0, 0, 0, 0, 0, 0, 0]], "8122.sol": [0, [0, 0, 0, 0, 0, 0, 0, 0, 0, 0]], "18804.sol": [0, [0, 0, 0, 0, 0, 0, 0, 0, 0, 0]], "33306.sol": [0, [0, 0, 0, 0, 0, 0, 0, 0, 0, 0]], "16792.sol": [0, [0, 0, 0, 0, 0, 0, 0, 0, 0, 0]], "10127.sol": [0, [0, 0, 0, 0, 0, 0, 0, 0, 0, 0]], "40271.sol": [0, [0, 0, 0, 0, 0, 0, 0, 0, 0, 0]], "39296.sol": [0, [0, 0, 0, 0, 0, 0, 0, 0, 0, 0]], "25765.sol": [0, [0, 0, 0, 0, 0, 0, 0, 0, 0, 0]], "11320.sol": [0, [0, 0, 0, 0, 0, 0, 0, 0, 0, 0]], "17372.sol": [0, [0, 0, 0, 0, 0, 0, 0, 0, 0, 0]], "24374.sol": [0, [0, 0, 0, 0, 0, 0, 0, 0, 0, 0]], "37821.sol": [0, [0, 0, 0, 0, 0, 0, 0, 0, 0, 0]], "37352.sol": [0, [0, 0, 0, 0, 0, 0, 0, 0, 0, 0]], "7881.sol": [0, [0, 0, 0, 0, 0, 0, 0, 0, 0, 0]], "19574.sol": [0, [0, 0, 0, 0, 0, 0, 0, 0, 0, 0]], "15471.sol": [0, [0, 0, 0, 0, 0, 0, 0, 0, 0, 0]], "31411.sol": [0, [0, 0, 0, 0, 0, 0, 0, 0, 0, 0]], "19316.sol": [0, [0, 0, 0, 0, 0, 0, 0, 0, 0, 0]], "7838.sol": [0, [0, 0, 0, 0, 0, 0, 0, 0, 0, 0]], "16081.sol": [0, [0, 0, 0, 0, 0, 0, 0, 0, 0, 0]], "31248.sol": [0, [0, 0, 0, 0, 0, 0, 0, 0, 0, 0]], "26874.sol": [0, [0, 0, 0, 0, 0, 0, 0, 0, 0, 0]], "9357.sol": [0, [0, 0, 0, 0, 0, 0, 0, 0, 0, 0]], "17674.sol": [0, [0, 0, 0, 0, 0, 0, 0, 0, 0, 0]], "7953.sol": [0, [0, 0, 0, 0, 0, 0, 0, 0, 0, 0]], "1833.sol": [0, [0, 0, 0, 0, 0, 0, 0, 0, 0, 0]], "11511.sol": [0, [0, 0, 0, 0, 0, 0, 0, 0, 0, 0]], "12966.sol": [1, [0, 1, 0, 0, 0, 0, 0, 0, 0, 0]], "14481.sol": [0, [0, 0, 0, 0, 0, 0, 0, 0, 0, 0]], "11423.sol": [0, [0, 0, 0, 0, 0, 0, 0, 0, 0, 0]], "11328.sol": [0, [0, 0, 0, 0, 0, 0, 0, 0, 0, 0]], "31403.sol": [0, [0, 0, 0, 0, 0, 0, 0, 0, 0, 0]], "33172.sol": [0, [0, 0, 0, 0, 0, 0, 0, 0, 0, 0]], "10694.sol": [0, [0, 0, 0, 0, 0, 0, 0, 0, 0, 0]], "26241.sol": [0, [0, 0, 0, 0, 0, 0, 0, 0, 0, 0]], "31818.sol": [0, [0, 0, 0, 0, 0, 0, 0, 0, 0, 0]], "19932.sol": [0, [0, 0, 0, 0, 0, 0, 0, 0, 0, 0]], "24584.sol": [0, [0, 0, 0, 0, 0, 0, 0, 0, 0, 0]], "17279.sol": [0, [0, 0, 0, 0, 0, 0, 0, 0, 0, 0]], "36285.sol": [0, [0, 0, 0, 0, 0, 0, 0, 0, 0, 0]], "8936.sol": [0, [0, 0, 0, 0, 0, 0, 0, 0, 0, 0]], "2614.sol": [0, [0, 0, 0, 0, 0, 0, 0, 0, 0, 0]], "14632.sol": [0, [0, 0, 0, 0, 0, 0, 0, 0, 0, 0]], "24500.sol": [0, [0, 0, 0, 0, 0, 0, 0, 0, 0, 0]], "16628.sol": [0, [0, 0, 0, 0, 0, 0, 0, 0, 0, 0]], "16731.sol": [0, [0, 0, 0, 0, 0, 0, 0, 0, 0, 0]], "25634.sol": [0, [0, 0, 0, 0, 0, 0, 0, 0, 0, 0]], "36062.sol": [0, [0, 0, 0, 0, 0, 0, 0, 0, 0, 0]], "17428.sol": [0, [0, 0, 0, 0, 0, 0, 0, 0, 0, 0]], "32339.sol": [0, [0, 0, 0, 0, 0, 0, 0, 0, 0, 0]], "8605.sol": [0, [0, 0, 0, 0, 0, 0, 0, 0, 0, 0]], "23024.sol": [0, [0, 0, 0, 0, 0, 0, 0, 0, 0, 0]], "8076.sol": [0, [0, 0, 0, 0, 0, 0, 0, 0, 0, 0]], "25418.sol": [0, [0, 0, 0, 0, 0, 0, 0, 0, 0, 0]], "39684.sol": [1, [0, 1, 0, 0, 0, 0, 0, 1, 0, 0]], "10703.sol": [0, [0, 0, 0, 0, 0, 0, 0, 0, 0, 0]], "22885.sol": [0, [0, 0, 0, 0, 0, 0, 0, 0, 0, 0]], "5146.sol": [0, [0, 0, 0, 0, 0, 0, 0, 0, 0, 0]], "17480.sol": [1, [1, 1, 1, 1, 1, 1, 1, 1, 1, 1]], "39445.sol": [0, [0, 0, 0, 0, 0, 0, 0, 0, 0, 0]], "25426.sol": [0, [0, 0, 0, 0, 0, 0, 0, 0, 0, 0]], "6971.sol": [0, [0, 0, 0, 0, 0, 0, 0, 0, 0, 0]], "15338.sol": [0, [0, 0, 0, 0, 0, 0, 0, 0, 0, 0]], "5417.sol": [0, [0, 0, 0, 0, 0, 0, 0, 0, 0, 0]], "2507.sol": [0, [0, 0, 0, 0, 0, 0, 0, 0, 0, 0]], "21930.sol": [0, [0, 0, 0, 0, 0, 0, 0, 0, 0, 0]], "5076.sol": [0, [0, 0, 0, 0, 0, 0, 0, 0, 0, 0]], "21443.sol": [0, [0, 0, 0, 0, 0, 0, 0, 0, 0, 0]], "3849.sol": [0, [0, 0, 0, 0, 0, 0, 0, 0, 0, 0]], "21558.sol": [0, [0, 0, 0, 0, 0, 0, 0, 0, 0, 0]], "5550.sol": [1, [1, 1, 0, 0, 0, 0, 0, 0, 0, 0]], "38800.sol": [0, [0, 0, 0, 0, 0, 0, 0, 0, 0, 0]], "33803.sol": [0, [0, 0, 0, 0, 0, 0, 0, 0, 0, 0]], "27926.sol": [0, [0, 0, 0, 0, 0, 0, 0, 0, 0, 0]], "15439.sol": [0, [0, 0, 0, 0, 0, 0, 0, 0, 0, 0]], "16964.sol": [0, [0, 0, 0, 0, 0, 0, 0, 0, 0, 0]], "35228.sol": [0, [0, 0, 0, 0, 0, 0, 0, 0, 0, 0]], "24793.sol": [0, [0, 0, 0, 0, 0, 0, 0, 0, 0, 0]], "37560.sol": [0, [0, 0, 0, 0, 0, 0, 0, 0, 0, 0]], "19683.sol": [0, [0, 0, 0, 0, 0, 0, 0, 0, 0, 0]], "3681.sol": [0, [0, 0, 0, 0, 0, 0, 0, 0, 0, 0]], "27471.sol": [0, [0, 0, 0, 0, 0, 0, 0, 0, 0, 0]], "34307.sol": [0, [0, 0, 0, 0, 0, 0, 0, 0, 0, 0]], "5405.sol": [0, [0, 0, 0, 0, 0, 0, 0, 0, 0, 0]], "30952.sol": [0, [0, 0, 0, 0, 0, 0, 0, 0, 0, 0]], "1974.sol": [0, [0, 0, 0, 0, 0, 0, 0, 0, 0, 0]], "13703.sol": [0, [0, 0, 0, 0, 0, 0, 0, 0, 0, 0]], "25172.sol": [0, [0, 0, 0, 0, 0, 0, 0, 0, 0, 0]], "18989.sol": [0, [0, 0, 0, 0, 0, 0, 0, 0, 0, 0]], "22403.sol": [0, [0, 0, 0, 0, 0, 0, 0, 0, 0, 0]], "1532.sol": [0, [0, 0, 0, 0, 0, 0, 0, 0, 0, 0]], "14320.sol": [0, [0, 0, 0, 0, 0, 0, 0, 0, 0, 0]], "1148.sol": [0, [0, 0, 0, 0, 0, 0, 0, 0, 0, 0]], "10213.sol": [0, [0, 0, 0, 0, 0, 0, 0, 0, 0, 0]], "21849.sol": [0, [0, 0, 0, 0, 0, 0, 0, 0, 0, 0]], "8734.sol": [0, [0, 0, 0, 0, 0, 0, 0, 0, 0, 0]], "16736.sol": [0, [0, 0, 0, 0, 0, 0, 0, 0, 0, 0]], "7137.sol": [0, [0, 0, 0, 0, 0, 0, 0, 0, 0, 0]], "37170.sol": [0, [0, 0, 0, 0, 0, 0, 0, 0, 0, 0]], "35099.sol": [0, [0, 0, 0, 0, 0, 0, 0, 0, 0, 0]], "10483.sol": [1, [0, 0, 0, 0, 0, 0, 1, 0, 0, 0]], "12044.sol": [0, [0, 0, 0, 0, 0, 0, 0, 0, 0, 0]], "633.sol": [0, [0, 0, 0, 0, 0, 0, 0, 0, 0, 0]], "24289.sol": [0, [0, 0, 0, 0, 0, 0, 0, 0, 0, 0]], "31663.sol": [0, [0, 0, 0, 0, 0, 0, 0, 0, 0, 0]], "6605.sol": [0, [0, 0, 0, 0, 0, 0, 0, 0, 0, 0]], "4019.sol": [0, [0, 0, 0, 0, 0, 0, 0, 0, 0, 0]], "16223.sol": [0, [0, 0, 0, 0, 0, 0, 0, 0, 0, 0]], "6979.sol": [0, [0, 0, 0, 0, 0, 0, 0, 0, 0, 0]], "2482.sol": [0, [0, 0, 0, 0, 0, 0, 0, 0, 0, 0]], "14296.sol": [0, [0, 0, 0, 0, 0, 0, 0, 0, 0, 0]], "18627.sol": [0, [0, 0, 0, 0, 0, 0, 0, 0, 0, 0]], "1755.sol": [0, [0, 0, 0, 0, 0, 0, 0, 0, 0, 0]], "8626.sol": [0, [0, 0, 0, 0, 0, 0, 0, 0, 0, 0]], "8716.sol": [0, [0, 0, 0, 0, 0, 0, 0, 0, 0, 0]], "4561.sol": [0, [0, 0, 0, 0, 0, 0, 0, 0, 0, 0]], "8782.sol": [0, [0, 0, 0, 0, 0, 0, 0, 0, 0, 0]], "4664.sol": [1, [1, 1, 1, 0, 0, 0, 0, 0, 0, 0]], "39485.sol": [0, [0, 0, 0, 0, 0, 0, 0, 0, 0, 0]], "7048.sol": [0, [0, 0, 0, 0, 0, 0, 0, 0, 0, 0]], "2020.sol": [0, [0, 0, 0, 0, 0, 0, 0, 0, 0, 0]], "9216.sol": [0, [0, 0, 0, 0, 0, 0, 0, 0, 0, 0]], "4483.sol": [0, [0, 0, 0, 0, 0, 0, 0, 0, 0, 0]], "25981.sol": [0, [0, 0, 0, 0, 0, 0, 0, 0, 0, 0]], "40245.sol": [0, [0, 0, 0, 0, 0, 0, 0, 0, 0, 0]], "78.sol": [0, [0, 0, 0, 0, 0, 0, 0, 0, 0, 0]], "35230.sol": [0, [0, 0, 0, 0, 0, 0, 0, 0, 0, 0]], "20551.sol": [0, [0, 0, 0, 0, 0, 0, 0, 0, 0, 0]], "15610.sol": [0, [0, 0, 0, 0, 0, 0, 0, 0, 0, 0]], "15238.sol": [0, [0, 0, 0, 0, 0, 0, 0, 0, 0, 0]], "36839.sol": [0, [0, 0, 0, 0, 0, 0, 0, 0, 0, 0]], "16838.sol": [0, [0, 0, 0, 0, 0, 0, 0, 0, 0, 0]], "21611.sol": [0, [0, 0, 0, 0, 0, 0, 0, 0, 0, 0]], "21458.sol": [0, [0, 0, 0, 0, 0, 0, 0, 0, 0, 0]], "39362.sol": [0, [0, 0, 0, 0, 0, 0, 0, 0, 0, 0]], "27818.sol": [0, [0, 0, 0, 0, 0, 0, 0, 0, 0, 0]], "16312.sol": [0, [0, 0, 0, 0, 0, 0, 0, 0, 0, 0]], "18243.sol": [0, [0, 0, 0, 0, 0, 0, 0, 0, 0, 0]], "13288.sol": [0, [0, 0, 0, 0, 0, 0, 0, 0, 0, 0]], "7544.sol": [0, [0, 0, 0, 0, 0, 0, 0, 0, 0, 0]], "34564.sol": [0, [0, 0, 0, 0, 0, 0, 0, 0, 0, 0]], "40602.sol": [1, [1, 1, 1, 1, 0, 0, 1, 0, 0, 1]], "15472.sol": [1, [1, 1, 1, 1, 1, 1, 1, 1, 1, 1]], "26154.sol": [0, [0, 0, 0, 0, 0, 0, 0, 0, 0, 0]], "37781.sol": [0, [0, 0, 0, 0, 0, 0, 0, 0, 0, 0]], "20766.sol": [0, [0, 0, 0, 0, 0, 0, 0, 0, 0, 0]], "11578.sol": [0, [0, 0, 0, 0, 0, 0, 0, 0, 0, 0]], "10899.sol": [0, [0, 0, 0, 0, 0, 0, 0, 0, 0, 0]], "37517.sol": [0, [0, 0, 0, 0, 0, 0, 0, 0, 0, 0]], "36310.sol": [0, [0, 0, 0, 0, 0, 0, 0, 0, 0, 0]], "4390.sol": [0, [0, 0, 0, 0, 0, 0, 0, 0, 0, 0]], "9495.sol": [0, [0, 0, 0, 0, 0, 0, 0, 0, 0, 0]], "11382.sol": [0, [0, 0, 0, 0, 0, 0, 0, 0, 0, 0]], "37638.sol": [0, [0, 0, 0, 0, 0, 0, 0, 0, 0, 0]], "32568.sol": [0, [0, 0, 0, 0, 0, 0, 0, 0, 0, 0]], "8849.sol": [0, [0, 0, 0, 0, 0, 0, 0, 0, 0, 0]], "31223.sol": [1, [1, 0, 1, 1, 1, 0, 0, 0, 1, 1]], "18839.sol": [0, [0, 0, 0, 0, 0, 0, 0, 0, 0, 0]], "10653.sol": [0, [0, 0, 0, 0, 0, 0, 0, 0, 0, 0]], "27632.sol": [0, [0, 0, 0, 0, 0, 0, 0, 0, 0, 0]], "30729.sol": [0, [0, 0, 0, 0, 0, 0, 0, 0, 0, 0]], "26551.sol": [0, [0, 0, 0, 0, 0, 0, 0, 0, 0, 0]], "19273.sol": [0, [0, 0, 0, 0, 0, 0, 0, 0, 0, 0]], "26146.sol": [0, [0, 0, 0, 0, 0, 0, 0, 0, 0, 0]], "8774.sol": [0, [0, 0, 0, 0, 0, 0, 0, 0, 0, 0]], "34008.sol": [0, [0, 0, 0, 0, 0, 0, 0, 0, 0, 0]], "24878.sol": [0, [0, 0, 0, 0, 0, 0, 0, 0, 0, 0]], "8508.sol": [0, [0, 0, 0, 0, 0, 0, 0, 0, 0, 0]], "31687.sol": [0, [0, 0, 0, 0, 0, 0, 0, 0, 0, 0]], "9270.sol": [0, [0, 0, 0, 0, 0, 0, 0, 0, 0, 0]], "34586.sol": [0, [0, 0, 0, 0, 0, 0, 0, 0, 0, 0]], "10293.sol": [0, [0, 0, 0, 0, 0, 0, 0, 0, 0, 0]], "12041.sol": [0, [0, 0, 0, 0, 0, 0, 0, 0, 0, 0]], "1568.sol": [0, [0, 0, 0, 0, 0, 0, 0, 0, 0, 0]], "29331.sol": [0, [0, 0, 0, 0, 0, 0, 0, 0, 0, 0]], "24586.sol": [0, [0, 0, 0, 0, 0, 0, 0, 0, 0, 0]], "30590.sol": [0, [0, 0, 0, 0, 0, 0, 0, 0, 0, 0]], "14400.sol": [1, [0, 1, 1, 1, 0, 0, 0, 0, 0, 0]], "5502.sol": [0, [0, 0, 0, 0, 0, 0, 0, 0, 0, 0]], "33901.sol": [0, [0, 0, 0, 0, 0, 0, 0, 0, 0, 0]], "8055.sol": [0, [0, 0, 0, 0, 0, 0, 0, 0, 0, 0]], "36773.sol": [0, [0, 0, 0, 0, 0, 0, 0, 0, 0, 0]], "1206.sol": [0, [0, 0, 0, 0, 0, 0, 0, 0, 0, 0]], "23644.sol": [0, [0, 0, 0, 0, 0, 0, 0, 0, 0, 0]], "28024.sol": [1, [0, 0, 0, 0, 0, 0, 0, 1, 0, 0]], "8823.sol": [0, [0, 0, 0, 0, 0, 0, 0, 0, 0, 0]], "6833.sol": [0, [0, 0, 0, 0, 0, 0, 0, 0, 0, 0]], "21873.sol": [0, [0, 0, 0, 0, 0, 0, 0, 0, 0, 0]], "5285.sol": [0, [0, 0, 0, 0, 0, 0, 0, 0, 0, 0]], "8195.sol": [0, [0, 0, 0, 0, 0, 0, 0, 0, 0, 0]], "9407.sol": [0, [0, 0, 0, 0, 0, 0, 0, 0, 0, 0]], "6781.sol": [0, [0, 0, 0, 0, 0, 0, 0, 0, 0, 0]], "25329.sol": [0, [0, 0, 0, 0, 0, 0, 0, 0, 0, 0]], "9564.sol": [0, [0, 0, 0, 0, 0, 0, 0, 0, 0, 0]], "1445.sol": [0, [0, 0, 0, 0, 0, 0, 0, 0, 0, 0]], "15780.sol": [0, [0, 0, 0, 0, 0, 0, 0, 0, 0, 0]], "39451.sol": [1, [0, 0, 0, 0, 0, 0, 0, 0, 0, 1]], "203.sol": [0, [0, 0, 0, 0, 0, 0, 0, 0, 0, 0]], "37690.sol": [1, [1, 1, 1, 1, 0, 1, 1, 1, 1, 1]], "27572.sol": [0, [0, 0, 0, 0, 0, 0, 0, 0, 0, 0]], "3949.sol": [0, [0, 0, 0, 0, 0, 0, 0, 0, 0, 0]], "39351.sol": [0, [0, 0, 0, 0, 0, 0, 0, 0, 0, 0]], "13846.sol": [0, [0, 0, 0, 0, 0, 0, 0, 0, 0, 0]], "22587.sol": [0, [0, 0, 0, 0, 0, 0, 0, 0, 0, 0]], "21597.sol": [0, [0, 0, 0, 0, 0, 0, 0, 0, 0, 0]], "12904.sol": [0, [0, 0, 0, 0, 0, 0, 0, 0, 0, 0]], "29504.sol": [0, [0, 0, 0, 0, 0, 0, 0, 0, 0, 0]], "29458.sol": [0, [0, 0, 0, 0, 0, 0, 0, 0, 0, 0]], "24024.sol": [0, [0, 0, 0, 0, 0, 0, 0, 0, 0, 0]], "32466.sol": [0, [0, 0, 0, 0, 0, 0, 0, 0, 0, 0]], "12706.sol": [0, [0, 0, 0, 0, 0, 0, 0, 0, 0, 0]], "25082.sol": [0, [0, 0, 0, 0, 0, 0, 0, 0, 0, 0]], "22337.sol": [1, [0, 1, 1, 0, 1, 0, 0, 0, 0, 0]], "4051.sol": [0, [0, 0, 0, 0, 0, 0, 0, 0, 0, 0]], "28065.sol": [0, [0, 0, 0, 0, 0, 0, 0, 0, 0, 0]], "29983.sol": [0, [0, 0, 0, 0, 0, 0, 0, 0, 0, 0]], "5840.sol": [0, [0, 0, 0, 0, 0, 0, 0, 0, 0, 0]], "23303.sol": [1, [0, 1, 1, 0, 0, 0, 0, 0, 0, 0]], "15494.sol": [0, [0, 0, 0, 0, 0, 0, 0, 0, 0, 0]], "29219.sol": [0, [0, 0, 0, 0, 0, 0, 0, 0, 0, 0]], "27764.sol": [0, [0, 0, 0, 0, 0, 0, 0, 0, 0, 0]], "5120.sol": [0, [0, 0, 0, 0, 0, 0, 0, 0, 0, 0]], "25943.sol": [0, [0, 0, 0, 0, 0, 0, 0, 0, 0, 0]], "25800.sol": [0, [0, 0, 0, 0, 0, 0, 0, 0, 0, 0]], "39993.sol": [0, [0, 0, 0, 0, 0, 0, 0, 0, 0, 0]], "2521.sol": [0, [0, 0, 0, 0, 0, 0, 0, 0, 0, 0]], "25102.sol": [0, [0, 0, 0, 0, 0, 0, 0, 0, 0, 0]], "11282.sol": [0, [0, 0, 0, 0, 0, 0, 0, 0, 0, 0]], "11537.sol": [0, [0, 0, 0, 0, 0, 0, 0, 0, 0, 0]], "18183.sol": [0, [0, 0, 0, 0, 0, 0, 0, 0, 0, 0]], "6350.sol": [0, [0, 0, 0, 0, 0, 0, 0, 0, 0, 0]], "31467.sol": [0, [0, 0, 0, 0, 0, 0, 0, 0, 0, 0]], "11368.sol": [0, [0, 0, 0, 0, 0, 0, 0, 0, 0, 0]], "6236.sol": [0, [0, 0, 0, 0, 0, 0, 0, 0, 0, 0]], "35076.sol": [0, [0, 0, 0, 0, 0, 0, 0, 0, 0, 0]], "13357.sol": [0, [0, 0, 0, 0, 0, 0, 0, 0, 0, 0]], "10456.sol": [0, [0, 0, 0, 0, 0, 0, 0, 0, 0, 0]], "39283.sol": [0, [0, 0, 0, 0, 0, 0, 0, 0, 0, 0]], "33133.sol": [0, [0, 0, 0, 0, 0, 0, 0, 0, 0, 0]], "2137.sol": [0, [0, 0, 0, 0, 0, 0, 0, 0, 0, 0]], "27565.sol": [0, [0, 0, 0, 0, 0, 0, 0, 0, 0, 0]], "17647.sol": [0, [0, 0, 0, 0, 0, 0, 0, 0, 0, 0]], "5369.sol": [0, [0, 0, 0, 0, 0, 0, 0, 0, 0, 0]], "16975.sol": [0, [0, 0, 0, 0, 0, 0, 0, 0, 0, 0]], "242.sol": [0, [0, 0, 0, 0, 0, 0, 0, 0, 0, 0]], "17398.sol": [0, [0, 0, 0, 0, 0, 0, 0, 0, 0, 0]], "38436.sol": [0, [0, 0, 0, 0, 0, 0, 0, 0, 0, 0]], "34770.sol": [0, [0, 0, 0, 0, 0, 0, 0, 0, 0, 0]], "11411.sol": [0, [0, 0, 0, 0, 0, 0, 0, 0, 0, 0]], "25512.sol": [0, [0, 0, 0, 0, 0, 0, 0, 0, 0, 0]], "39164.sol": [0, [0, 0, 0, 0, 0, 0, 0, 0, 0, 0]], "23575.sol": [0, [0, 0, 0, 0, 0, 0, 0, 0, 0, 0]], "13820.sol": [1, [0, 0, 0, 0, 0, 0, 0, 1, 1, 0]], "38054.sol": [0, [0, 0, 0, 0, 0, 0, 0, 0, 0, 0]], "31582.sol": [0, [0, 0, 0, 0, 0, 0, 0, 0, 0, 0]], "20720.sol": [0, [0, 0, 0, 0, 0, 0, 0, 0, 0, 0]], "6033.sol": [0, [0, 0, 0, 0, 0, 0, 0, 0, 0, 0]], "30180.sol": [0, [0, 0, 0, 0, 0, 0, 0, 0, 0, 0]], "39845.sol": [0, [0, 0, 0, 0, 0, 0, 0, 0, 0, 0]], "27530.sol": [1, [0, 0, 1, 0, 0, 0, 0, 0, 0, 0]], "34769.sol": [0, [0, 0, 0, 0, 0, 0, 0, 0, 0, 0]], "40308.sol": [0, [0, 0, 0, 0, 0, 0, 0, 0, 0, 0]], "38051.sol": [0, [0, 0, 0, 0, 0, 0, 0, 0, 0, 0]], "1338.sol": [0, [0, 0, 0, 0, 0, 0, 0, 0, 0, 0]], "20372.sol": [0, [0, 0, 0, 0, 0, 0, 0, 0, 0, 0]], "28861.sol": [0, [0, 0, 0, 0, 0, 0, 0, 0, 0, 0]], "14381.sol": [0, [0, 0, 0, 0, 0, 0, 0, 0, 0, 0]], "342.sol": [0, [0, 0, 0, 0, 0, 0, 0, 0, 0, 0]], "22349.sol": [0, [0, 0, 0, 0, 0, 0, 0, 0, 0, 0]], "4237.sol": [0, [0, 0, 0, 0, 0, 0, 0, 0, 0, 0]], "30513.sol": [0, [0, 0, 0, 0, 0, 0, 0, 0, 0, 0]], "5268.sol": [0, [0, 0, 0, 0, 0, 0, 0, 0, 0, 0]], "37923.sol": [0, [0, 0, 0, 0, 0, 0, 0, 0, 0, 0]], "19758.sol": [1, [0, 0, 1, 0, 0, 0, 0, 0, 1, 0]], "16581.sol": [1, [1, 1, 1, 1, 1, 1, 1, 1, 1, 1]], "34619.sol": [0, [0, 0, 0, 0, 0, 0, 0, 0, 0, 0]], "29319.sol": [0, [0, 0, 0, 0, 0, 0, 0, 0, 0, 0]], "3556.sol": [0, [0, 0, 0, 0, 0, 0, 0, 0, 0, 0]], "16323.sol": [0, [0, 0, 0, 0, 0, 0, 0, 0, 0, 0]], "20932.sol": [0, [0, 0, 0, 0, 0, 0, 0, 0, 0, 0]], "4764.sol": [0, [0, 0, 0, 0, 0, 0, 0, 0, 0, 0]], "15905.sol": [0, [0, 0, 0, 0, 0, 0, 0, 0, 0, 0]], "7594.sol": [0, [0, 0, 0, 0, 0, 0, 0, 0, 0, 0]], "8191.sol": [0, [0, 0, 0, 0, 0, 0, 0, 0, 0, 0]], "32578.sol": [0, [0, 0, 0, 0, 0, 0, 0, 0, 0, 0]], "26152.sol": [0, [0, 0, 0, 0, 0, 0, 0, 0, 0, 0]], "20337.sol": [0, [0, 0, 0, 0, 0, 0, 0, 0, 0, 0]], "32144.sol": [0, [0, 0, 0, 0, 0, 0, 0, 0, 0, 0]], "33206.sol": [0, [0, 0, 0, 0, 0, 0, 0, 0, 0, 0]], "4887.sol": [0, [0, 0, 0, 0, 0, 0, 0, 0, 0, 0]], "9673.sol": [0, [0, 0, 0, 0, 0, 0, 0, 0, 0, 0]], "36270.sol": [0, [0, 0, 0, 0, 0, 0, 0, 0, 0, 0]], "33176.sol": [0, [0, 0, 0, 0, 0, 0, 0, 0, 0, 0]], "4363.sol": [0, [0, 0, 0, 0, 0, 0, 0, 0, 0, 0]], "32608.sol": [0, [0, 0, 0, 0, 0, 0, 0, 0, 0, 0]], "1016.sol": [0, [0, 0, 0, 0, 0, 0, 0, 0, 0, 0]], "16132.sol": [0, [0, 0, 0, 0, 0, 0, 0, 0, 0, 0]], "2836.sol": [0, [0, 0, 0, 0, 0, 0, 0, 0, 0, 0]], "16785.sol": [0, [0, 0, 0, 0, 0, 0, 0, 0, 0, 0]], "1778.sol": [0, [0, 0, 0, 0, 0, 0, 0, 0, 0, 0]], "15015.sol": [0, [0, 0, 0, 0, 0, 0, 0, 0, 0, 0]], "37277.sol": [0, [0, 0, 0, 0, 0, 0, 0, 0, 0, 0]], "35612.sol": [0, [0, 0, 0, 0, 0, 0, 0, 0, 0, 0]], "17404.sol": [0, [0, 0, 0, 0, 0, 0, 0, 0, 0, 0]], "32484.sol": [0, [0, 0, 0, 0, 0, 0, 0, 0, 0, 0]], "33156.sol": [0, [0, 0, 0, 0, 0, 0, 0, 0, 0, 0]], "25220.sol": [0, [0, 0, 0, 0, 0, 0, 0, 0, 0, 0]], "19544.sol": [0, [0, 0, 0, 0, 0, 0, 0, 0, 0, 0]], "11647.sol": [0, [0, 0, 0, 0, 0, 0, 0, 0, 0, 0]], "20649.sol": [1, [1, 1, 1, 1, 1, 1, 1, 1, 1, 1]], "924.sol": [0, [0, 0, 0, 0, 0, 0, 0, 0, 0, 0]], "28510.sol": [0, [0, 0, 0, 0, 0, 0, 0, 0, 0, 0]], "8424.sol": [0, [0, 0, 0, 0, 0, 0, 0, 0, 0, 0]], "34126.sol": [0, [0, 0, 0, 0, 0, 0, 0, 0, 0, 0]], "10763.sol": [0, [0, 0, 0, 0, 0, 0, 0, 0, 0, 0]], "23165.sol": [0, [0, 0, 0, 0, 0, 0, 0, 0, 0, 0]], "6127.sol": [0, [0, 0, 0, 0, 0, 0, 0, 0, 0, 0]], "6378.sol": [0, [0, 0, 0, 0, 0, 0, 0, 0, 0, 0]], "18800.sol": [1, [1, 1, 1, 1, 0, 1, 1, 1, 1, 0]], "6140.sol": [0, [0, 0, 0, 0, 0, 0, 0, 0, 0, 0]], "771.sol": [0, [0, 0, 0, 0, 0, 0, 0, 0, 0, 0]], "35009.sol": [0, [0, 0, 0, 0, 0, 0, 0, 0, 0, 0]], "140.sol": [0, [0, 0, 0, 0, 0, 0, 0, 0, 0, 0]], "17246.sol": [0, [0, 0, 0, 0, 0, 0, 0, 0, 0, 0]], "5186.sol": [0, [0, 0, 0, 0, 0, 0, 0, 0, 0, 0]], "39024.sol": [0, [0, 0, 0, 0, 0, 0, 0, 0, 0, 0]], "15116.sol": [0, [0, 0, 0, 0, 0, 0, 0, 0, 0, 0]], "33663.sol": [1, [0, 0, 0, 0, 0, 0, 0, 0, 1, 0]], "7059.sol": [0, [0, 0, 0, 0, 0, 0, 0, 0, 0, 0]], "38744.sol": [0, [0, 0, 0, 0, 0, 0, 0, 0]], "31756.sol": [0, [0, 0, 0, 0, 0, 0, 0, 0, 0, 0]], "11538.sol": [0, [0, 0, 0, 0, 0, 0, 0, 0, 0, 0]], "30676.sol": [0, [0, 0, 0, 0, 0, 0, 0, 0, 0, 0]], "2050.sol": [0, [0, 0, 0, 0, 0, 0, 0, 0, 0, 0]], "2139.sol": [0, [0, 0, 0, 0, 0, 0, 0, 0, 0, 0]], "25165.sol": [0, [0, 0, 0, 0, 0, 0, 0, 0, 0, 0]], "2457.sol": [0, [0, 0, 0, 0, 0, 0, 0, 0, 0, 0]], "2783.sol": [0, [0, 0, 0, 0, 0, 0, 0, 0, 0, 0]], "7004.sol": [0, [0, 0, 0, 0, 0, 0, 0, 0, 0, 0]], "29048.sol": [0, [0, 0, 0, 0, 0, 0, 0, 0, 0, 0]], "39560.sol": [0, [0, 0, 0, 0, 0, 0, 0, 0, 0, 0]], "8905.sol": [0, [0, 0, 0, 0, 0, 0, 0, 0, 0, 0]], "4088.sol": [0, [0, 0, 0, 0, 0, 0, 0, 0, 0, 0]], "39.sol": [0, [0, 0, 0, 0, 0, 0, 0, 0, 0, 0]], "1048.sol": [0, [0, 0, 0, 0, 0, 0, 0, 0, 0, 0]], "28771.sol": [0, [0, 0, 0, 0, 0, 0, 0, 0, 0, 0]], "29956.sol": [0, [0, 0, 0, 0, 0, 0, 0, 0, 0, 0]], "22508.sol": [0, [0, 0, 0, 0, 0, 0, 0, 0, 0, 0]], "8077.sol": [0, [0, 0, 0, 0, 0, 0, 0, 0, 0, 0]], "34720.sol": [0, [0, 0, 0, 0, 0, 0, 0, 0, 0, 0]], "6428.sol": [0, [0, 0, 0, 0, 0, 0, 0, 0, 0, 0]], "29604.sol": [0, [0, 0, 0, 0, 0, 0, 0, 0, 0, 0]], "14004.sol": [0, [0, 0, 0, 0, 0, 0, 0, 0, 0, 0]], "18379.sol": [0, [0, 0, 0, 0, 0, 0, 0, 0, 0, 0]], "24650.sol": [0, [0, 0, 0, 0, 0, 0, 0, 0, 0, 0]], "17988.sol": [1, [0, 0, 0, 0, 0, 0, 1, 0, 0, 0]], "22438.sol": [0, [0, 0, 0, 0, 0, 0, 0, 0, 0, 0]], "20707.sol": [0, [0, 0, 0, 0, 0, 0, 0, 0, 0, 0]], "22129.sol": [0, [0, 0, 0, 0, 0, 0, 0, 0, 0, 0]], "21012.sol": [0, [0, 0, 0, 0, 0, 0, 0, 0, 0, 0]], "1333.sol": [0, [0, 0, 0, 0, 0, 0, 0, 0, 0, 0]], "39573.sol": [0, [0, 0, 0, 0, 0, 0, 0, 0, 0, 0]], "26147.sol": [0, [0, 0, 0, 0, 0, 0, 0, 0, 0, 0]], "6608.sol": [0, [0, 0, 0, 0, 0, 0, 0, 0, 0, 0]], "9078.sol": [0, [0, 0, 0, 0, 0, 0, 0, 0, 0, 0]], "23431.sol": [1, [0, 0, 0, 1, 1, 1, 1, 0, 0, 0]], "22704.sol": [0, [0, 0, 0, 0, 0, 0, 0, 0, 0, 0]], "21986.sol": [0, [0, 0, 0, 0, 0, 0, 0, 0, 0, 0]], "27493.sol": [0, [0, 0, 0, 0, 0, 0, 0, 0, 0, 0]], "34299.sol": [0, [0, 0, 0, 0, 0, 0, 0, 0, 0, 0]], "16661.sol": [0, [0, 0, 0, 0, 0, 0, 0, 0, 0, 0]], "22383.sol": [0, [0, 0, 0, 0, 0, 0, 0, 0, 0, 0]], "10655.sol": [0, [0, 0, 0, 0, 0, 0, 0, 0, 0, 0]], "26401.sol": [0, [0, 0, 0, 0, 0, 0, 0, 0, 0, 0]], "25117.sol": [0, [0, 0, 0, 0, 0, 0, 0, 0, 0, 0]], "39893.sol": [0, [0, 0, 0, 0, 0, 0, 0, 0, 0, 0]], "8776.sol": [0, [0, 0, 0, 0, 0, 0, 0, 0, 0, 0]], "2368.sol": [0, [0, 0, 0, 0, 0, 0, 0, 0, 0, 0]], "31886.sol": [0, [0, 0, 0, 0, 0, 0, 0, 0, 0, 0]], "29469.sol": [0, [0, 0, 0, 0, 0, 0, 0, 0, 0, 0]], "23273.sol": [0, [0, 0, 0, 0, 0, 0, 0, 0, 0, 0]], "17260.sol": [0, [0, 0, 0, 0, 0, 0, 0, 0, 0, 0]], "24476.sol": [0, [0, 0, 0, 0, 0, 0, 0, 0, 0, 0]], "1367.sol": [0, [0, 0, 0, 0, 0, 0, 0, 0, 0, 0]], "9389.sol": [0, [0, 0, 0, 0, 0, 0, 0, 0, 0, 0]], "11950.sol": [0, [0, 0, 0, 0, 0, 0, 0, 0, 0, 0]], "13458.sol": [0, [0, 0, 0, 0, 0, 0, 0, 0, 0, 0]], "18102.sol": [0, [0, 0, 0, 0, 0, 0, 0, 0, 0, 0]], "33277.sol": [0, [0, 0, 0, 0, 0, 0, 0, 0, 0, 0]], "14851.sol": [0, [0, 0, 0, 0, 0, 0, 0, 0, 0, 0]], "2791.sol": [0, [0, 0, 0, 0, 0, 0, 0, 0, 0, 0]], "22193.sol": [0, [0, 0, 0, 0, 0, 0, 0, 0, 0, 0]], "39272.sol": [0, [0, 0, 0, 0, 0, 0, 0, 0, 0, 0]], "8184.sol": [0, [0, 0, 0, 0, 0, 0, 0, 0, 0, 0]], "32725.sol": [0, [0, 0, 0, 0, 0, 0, 0, 0, 0, 0]], "40218.sol": [0, [0, 0, 0, 0, 0, 0, 0, 0, 0, 0]], "13601.sol": [0, [0, 0, 0, 0, 0, 0, 0, 0, 0, 0]], "4215.sol": [0, [0, 0, 0, 0, 0, 0, 0, 0, 0, 0]], "26472.sol": [0, [0, 0, 0, 0, 0, 0, 0, 0, 0, 0]], "7479.sol": [0, [0, 0, 0, 0, 0, 0, 0, 0, 0, 0]], "32822.sol": [0, [0, 0, 0, 0, 0, 0, 0, 0, 0, 0]], "819.sol": [0, [0, 0, 0, 0, 0, 0, 0, 0, 0, 0]], "17873.sol": [0, [0, 0, 0, 0, 0, 0, 0, 0, 0, 0]], "29384.sol": [0, [0, 0, 0, 0, 0, 0, 0, 0, 0, 0]], "31717.sol": [0, [0, 0, 0, 0, 0, 0, 0, 0, 0, 0]], "13812.sol": [0, [0, 0, 0, 0, 0, 0, 0, 0, 0, 0]], "17175.sol": [0, [0, 0, 0, 0, 0, 0, 0, 0, 0, 0]], "8534.sol": [0, [0, 0, 0, 0, 0, 0, 0, 0, 0, 0]], "30817.sol": [0, [0, 0, 0, 0, 0, 0, 0, 0, 0, 0]], "4750.sol": [0, [0, 0, 0, 0, 0, 0, 0, 0]], "19714.sol": [0, [0, 0, 0, 0, 0, 0, 0, 0, 0, 0]], "13153.sol": [0, [0, 0, 0, 0, 0, 0, 0, 0, 0, 0]], "23604.sol": [0, [0, 0, 0, 0, 0, 0, 0, 0, 0, 0]], "5135.sol": [0, [0, 0, 0, 0, 0, 0, 0, 0, 0, 0]], "2826.sol": [0, [0, 0, 0, 0, 0, 0, 0, 0, 0, 0]], "35554.sol": [0, [0, 0, 0, 0, 0, 0, 0, 0, 0, 0]], "9416.sol": [0, [0, 0, 0, 0, 0, 0, 0, 0, 0, 0]], "30702.sol": [0, [0, 0, 0, 0, 0, 0, 0, 0, 0, 0]], "7477.sol": [0, [0, 0, 0, 0, 0, 0, 0, 0, 0, 0]], "29494.sol": [0, [0, 0, 0, 0, 0, 0, 0, 0, 0, 0]], "22671.sol": [0, [0, 0, 0, 0, 0, 0, 0, 0, 0, 0]], "16745.sol": [0, [0, 0, 0, 0, 0, 0, 0, 0, 0, 0]], "11162.sol": [1, [0, 0, 0, 0, 0, 0, 0, 0, 1, 0]], "17379.sol": [0, [0, 0, 0, 0, 0, 0, 0, 0, 0, 0]], "28122.sol": [1, [1, 1, 0, 0, 0, 0, 0, 0, 0, 0]], "23921.sol": [1, [1, 1, 1, 1, 0, 0, 0, 0, 0, 0]], "31044.sol": [1, [0, 0, 0, 0, 0, 0, 1, 1, 1, 0]], "18301.sol": [1, [1, 1, 1, 1, 1, 1, 1, 1, 1, 1]], "5559.sol": [0, [0, 0, 0, 0, 0, 0, 0, 0, 0, 0]], "29342.sol": [1, [1, 1, 0, 1, 1, 0, 0, 0, 0, 0]], "19038.sol": [1, [1, 1, 1, 1, 0, 0, 0, 0, 0, 0]], "19578.sol": [0, [0, 0, 0, 0, 0, 0, 0, 0, 0, 0]], "29045.sol": [1, [0, 0, 0, 0, 1, 0, 1, 0, 1, 0]], "25716.sol": [1, [0, 0, 0, 0, 0, 0, 0, 1, 1, 0]], "21913.sol": [1, [1, 1, 1, 1, 1, 0, 1, 1, 0, 0]], "28101.sol": [1, [0, 1, 1, 0, 0, 0, 0, 0, 0, 0]], "13610.sol": [0, [0, 0, 0, 0, 0, 0, 0, 0, 0, 0]], "23203.sol": [0, [0, 0, 0, 0, 0, 0, 0, 0, 0, 0]], "40649.sol": [1, [1, 1, 1, 1, 1, 1, 1, 1, 1, 1]], "31008.sol": [1, [0, 0, 0, 0, 0, 0, 1, 1, 1, 0]], "12858.sol": [1, [1, 0, 0, 0, 0, 0, 0, 0, 0, 0]], "21691.sol": [1, [1, 1, 1, 1, 1, 1, 1, 1, 1, 0]], "12151.sol": [1, [0, 1, 0, 1, 0, 1, 0, 0, 0, 1]], "30664.sol": [1, [1, 1, 1, 1, 1, 1, 0, 0, 0, 0]], "37411.sol": [0, [0, 0, 0, 0, 0, 0, 0, 0, 0, 0]], "33975.sol": [1, [1, 1, 1, 1, 1, 1, 1, 1, 1, 1]], "14385.sol": [1, [0, 0, 1, 0, 0, 1, 0, 1, 0, 1]], "20311.sol": [1, [1, 0, 1, 1, 0, 0, 0, 0, 0, 0]], "31010.sol": [1, [0, 0, 0, 0, 0, 0, 1, 1, 1, 0]], "21944.sol": [1, [1, 1, 1, 1, 1, 1, 1, 1, 1, 0]], "24450.sol": [1, [0, 0, 0, 0, 0, 0, 0, 1, 1, 0]], "20938.sol": [1, [0, 0, 1, 0, 1, 0, 0, 1, 0, 0]], "25573.sol": [1, [0, 0, 0, 0, 0, 0, 1, 1, 0, 0]], "33550.sol": [1, [0, 0, 0, 0, 0, 0, 0, 0, 0, 1]], "37446.sol": [0, [0, 0, 0, 0, 0, 0, 0, 0, 0, 0]], "2705.sol": [0, [0, 0, 0, 0, 0, 0, 0, 0, 0, 0]], "33598.sol": [1, [1, 0, 0, 0, 0, 1, 1, 1, 1, 1]], "33805.sol": [1, [1, 0, 1, 1, 0, 1, 0, 0, 0, 1]], "18322.sol": [1, [1, 1, 1, 1, 1, 1, 1, 1, 1, 1]], "27420.sol": [1, [0, 1, 0, 0, 0, 0, 0, 0, 0, 0]], "17380.sol": [1, [0, 0, 0, 0, 0, 0, 0, 1, 0, 1]], "5001.sol": [1, [0, 0, 0, 0, 0, 0, 0, 0, 1, 0]], "16772.sol": [1, [1, 0, 1, 1, 1, 1, 0, 0, 0, 0]], "31009.sol": [1, [0, 0, 0, 0, 0, 0, 1, 1, 1, 0]], "16433.sol": [1, [0, 0, 1, 0, 0, 0, 0, 0, 0, 0]], "3919.sol": [1, [1, 1, 1, 0, 1, 1, 0, 0, 0, 0]], "27601.sol": [0, [0, 0, 0, 0, 0, 0, 0, 0, 0, 0]], "33722.sol": [0, [0, 0, 0, 0, 0, 0, 0, 0, 0, 0]], "32016.sol": [0, [0, 0, 0, 0, 0, 0, 0, 0, 0, 0]], "21416.sol": [0, [0, 0, 0, 0, 0, 0, 0, 0, 0, 0]], "39269.sol": [0, [0, 0, 0, 0, 0, 0, 0, 0, 0, 0]], "1740.sol": [1, [0, 0, 0, 0, 0, 0, 1, 1, 0, 0]], "24683.sol": [0, [0, 0, 0, 0, 0, 0, 0, 0, 0, 0]], "32291.sol": [1, [0, 0, 0, 1, 1, 0, 0, 1, 1, 0]], "31027.sol": [1, [0, 0, 0, 0, 0, 0, 1, 1, 1, 0]], "805.sol": [0, [0, 0, 0, 0, 0, 0, 0, 0, 0, 0]], "1944.sol": [1, [0, 0, 0, 0, 0, 1, 1, 1, 1, 1]], "11539.sol": [1, [0, 0, 1, 1, 0, 0, 1, 0, 1, 0]], "24765.sol": [1, [0, 0, 0, 0, 0, 0, 0, 1, 0, 1]], "13333.sol": [1, [0, 0, 0, 0, 0, 0, 1, 0, 0, 0]], "27269.sol": [1, [0, 0, 0, 1, 1, 1, 0, 1, 0, 0]], "34711.sol": [1, [1, 1, 0, 0, 0, 0, 0]], "20958.sol": [0, [0, 0, 0, 0, 0, 0, 0, 0, 0, 0]], "2818.sol": [1, [0, 0, 0, 0, 0, 0, 1, 0, 0, 0]], "27506.sol": [1, [1, 1, 1, 0, 1, 0, 1, 0, 0, 0]], "27124.sol": [0, [0, 0, 0, 0, 0, 0, 0, 0, 0, 0]], "2426.sol": [1, [1, 1, 1, 1, 1, 1, 1, 1, 1, 1]], "18208.sol": [0, [0, 0, 0, 0, 0, 0, 0, 0, 0, 0]], "3540.sol": [0, [0, 0, 0, 0, 0, 0, 0, 0, 0, 0]], "237.sol": [0, [0, 0, 0, 0, 0, 0, 0, 0, 0, 0]], "17251.sol": [1, [1, 0, 1, 0, 0, 0, 1, 1, 0, 0]], "25892.sol": [1, [0, 1, 1, 0, 1, 1, 0, 0, 0, 0]], "36422.sol": [0, [0, 0, 0, 0, 0, 0, 0, 0, 0, 0]], "29228.sol": [1, [1, 0, 0, 0, 0, 0, 0, 1, 1, 0]], "7609.sol": [1, [0, 1, 0, 0, 0, 0, 0, 0, 1, 1]], "38380.sol": [1, [0, 0, 0, 0, 0, 1, 0, 1, 0, 0]], "38221.sol": [0, [0, 0, 0, 0, 0, 0, 0, 0, 0, 0]], "13772.sol": [1, [0, 1, 1, 1, 1, 0, 1, 0, 1, 1]], "18478.sol": [0, [0, 0, 0, 0, 0, 0, 0, 0, 0, 0]], "26550.sol": [0, [0, 0, 0, 0, 0, 0, 0, 0, 0, 0]], "20180.sol": [0, [0, 0, 0, 0, 0, 0, 0, 0, 0, 0]], "30679.sol": [1, [0, 1, 0, 1, 0, 1, 0, 0, 1, 0]], "13227.sol": [0, [0, 0, 0, 0, 0, 0, 0, 0, 0, 0]], "22235.sol": [1, [0, 0, 0, 0, 0, 1, 0, 1, 0, 0]], "15460.sol": [0, [0, 0, 0, 0, 0, 0, 0, 0, 0, 0]], "17671.sol": [1, [0, 0, 0, 1, 1, 1, 1, 0, 0, 0]], "24301.sol": [1, [1, 1, 0, 0, 0, 0, 0, 0, 0, 0]], "38383.sol": [1, [1, 1, 1, 1, 0, 1, 0, 1, 0, 0]], "25075.sol": [1, [1, 1, 1, 1, 1, 1, 1, 1, 1, 1]], "13995.sol": [0, [0, 0, 0, 0, 0, 0, 0, 0, 0, 0]], "672.sol": [0, [0, 0, 0, 0, 0, 0, 0, 0, 0, 0]], "23291.sol": [1, [1, 1, 1, 0, 0, 0, 0, 0, 0, 0]], "40647.sol": [1, [1, 1, 1, 1, 1, 1, 1, 1, 1, 1]], "23635.sol": [1, [0, 1, 1, 1, 1, 0, 0, 0, 0, 0]], "12078.sol": [1, [0, 0, 0, 0, 0, 1, 1, 1, 1, 1]], "29608.sol": [1, [0, 0, 0, 0, 0, 1, 0, 1, 0, 0]], "15822.sol": [0, [0, 0, 0, 0, 0, 0, 0, 0, 0, 0]], "3677.sol": [1, [0, 0, 0, 0, 0, 1, 1, 0, 1, 1]], "6868.sol": [0, [0, 0, 0, 0, 0, 0, 0, 0, 0, 0]], "19840.sol": [1, [1, 0, 0, 0, 1, 0, 0, 0, 0, 0]], "35285.sol": [1, [1, 1, 0, 0, 0, 0, 0, 0, 0, 0]], "35131.sol": [0, [0, 0, 0, 0, 0, 0, 0, 0, 0, 0]], "33465.sol": [1, [1, 1, 1, 1, 1, 1, 1, 1, 1, 1]], "88.sol": [0, [0, 0, 0, 0, 0, 0, 0, 0, 0, 0]], "38977.sol": [1, [0, 0, 1, 1, 1, 0, 0, 1, 1, 0]], "37464.sol": [0, [0, 0, 0, 0, 0, 0, 0, 0, 0, 0]], "8284.sol": [0, [0, 0, 0, 0, 0, 0, 0, 0, 0, 0]], "24721.sol": [1, [1, 0, 1, 1, 0, 1, 1, 0, 0, 0]], "27102.sol": [1, [1, 1, 1, 1, 0, 0, 0, 0, 0, 0]], "25563.sol": [1, [1, 1, 1, 1, 0, 0, 0, 0, 0, 0]], "16225.sol": [0, [0, 0, 0, 0, 0, 0, 0, 0, 0, 0]], "35257.sol": [1, [1, 1, 1, 1, 1, 1, 1, 1, 1, 1]], "775.sol": [1, [1, 1, 1, 1, 1, 1, 1, 1, 1, 1]], "19041.sol": [1, [1, 1, 1, 1, 0, 0, 0, 0, 0, 0]], "37977.sol": [0, [0, 0, 0, 0, 0, 0, 0, 0, 0, 0]], "27114.sol": [1, [0, 0, 0, 0, 0, 0, 1, 1, 1, 1]], "27268.sol": [0, [0, 0, 0, 0, 0, 0, 0, 0, 0, 0]], "37173.sol": [1, [0, 1, 0, 0, 0, 0, 0, 0, 1, 0]], "33974.sol": [1, [0, 0, 0, 0, 0, 0, 0, 0, 1, 1]], "1793.sol": [1, [1, 0, 0, 0, 1, 0, 1, 1, 1, 1]], "27134.sol": [1, [0, 0, 0, 0, 0, 0, 1, 1, 1, 1]], "3807.sol": [1, [0, 0, 0, 0, 0, 0, 0, 0, 1, 1]], "19818.sol": [0, [0, 0, 0, 0, 0, 0, 0, 0, 0, 0]], "14961.sol": [1, [0, 0, 0, 1, 1, 1, 1, 0, 0, 0]], "39008.sol": [1, [1, 1, 1, 1, 1, 1, 1, 1, 1, 1]], "3575.sol": [0, [0, 0, 0, 0, 0, 0, 0, 0, 0, 0]], "23505.sol": [1, [0, 1, 1, 0, 0, 0, 0, 0, 0, 0]], "10915.sol": [0, [0, 0, 0, 0, 0, 0, 0, 0, 0, 0]], "33499.sol": [1, [1, 1, 1, 1, 1, 1, 0, 0, 1, 1]], "20052.sol": [0, [0, 0, 0, 0, 0, 0, 0, 0, 0, 0]], "11771.sol": [1, [0, 0, 0, 0, 0, 0, 0, 0, 1, 0]], "2745.sol": [0, [0, 0, 0, 0, 0, 0, 0, 0, 0, 0]], "489.sol": [1, [0, 0, 1, 0, 0, 1, 0, 0, 0, 0]], "27455.sol": [1, [1, 1, 0, 1, 0, 0, 0, 0, 0, 0]], "18916.sol": [1, [0, 0, 0, 1, 0, 0, 0, 0, 0, 1]], "26129.sol": [1, [1, 1, 0, 0, 0, 1, 0, 0, 1, 0]], "1802.sol": [1, [1, 0, 0, 0, 0, 0, 1, 1, 0, 1]], "19717.sol": [1, [0, 1, 0, 1, 1, 0, 0, 0, 1, 1]], "22496.sol": [1, [1, 0, 0, 0, 0, 0, 0, 0, 0, 0]], "27207.sol": [1, [0, 0, 0, 1, 1, 0, 0, 0, 0, 0]], "24664.sol": [1, [0, 0, 0, 0, 0, 1, 0, 0, 1, 0]], "37645.sol": [0, [0, 0, 0, 0, 0, 0, 0, 0, 0, 0]], "31007.sol": [1, [0, 0, 1, 1, 0, 1, 0, 0, 1, 0]], "27437.sol": [1, [1, 1, 0, 1, 0, 1, 0, 0, 0, 0]], "22949.sol": [0, [0, 0, 0, 0, 0, 0, 0, 0, 0, 0]], "10711.sol": [0, [0, 0, 0, 0, 0, 0, 0, 0, 0, 0]], "21451.sol": [0, [0, 0, 0, 0, 0, 0, 0, 0, 0, 0]], "19112.sol": [1, [0, 0, 0, 1, 0, 0, 0, 0, 0, 1]], "22594.sol": [1, [0, 0, 0, 0, 1, 1, 0, 0, 0, 0]], "2503.sol": [0, [0, 0, 0, 0, 0, 0, 0, 0, 0, 0]], "37246.sol": [1, [0, 0, 0, 0, 0, 0, 1, 0, 0, 0]], "2777.sol": [0, [0, 0, 0, 0, 0, 0, 0, 0, 0, 0]], "2819.sol": [1, [0, 0, 0, 0, 1, 0, 0, 0, 0, 0]], "37552.sol": [0, [0, 0, 0, 0, 0, 0, 0, 0, 0, 0]], "39195.sol": [1, [1, 1, 0, 0, 1, 1, 1, 1, 1, 1]], "2287.sol": [1, [1, 1, 1, 1, 1, 1, 1, 1, 1, 1]], "22331.sol": [1, [1, 1, 0, 0, 0, 0, 0, 0, 0, 0]], "21087.sol": [1, [1, 1, 0, 0, 0, 0, 0, 0, 0, 0]], "12822.sol": [1, [1, 1, 1, 0, 0, 0, 0, 0, 0, 0]], "17880.sol": [0, [0, 0, 0, 0, 0, 0, 0, 0, 0, 0]], "27030.sol": [1, [0, 0, 0, 1, 1, 1, 1, 0, 0, 0]], "18493.sol": [1, [1, 1, 1, 1, 1, 1, 1, 1, 1, 1]], "755.sol": [1, [1, 1, 1, 1, 1, 1, 1, 1, 1, 1]], "12251.sol": [0, [0, 0, 0, 0, 0, 0, 0, 0, 0, 0]], "500.sol": [1, [0, 0, 1, 0, 0, 1, 0, 0, 0, 0]], "35046.sol": [1, [0, 0, 0, 0, 0, 1, 0, 0, 0, 0]], "20074.sol": [0, [0, 0, 0, 0, 0, 0, 0, 0, 0, 0]], "16339.sol": [1, [1, 0, 0, 0, 0, 0, 0, 0, 0, 0]], "1149.sol": [1, [0, 0, 0, 0, 1, 0, 0, 0, 0, 0]], "16498.sol": [0, [0, 0, 0, 0, 0, 0, 0, 0, 0, 0]], "24885.sol": [1, [1, 1, 1, 1, 1, 1, 1, 1, 1, 1]], "39097.sol": [1, [0, 0, 0, 0, 0, 1, 0, 1, 0, 0]], "30708.sol": [0, [0, 0, 0, 0, 0, 0, 0, 0, 0, 0]], "6604.sol": [0, [0, 0, 0, 0, 0, 0, 0, 0, 0, 0]], "31011.sol": [1, [0, 0, 0, 0, 0, 0, 1, 1, 1, 0]], "34863.sol": [0, [0, 0, 0, 0, 0, 0, 0, 0, 0, 0]], "2589.sol": [1, [0, 0, 0, 0, 0, 1, 0, 0, 0, 0]], "39732.sol": [0, [0, 0, 0, 0, 0, 0, 0, 0, 0, 0]], "12963.sol": [0, [0, 0, 0, 0, 0, 0, 0, 0, 0, 0]], "25561.sol": [1, [0, 1, 1, 1, 0, 0, 0, 0, 0, 0]], "16505.sol": [1, [0, 0, 1, 0, 0, 0, 0, 0, 0, 0]], "33957.sol": [1, [1, 1, 1, 1, 1, 1, 1, 1, 0, 0]], "7530.sol": [1, [0, 0, 0, 0, 0, 0, 1, 0, 1, 0]], "38250.sol": [0, [0, 0, 0, 0, 0, 0, 0, 0, 0, 0]], "37449.sol": [0, [0, 0, 0, 0, 0, 0, 0, 0, 0, 0]], "2879.sol": [1, [0, 0, 0, 0, 0, 0, 0, 0, 1, 1]], "25302.sol": [1, [0, 0, 0, 0, 0, 1, 0, 0, 1, 0]], "35813.sol": [0, [0, 0, 0, 0, 0, 0, 0, 0, 0, 0]], "34840.sol": [1, [1, 1, 1, 1, 1, 0, 1, 0, 0, 0]], "20746.sol": [1, [1, 1, 0, 0, 0, 0, 0, 0, 0, 0]], "21293.sol": [0, [0, 0, 0, 0, 0, 0, 0, 0, 0, 0]], "3494.sol": [1, [1, 1, 0, 0, 1, 1, 1, 1, 0, 0]], "15903.sol": [0, [0, 0, 0, 0, 0, 0, 0, 0, 0, 0]], "25474.sol": [1, [0, 0, 0, 0, 0, 0, 0, 0, 0, 1]], "5404.sol": [0, [0, 0, 0, 0, 0, 0, 0, 0, 0, 0]], "38406.sol": [1, [1, 1, 1, 1, 1, 1, 1, 0, 1, 1]], "40626.sol": [1, [1, 1, 1, 1, 1, 1, 1, 1, 1, 1]], "6757.sol": [0, [0, 0, 0, 0, 0, 0, 0, 0, 0, 0]], "2734.sol": [0, [0, 0, 0, 0, 0, 0, 0, 0, 0, 0]], "1677.sol": [1, [0, 0, 1, 0, 0, 0, 0, 0, 1, 1]], "9225.sol": [1, [0, 0, 0, 0, 0, 0, 0, 0, 1, 0]], "11651.sol": [0, [0, 0, 0, 0, 0, 0, 0, 0, 0, 0]], "22952.sol": [1, [0, 0, 0, 0, 1, 1, 0, 0, 0, 0]], "40226.sol": [1, [1, 1, 1, 1, 0, 0, 0, 0, 0, 0]], "13042.sol": [1, [0, 1, 1, 0, 1, 1, 1, 1, 1, 1]], "21505.sol": [1, [0, 0, 0, 0, 0, 0, 0, 1, 1, 0]], "3044.sol": [1, [0, 1, 0, 1, 1, 0, 0, 0, 0, 0]], "10165.sol": [0, [0, 0, 0, 0, 0, 0, 0, 0, 0, 0]], "13658.sol": [1, [1, 1, 1, 1, 1, 0, 0, 0, 0, 0]], "2844.sol": [1, [1, 1, 1, 0, 0, 0, 0, 0, 0, 0]], "24617.sol": [1, [1, 1, 1, 0, 1, 1, 0, 0, 0, 0]], "25044.sol": [1, [1, 1, 1, 1, 0, 0, 0, 0, 0, 0]], "13608.sol": [0, [0, 0, 0, 0, 0, 0, 0, 0, 0, 0]], "25337.sol": [0, [0, 0, 0, 0, 0, 0, 0, 0, 0, 0]], "28126.sol": [1, [1, 1, 0, 0, 0, 0, 0, 0, 0, 0]], "2607.sol": [1, [0, 0, 1, 0, 0, 1, 0, 0, 0, 0]], "28104.sol": [1, [0, 1, 1, 0, 0, 0, 0, 0, 0, 0]], "35253.sol": [1, [1, 1, 0, 0, 0, 0, 0, 0, 0, 0]], "23730.sol": [1, [0, 0, 0, 0, 0, 0, 0, 0, 1, 1]], "14378.sol": [1, [1, 0, 1, 0, 0, 0, 0, 0, 0, 0]], "13337.sol": [1, [0, 0, 0, 0, 0, 0, 1, 0, 0, 0]], "26048.sol": [1, [1, 1, 1, 1, 1, 1, 1, 0, 0, 0]], "2526.sol": [0, [0, 0, 0, 0, 0, 0, 0, 0, 0, 0]], "24714.sol": [1, [0, 0, 0, 0, 0, 0, 0, 1, 1, 0]], "11245.sol": [0, [0, 0, 0, 0, 0, 0, 0, 0, 0, 0]], "15836.sol": [1, [0, 0, 0, 1, 0, 0, 0, 0, 0, 0]], "17501.sol": [1, [1, 1, 1, 0, 1, 1, 0, 0, 1, 0]], "25616.sol": [1, [1, 1, 1, 1, 1, 1, 1, 0, 1, 0]], "27794.sol": [1, [0, 0, 1, 0, 1, 0, 0, 0, 1, 1]], "27795.sol": [1, [0, 0, 1, 0, 1, 0, 0, 0, 1, 1]], "13954.sol": [1, [1, 1, 0, 0, 0, 0, 0, 0, 0, 0]], "27512.sol": [1, [1, 1, 1, 0, 0, 0, 0, 0]], "10237.sol": [1, [0, 0, 0, 1, 1, 1, 1, 0, 1, 1]], "1683.sol": [0, [0, 0, 0, 0, 0, 0, 0, 0, 0, 0]], "496.sol": [0, [0, 0, 0, 0, 0, 0, 0, 0, 0, 0]], "21914.sol": [1, [1, 1, 1, 1, 1, 0, 1, 1, 0, 0]], "20343.sol": [0, [0, 0, 0, 0, 0, 0, 0, 0, 0, 0]], "18774.sol": [0, [0, 0, 0, 0, 0, 0, 0, 0, 0, 0]], "20324.sol": [0, [0, 0, 0, 0, 0, 0, 0, 0, 0, 0]], "27719.sol": [1, [1, 1, 1, 1, 1, 1, 1, 1, 1, 1]], "21163.sol": [1, [0, 0, 0, 1, 1, 1, 1, 0, 0, 0]], "29613.sol": [0, [0, 0, 0, 0, 0, 0, 0, 0, 0, 0]], "38381.sol": [1, [1, 1, 1, 1, 0, 1, 0, 1, 0, 0]], "40658.sol": [1, [1, 1, 1, 1, 1, 1, 1, 1, 1, 1]], "13962.sol": [1, [1, 1, 0, 0, 0, 0, 0, 1, 0, 0]], "26261.sol": [1, [1, 1, 1, 1, 0, 0, 0, 0, 0, 0]], "23435.sol": [1, [1, 1, 0, 1, 1, 0, 0, 1, 0, 0]], "15834.sol": [0, [0, 0, 0, 0, 0, 0, 0, 0, 0, 0]], "2942.sol": [1, [1, 1, 1, 1, 1, 1, 1, 1, 1, 1]], "35976.sol": [1, [0, 0, 0, 0, 0, 0, 1, 1, 1, 0]], "18062.sol": [1, [0, 0, 0, 0, 0, 0, 0, 0, 1, 1]], "24736.sol": [1, [1, 1, 1, 1, 0, 0, 0, 0, 0, 0]], "3711.sol": [1, [0, 1, 0, 1, 0, 0, 0, 0, 0, 0]], "25650.sol": [0, [0, 0, 0, 0, 0, 0, 0, 0, 0, 0]], "15579.sol": [0, [0, 0, 0, 0, 0, 0, 0, 0, 0, 0]], "31025.sol": [1, [0, 0, 0, 0, 0, 0, 1, 1, 1, 0]], "33958.sol": [0, [0, 0, 0, 0, 0, 0, 0, 0, 0, 0]], "25276.sol": [0, [0, 0, 0, 0, 0, 0, 0, 0, 0, 0]], "26863.sol": [1, [1, 1, 1, 1, 0, 0, 0, 0, 0, 0]], "11097.sol": [0, [0, 0, 0, 0, 0, 0, 0, 0, 0, 0]], "21802.sol": [1, [0, 0, 0, 0, 0, 0, 0, 0, 0, 1]], "38214.sol": [0, [0, 0, 0, 0, 0, 0, 0, 0, 0, 0]], "6728.sol": [0, [0, 0, 0, 0, 0, 0, 0, 0, 0, 0]], "21377.sol": [1, [1, 1, 1, 1, 1, 1, 1, 1, 1, 1]], "25531.sol": [1, [0, 0, 0, 0, 0, 0, 1, 1, 0, 0]], "38716.sol": [1, [0, 0, 0, 0, 0, 1, 0, 0, 1, 0]], "24956.sol": [0, [0, 0, 0, 0, 0, 0, 0, 0, 0, 0]], "14995.sol": [0, [0, 0, 0, 0, 0, 0, 0, 0, 0, 0]], "34852.sol": [1, [0, 0, 0, 0, 0, 1, 0, 0, 1, 0]], "28268.sol": [1, [1, 1, 0, 0, 0, 0, 0, 0, 0, 0]], "796.sol": [1, [1, 1, 1, 1, 1, 1, 1, 1, 1, 1]], "23994.sol": [1, [0, 1, 0, 1, 0, 0, 0, 0, 0, 0]], "12622.sol": [0, [0, 0, 0, 0, 0, 0, 0, 0, 0, 0]], "19715.sol": [1, [0, 1, 0, 1, 1, 0, 0, 0, 1, 1]], "8330.sol": [1, [0, 0, 0, 0, 1, 1, 0, 0, 0, 0]], "12140.sol": [1, [0, 0, 0, 0, 1, 1, 1, 1, 0, 0]], "20814.sol": [1, [0, 0, 1, 0, 0, 0, 0, 0, 0, 0]], "23821.sol": [1, [0, 0, 0, 0, 0, 0, 1, 1, 0, 0]], "37247.sol": [1, [0, 0, 0, 0, 0, 0, 1, 0, 0, 0]], "21398.sol": [0, [0, 0, 0, 0, 0, 0, 0, 0, 0, 0]], "31018.sol": [1, [0, 0, 0, 0, 0, 0, 1, 1, 1, 0]], "36986.sol": [1, [0, 0, 0, 0, 0, 0, 0, 0, 0, 1]], "24362.sol": [1, [0, 1, 0, 1, 0, 1, 0, 0, 0, 0]], "35957.sol": [0, [0, 0, 0, 0, 0, 0, 0, 0, 0, 0]], "26127.sol": [1, [1, 1, 0, 0, 0, 1, 0, 0, 1, 0]], "32896.sol": [1, [1, 1, 1, 1, 0, 0, 1, 1, 1, 1]], "22475.sol": [0, [0, 0, 0, 0, 0, 0, 0, 0, 0, 0]], "20370.sol": [1, [1, 0, 0, 1, 0, 0, 0, 0, 0, 0]], "34129.sol": [1, [0, 0, 1, 1, 1, 1, 1, 1, 1, 0]], "18138.sol": [1, [1, 1, 0, 0, 0, 0, 0, 0, 0, 0]], "19060.sol": [1, [0, 0, 0, 0, 1, 1, 0, 1, 0, 0]], "16336.sol": [0, [0, 0, 0, 0, 0, 0, 0, 0, 0, 0]], "20624.sol": [0, [0, 0, 0, 0, 0, 0, 0, 0, 0, 0]], "18294.sol": [1, [1, 1, 1, 1, 1, 1, 1, 1, 1, 1]], "21277.sol": [0, [0, 0, 0, 0, 0, 0, 0, 0, 0, 0]], "36420.sol": [0, [0, 0, 0, 0, 0, 0, 0, 0, 0, 0]], "16783.sol": [1, [0, 0, 1, 0, 0, 1, 0, 1, 0, 1]], "20334.sol": [1, [1, 0, 0, 1, 0, 0, 0, 0, 0, 0]], "17150.sol": [0, [0, 0, 0, 0, 0, 0, 0, 0, 0, 0]], "39322.sol": [0, [0, 0, 0, 0, 0, 0, 0, 0, 0, 0]], "13661.sol": [1, [0, 0, 0, 0, 1, 1, 1, 1, 0, 0]]}