{"29776.sol": [0, [0, 0, 0, 0, 0, 0, 0, 0, 0, 0]], "31129.sol": [0, [0, 0, 0, 0, 0, 0, 0, 0, 0, 0]], "25440.sol": [0, [0, 0, 0, 0, 0, 0, 0, 0, 0, 0]], "38196.sol": [0, [0, 0, 0, 0, 0, 0, 0, 0, 0, 0]], "2723.sol": [0, [0, 0, 0, 0, 0, 0, 0, 0, 0, 0]], "27433.sol": [0, [0, 0, 0, 0, 0, 0, 0, 0, 0, 0]], "6700.sol": [0, [0, 0, 0, 0, 0, 0, 0, 0, 0, 0]], "6051.sol": [0, [0, 0, 0, 0, 0, 0, 0, 0, 0, 0]], "8346.sol": [0, [0, 0, 0, 0, 0, 0, 0, 0, 0, 0]], "20621.sol": [0, [0, 0, 0, 0, 0, 0, 0, 0, 0, 0]], "28096.sol": [0, [0, 0, 0, 0, 0, 0, 0, 0, 0, 0]], "37953.sol": [0, [0, 0, 0, 0, 0, 0, 0, 0, 0, 0]], "990.sol": [1, [0, 0, 0, 0, 0, 0, 0, 0, 0, 1]], "33930.sol": [1, [0, 0, 0, 1, 0, 0, 0, 0, 0, 0]]}