{"14672.sol": [0, [0, 0, 0, 0, 0, 0, 0, 0, 0, 0]], "23385.sol": [0, [0, 0, 0, 0, 0, 0, 0, 0, 0, 0]], "21308.sol": [0, [0, 0, 0, 0, 0, 0, 0, 0, 0, 0]], "21602.sol": [0, [0, 0, 0, 0, 0, 0, 0, 0, 0, 0]], "32179.sol": [0, [0, 0, 0, 0, 0, 0, 0, 0, 0, 0]], "28982.sol": [0, [0, 0, 0, 0, 0, 0, 0, 0, 0, 0]], "40245.sol": [0, [0, 0, 0, 0, 0, 0, 0, 0, 0, 0]], "39030.sol": [0, [0, 0, 0, 0, 0, 0, 0, 0, 0, 0]], "5431.sol": [0, [0, 0, 0, 0, 0, 0, 0, 0, 0, 0]], "24227.sol": [0, [0, 0, 0, 0, 0, 0, 0, 0, 0, 0]], "27662.sol": [0, [0, 0, 0, 0, 0, 0, 0, 0, 0, 0]], "12512.sol": [0, [0, 0, 0, 0, 0, 0, 0, 0, 0, 0]], "4847.sol": [0, [0, 0, 0, 0, 0, 0, 0, 0, 0, 0]], "39729.sol": [0, [0, 0, 0, 0, 0, 0, 0, 0, 0, 0]], "1792.sol": [0, [0, 0, 0, 0, 0, 0, 0, 0, 0, 0]], "34456.sol": [0, [0, 0, 0, 0, 0, 0, 0, 0, 0, 0]], "33549.sol": [0, [0, 0, 0, 0, 0, 0, 0, 0, 0, 0]], "5768.sol": [0, [0, 0, 0, 0, 0, 0, 0, 0, 0, 0]], "35016.sol": [0, [0, 0, 0, 0, 0, 0, 0, 0, 0, 0]], "38944.sol": [0, [0, 0, 0, 0, 0, 0, 0, 0, 0, 0]], "28531.sol": [0, [0, 0, 0, 0, 0, 0, 0, 0, 0, 0]], "27864.sol": [0, [0, 0, 0, 0, 0, 0, 0, 0, 0, 0]], "19936.sol": [0, [0, 0, 0, 0, 0, 0, 0, 0, 0, 0]], "35794.sol": [0, [0, 0, 0, 0, 0, 0, 0, 0, 0, 0]], "34107.sol": [0, [0, 0, 0, 0, 0, 0, 0, 0, 0, 0]], "2029.sol": [0, [0, 0, 0, 0, 0, 0, 0, 0, 0, 0]], "10890.sol": [0, [0, 0, 0, 0, 0, 0, 0, 0, 0, 0]], "1119.sol": [0, [0, 0, 0, 0, 0, 0, 0, 0, 0, 0]], "7668.sol": [0, [0, 0, 0, 0, 0, 0, 0, 0, 0, 0]], "20469.sol": [0, [0, 0, 0, 0, 0, 0, 0, 0, 0, 0]], "6505.sol": [0, [0, 0, 0, 0, 0, 0, 0, 0, 0, 0]], "7228.sol": [0, [0, 0, 0, 0, 0, 0, 0, 0, 0, 0]], "2938.sol": [0, [0, 0, 0, 0, 0, 0, 0, 0, 0, 0]], "13054.sol": [0, [0, 0, 0, 0, 0, 0, 0, 0, 0, 0]], "4418.sol": [0, [0, 0, 0, 0, 0, 0, 0, 0, 0, 0]], "20517.sol": [0, [0, 0, 0, 0, 0, 0, 0, 0, 0, 0]], "39707.sol": [0, [0, 0, 0, 0, 0, 0, 0, 0, 0, 0]], "14712.sol": [0, [0, 0, 0, 0, 0, 0, 0, 0, 0, 0]], "30671.sol": [0, [0, 0, 0, 0, 0, 0, 0, 0, 0, 0]], "23337.sol": [0, [0, 0, 0, 0, 0, 0, 0, 0, 0, 0]], "15560.sol": [0, [0, 0, 0, 0, 0, 0, 0, 0, 0, 0]], "12556.sol": [0, [0, 0, 0, 0, 0, 0, 0, 0, 0, 0]], "23728.sol": [0, [0, 0, 0, 0, 0, 0, 0, 0, 0, 0]], "13932.sol": [0, [0, 0, 0, 0, 0, 0, 0, 0, 0, 0]], "840.sol": [0, [0, 0, 0, 0, 0, 0, 0, 0, 0, 0]], "16044.sol": [0, [0, 0, 0, 0, 0, 0, 0, 0, 0, 0]], "24754.sol": [0, [0, 0, 0, 0, 0, 0, 0, 0, 0, 0]], "5751.sol": [0, [0, 0, 0, 0, 0, 0, 0, 0, 0, 0]], "19182.sol": [0, [0, 0, 0, 0, 0, 0]], "25646.sol": [0, [0, 0, 0, 0, 0, 0, 0, 0, 0, 0]], "24940.sol": [0, [0, 0, 0, 0, 0, 0, 0, 0, 0, 0]], "8376.sol": [0, [0, 0, 0, 0, 0, 0, 0, 0, 0, 0]], "5264.sol": [0, [0, 0, 0, 0, 0, 0, 0, 0, 0, 0]], "32777.sol": [0, [0, 0, 0, 0, 0, 0, 0, 0, 0, 0]], "20691.sol": [0, [0, 0, 0, 0, 0, 0, 0, 0, 0, 0]], "28863.sol": [0, [0, 0, 0, 0, 0, 0, 0, 0, 0, 0]], "16415.sol": [0, [0, 0, 0, 0, 0, 0, 0, 0, 0, 0]], "23862.sol": [0, [0, 0, 0, 0, 0, 0, 0, 0, 0, 0]], "31939.sol": [0, [0, 0, 0, 0, 0, 0, 0, 0, 0, 0]], "20112.sol": [0, [0, 0, 0, 0, 0, 0, 0, 0, 0, 0]], "16273.sol": [0, [0, 0, 0, 0, 0, 0, 0, 0, 0, 0]], "24467.sol": [0, [0, 0, 0, 0, 0, 0, 0, 0, 0, 0]], "30846.sol": [0, [0, 0, 0, 0, 0, 0, 0, 0, 0, 0]], "16571.sol": [0, [0, 0, 0, 0, 0, 0, 0, 0, 0, 0]], "3329.sol": [0, [0, 0, 0, 0, 0, 0, 0, 0, 0, 0]], "2964.sol": [1, [0, 0, 0, 0, 0, 0, 1, 1, 0, 0]], "10727.sol": [1, [1, 1, 0, 0, 0, 0, 0, 0, 0, 0]], "2349.sol": [0, [0, 0, 0, 0, 0, 0, 0, 0, 0, 0]], "26920.sol": [0, [0, 0, 0, 0, 0, 0, 0, 0, 0, 0]], "33799.sol": [0, [0, 0, 0, 0, 0, 0, 0, 0, 0, 0]], "24978.sol": [1, [1, 0, 1, 0, 1, 0, 0, 0, 0, 1]], "34410.sol": [1, [1, 1, 0, 0, 0, 0, 0, 0, 0, 0]], "33098.sol": [1, [1, 0, 0, 0, 0, 0]], "6454.sol": [1, [0, 1, 0, 0, 1, 0, 0, 0, 0, 0]], "37651.sol": [1, [0, 0, 1, 0, 1, 1, 0, 0, 0, 0]], "26551.sol": [1, [1, 1, 1, 1, 1, 0, 0, 0, 0, 1]], "39480.sol": [1, [1, 1, 1, 1, 0, 0, 0, 1, 1, 1]], "3419.sol": [1, [0, 1, 0, 0, 0, 1, 0, 0, 0, 0]]}