{"34604.sol": [0, [0, 0, 0, 0, 0, 0, 0, 0, 0, 0]], "27350.sol": [0, [0, 0, 0, 0, 0, 0, 0, 0, 0, 0]], "5110.sol": [0, [0, 0, 0, 0, 0, 0, 0, 0, 0, 0]], "12303.sol": [0, [0, 0, 0, 0, 0, 0, 0, 0, 0, 0]], "36861.sol": [0, [0, 0, 0, 0, 0, 0, 0, 0, 0, 0]], "24509.sol": [0, [0, 0, 0, 0, 0, 0, 0, 0, 0, 0]], "28895.sol": [0, [0, 0, 0, 0, 0, 0, 0, 0, 0, 0]], "19512.sol": [0, [0, 0, 0, 0, 0, 0, 0, 0, 0, 0]], "32050.sol": [0, [0, 0, 0, 0, 0, 0, 0, 0, 0, 0]], "20717.sol": [0, [0, 0, 0, 0, 0, 0, 0, 0, 0, 0]], "13251.sol": [0, [0, 0, 0, 0, 0, 0, 0, 0, 0, 0]], "34684.sol": [0, [0, 0, 0, 0, 0, 0, 0, 0, 0, 0]], "27352.sol": [0, [0, 0, 0, 0, 0, 0, 0, 0, 0, 0]], "37741.sol": [0, [0, 0, 0, 0, 0, 0, 0, 0, 0, 0]], "1320.sol": [0, [0, 0, 0, 0, 0, 0, 0, 0, 0, 0]], "2239.sol": [0, [0, 0, 0, 0, 0, 0, 0, 0, 0, 0]], "33110.sol": [0, [0, 0, 0, 0, 0, 0, 0, 0, 0, 0]], "4238.sol": [0, [0, 0, 0, 0, 0, 0, 0, 0, 0, 0]], "22527.sol": [1, [0, 0, 1, 0, 0, 0, 0, 0, 0, 0]], "24557.sol": [0, [0, 0, 0, 0, 0, 0, 0, 0, 0, 0]], "12357.sol": [0, [0, 0, 0, 0, 0, 0, 0, 0, 0, 0]], "18925.sol": [0, [0, 0, 0, 0, 0, 0, 0, 0, 0, 0]], "18985.sol": [0, [0, 0, 0, 0, 0, 0, 0, 0, 0, 0]], "26464.sol": [0, [0, 0, 0, 0, 0, 0, 0, 0, 0, 0]], "31267.sol": [0, [0, 0, 0, 0, 0, 0, 0, 0, 0, 0]], "7640.sol": [0, [0, 0, 0, 0, 0, 0, 0, 0, 0, 0]], "30951.sol": [0, [0, 0, 0, 0, 0, 0, 0, 0, 0, 0]], "27664.sol": [0, [0, 0, 0, 0, 0, 0, 0, 0, 0, 0]], "30696.sol": [0, [0, 0, 0, 0, 0, 0, 0, 0, 0, 0]], "55.sol": [0, [0, 0, 0, 0, 0, 0, 0, 0, 0, 0]], "28528.sol": [0, [0, 0, 0, 0, 0, 0, 0, 0, 0, 0]], "25952.sol": [0, [0, 0, 0, 0, 0, 0, 0, 0, 0, 0]], "20629.sol": [0, [0, 0, 0, 0, 0, 0, 0, 0, 0, 0]], "16111.sol": [0, [0, 0, 0, 0, 0, 0, 0, 0, 0, 0]], "22636.sol": [0, [0, 0, 0, 0, 0, 0, 0, 0, 0, 0]], "15375.sol": [0, [0, 0, 0, 0, 0, 0, 0, 0, 0, 0]], "31108.sol": [0, [0, 0, 0, 0, 0, 0, 0, 0, 0, 0]], "19532.sol": [0, [0, 0, 0, 0, 0, 0, 0, 0, 0, 0]], "1351.sol": [0, [0, 0, 0, 0, 0, 0, 0, 0, 0, 0]], "5172.sol": [0, [0, 0, 0, 0, 0, 0, 0, 0, 0, 0]], "29289.sol": [0, [0, 0, 0, 0, 0, 0, 0, 0, 0, 0]], "36209.sol": [0, [0, 0, 0, 0, 0, 0, 0, 0, 0, 0]], "25868.sol": [0, [0, 0, 0, 0, 0, 0, 0, 0, 0, 0]], "15929.sol": [0, [0, 0, 0, 0, 0, 0, 0, 0, 0, 0]], "25666.sol": [0, [0, 0, 0, 0, 0, 0, 0, 0, 0, 0]], "12649.sol": [0, [0, 0, 0, 0, 0, 0, 0, 0, 0, 0]], "7018.sol": [0, [0, 0, 0, 0, 0, 0, 0, 0, 0, 0]], "32276.sol": [0, [0, 0, 0, 0, 0, 0, 0, 0, 0, 0]], "28722.sol": [0, [0, 0, 0, 0, 0, 0, 0, 0, 0, 0]], "10547.sol": [0, [0, 0, 0, 0, 0, 0, 0, 0, 0, 0]], "19206.sol": [0, [0, 0, 0, 0, 0, 0, 0, 0, 0, 0]], "1087.sol": [0, [0, 0, 0, 0, 0, 0, 0, 0, 0, 0]], "29233.sol": [0, [0, 0, 0, 0, 0, 0, 0, 0, 0, 0]], "16141.sol": [0, [0, 0, 0, 0, 0, 0, 0, 0, 0, 0]], "18140.sol": [0, [0, 0, 0, 0, 0, 0, 0, 0, 0, 0]], "16772.sol": [0, [0, 0, 0, 0, 0, 0, 0, 0, 0, 0]], "18786.sol": [0, [0, 0, 0, 0, 0, 0, 0, 0, 0, 0]], "12717.sol": [0, [0, 0, 0, 0, 0, 0, 0, 0, 0, 0]], "21299.sol": [0, [0, 0, 0, 0, 0, 0, 0, 0, 0, 0]], "37510.sol": [0, [0, 0, 0, 0, 0, 0, 0, 0, 0, 0]], "36731.sol": [0, [0, 0, 0, 0, 0, 0, 0, 0, 0, 0]], "29001.sol": [0, [0, 0, 0, 0, 0, 0, 0, 0, 0, 0]], "15442.sol": [0, [0, 0, 0, 0, 0, 0, 0, 0, 0, 0]], "24658.sol": [0, [0, 0, 0, 0, 0, 0, 0, 0, 0, 0]], "33662.sol": [0, [0, 0, 0, 0, 0, 0, 0, 0, 0, 0]], "30889.sol": [0, [0, 0, 0, 0, 0, 0, 0, 0, 0, 0]], "8944.sol": [0, [0, 0, 0, 0, 0, 0, 0, 0, 0, 0]], "27834.sol": [0, [0, 0, 0, 0, 0, 0, 0, 0, 0, 0]], "7987.sol": [0, [0, 0, 0, 0, 0, 0, 0, 0, 0, 0]], "28674.sol": [0, [0, 0, 0, 0, 0, 0, 0, 0, 0, 0]], "5812.sol": [0, [0, 0, 0, 0, 0, 0, 0, 0, 0, 0]], "13442.sol": [0, [0, 0, 0, 0, 0, 0, 0, 0, 0, 0]], "3855.sol": [1, [0, 0, 0, 0, 0, 1, 0, 0, 0, 0]], "18235.sol": [1, [1, 1, 0, 1, 1, 0, 1, 0, 0, 0]], "28096.sol": [0, [0, 0, 0, 0, 0, 0, 0, 0, 0, 0]], "6791.sol": [0, [0, 0, 0, 0, 0, 0, 0, 0, 0, 0]], "24636.sol": [0, [0, 0, 0, 0, 0, 0, 0, 0, 0, 0]], "18891.sol": [0, [0, 0, 0, 0, 0, 0, 0, 0, 0, 0]], "19974.sol": [0, [0, 0, 0, 0, 0, 0, 0, 0, 0, 0]], "38823.sol": [0, [0, 0, 0, 0, 0, 0, 0, 0, 0, 0]], "671.sol": [0, [0, 0, 0, 0, 0, 0, 0, 0, 0, 0]], "19363.sol": [0, [0, 0, 0, 0, 0, 0, 0, 0, 0, 0]], "8412.sol": [0, [0, 0, 0, 0, 0, 0, 0, 0, 0, 0]], "14338.sol": [0, [0, 0, 0, 0, 0, 0, 0, 0, 0, 0]], "5252.sol": [0, [0, 0, 0, 0, 0, 0, 0, 0, 0, 0]], "164.sol": [0, [0, 0, 0, 0, 0, 0, 0, 0, 0, 0]], "26413.sol": [0, [0, 0, 0, 0, 0, 0, 0, 0, 0, 0]], "22606.sol": [0, [0, 0, 0, 0, 0, 0, 0, 0, 0, 0]], "6732.sol": [0, [0, 0, 0, 0, 0, 0, 0, 0, 0, 0]], "24505.sol": [0, [0, 0, 0, 0, 0, 0, 0, 0, 0, 0]], "8026.sol": [0, [0, 0, 0, 0, 0, 0, 0, 0, 0, 0]], "9108.sol": [0, [0, 0, 0, 0, 0, 0, 0, 0, 0, 0]], "8609.sol": [0, [0, 0, 0, 0, 0, 0, 0, 0, 0, 0]], "20065.sol": [0, [0, 0, 0, 0, 0, 0, 0, 0, 0, 0]], "12732.sol": [0, [0, 0, 0, 0, 0, 0, 0, 0, 0, 0]], "26127.sol": [0, [0, 0, 0, 0, 0, 0, 0, 0, 0, 0]], "2416.sol": [0, [0, 0, 0, 0, 0, 0, 0, 0, 0, 0]], "19317.sol": [0, [0, 0, 0, 0, 0, 0, 0, 0, 0, 0]], "12222.sol": [0, [0, 0, 0, 0, 0, 0, 0, 0, 0, 0]], "33799.sol": [0, [0, 0, 0, 0, 0, 0, 0, 0, 0, 0]], "12735.sol": [0, [0, 0, 0, 0, 0, 0, 0, 0, 0, 0]], "34035.sol": [0, [0, 0, 0, 0, 0, 0, 0, 0, 0, 0]], "39221.sol": [0, [0, 0, 0, 0, 0, 0, 0, 0, 0, 0]], "21041.sol": [0, [0, 0, 0, 0, 0, 0, 0, 0, 0, 0]], "14704.sol": [0, [0, 0, 0, 0, 0, 0, 0, 0, 0, 0]], "21698.sol": [0, [0, 0, 0, 0, 0, 0, 0, 0, 0, 0]], "10317.sol": [0, [0, 0, 0, 0, 0, 0, 0, 0, 0, 0]], "17756.sol": [0, [0, 0, 0, 0, 0, 0, 0, 0, 0, 0]], "10049.sol": [0, [0, 0, 0, 0, 0, 0, 0, 0, 0, 0]], "37848.sol": [0, [0, 0, 0, 0, 0, 0, 0, 0, 0, 0]], "40411.sol": [0, [0, 0, 0, 0, 0, 0, 0, 0, 0, 0]], "30086.sol": [0, [0, 0, 0, 0, 0, 0, 0, 0, 0, 0]], "22340.sol": [0, [0, 0, 0, 0, 0, 0, 0, 0, 0, 0]], "37021.sol": [0, [0, 0, 0, 0, 0, 0, 0, 0, 0, 0]], "3367.sol": [0, [0, 0, 0, 0, 0, 0, 0, 0, 0, 0]], "10662.sol": [0, [0, 0, 0, 0, 0, 0, 0, 0, 0, 0]], "1864.sol": [0, [0, 0, 0, 0, 0, 0, 0, 0, 0, 0]], "4018.sol": [0, [0, 0, 0, 0, 0, 0, 0, 0, 0, 0]], "16901.sol": [0, [0, 0, 0, 0, 0, 0, 0, 0, 0, 0]], "17559.sol": [0, [0, 0, 0, 0, 0, 0, 0, 0, 0, 0]], "650.sol": [0, [0, 0, 0, 0, 0, 0, 0, 0, 0, 0]], "22641.sol": [0, [0, 0, 0, 0, 0, 0, 0, 0, 0, 0]], "948.sol": [0, [0, 0, 0, 0, 0, 0, 0, 0, 0, 0]], "33383.sol": [0, [0, 0, 0, 0, 0, 0, 0, 0, 0, 0]], "32449.sol": [0, [0, 0, 0, 0, 0, 0, 0, 0, 0, 0]], "6423.sol": [0, [0, 0, 0, 0, 0, 0, 0, 0, 0, 0]], "1310.sol": [0, [0, 0, 0, 0, 0, 0, 0, 0, 0, 0]], "25849.sol": [0, [0, 0, 0, 0, 0, 0, 0, 0, 0, 0]], "9637.sol": [0, [0, 0, 0, 0, 0, 0, 0, 0, 0, 0]], "28069.sol": [0, [0, 0, 0, 0, 0, 0, 0, 0, 0, 0]], "33327.sol": [0, [0, 0, 0, 0, 0, 0, 0, 0, 0, 0]], "33330.sol": [0, [0, 0, 0, 0, 0, 0, 0, 0, 0, 0]], "6367.sol": [0, [0, 0, 0, 0, 0, 0, 0, 0, 0, 0]], "10959.sol": [0, [0, 0, 0, 0, 0, 0, 0, 0, 0, 0]], "24737.sol": [0, [0, 0, 0, 0, 0, 0, 0, 0, 0, 0]], "5873.sol": [0, [0, 0, 0, 0, 0, 0, 0, 0, 0, 0]], "37410.sol": [0, [0, 0, 0, 0, 0, 0, 0, 0, 0, 0]], "11832.sol": [0, [0, 0, 0, 0, 0, 0, 0, 0, 0, 0]], "22224.sol": [1, [0, 1, 0, 0, 0, 1, 0, 0, 1, 0]], "1127.sol": [0, [0, 0, 0, 0, 0, 0, 0, 0, 0, 0]], "5606.sol": [0, [0, 0, 0, 0, 0, 0, 0, 0, 0, 0]], "2812.sol": [0, [0, 0, 0, 0, 0, 0, 0, 0, 0, 0]], "2209.sol": [0, [0, 0, 0, 0, 0, 0, 0, 0, 0, 0]], "24751.sol": [0, [0, 0, 0, 0, 0, 0, 0, 0, 0, 0]], "35984.sol": [0, [0, 0, 0, 0, 0, 0, 0, 0, 0, 0]], "15528.sol": [0, [0, 0, 0, 0, 0, 0, 0, 0, 0, 0]], "21264.sol": [0, [0, 0, 0, 0, 0, 0, 0, 0, 0, 0]], "32185.sol": [0, [0, 0, 0, 0, 0, 0, 0, 0, 0, 0]], "13208.sol": [0, [0, 0, 0, 0, 0, 0, 0, 0, 0, 0]], "22804.sol": [0, [0, 0, 0, 0, 0, 0, 0, 0, 0, 0]], "14701.sol": [0, [0, 0, 0, 0, 0, 0, 0, 0, 0, 0]], "31810.sol": [0, [0, 0, 0, 0, 0, 0, 0, 0, 0, 0]], "5420.sol": [0, [0, 0, 0, 0, 0, 0, 0, 0, 0, 0]], "12050.sol": [0, [0, 0, 0, 0, 0, 0, 0, 0, 0, 0]], "16103.sol": [0, [0, 0, 0, 0, 0, 0, 0, 0, 0, 0]], "8466.sol": [0, [0, 0, 0, 0, 0, 0, 0, 0, 0, 0]], "1093.sol": [0, [0, 0, 0, 0, 0, 0, 0, 0, 0, 0]], "18064.sol": [0, [0, 0, 0, 0, 0, 0, 0, 0, 0, 0]], "15116.sol": [0, [0, 0, 0, 0, 0, 0, 0, 0, 0, 0]], "32409.sol": [0, [0, 0, 0, 0, 0, 0, 0, 0, 0, 0]], "30932.sol": [0, [0, 0, 0, 0, 0, 0, 0, 0, 0, 0]], "1288.sol": [0, [0, 0, 0, 0, 0, 0, 0, 0, 0, 0]], "6454.sol": [0, [0, 0, 0, 0, 0, 0, 0, 0, 0, 0]], "34121.sol": [0, [0, 0, 0, 0, 0, 0, 0, 0, 0, 0]], "22143.sol": [0, [0, 0, 0, 0, 0, 0, 0, 0, 0, 0]], "16109.sol": [0, [0, 0, 0, 0, 0, 0, 0, 0, 0, 0]], "21469.sol": [0, [0, 0, 0, 0, 0, 0, 0, 0, 0, 0]], "22329.sol": [0, [0, 0, 0, 0, 0, 0, 0, 0, 0, 0]], "38664.sol": [1, [1, 1, 0, 1, 0, 0, 1, 0, 0, 0]], "9094.sol": [0, [0, 0, 0, 0, 0, 0, 0, 0, 0, 0]], "37448.sol": [0, [0, 0, 0, 0, 0, 0, 0, 0, 0, 0]], "26631.sol": [0, [0, 0, 0, 0, 0, 0, 0, 0, 0, 0]], "33057.sol": [0, [0, 0, 0, 0, 0, 0, 0, 0, 0, 0]], "30703.sol": [0, [0, 0, 0, 0, 0, 0, 0, 0, 0, 0]], "17998.sol": [0, [0, 0, 0, 0, 0, 0, 0, 0, 0, 0]], "24679.sol": [0, [0, 0, 0, 0, 0, 0, 0, 0, 0, 0]], "30735.sol": [0, [0, 0, 0, 0, 0, 0, 0, 0, 0, 0]], "1311.sol": [0, [0, 0, 0, 0, 0, 0, 0, 0, 0, 0]], "20588.sol": [0, [0, 0, 0, 0, 0, 0, 0, 0, 0, 0]], "4700.sol": [0, [0, 0, 0, 0, 0, 0, 0, 0, 0, 0]], "17193.sol": [0, [0, 0, 0, 0, 0, 0, 0, 0, 0, 0]], "16970.sol": [0, [0, 0, 0, 0, 0, 0, 0, 0, 0, 0]], "26428.sol": [0, [0, 0, 0, 0, 0, 0, 0, 0, 0, 0]], "1601.sol": [0, [0, 0, 0, 0, 0, 0, 0, 0, 0, 0]], "28081.sol": [0, [0, 0, 0, 0, 0, 0, 0, 0, 0, 0]], "2347.sol": [0, [0, 0, 0, 0, 0, 0, 0, 0, 0, 0]], "13246.sol": [0, [0, 0, 0, 0, 0, 0, 0, 0, 0, 0]], "4782.sol": [0, [0, 0, 0, 0, 0, 0, 0, 0, 0, 0]], "2511.sol": [0, [0, 0, 0, 0, 0, 0, 0, 0, 0, 0]], "9881.sol": [0, [0, 0, 0, 0, 0, 0, 0, 0, 0, 0]], "25810.sol": [0, [0, 0, 0, 0, 0, 0, 0, 0, 0, 0]], "36144.sol": [0, [0, 0, 0, 0, 0, 0, 0, 0, 0, 0]], "1191.sol": [0, [0, 0, 0, 0, 0, 0, 0, 0, 0, 0]], "18750.sol": [0, [0, 0, 0, 0, 0, 0, 0, 0, 0, 0]], "9814.sol": [0, [0, 0, 0, 0, 0, 0, 0, 0, 0, 0]], "16771.sol": [0, [0, 0, 0, 0, 0, 0, 0, 0, 0, 0]], "5566.sol": [0, [0, 0, 0, 0, 0, 0, 0, 0, 0, 0]], "28667.sol": [0, [0, 0, 0, 0, 0, 0, 0, 0, 0, 0]], "6897.sol": [0, [0, 0, 0, 0, 0, 0, 0, 0, 0, 0]], "11668.sol": [0, [0, 0, 0, 0, 0, 0, 0, 0, 0, 0]], "19422.sol": [0, [0, 0, 0, 0, 0, 0, 0, 0, 0, 0]], "25143.sol": [0, [0, 0, 0, 0, 0, 0, 0, 0, 0, 0]], "39254.sol": [0, [0, 0, 0, 0, 0, 0, 0, 0, 0, 0]], "18206.sol": [0, [0, 0, 0, 0, 0, 0, 0, 0, 0, 0]], "2173.sol": [1, [0, 0, 0, 0, 1, 0, 0, 0, 1, 0]], "33874.sol": [0, [0, 0, 0, 0, 0, 0, 0, 0, 0, 0]], "5012.sol": [0, [0, 0, 0, 0, 0, 0, 0, 0, 0, 0]], "13054.sol": [0, [0, 0, 0, 0, 0, 0, 0, 0, 0, 0]], "32931.sol": [0, [0, 0, 0, 0, 0, 0, 0, 0, 0, 0]], "7202.sol": [0, [0, 0, 0, 0, 0, 0, 0, 0, 0, 0]], "34581.sol": [0, [0, 0, 0, 0, 0, 0, 0, 0, 0, 0]], "7454.sol": [0, [0, 0, 0, 0, 0, 0, 0, 0, 0, 0]], "37198.sol": [0, [0, 0, 0, 0, 0, 0, 0, 0, 0, 0]], "13174.sol": [0, [0, 0, 0, 0, 0, 0, 0, 0, 0, 0]], "27787.sol": [0, [0, 0, 0, 0, 0, 0, 0, 0, 0, 0]], "31355.sol": [0, [0, 0, 0, 0, 0, 0, 0, 0, 0, 0]], "39673.sol": [0, [0, 0, 0, 0, 0, 0, 0, 0, 0, 0]], "22305.sol": [0, [0, 0, 0, 0, 0, 0, 0, 0, 0, 0]], "10907.sol": [0, [0, 0, 0, 0, 0, 0, 0, 0, 0, 0]], "17426.sol": [0, [0, 0, 0, 0, 0, 0, 0, 0, 0, 0]], "33563.sol": [0, [0, 0, 0, 0, 0, 0, 0, 0, 0, 0]], "1491.sol": [0, [0, 0, 0, 0, 0, 0, 0, 0, 0, 0]], "5065.sol": [0, [0, 0, 0, 0, 0, 0, 0, 0, 0, 0]], "11674.sol": [0, [0, 0, 0, 0, 0, 0, 0, 0, 0, 0]], "25387.sol": [0, [0, 0, 0, 0, 0, 0, 0, 0, 0, 0]], "11907.sol": [0, [0, 0, 0, 0, 0, 0, 0, 0, 0, 0]], "27906.sol": [0, [0, 0, 0, 0, 0, 0, 0, 0, 0, 0]], "23213.sol": [0, [0, 0, 0, 0, 0, 0, 0, 0, 0, 0]], "35779.sol": [0, [0, 0, 0, 0, 0, 0, 0, 0, 0, 0]], "21429.sol": [0, [0, 0, 0, 0, 0, 0, 0, 0, 0, 0]], "2602.sol": [0, [0, 0, 0, 0, 0, 0, 0, 0, 0, 0]], "15618.sol": [0, [0, 0, 0, 0, 0, 0, 0, 0, 0, 0]], "31152.sol": [0, [0, 0, 0, 0, 0, 0, 0, 0, 0, 0]], "9234.sol": [0, [0, 0, 0, 0, 0, 0, 0, 0, 0, 0]], "30282.sol": [0, [0, 0, 0, 0, 0, 0, 0, 0, 0, 0]], "10524.sol": [0, [0, 0, 0, 0, 0, 0, 0, 0, 0, 0]], "31421.sol": [0, [0, 0, 0, 0, 0, 0, 0, 0, 0, 0]], "39055.sol": [0, [0, 0, 0, 0, 0, 0, 0, 0, 0, 0]], "34476.sol": [0, [0, 0, 0, 0, 0, 0, 0, 0, 0, 0]], "14177.sol": [0, [0, 0, 0, 0, 0, 0, 0, 0, 0, 0]], "25681.sol": [0, [0, 0, 0, 0, 0, 0, 0, 0, 0, 0]], "39258.sol": [0, [0, 0, 0, 0, 0, 0, 0, 0, 0, 0]], "12382.sol": [0, [0, 0, 0, 0, 0, 0, 0, 0, 0, 0]], "10466.sol": [0, [0, 0, 0, 0, 0, 0, 0, 0, 0, 0]], "18496.sol": [0, [0, 0, 0, 0, 0, 0, 0, 0, 0, 0]], "11779.sol": [0, [0, 0, 0, 0, 0, 0, 0, 0, 0, 0]], "16565.sol": [0, [0, 0, 0, 0, 0, 0, 0, 0, 0, 0]], "21214.sol": [0, [0, 0, 0, 0, 0, 0, 0, 0, 0, 0]], "12375.sol": [0, [0, 0, 0, 0, 0, 0, 0, 0, 0, 0]], "21957.sol": [1, [1, 0, 0, 0, 0, 0, 0, 0, 0, 0]], "13566.sol": [0, [0, 0, 0, 0, 0, 0, 0, 0, 0, 0]], "2698.sol": [0, [0, 0, 0, 0, 0, 0, 0, 0, 0, 0]], "10679.sol": [0, [0, 0, 0, 0, 0, 0, 0, 0, 0, 0]], "6134.sol": [0, [0, 0, 0, 0, 0, 0, 0, 0, 0, 0]], "32859.sol": [0, [0, 0, 0, 0, 0, 0, 0, 0, 0, 0]], "7569.sol": [0, [0, 0, 0, 0, 0, 0, 0, 0, 0, 0]], "28125.sol": [0, [0, 0, 0, 0, 0, 0, 0, 0, 0, 0]], "5871.sol": [0, [0, 0, 0, 0, 0, 0, 0, 0, 0, 0]], "20402.sol": [0, [0, 0, 0, 0, 0, 0, 0, 0, 0, 0]], "27619.sol": [0, [0, 0, 0, 0, 0, 0, 0, 0, 0, 0]], "22860.sol": [0, [0, 0, 0, 0, 0, 0, 0, 0, 0, 0]], "28963.sol": [0, [0, 0, 0, 0, 0, 0, 0, 0, 0, 0]], "16881.sol": [0, [0, 0, 0, 0, 0, 0, 0, 0, 0, 0]], "36483.sol": [1, [1, 1, 0, 1, 1, 1, 1, 1, 0, 0]], "18349.sol": [0, [0, 0, 0, 0, 0, 0, 0, 0, 0, 0]], "13701.sol": [0, [0, 0, 0, 0, 0, 0, 0, 0, 0, 0]], "14912.sol": [0, [0, 0, 0, 0, 0, 0, 0, 0, 0, 0]], "25852.sol": [0, [0, 0, 0, 0, 0, 0, 0, 0, 0, 0]], "6790.sol": [0, [0, 0, 0, 0, 0, 0, 0, 0, 0, 0]], "24198.sol": [0, [0, 0, 0, 0, 0, 0, 0, 0, 0, 0]], "9859.sol": [0, [0, 0, 0, 0, 0, 0, 0, 0, 0, 0]], "23084.sol": [0, [0, 0, 0, 0, 0, 0, 0, 0, 0, 0]], "5003.sol": [0, [0, 0, 0, 0, 0, 0, 0, 0, 0, 0]], "14586.sol": [0, [0, 0, 0, 0, 0, 0, 0, 0, 0, 0]], "37134.sol": [0, [0, 0, 0, 0, 0, 0, 0, 0, 0, 0]], "33852.sol": [0, [0, 0, 0, 0, 0, 0, 0, 0, 0, 0]], "29344.sol": [0, [0, 0, 0, 0, 0, 0, 0, 0, 0, 0]], "29288.sol": [0, [0, 0, 0, 0, 0, 0, 0, 0, 0, 0]], "26877.sol": [0, [0, 0, 0, 0, 0, 0, 0, 0, 0, 0]], "9956.sol": [0, [0, 0, 0, 0, 0, 0, 0, 0, 0, 0]], "8474.sol": [0, [0, 0, 0, 0, 0, 0, 0, 0, 0, 0]], "8601.sol": [0, [0, 0, 0, 0, 0, 0, 0, 0, 0, 0]], "12031.sol": [0, [0, 0, 0, 0, 0, 0, 0, 0, 0, 0]], "17905.sol": [0, [0, 0, 0, 0, 0, 0, 0, 0, 0, 0]], "624.sol": [0, [0, 0, 0, 0, 0, 0, 0, 0, 0, 0]], "26070.sol": [0, [0, 0, 0, 0, 0, 0, 0, 0, 0, 0]], "22273.sol": [0, [0, 0, 0, 0, 0, 0, 0, 0, 0, 0]], "38770.sol": [0, [0, 0, 0, 0, 0, 0, 0, 0, 0, 0]], "11697.sol": [0, [0, 0, 0, 0, 0, 0, 0, 0, 0, 0]], "21210.sol": [0, [0, 0, 0, 0, 0, 0, 0, 0, 0, 0]], "16040.sol": [0, [0, 0, 0, 0, 0, 0, 0, 0, 0, 0]], "31772.sol": [0, [0, 0, 0, 0, 0, 0, 0, 0, 0, 0]], "26642.sol": [0, [0, 0, 0, 0, 0, 0, 0, 0, 0, 0]], "3973.sol": [0, [0, 0, 0, 0, 0, 0, 0, 0, 0, 0]], "21462.sol": [0, [0, 0, 0, 0, 0, 0, 0, 0, 0, 0]], "27999.sol": [0, [0, 0, 0, 0, 0, 0, 0, 0, 0, 0]], "20051.sol": [0, [0, 0, 0, 0, 0, 0, 0, 0, 0, 0]], "7004.sol": [0, [0, 0, 0, 0, 0, 0, 0, 0, 0, 0]], "28107.sol": [0, [0, 0, 0, 0, 0, 0, 0, 0, 0, 0]], "17089.sol": [0, [0, 0, 0, 0, 0, 0, 0, 0, 0, 0]], "22202.sol": [0, [0, 0, 0, 0, 0, 0, 0, 0, 0, 0]], "25991.sol": [0, [0, 0, 0, 0, 0, 0, 0, 0, 0, 0]], "10300.sol": [0, [0, 0, 0, 0, 0, 0, 0, 0, 0, 0]], "9482.sol": [1, [1, 1, 1, 1, 1, 1, 1, 1, 1, 0]], "18566.sol": [0, [0, 0, 0, 0, 0, 0, 0, 0, 0, 0]], "1294.sol": [0, [0, 0, 0, 0, 0, 0, 0, 0, 0, 0]], "38811.sol": [0, [0, 0, 0, 0, 0, 0, 0, 0, 0, 0]], "13952.sol": [1, [0, 0, 0, 1, 0, 1, 0, 0, 0, 1]], "33713.sol": [0, [0, 0, 0, 0, 0, 0, 0, 0, 0, 0]], "20352.sol": [0, [0, 0, 0, 0, 0, 0, 0, 0, 0, 0]], "2248.sol": [0, [0, 0, 0, 0, 0, 0, 0, 0, 0, 0]], "7268.sol": [0, [0, 0, 0, 0, 0, 0, 0, 0, 0, 0]], "36966.sol": [0, [0, 0, 0, 0, 0, 0, 0, 0, 0, 0]], "11170.sol": [0, [0, 0, 0, 0, 0, 0, 0, 0, 0, 0]], "10289.sol": [0, [0, 0, 0, 0, 0, 0, 0, 0, 0, 0]], "15551.sol": [0, [0, 0, 0, 0, 0, 0, 0, 0, 0, 0]], "34528.sol": [0, [0, 0, 0, 0, 0, 0, 0, 0, 0, 0]], "27711.sol": [0, [0, 0, 0, 0, 0, 0, 0, 0, 0, 0]], "11103.sol": [0, [0, 0, 0, 0, 0, 0, 0, 0, 0, 0]], "35001.sol": [0, [0, 0, 0, 0, 0, 0, 0, 0, 0, 0]], "3202.sol": [0, [0, 0, 0, 0, 0, 0, 0, 0, 0, 0]], "17760.sol": [0, [0, 0, 0, 0, 0, 0, 0, 0, 0, 0]], "1571.sol": [0, [0, 0, 0, 0, 0, 0, 0, 0, 0, 0]], "8454.sol": [0, [0, 0, 0, 0, 0, 0, 0, 0, 0, 0]], "28518.sol": [0, [0, 0, 0, 0, 0, 0, 0, 0, 0, 0]], "18514.sol": [0, [0, 0, 0, 0, 0, 0, 0, 0, 0, 0]], "38378.sol": [0, [0, 0, 0, 0, 0, 0, 0, 0, 0, 0]], "877.sol": [0, [0, 0, 0, 0, 0, 0, 0, 0, 0, 0]], "31139.sol": [0, [0, 0, 0, 0, 0, 0, 0, 0, 0, 0]], "12362.sol": [0, [0, 0, 0, 0, 0, 0, 0, 0, 0, 0]], "8975.sol": [0, [0, 0, 0, 0, 0, 0, 0, 0, 0, 0]], "10485.sol": [0, [0, 0, 0, 0, 0, 0, 0, 0, 0, 0]], "13357.sol": [0, [0, 0, 0, 0, 0, 0, 0, 0, 0, 0]], "36090.sol": [0, [0, 0, 0, 0, 0, 0, 0, 0, 0, 0]], "19.sol": [0, [0, 0, 0, 0, 0, 0, 0, 0, 0, 0]], "13269.sol": [0, [0, 0, 0, 0, 0, 0, 0, 0, 0, 0]], "34757.sol": [0, [0, 0, 0, 0, 0, 0, 0, 0, 0, 0]], "18009.sol": [0, [0, 0, 0, 0, 0, 0, 0, 0, 0, 0]], "17651.sol": [0, [0, 0, 0, 0, 0, 0, 0, 0, 0, 0]], "15921.sol": [0, [0, 0, 0, 0, 0, 0, 0, 0, 0, 0]], "18982.sol": [0, [0, 0, 0, 0, 0, 0, 0, 0, 0, 0]], "33840.sol": [0, [0, 0, 0, 0, 0, 0, 0, 0, 0, 0]], "34241.sol": [0, [0, 0, 0, 0, 0, 0, 0, 0, 0, 0]], "6389.sol": [0, [0, 0, 0, 0, 0, 0, 0, 0, 0, 0]], "34283.sol": [0, [0, 0, 0, 0, 0, 0, 0, 0, 0, 0]], "8269.sol": [0, [0, 0, 0, 0, 0, 0, 0, 0, 0, 0]], "29976.sol": [0, [0, 0, 0, 0, 0, 0, 0, 0, 0, 0]], "15994.sol": [0, [0, 0, 0, 0, 0, 0, 0, 0, 0, 0]], "14245.sol": [0, [0, 0, 0, 0, 0, 0, 0, 0, 0, 0]], "26814.sol": [0, [0, 0, 0, 0, 0, 0, 0, 0, 0, 0]], "24993.sol": [0, [0, 0, 0, 0, 0, 0, 0, 0, 0, 0]], "14808.sol": [0, [0, 0, 0, 0, 0, 0, 0, 0, 0, 0]], "34108.sol": [0, [0, 0, 0, 0, 0, 0, 0, 0, 0, 0]], "8480.sol": [0, [0, 0, 0, 0, 0, 0, 0, 0, 0, 0]], "34388.sol": [0, [0, 0, 0, 0, 0, 0, 0, 0, 0, 0]], "16744.sol": [0, [0, 0, 0, 0, 0, 0, 0, 0, 0, 0]], "12941.sol": [0, [0, 0, 0, 0, 0, 0, 0, 0, 0, 0]], "27890.sol": [0, [0, 0, 0, 0, 0, 0, 0, 0, 0, 0]], "15175.sol": [0, [0, 0, 0, 0, 0, 0, 0, 0, 0, 0]], "27728.sol": [0, [0, 0, 0, 0, 0, 0, 0, 0, 0, 0]], "23640.sol": [0, [0, 0, 0, 0, 0, 0, 0, 0, 0, 0]], "37500.sol": [0, [0, 0, 0, 0, 0, 0, 0, 0, 0, 0]], "5487.sol": [0, [0, 0, 0, 0, 0, 0, 0, 0, 0, 0]], "16907.sol": [0, [0, 0, 0, 0, 0, 0, 0, 0, 0, 0]], "2229.sol": [0, [0, 0, 0, 0, 0, 0, 0, 0, 0, 0]], "25037.sol": [0, [0, 0, 0, 0, 0, 0, 0, 0, 0, 0]], "27041.sol": [0, [0, 0, 0, 0, 0, 0, 0, 0, 0, 0]], "17521.sol": [0, [0, 0, 0, 0, 0, 0, 0, 0, 0, 0]], "26565.sol": [0, [0, 0, 0, 0, 0, 0, 0, 0, 0, 0]], "20110.sol": [0, [0, 0, 0, 0, 0, 0, 0, 0, 0, 0]], "21604.sol": [1, [0, 0, 0, 0, 0, 0, 1, 0, 0, 0]], "16675.sol": [0, [0, 0, 0, 0, 0, 0, 0, 0, 0, 0]], "7490.sol": [0, [0, 0, 0, 0, 0, 0, 0, 0, 0, 0]], "16372.sol": [0, [0, 0, 0, 0, 0, 0, 0, 0, 0, 0]], "30374.sol": [0, [0, 0, 0, 0, 0, 0, 0, 0, 0, 0]], "40044.sol": [0, [0, 0, 0, 0, 0, 0, 0, 0, 0, 0]], "16965.sol": [0, [0, 0, 0, 0, 0, 0, 0, 0, 0, 0]], "37477.sol": [0, [0, 0, 0, 0, 0, 0, 0, 0, 0, 0]], "38650.sol": [0, [0, 0, 0, 0, 0, 0, 0, 0, 0, 0]], "13305.sol": [0, [0, 0, 0, 0, 0, 0, 0, 0, 0, 0]], "16019.sol": [0, [0, 0, 0, 0, 0, 0, 0, 0, 0, 0]], "4313.sol": [0, [0, 0, 0, 0, 0, 0, 0, 0, 0, 0]], "29672.sol": [0, [0, 0, 0, 0, 0, 0, 0, 0, 0, 0]], "26675.sol": [0, [0, 0, 0, 0, 0, 0, 0, 0, 0, 0]], "10342.sol": [0, [0, 0, 0, 0, 0, 0, 0, 0, 0, 0]], "8150.sol": [0, [0, 0, 0, 0, 0, 0, 0, 0, 0, 0]], "18229.sol": [0, [0, 0, 0, 0, 0, 0, 0, 0, 0, 0]], "27910.sol": [0, [0, 0, 0, 0, 0, 0, 0, 0, 0, 0]], "18068.sol": [0, [0, 0, 0, 0, 0, 0, 0, 0, 0, 0]], "15293.sol": [0, [0, 0, 0, 0, 0, 0, 0, 0, 0, 0]], "10863.sol": [0, [0, 0, 0, 0, 0, 0, 0, 0, 0, 0]], "6986.sol": [0, [0, 0, 0, 0, 0, 0, 0, 0, 0, 0]], "17155.sol": [0, [0, 0, 0, 0, 0, 0, 0, 0, 0, 0]], "22103.sol": [1, [0, 0, 1, 0, 0, 0, 0, 0, 0, 0]], "26183.sol": [0, [0, 0, 0, 0, 0, 0, 0, 0, 0, 0]], "17250.sol": [0, [0, 0, 0, 0, 0, 0, 0, 0, 0, 0]], "29710.sol": [0, [0, 0, 0, 0, 0, 0, 0, 0, 0, 0]], "34311.sol": [0, [0, 0, 0, 0, 0, 0, 0, 0, 0, 0]], "17886.sol": [0, [0, 0, 0, 0, 0, 0, 0, 0, 0, 0]], "30707.sol": [0, [0, 0, 0, 0, 0, 0, 0, 0, 0, 0]], "23041.sol": [0, [0, 0, 0, 0, 0, 0, 0, 0, 0, 0]], "13498.sol": [0, [0, 0, 0, 0, 0, 0, 0, 0, 0, 0]], "23895.sol": [0, [0, 0, 0, 0, 0, 0, 0, 0, 0, 0]], "36671.sol": [0, [0, 0, 0, 0, 0, 0, 0, 0, 0, 0]], "22580.sol": [0, [0, 0, 0, 0, 0, 0, 0, 0, 0, 0]], "9510.sol": [0, [0, 0, 0, 0, 0, 0, 0, 0, 0, 0]], "1894.sol": [0, [0, 0, 0, 0, 0, 0, 0, 0, 0, 0]], "30493.sol": [0, [0, 0, 0, 0, 0, 0, 0, 0, 0, 0]], "32493.sol": [0, [0, 0, 0, 0, 0, 0, 0, 0, 0, 0]], "35447.sol": [0, [0, 0, 0, 0, 0, 0, 0, 0, 0, 0]], "12918.sol": [0, [0, 0, 0, 0, 0, 0, 0, 0, 0, 0]], "26255.sol": [0, [0, 0, 0, 0, 0, 0, 0, 0, 0, 0]], "13517.sol": [0, [0, 0, 0, 0, 0, 0, 0, 0, 0, 0]], "21789.sol": [0, [0, 0, 0, 0, 0, 0, 0, 0, 0, 0]], "4520.sol": [0, [0, 0, 0, 0, 0, 0, 0, 0, 0, 0]], "8213.sol": [0, [0, 0, 0, 0, 0, 0, 0, 0, 0, 0]], "28902.sol": [0, [0, 0, 0, 0, 0, 0, 0, 0, 0, 0]], "4489.sol": [0, [0, 0, 0, 0, 0, 0, 0, 0, 0, 0]], "30359.sol": [0, [0, 0, 0, 0, 0, 0, 0, 0, 0, 0]], "15185.sol": [0, [0, 0, 0, 0, 0, 0, 0, 0, 0, 0]], "15475.sol": [0, [0, 0, 0, 0, 0, 0, 0, 0, 0, 0]], "14058.sol": [0, [0, 0, 0, 0, 0, 0, 0, 0, 0, 0]], "25791.sol": [0, [0, 0, 0, 0, 0, 0, 0, 0, 0, 0]], "8096.sol": [0, [0, 0, 0, 0, 0, 0, 0, 0, 0, 0]], "6231.sol": [0, [0, 0, 0, 0, 0, 0, 0, 0, 0, 0]], "27022.sol": [0, [0, 0, 0, 0, 0, 0, 0, 0, 0, 0]], "24400.sol": [0, [0, 0, 0, 0, 0, 0, 0, 0, 0, 0]], "14869.sol": [0, [0, 0, 0, 0, 0, 0, 0, 0, 0, 0]], "11545.sol": [0, [0, 0, 0, 0, 0, 0, 0, 0, 0, 0]], "17444.sol": [0, [0, 0, 0, 0, 0, 0, 0, 0, 0, 0]], "31832.sol": [0, [0, 0, 0, 0, 0, 0, 0, 0, 0, 0]], "9725.sol": [0, [0, 0, 0, 0, 0, 0, 0, 0, 0, 0]], "10770.sol": [0, [0, 0, 0, 0, 0, 0, 0, 0, 0, 0]], "23916.sol": [0, [0, 0, 0, 0, 0, 0, 0, 0, 0, 0]], "11569.sol": [0, [0, 0, 0, 0, 0, 0, 0, 0, 0, 0]], "31270.sol": [1, [0, 1, 1, 1, 0, 0, 0, 0, 0, 0]], "16420.sol": [0, [0, 0, 0, 0, 0, 0, 0, 0, 0, 0]], "36260.sol": [0, [0, 0, 0, 0, 0, 0, 0, 0, 0, 0]], "37725.sol": [0, [0, 0, 0, 0, 0, 0, 0, 0, 0, 0]], "2437.sol": [0, [0, 0, 0, 0, 0, 0, 0, 0, 0, 0]], "14890.sol": [0, [0, 0, 0, 0, 0, 0, 0, 0, 0, 0]], "35988.sol": [0, [0, 0, 0, 0, 0, 0, 0, 0, 0, 0]], "25580.sol": [0, [0, 0, 0, 0, 0, 0, 0, 0, 0, 0]], "32707.sol": [0, [0, 0, 0, 0, 0, 0, 0, 0, 0, 0]], "5178.sol": [1, [1, 0, 0, 0, 0, 0, 0, 0, 0, 0]], "17114.sol": [0, [0, 0, 0, 0, 0, 0, 0, 0, 0, 0]], "24786.sol": [0, [0, 0, 0, 0, 0, 0, 0, 0, 0, 0]], "19635.sol": [0, [0, 0, 0, 0, 0, 0, 0, 0, 0, 0]], "35526.sol": [0, [0, 0, 0, 0, 0, 0, 0, 0, 0, 0]], "7094.sol": [0, [0, 0, 0, 0, 0, 0, 0, 0, 0, 0]], "32776.sol": [0, [0, 0, 0, 0, 0, 0, 0, 0, 0, 0]], "13241.sol": [0, [0, 0, 0, 0, 0, 0, 0, 0, 0, 0]], "39107.sol": [0, [0, 0, 0, 0, 0, 0, 0, 0, 0, 0]], "4471.sol": [0, [0, 0, 0, 0, 0, 0, 0, 0, 0, 0]], "23538.sol": [1, [0, 0, 0, 0, 0, 1, 1, 0, 0, 0]], "11512.sol": [0, [0, 0, 0, 0, 0, 0, 0, 0, 0, 0]], "22118.sol": [0, [0, 0, 0, 0, 0, 0, 0, 0, 0, 0]], "13733.sol": [0, [0, 0, 0, 0, 0, 0, 0, 0, 0, 0]], "10329.sol": [0, [0, 0, 0, 0, 0, 0, 0, 0, 0, 0]], "35224.sol": [0, [0, 0, 0, 0, 0, 0, 0, 0, 0, 0]], "38044.sol": [1, [0, 0, 0, 1, 0, 0, 0, 0, 0, 0]], "7182.sol": [0, [0, 0, 0, 0, 0, 0, 0, 0, 0, 0]], "14610.sol": [0, [0, 0, 0, 0, 0, 0, 0, 0, 0, 0]], "12240.sol": [0, [0, 0, 0, 0, 0, 0, 0, 0, 0, 0]], "11481.sol": [0, [0, 0, 0, 0, 0, 0, 0, 0, 0, 0]], "14529.sol": [0, [0, 0, 0, 0, 0, 0, 0, 0, 0, 0]], "9444.sol": [0, [0, 0, 0, 0, 0, 0, 0, 0, 0, 0]], "8933.sol": [0, [0, 0, 0, 0, 0, 0, 0, 0, 0, 0]], "20987.sol": [0, [0, 0, 0, 0, 0, 0, 0, 0, 0, 0]], "23352.sol": [0, [0, 0, 0, 0, 0, 0, 0, 0, 0, 0]], "14696.sol": [0, [0, 0, 0, 0, 0, 0, 0, 0, 0, 0]], "23705.sol": [0, [0, 0, 0, 0, 0, 0, 0, 0, 0, 0]], "30477.sol": [0, [0, 0, 0, 0, 0, 0, 0, 0, 0, 0]], "10153.sol": [0, [0, 0, 0, 0, 0, 0, 0, 0, 0, 0]], "25853.sol": [0, [0, 0, 0, 0, 0, 0, 0, 0, 0, 0]], "11036.sol": [0, [0, 0, 0, 0, 0, 0, 0, 0, 0, 0]], "32942.sol": [0, [0, 0, 0, 0, 0, 0, 0, 0, 0, 0]], "25698.sol": [0, [0, 0, 0, 0, 0, 0, 0, 0, 0, 0]], "39058.sol": [0, [0, 0, 0, 0, 0, 0, 0, 0, 0, 0]], "9720.sol": [0, [0, 0, 0, 0, 0, 0, 0, 0, 0, 0]], "4335.sol": [0, [0, 0, 0, 0, 0, 0, 0, 0, 0, 0]], "23722.sol": [0, [0, 0, 0, 0, 0, 0, 0, 0, 0, 0]], "25796.sol": [0, [0, 0, 0, 0, 0, 0, 0, 0, 0, 0]], "35081.sol": [0, [0, 0, 0, 0, 0, 0, 0, 0, 0, 0]], "5852.sol": [0, [0, 0, 0, 0, 0, 0, 0, 0, 0, 0]], "12026.sol": [0, [0, 0, 0, 0, 0, 0, 0, 0, 0, 0]], "39891.sol": [0, [0, 0, 0, 0, 0, 0, 0, 0, 0, 0]], "1646.sol": [0, [0, 0, 0, 0, 0, 0, 0, 0, 0, 0]], "37043.sol": [0, [0, 0, 0, 0, 0, 0, 0, 0, 0, 0]], "25202.sol": [0, [0, 0, 0, 0, 0, 0, 0, 0, 0, 0]], "12852.sol": [0, [0, 0, 0, 0, 0, 0, 0, 0, 0, 0]], "5528.sol": [0, [0, 0, 0, 0, 0, 0, 0, 0, 0, 0]], "11924.sol": [0, [0, 0, 0, 0, 0, 0, 0, 0, 0, 0]], "5063.sol": [0, [0, 0, 0, 0, 0, 0, 0, 0, 0, 0]], "24261.sol": [0, [0, 0, 0, 0, 0, 0, 0, 0, 0, 0]], "4585.sol": [0, [0, 0, 0, 0, 0, 0, 0, 0, 0, 0]], "34179.sol": [0, [0, 0, 0, 0, 0, 0, 0, 0, 0, 0]], "12293.sol": [0, [0, 0, 0, 0, 0, 0, 0, 0, 0, 0]], "8020.sol": [0, [0, 0, 0, 0, 0, 0, 0, 0, 0, 0]], "9365.sol": [0, [0, 0, 0, 0, 0, 0, 0, 0, 0, 0]], "32920.sol": [0, [0, 0, 0, 0, 0, 0, 0, 0, 0, 0]], "12537.sol": [0, [0, 0, 0, 0, 0, 0, 0, 0, 0, 0]], "36137.sol": [0, [0, 0, 0, 0, 0, 0, 0, 0, 0, 0]], "9882.sol": [0, [0, 0, 0, 0, 0, 0, 0, 0, 0, 0]], "18121.sol": [0, [0, 0, 0, 0, 0, 0, 0, 0, 0, 0]], "6152.sol": [0, [0, 0, 0, 0, 0, 0, 0, 0, 0, 0]], "38582.sol": [0, [0, 0, 0, 0, 0, 0, 0, 0, 0, 0]], "9410.sol": [0, [0, 0, 0, 0, 0, 0, 0, 0, 0, 0]], "19193.sol": [0, [0, 0, 0, 0, 0, 0, 0, 0, 0, 0]], "36060.sol": [0, [0, 0, 0, 0, 0, 0, 0, 0, 0, 0]], "14012.sol": [0, [0, 0, 0, 0, 0, 0, 0, 0, 0, 0]], "589.sol": [0, [0, 0, 0, 0, 0, 0, 0, 0, 0, 0]], "28936.sol": [0, [0, 0, 0, 0, 0, 0, 0, 0, 0, 0]], "18640.sol": [0, [0, 0, 0, 0, 0, 0, 0, 0, 0, 0]], "9088.sol": [0, [0, 0, 0, 0, 0, 0, 0, 0, 0, 0]], "32745.sol": [0, [0, 0, 0, 0, 0, 0, 0, 0, 0, 0]], "34038.sol": [0, [0, 0, 0, 0, 0, 0, 0, 0, 0, 0]], "3387.sol": [0, [0, 0, 0, 0, 0, 0, 0, 0, 0, 0]], "31796.sol": [0, [0, 0, 0, 0, 0, 0, 0, 0, 0, 0]], "33978.sol": [0, [0, 0, 0, 0, 0, 0, 0, 0, 0, 0]], "31580.sol": [0, [0, 0, 0, 0, 0, 0, 0, 0, 0, 0]], "30122.sol": [0, [0, 0, 0, 0, 0, 0, 0, 0, 0, 0]], "28642.sol": [0, [0, 0, 0, 0, 0, 0, 0, 0, 0, 0]], "2896.sol": [0, [0, 0, 0, 0, 0, 0, 0, 0, 0, 0]], "9380.sol": [0, [0, 0, 0, 0, 0, 0, 0, 0, 0, 0]], "37211.sol": [0, [0, 0, 0, 0, 0, 0, 0, 0, 0, 0]], "35639.sol": [0, [0, 0, 0, 0, 0, 0, 0, 0, 0, 0]], "24984.sol": [0, [0, 0, 0, 0, 0, 0, 0, 0, 0, 0]], "36789.sol": [1, [0, 0, 0, 0, 0, 0, 0, 1, 0, 0]], "10797.sol": [0, [0, 0, 0, 0, 0, 0, 0, 0, 0, 0]], "32725.sol": [0, [0, 0, 0, 0, 0, 0, 0, 0, 0, 0]], "866.sol": [0, [0, 0, 0, 0, 0, 0, 0, 0, 0, 0]], "10636.sol": [0, [0, 0, 0, 0, 0, 0, 0, 0, 0, 0]], "5060.sol": [0, [0, 0, 0, 0, 0, 0, 0, 0, 0, 0]], "38302.sol": [0, [0, 0, 0, 0, 0, 0, 0, 0, 0, 0]], "16071.sol": [0, [0, 0, 0, 0, 0, 0, 0, 0, 0, 0]], "32058.sol": [0, [0, 0, 0, 0, 0, 0, 0, 0, 0, 0]], "28962.sol": [0, [0, 0, 0, 0, 0, 0, 0, 0, 0, 0]], "14657.sol": [0, [0, 0, 0, 0, 0, 0, 0, 0, 0, 0]], "21482.sol": [0, [0, 0, 0, 0, 0, 0, 0, 0, 0, 0]], "12239.sol": [0, [0, 0, 0, 0, 0, 0, 0, 0, 0, 0]], "3499.sol": [0, [0, 0, 0, 0, 0, 0, 0, 0, 0, 0]], "12576.sol": [0, [0, 0, 0, 0, 0, 0, 0, 0, 0, 0]], "21799.sol": [1, [0, 0, 1, 0, 0, 0, 0, 0, 0, 0]], "35862.sol": [0, [0, 0, 0, 0, 0, 0, 0, 0, 0, 0]], "36388.sol": [0, [0, 0, 0, 0, 0, 0, 0, 0, 0, 0]], "29016.sol": [0, [0, 0, 0, 0, 0, 0, 0, 0, 0, 0]], "21895.sol": [0, [0, 0, 0, 0, 0, 0, 0, 0, 0, 0]], "36236.sol": [0, [0, 0, 0, 0, 0, 0, 0, 0, 0, 0]], "384.sol": [0, [0, 0, 0, 0, 0, 0, 0, 0, 0, 0]], "27915.sol": [0, [0, 0, 0, 0, 0, 0, 0, 0, 0, 0]], "19290.sol": [0, [0, 0, 0, 0, 0, 0, 0, 0, 0, 0]], "6428.sol": [0, [0, 0, 0, 0, 0, 0, 0, 0, 0, 0]], "27617.sol": [0, [0, 0, 0, 0, 0, 0, 0, 0, 0, 0]], "37533.sol": [0, [0, 0, 0, 0, 0, 0, 0, 0, 0, 0]], "39626.sol": [0, [0, 0, 0, 0, 0, 0, 0, 0, 0, 0]], "36722.sol": [0, [0, 0, 0, 0, 0, 0, 0, 0, 0, 0]], "22214.sol": [0, [0, 0, 0, 0, 0, 0, 0, 0, 0, 0]], "38263.sol": [0, [0, 0, 0, 0, 0, 0, 0, 0, 0, 0]], "19230.sol": [0, [0, 0, 0, 0, 0, 0, 0, 0, 0, 0]], "31335.sol": [0, [0, 0, 0, 0, 0, 0, 0, 0, 0, 0]], "18017.sol": [0, [0, 0, 0, 0, 0, 0, 0]], "37746.sol": [0, [0, 0, 0, 0, 0, 0, 0, 0, 0, 0]], "12359.sol": [0, [0, 0, 0, 0, 0, 0, 0, 0, 0, 0]], "18013.sol": [0, [0, 0, 0, 0, 0, 0, 0, 0, 0, 0]], "37462.sol": [0, [0, 0, 0, 0, 0, 0, 0, 0, 0, 0]], "37813.sol": [0, [0, 0, 0, 0, 0, 0, 0, 0, 0, 0]], "9629.sol": [0, [0, 0, 0, 0, 0, 0, 0, 0, 0, 0]], "20948.sol": [0, [0, 0, 0, 0, 0, 0, 0, 0, 0, 0]], "36737.sol": [0, [0, 0, 0, 0, 0, 0, 0, 0, 0, 0]], "35076.sol": [0, [0, 0, 0, 0, 0, 0, 0, 0, 0, 0]], "6716.sol": [0, [0, 0, 0, 0, 0, 0, 0, 0, 0, 0]], "17494.sol": [0, [0, 0, 0, 0, 0, 0, 0, 0, 0, 0]], "25053.sol": [0, [0, 0, 0, 0, 0, 0, 0, 0, 0, 0]], "7611.sol": [0, [0, 0, 0, 0, 0, 0, 0, 0, 0, 0]], "39363.sol": [1, [0, 0, 0, 0, 0, 1, 0, 0, 0, 0]], "31466.sol": [0, [0, 0, 0, 0, 0, 0, 0, 0, 0, 0]], "40550.sol": [0, [0, 0, 0, 0, 0, 0, 0, 0, 0, 0]], "37610.sol": [0, [0, 0, 0, 0, 0, 0, 0, 0, 0, 0]], "10468.sol": [0, [0, 0, 0, 0, 0, 0, 0, 0, 0, 0]], "12874.sol": [0, [0, 0, 0, 0, 0, 0, 0, 0, 0, 0]], "19579.sol": [0, [0, 0, 0, 0, 0, 0, 0, 0, 0, 0]], "39969.sol": [0, [0, 0, 0, 0, 0, 0, 0, 0, 0, 0]], "30362.sol": [0, [0, 0, 0, 0, 0, 0, 0, 0, 0, 0]], "16183.sol": [0, [0, 0, 0, 0, 0, 0, 0, 0, 0, 0]], "27379.sol": [0, [0, 0, 0, 0, 0, 0, 0, 0, 0, 0]], "26195.sol": [0, [0, 0, 0, 0, 0, 0, 0, 0, 0, 0]], "12131.sol": [0, [0, 0, 0, 0, 0, 0, 0, 0, 0, 0]], "22862.sol": [0, [0, 0, 0, 0, 0, 0, 0, 0, 0, 0]], "6697.sol": [0, [0, 0, 0, 0, 0, 0, 0, 0, 0, 0]], "37042.sol": [0, [0, 0, 0, 0, 0, 0, 0, 0, 0, 0]], "4813.sol": [0, [0, 0, 0, 0, 0, 0, 0, 0, 0, 0]], "29909.sol": [0, [0, 0, 0, 0, 0, 0, 0, 0, 0, 0]], "21952.sol": [0, [0, 0, 0, 0, 0, 0, 0, 0, 0, 0]], "8662.sol": [0, [0, 0, 0, 0, 0, 0, 0, 0, 0, 0]], "21958.sol": [0, [0, 0, 0, 0, 0, 0, 0, 0, 0, 0]], "20905.sol": [0, [0, 0, 0, 0, 0, 0, 0, 0, 0, 0]], "25103.sol": [0, [0, 0, 0, 0, 0, 0, 0, 0, 0, 0]], "7020.sol": [0, [0, 0, 0, 0, 0, 0, 0, 0, 0, 0]], "22716.sol": [0, [0, 0, 0, 0, 0, 0, 0, 0, 0, 0]], "38637.sol": [0, [0, 0, 0, 0, 0, 0, 0, 0, 0, 0]], "30912.sol": [0, [0, 0, 0, 0, 0, 0, 0, 0, 0, 0]], "5724.sol": [0, [0, 0, 0, 0, 0, 0, 0, 0, 0, 0]], "33209.sol": [0, [0, 0, 0, 0, 0, 0, 0, 0, 0, 0]], "7170.sol": [0, [0, 0, 0, 0, 0, 0, 0, 0, 0, 0]], "21745.sol": [0, [0, 0, 0, 0, 0, 0, 0, 0, 0, 0]], "11404.sol": [0, [0, 0, 0, 0, 0, 0, 0, 0, 0, 0]], "39085.sol": [1, [1, 0, 0, 0, 1, 0, 0, 0, 1, 0]], "30280.sol": [0, [0, 0, 0, 0, 0, 0, 0, 0, 0, 0]], "8551.sol": [0, [0, 0, 0, 0, 0, 0, 0, 0, 0, 0]], "783.sol": [0, [0, 0, 0, 0, 0, 0, 0, 0, 0, 0]], "18926.sol": [0, [0, 0, 0, 0, 0, 0, 0, 0, 0, 0]], "16793.sol": [0, [0, 0, 0, 0, 0, 0, 0, 0, 0, 0]], "39416.sol": [0, [0, 0, 0, 0, 0, 0]], "3716.sol": [1, [1, 0, 0, 0, 1, 0, 0, 0, 0, 0]], "13199.sol": [0, [0, 0, 0, 0, 0, 0, 0, 0, 0, 0]], "6228.sol": [0, [0, 0, 0, 0, 0, 0, 0, 0, 0, 0]], "11935.sol": [0, [0, 0, 0, 0, 0, 0, 0, 0, 0, 0]], "12712.sol": [0, [0, 0, 0, 0, 0, 0, 0, 0, 0, 0]], "6797.sol": [0, [0, 0, 0, 0, 0, 0, 0, 0, 0, 0]], "9691.sol": [0, [0, 0, 0, 0, 0, 0, 0, 0, 0, 0]], "30775.sol": [0, [0, 0, 0, 0, 0, 0, 0, 0, 0, 0]], "32995.sol": [0, [0, 0, 0, 0, 0, 0, 0, 0, 0, 0]], "4081.sol": [0, [0, 0, 0, 0, 0, 0, 0, 0, 0, 0]], "30397.sol": [0, [0, 0, 0, 0, 0, 0, 0, 0, 0, 0]], "3417.sol": [0, [0, 0, 0, 0, 0, 0, 0, 0, 0, 0]], "1411.sol": [0, [0, 0, 0, 0, 0, 0, 0, 0, 0, 0]], "7379.sol": [0, [0, 0, 0, 0, 0, 0, 0, 0, 0, 0]], "37039.sol": [0, [0, 0, 0, 0, 0, 0, 0, 0, 0, 0]], "29947.sol": [0, [0, 0, 0, 0, 0, 0, 0, 0, 0, 0]], "26529.sol": [0, [0, 0, 0, 0, 0, 0, 0, 0, 0, 0]], "21840.sol": [0, [0, 0, 0, 0, 0, 0, 0, 0, 0, 0]], "38498.sol": [0, [0, 0, 0, 0, 0, 0, 0]], "19143.sol": [0, [0, 0, 0, 0, 0, 0, 0, 0, 0, 0]], "21342.sol": [0, [0, 0, 0, 0, 0, 0, 0, 0, 0, 0]], "17180.sol": [0, [0, 0, 0, 0, 0, 0, 0, 0, 0, 0]], "25504.sol": [1, [0, 0, 0, 0, 0, 0, 0, 1, 0, 0]], "6937.sol": [0, [0, 0, 0, 0, 0, 0, 0, 0, 0, 0]], "3493.sol": [0, [0, 0, 0, 0, 0, 0, 0, 0, 0, 0]], "27582.sol": [0, [0, 0, 0, 0, 0, 0, 0, 0, 0, 0]], "35691.sol": [0, [0, 0, 0, 0, 0, 0, 0, 0, 0, 0]], "6600.sol": [0, [0, 0, 0, 0, 0, 0, 0, 0, 0, 0]], "7953.sol": [0, [0, 0, 0, 0, 0, 0, 0, 0, 0, 0]], "24425.sol": [0, [0, 0, 0, 0, 0, 0, 0, 0, 0, 0]], "28513.sol": [0, [0, 0, 0, 0, 0, 0, 0, 0, 0, 0]], "1798.sol": [0, [0, 0, 0, 0, 0, 0, 0, 0, 0, 0]], "20282.sol": [0, [0, 0, 0, 0, 0, 0, 0, 0, 0, 0]], "19770.sol": [0, [0, 0, 0, 0, 0, 0, 0, 0, 0, 0]], "24484.sol": [0, [0, 0, 0, 0, 0, 0, 0, 0, 0, 0]], "3591.sol": [0, [0, 0, 0, 0, 0, 0, 0, 0, 0, 0]], "28427.sol": [0, [0, 0, 0, 0, 0, 0, 0, 0, 0, 0]], "26659.sol": [0, [0, 0, 0, 0, 0, 0, 0, 0, 0, 0]], "8143.sol": [0, [0, 0, 0, 0, 0, 0, 0, 0, 0, 0]], "9579.sol": [0, [0, 0, 0, 0, 0, 0, 0, 0, 0, 0]], "13094.sol": [0, [0, 0, 0, 0, 0, 0, 0, 0, 0, 0]], "2566.sol": [0, [0, 0, 0, 0, 0, 0, 0, 0, 0, 0]], "25256.sol": [0, [0, 0, 0, 0, 0, 0, 0, 0, 0, 0]], "25456.sol": [0, [0, 0, 0, 0, 0, 0, 0, 0, 0, 0]], "11908.sol": [0, [0, 0, 0, 0, 0, 0, 0, 0, 0, 0]], "30819.sol": [0, [0, 0, 0, 0, 0, 0, 0, 0, 0, 0]], "20350.sol": [0, [0, 0, 0, 0, 0, 0, 0, 0, 0, 0]], "19633.sol": [0, [0, 0, 0, 0, 0, 0, 0, 0, 0, 0]], "23430.sol": [0, [0, 0, 0, 0, 0, 0, 0, 0, 0, 0]], "2313.sol": [0, [0, 0, 0, 0, 0, 0, 0, 0, 0, 0]], "40225.sol": [0, [0, 0, 0, 0, 0, 0, 0, 0, 0, 0]], "37235.sol": [0, [0, 0, 0, 0, 0, 0, 0, 0, 0, 0]], "17206.sol": [0, [0, 0, 0, 0, 0, 0, 0, 0, 0, 0]], "9349.sol": [0, [0, 0, 0, 0, 0, 0, 0, 0, 0, 0]], "2360.sol": [0, [0, 0, 0, 0, 0, 0, 0, 0, 0, 0]], "15868.sol": [0, [0, 0, 0, 0, 0, 0, 0, 0, 0, 0]], "6815.sol": [0, [0, 0, 0, 0, 0, 0, 0, 0, 0, 0]], "21159.sol": [0, [0, 0, 0, 0, 0, 0, 0, 0, 0, 0]], "8186.sol": [0, [0, 0, 0, 0, 0, 0, 0, 0, 0, 0]], "2254.sol": [0, [0, 0, 0, 0, 0, 0, 0, 0, 0, 0]], "27424.sol": [0, [0, 0, 0, 0, 0, 0, 0, 0, 0, 0]], "23261.sol": [0, [0, 0, 0, 0, 0, 0, 0, 0, 0, 0]], "24726.sol": [0, [0, 0, 0, 0, 0, 0, 0, 0, 0, 0]], "12161.sol": [0, [0, 0, 0, 0, 0, 0, 0, 0, 0, 0]], "16437.sol": [0, [0, 0, 0, 0, 0, 0, 0, 0, 0, 0]], "20060.sol": [0, [0, 0, 0, 0, 0, 0, 0, 0, 0, 0]], "19853.sol": [0, [0, 0, 0, 0, 0, 0, 0, 0, 0, 0]], "2263.sol": [0, [0, 0, 0, 0, 0, 0, 0, 0, 0, 0]], "10877.sol": [0, [0, 0, 0, 0, 0, 0, 0, 0, 0, 0]], "21641.sol": [0, [0, 0, 0, 0, 0, 0, 0, 0, 0, 0]], "16119.sol": [0, [0, 0, 0, 0, 0, 0, 0, 0, 0, 0]], "24618.sol": [0, [0, 0, 0, 0, 0, 0, 0, 0, 0, 0]], "32326.sol": [0, [0, 0, 0, 0, 0, 0, 0, 0, 0, 0]], "30607.sol": [0, [0, 0, 0, 0, 0, 0, 0, 0, 0, 0]], "11360.sol": [0, [0, 0, 0, 0, 0, 0, 0, 0, 0, 0]], "29133.sol": [0, [0, 0, 0, 0, 0, 0, 0, 0, 0, 0]], "36454.sol": [0, [0, 0, 0, 0, 0, 0]], "39014.sol": [0, [0, 0, 0, 0, 0, 0, 0, 0, 0, 0]], "23814.sol": [0, [0, 0, 0, 0, 0, 0, 0, 0, 0, 0]], "5081.sol": [0, [0, 0, 0, 0, 0, 0, 0, 0, 0, 0]], "39080.sol": [0, [0, 0, 0, 0, 0, 0, 0, 0, 0, 0]], "11752.sol": [0, [0, 0, 0, 0, 0, 0, 0, 0, 0, 0]], "1939.sol": [0, [0, 0, 0, 0, 0, 0, 0, 0, 0, 0]], "15007.sol": [0, [0, 0, 0, 0, 0, 0, 0, 0, 0, 0]], "2622.sol": [0, [0, 0, 0, 0, 0, 0, 0, 0, 0, 0]], "21847.sol": [0, [0, 0, 0, 0, 0, 0, 0, 0, 0, 0]], "34191.sol": [0, [0, 0, 0, 0, 0, 0, 0, 0, 0, 0]], "8314.sol": [1, [1, 1, 1, 1, 1, 1, 1, 1, 0, 0]], "36977.sol": [0, [0, 0, 0, 0, 0, 0, 0, 0, 0, 0]], "24291.sol": [0, [0, 0, 0, 0, 0, 0, 0, 0, 0, 0]], "21309.sol": [0, [0, 0, 0, 0, 0, 0, 0, 0, 0, 0]], "13461.sol": [0, [0, 0, 0, 0, 0, 0, 0, 0, 0, 0]], "24169.sol": [0, [0, 0, 0, 0, 0, 0, 0, 0, 0, 0]], "12346.sol": [0, [0, 0, 0, 0, 0, 0, 0, 0, 0, 0]], "23792.sol": [0, [0, 0, 0, 0, 0, 0, 0, 0, 0, 0]], "5905.sol": [0, [0, 0, 0, 0, 0, 0, 0, 0, 0, 0]], "3279.sol": [0, [0, 0, 0, 0, 0, 0, 0, 0, 0, 0]], "14416.sol": [0, [0, 0, 0, 0, 0, 0, 0, 0, 0, 0]], "17384.sol": [0, [0, 0, 0, 0, 0, 0, 0, 0, 0, 0]], "23729.sol": [0, [0, 0, 0, 0, 0, 0, 0, 0, 0, 0]], "5954.sol": [0, [0, 0, 0, 0, 0, 0, 0, 0, 0, 0]], "2154.sol": [0, [0, 0, 0, 0, 0, 0, 0, 0, 0, 0]], "32080.sol": [0, [0, 0, 0, 0, 0, 0, 0, 0, 0, 0]], "18642.sol": [0, [0, 0, 0, 0, 0, 0, 0, 0, 0, 0]], "6717.sol": [0, [0, 0, 0, 0, 0, 0, 0, 0, 0, 0]], "29974.sol": [0, [0, 0, 0, 0, 0, 0, 0, 0, 0, 0]], "27908.sol": [0, [0, 0, 0, 0, 0, 0, 0, 0, 0, 0]], "12445.sol": [0, [0, 0, 0, 0, 0, 0, 0, 0, 0, 0]], "12679.sol": [0, [0, 0, 0, 0, 0, 0, 0, 0, 0, 0]], "28637.sol": [0, [0, 0, 0, 0, 0, 0, 0, 0, 0, 0]], "33494.sol": [0, [0, 0, 0, 0, 0, 0, 0, 0, 0, 0]], "13278.sol": [0, [0, 0, 0, 0, 0, 0, 0, 0, 0, 0]], "22152.sol": [0, [0, 0, 0, 0, 0, 0, 0, 0, 0, 0]], "16092.sol": [0, [0, 0, 0, 0, 0, 0, 0, 0, 0, 0]], "23077.sol": [0, [0, 0, 0, 0, 0, 0, 0, 0, 0, 0]], "40035.sol": [0, [0, 0, 0, 0, 0, 0, 0, 0, 0, 0]], "7347.sol": [0, [0, 0, 0, 0, 0, 0, 0, 0, 0, 0]], "28299.sol": [0, [0, 0, 0, 0, 0, 0, 0, 0, 0, 0]], "9083.sol": [0, [0, 0, 0, 0, 0, 0, 0, 0, 0, 0]], "34232.sol": [0, [0, 0, 0, 0, 0, 0, 0, 0, 0, 0]], "24641.sol": [0, [0, 0, 0, 0, 0, 0, 0, 0, 0, 0]], "31855.sol": [0, [0, 0, 0, 0, 0, 0, 0, 0, 0, 0]], "5206.sol": [0, [0, 0, 0, 0, 0, 0, 0, 0, 0, 0]], "22210.sol": [0, [0, 0, 0, 0, 0, 0, 0, 0, 0, 0]], "25556.sol": [0, [0, 0, 0, 0, 0, 0, 0, 0, 0, 0]], "29169.sol": [0, [0, 0, 0, 0, 0, 0, 0, 0, 0, 0]], "21683.sol": [0, [0, 0, 0, 0, 0, 0, 0, 0, 0, 0]], "14258.sol": [0, [0, 0, 0, 0, 0, 0, 0, 0, 0, 0]], "34700.sol": [0, [0, 0, 0, 0, 0, 0, 0, 0, 0, 0]], "7117.sol": [0, [0, 0, 0, 0, 0, 0, 0, 0, 0, 0]], "9302.sol": [0, [0, 0, 0, 0, 0, 0, 0, 0, 0, 0]], "275.sol": [0, [0, 0, 0, 0, 0, 0, 0, 0, 0, 0]], "5633.sol": [0, [0, 0, 0, 0, 0, 0, 0, 0, 0, 0]], "38683.sol": [0, [0, 0, 0, 0, 0, 0, 0, 0, 0, 0]], "21753.sol": [1, [0, 0, 0, 0, 1, 0, 0, 0, 0, 0]], "5595.sol": [0, [0, 0, 0, 0, 0, 0, 0, 0, 0, 0]], "16246.sol": [0, [0, 0, 0, 0, 0, 0, 0, 0, 0, 0]], "9867.sol": [0, [0, 0, 0, 0, 0, 0, 0, 0, 0, 0]], "10810.sol": [0, [0, 0, 0, 0, 0, 0, 0, 0, 0, 0]], "9910.sol": [0, [0, 0, 0, 0, 0, 0, 0, 0, 0, 0]], "31861.sol": [0, [0, 0, 0, 0, 0, 0, 0, 0, 0, 0]], "14153.sol": [0, [0, 0, 0, 0, 0, 0, 0, 0, 0, 0]], "7855.sol": [0, [0, 0, 0, 0, 0, 0, 0, 0, 0, 0]], "39773.sol": [0, [0, 0, 0, 0, 0, 0, 0, 0, 0, 0]], "15080.sol": [0, [0, 0, 0, 0, 0, 0, 0, 0, 0, 0]], "34240.sol": [0, [0, 0, 0, 0, 0, 0, 0, 0, 0, 0]], "10805.sol": [0, [0, 0, 0, 0, 0, 0, 0, 0, 0, 0]], "15954.sol": [0, [0, 0, 0, 0, 0, 0, 0, 0, 0, 0]], "17123.sol": [0, [0, 0, 0, 0, 0, 0, 0, 0, 0, 0]], "16555.sol": [0, [0, 0, 0, 0, 0, 0, 0, 0, 0, 0]], "5646.sol": [0, [0, 0, 0, 0, 0, 0, 0, 0, 0, 0]], "18988.sol": [0, [0, 0, 0, 0, 0, 0, 0, 0, 0, 0]], "22757.sol": [0, [0, 0, 0, 0, 0, 0, 0, 0, 0, 0]], "24268.sol": [0, [0, 0, 0, 0, 0, 0, 0, 0, 0, 0]], "32082.sol": [0, [0, 0, 0, 0, 0, 0, 0, 0, 0, 0]], "29738.sol": [0, [0, 0, 0, 0, 0, 0, 0, 0, 0, 0]], "4860.sol": [0, [0, 0, 0, 0, 0, 0, 0, 0, 0, 0]], "16898.sol": [0, [0, 0, 0, 0, 0, 0, 0, 0, 0, 0]], "30704.sol": [0, [0, 0, 0, 0, 0, 0, 0, 0, 0, 0]], "1415.sol": [0, [0, 0, 0, 0, 0, 0, 0, 0, 0, 0]], "15422.sol": [0, [0, 0, 0, 0, 0, 0, 0, 0, 0, 0]], "11673.sol": [0, [0, 0, 0, 0, 0, 0, 0, 0, 0, 0]], "24021.sol": [0, [0, 0, 0, 0, 0, 0, 0, 0, 0, 0]], "24574.sol": [0, [0, 0, 0, 0, 0, 0, 0, 0, 0, 0]], "24422.sol": [0, [0, 0, 0, 0, 0, 0, 0, 0, 0, 0]], "30710.sol": [1, [1, 1, 1, 1, 1, 1, 0, 1, 0, 0]], "36907.sol": [0, [0, 0, 0, 0, 0, 0, 0, 0, 0, 0]], "28499.sol": [0, [0, 0, 0, 0, 0, 0, 0, 0, 0, 0]], "4668.sol": [0, [0, 0, 0, 0, 0, 0, 0, 0, 0, 0]], "24816.sol": [0, [0, 0, 0, 0, 0, 0, 0, 0, 0, 0]], "26623.sol": [0, [0, 0, 0, 0, 0, 0, 0, 0, 0, 0]], "29717.sol": [0, [0, 0, 0, 0, 0, 0, 0, 0, 0, 0]], "35618.sol": [0, [0, 0, 0, 0, 0, 0, 0, 0, 0, 0]], "11440.sol": [0, [0, 0, 0, 0, 0, 0, 0, 0, 0, 0]], "15780.sol": [0, [0, 0, 0, 0, 0, 0, 0, 0, 0, 0]], "10903.sol": [0, [0, 0, 0, 0, 0, 0, 0, 0, 0, 0]], "36796.sol": [0, [0, 0, 0, 0, 0, 0, 0, 0, 0, 0]], "27702.sol": [0, [0, 0, 0, 0, 0, 0, 0, 0, 0, 0]], "31271.sol": [1, [0, 1, 1, 1, 0, 0, 0, 0, 0, 0]], "25154.sol": [0, [0, 0, 0, 0, 0, 0, 0, 0, 0, 0]], "21298.sol": [0, [0, 0, 0, 0, 0, 0, 0, 0, 0, 0]], "662.sol": [0, [0, 0, 0, 0, 0, 0, 0, 0, 0, 0]], "37197.sol": [0, [0, 0, 0, 0, 0, 0, 0, 0, 0, 0]], "8238.sol": [0, [0, 0, 0, 0, 0, 0, 0, 0, 0, 0]], "15307.sol": [0, [0, 0, 0, 0, 0, 0, 0, 0, 0, 0]], "16609.sol": [0, [0, 0, 0, 0, 0, 0, 0, 0, 0, 0]], "15225.sol": [0, [0, 0, 0, 0, 0, 0, 0, 0, 0, 0]], "19604.sol": [0, [0, 0, 0, 0, 0, 0, 0, 0, 0, 0]], "34625.sol": [0, [0, 0, 0, 0, 0, 0, 0, 0, 0, 0]], "28022.sol": [0, [0, 0, 0, 0, 0, 0, 0, 0, 0, 0]], "30480.sol": [0, [0, 0, 0, 0, 0, 0, 0, 0, 0, 0]], "18853.sol": [0, [0, 0, 0, 0, 0, 0, 0, 0, 0, 0]], "39911.sol": [0, [0, 0, 0, 0, 0, 0, 0, 0, 0, 0]], "4022.sol": [0, [0, 0, 0, 0, 0, 0, 0, 0, 0, 0]], "1092.sol": [0, [0, 0, 0, 0, 0, 0, 0, 0, 0, 0]], "2730.sol": [0, [0, 0, 0, 0, 0, 0, 0, 0, 0, 0]], "35291.sol": [0, [0, 0, 0, 0, 0, 0, 0, 0, 0, 0]], "29855.sol": [0, [0, 0, 0, 0, 0, 0, 0, 0, 0, 0]], "24127.sol": [0, [0, 0, 0, 0, 0, 0, 0, 0, 0, 0]], "2296.sol": [0, [0, 0, 0, 0, 0, 0, 0, 0, 0, 0]], "3276.sol": [0, [0, 0, 0, 0, 0, 0, 0, 0, 0, 0]], "24778.sol": [0, [0, 0, 0, 0, 0, 0, 0, 0, 0, 0]], "8955.sol": [0, [0, 0, 0, 0, 0, 0, 0, 0, 0, 0]], "36687.sol": [0, [0, 0, 0, 0, 0, 0, 0, 0, 0, 0]], "36893.sol": [0, [0, 0, 0, 0, 0, 0, 0, 0, 0, 0]], "19612.sol": [0, [0, 0, 0, 0, 0, 0, 0, 0, 0, 0]], "9502.sol": [0, [0, 0, 0, 0, 0, 0, 0, 0, 0, 0]], "17004.sol": [0, [0, 0, 0, 0, 0, 0, 0, 0, 0, 0]], "21618.sol": [0, [0, 0, 0, 0, 0, 0, 0, 0, 0, 0]], "13553.sol": [0, [0, 0, 0, 0, 0, 0, 0, 0, 0, 0]], "3682.sol": [0, [0, 0, 0, 0, 0, 0, 0, 0, 0, 0]], "22796.sol": [0, [0, 0, 0, 0, 0, 0, 0, 0, 0, 0]], "14228.sol": [0, [0, 0, 0, 0, 0, 0, 0, 0, 0, 0]], "29361.sol": [0, [0, 0, 0, 0, 0, 0, 0, 0, 0, 0]], "595.sol": [0, [0, 0, 0, 0, 0, 0, 0, 0, 0, 0]], "32327.sol": [0, [0, 0, 0, 0, 0, 0, 0, 0, 0, 0]], "34059.sol": [0, [0, 0, 0, 0, 0, 0, 0, 0, 0, 0]], "32399.sol": [0, [0, 0, 0, 0, 0, 0, 0, 0, 0, 0]], "38875.sol": [0, [0, 0, 0, 0, 0, 0, 0, 0, 0, 0]], "33574.sol": [0, [0, 0, 0, 0, 0, 0, 0, 0, 0, 0]], "19191.sol": [0, [0, 0, 0, 0, 0, 0, 0, 0, 0, 0]], "9714.sol": [0, [0, 0, 0, 0, 0, 0, 0, 0, 0, 0]], "11594.sol": [0, [0, 0, 0, 0, 0, 0, 0, 0, 0, 0]], "16587.sol": [0, [0, 0, 0, 0, 0, 0, 0, 0, 0, 0]], "29212.sol": [0, [0, 0, 0, 0, 0, 0, 0, 0, 0, 0]], "15347.sol": [0, [0, 0, 0, 0, 0, 0, 0, 0, 0, 0]], "37257.sol": [0, [0, 0, 0, 0, 0, 0, 0, 0, 0, 0]], "6778.sol": [0, [0, 0, 0, 0, 0, 0, 0, 0, 0, 0]], "1049.sol": [0, [0, 0, 0, 0, 0, 0, 0, 0, 0, 0]], "35161.sol": [0, [0, 0, 0, 0, 0, 0, 0, 0, 0, 0]], "2887.sol": [0, [0, 0, 0, 0, 0, 0, 0, 0, 0, 0]], "34519.sol": [0, [0, 0, 0, 0, 0, 0, 0, 0, 0, 0]], "26761.sol": [0, [0, 0, 0, 0, 0, 0, 0, 0, 0, 0]], "36517.sol": [0, [0, 0, 0, 0, 0, 0, 0, 0, 0, 0]], "16830.sol": [0, [0, 0, 0, 0, 0, 0, 0, 0, 0, 0]], "15853.sol": [0, [0, 0, 0, 0, 0, 0, 0, 0, 0, 0]], "27458.sol": [0, [0, 0, 0, 0, 0, 0, 0, 0, 0, 0]], "20426.sol": [0, [0, 0, 0, 0, 0, 0, 0, 0, 0, 0]], "6742.sol": [0, [0, 0, 0, 0, 0, 0, 0, 0, 0, 0]], "31787.sol": [0, [0, 0, 0, 0, 0, 0, 0, 0, 0, 0]], "19260.sol": [0, [0, 0, 0, 0, 0, 0, 0, 0, 0, 0]], "6177.sol": [0, [0, 0, 0, 0, 0, 0, 0, 0, 0, 0]], "8779.sol": [0, [0, 0, 0, 0, 0, 0, 0, 0, 0, 0]], "25145.sol": [0, [0, 0, 0, 0, 0, 0, 0, 0, 0, 0]], "31082.sol": [0, [0, 0, 0, 0, 0, 0, 0, 0, 0, 0]], "20103.sol": [0, [0, 0, 0, 0, 0, 0, 0, 0, 0, 0]], "27642.sol": [0, [0, 0, 0, 0, 0, 0, 0, 0, 0, 0]], "13077.sol": [0, [0, 0, 0, 0, 0, 0, 0, 0, 0, 0]], "29249.sol": [0, [0, 0, 0, 0, 0, 0, 0, 0, 0, 0]], "37932.sol": [0, [0, 0, 0, 0, 0, 0, 0, 0, 0, 0]], "16803.sol": [0, [0, 0, 0, 0, 0, 0, 0, 0, 0, 0]], "34152.sol": [0, [0, 0, 0, 0, 0, 0, 0, 0, 0, 0]], "11581.sol": [0, [0, 0, 0, 0, 0, 0, 0, 0, 0, 0]], "35660.sol": [0, [0, 0, 0, 0, 0, 0, 0, 0, 0, 0]], "1226.sol": [0, [0, 0, 0, 0, 0, 0, 0, 0, 0, 0]], "2937.sol": [0, [0, 0, 0, 0, 0, 0, 0, 0, 0, 0]], "34532.sol": [0, [0, 0, 0, 0, 0, 0, 0, 0, 0, 0]], "22740.sol": [0, [0, 0, 0, 0, 0, 0, 0, 0, 0, 0]], "29312.sol": [0, [0, 0, 0, 0, 0, 0, 0, 0, 0, 0]], "18806.sol": [0, [0, 0, 0, 0, 0, 0, 0, 0, 0, 0]], "31757.sol": [0, [0, 0, 0, 0, 0, 0, 0, 0, 0, 0]], "32308.sol": [0, [0, 0, 0, 0, 0, 0, 0, 0, 0, 0]], "19728.sol": [0, [0, 0, 0, 0, 0, 0, 0, 0, 0, 0]], "34523.sol": [0, [0, 0, 0, 0, 0, 0, 0, 0, 0, 0]], "434.sol": [0, [0, 0, 0, 0, 0, 0, 0, 0, 0, 0]], "5320.sol": [0, [0, 0, 0, 0, 0, 0, 0, 0, 0, 0]], "34651.sol": [0, [0, 0, 0, 0, 0, 0, 0, 0, 0, 0]], "25838.sol": [0, [0, 0, 0, 0, 0, 0, 0, 0, 0, 0]], "27852.sol": [0, [0, 0, 0, 0, 0, 0, 0, 0, 0, 0]], "15183.sol": [0, [0, 0, 0, 0, 0, 0, 0, 0, 0, 0]], "9184.sol": [0, [0, 0, 0, 0, 0, 0, 0, 0, 0, 0]], "23934.sol": [0, [0, 0, 0, 0, 0, 0, 0, 0, 0, 0]], "36547.sol": [0, [0, 0, 0, 0, 0, 0, 0, 0, 0, 0]], "24077.sol": [0, [0, 0, 0, 0, 0, 0, 0, 0, 0, 0]], "14773.sol": [0, [0, 0, 0, 0, 0, 0, 0, 0, 0, 0]], "3223.sol": [0, [0, 0, 0, 0, 0, 0, 0, 0, 0, 0]], "37572.sol": [0, [0, 0, 0, 0, 0, 0, 0, 0, 0, 0]], "25689.sol": [0, [0, 0, 0, 0, 0, 0, 0, 0, 0, 0]], "20168.sol": [0, [0, 0, 0, 0, 0, 0, 0, 0, 0, 0]], "24961.sol": [0, [0, 0, 0, 0, 0, 0, 0, 0, 0, 0]], "9537.sol": [0, [0, 0, 0, 0, 0, 0, 0, 0, 0, 0]], "29955.sol": [0, [0, 0, 0, 0, 0, 0, 0, 0, 0, 0]], "995.sol": [0, [0, 0, 0, 0, 0, 0, 0, 0, 0, 0]], "33685.sol": [0, [0, 0, 0, 0, 0, 0, 0, 0, 0, 0]], "22769.sol": [0, [0, 0, 0, 0, 0, 0, 0, 0, 0, 0]], "18101.sol": [0, [0, 0, 0, 0, 0, 0, 0, 0, 0, 0]], "23480.sol": [0, [0, 0, 0, 0, 0, 0, 0, 0, 0, 0]], "16048.sol": [0, [0, 0, 0, 0, 0, 0, 0, 0, 0, 0]], "27369.sol": [0, [0, 0, 0, 0, 0, 0, 0, 0, 0, 0]], "19349.sol": [0, [0, 0, 0, 0, 0, 0, 0, 0, 0, 0]], "16500.sol": [0, [0, 0, 0, 0, 0, 0, 0, 0, 0, 0]], "647.sol": [0, [0, 0, 0, 0, 0, 0, 0, 0, 0, 0]], "20895.sol": [0, [0, 0, 0, 0, 0, 0, 0, 0, 0, 0]], "34301.sol": [0, [0, 0, 0, 0, 0, 0, 0, 0, 0, 0]], "15444.sol": [0, [0, 0, 0, 0, 0, 0, 0, 0, 0, 0]], "31299.sol": [0, [0, 0, 0, 0, 0, 0, 0, 0, 0, 0]], "15338.sol": [0, [0, 0, 0, 0, 0, 0, 0, 0, 0, 0]], "33196.sol": [0, [0, 0, 0, 0, 0, 0, 0, 0, 0, 0]], "10075.sol": [0, [0, 0, 0, 0, 0, 0, 0, 0, 0, 0]], "2763.sol": [0, [0, 0, 0, 0, 0, 0, 0, 0, 0, 0]], "31677.sol": [0, [0, 0, 0, 0, 0, 0, 0, 0, 0, 0]], "28563.sol": [0, [0, 0, 0, 0, 0, 0, 0, 0, 0, 0]], "30006.sol": [0, [0, 0, 0, 0, 0, 0, 0, 0, 0, 0]], "39292.sol": [0, [0, 0, 0, 0, 0, 0, 0, 0, 0, 0]], "24181.sol": [0, [0, 0, 0, 0, 0, 0, 0, 0, 0, 0]], "21616.sol": [0, [0, 0, 0, 0, 0, 0, 0, 0, 0, 0]], "27101.sol": [0, [0, 0, 0, 0, 0, 0, 0, 0, 0, 0]], "38210.sol": [0, [0, 0, 0, 0, 0, 0, 0, 0, 0, 0]], "32826.sol": [0, [0, 0, 0, 0, 0, 0, 0, 0, 0, 0]], "23208.sol": [0, [0, 0, 0, 0, 0, 0, 0, 0, 0, 0]], "7843.sol": [0, [0, 0, 0, 0, 0, 0, 0, 0, 0, 0]], "27223.sol": [0, [0, 0, 0, 0, 0, 0, 0, 0, 0, 0]], "25933.sol": [0, [0, 0, 0, 0, 0, 0, 0, 0, 0, 0]], "30529.sol": [0, [0, 0, 0, 0, 0, 0, 0, 0, 0, 0]], "38204.sol": [0, [0, 0, 0, 0, 0, 0, 0, 0, 0, 0]], "18912.sol": [0, [0, 0, 0, 0, 0, 0, 0, 0, 0, 0]], "5332.sol": [0, [0, 0, 0, 0, 0, 0, 0, 0, 0, 0]], "7624.sol": [0, [0, 0, 0, 0, 0, 0, 0, 0, 0, 0]], "20342.sol": [0, [0, 0, 0, 0, 0, 0, 0, 0, 0, 0]], "28922.sol": [0, [0, 0, 0, 0, 0, 0, 0, 0, 0, 0]], "11372.sol": [0, [0, 0, 0, 0, 0, 0, 0, 0, 0, 0]], "36033.sol": [0, [0, 0, 0, 0, 0, 0, 0, 0, 0, 0]], "12588.sol": [0, [0, 0, 0, 0, 0, 0, 0, 0, 0, 0]], "29557.sol": [0, [0, 0, 0, 0, 0, 0, 0, 0, 0, 0]], "12892.sol": [0, [0, 0, 0, 0, 0, 0, 0, 0, 0, 0]], "11217.sol": [0, [0, 0, 0, 0, 0, 0, 0, 0, 0, 0]], "2331.sol": [0, [0, 0, 0, 0, 0, 0, 0, 0, 0, 0]], "33679.sol": [0, [0, 0, 0, 0, 0, 0, 0, 0, 0, 0]], "28153.sol": [0, [0, 0, 0, 0, 0, 0, 0, 0, 0, 0]], "32352.sol": [0, [0, 0, 0, 0, 0, 0, 0, 0, 0, 0]], "12503.sol": [0, [0, 0, 0, 0, 0, 0, 0, 0, 0, 0]], "7210.sol": [0, [0, 0, 0, 0, 0, 0, 0, 0, 0, 0]], "12970.sol": [0, [0, 0, 0, 0, 0, 0, 0, 0, 0, 0]], "3128.sol": [0, [0, 0, 0, 0, 0, 0, 0, 0, 0, 0]], "679.sol": [0, [0, 0, 0, 0, 0, 0, 0, 0, 0, 0]], "17369.sol": [0, [0, 0, 0, 0, 0, 0, 0, 0, 0, 0]], "501.sol": [0, [0, 0, 0, 0, 0, 0, 0, 0, 0, 0]], "26621.sol": [0, [0, 0, 0, 0, 0, 0, 0, 0, 0, 0]], "7801.sol": [0, [0, 0, 0, 0, 0, 0, 0, 0, 0, 0]], "8006.sol": [0, [0, 0, 0, 0, 0, 0, 0, 0, 0, 0]], "21067.sol": [0, [0, 0, 0, 0, 0, 0, 0, 0, 0, 0]], "9886.sol": [0, [0, 0, 0, 0, 0, 0, 0, 0, 0, 0]], "35663.sol": [0, [0, 0, 0, 0, 0, 0, 0, 0, 0, 0]], "12510.sol": [0, [0, 0, 0, 0, 0, 0, 0, 0, 0, 0]], "4884.sol": [0, [0, 0, 0, 0, 0, 0, 0, 0, 0, 0]], "36974.sol": [0, [0, 0, 0, 0, 0, 0, 0, 0, 0, 0]], "9727.sol": [0, [0, 0, 0, 0, 0, 0, 0, 0, 0, 0]], "627.sol": [0, [0, 0, 0, 0, 0, 0, 0, 0, 0, 0]], "18954.sol": [0, [0, 0, 0, 0, 0, 0, 0, 0, 0, 0]], "40103.sol": [0, [0, 0, 0, 0, 0, 0, 0, 0, 0, 0]], "3289.sol": [0, [0, 0, 0, 0, 0, 0, 0, 0, 0, 0]], "13365.sol": [0, [0, 0, 0, 0, 0, 0, 0, 0, 0, 0]], "31586.sol": [0, [0, 0, 0, 0, 0, 0, 0, 0, 0, 0]], "27759.sol": [0, [0, 0, 0, 0, 0, 0, 0, 0, 0, 0]], "13625.sol": [0, [0, 0, 0, 0, 0, 0, 0, 0, 0, 0]], "36560.sol": [0, [0, 0, 0, 0, 0, 0, 0, 0, 0, 0]], "15464.sol": [0, [0, 0, 0, 0, 0, 0, 0, 0, 0, 0]], "22206.sol": [0, [0, 0, 0, 0, 0, 0, 0, 0, 0, 0]], "26304.sol": [0, [0, 0, 0, 0, 0, 0, 0, 0, 0, 0]], "12468.sol": [0, [0, 0, 0, 0, 0, 0, 0, 0, 0, 0]], "35080.sol": [0, [0, 0, 0, 0, 0, 0, 0, 0, 0, 0]], "14639.sol": [0, [0, 0, 0, 0, 0, 0, 0, 0, 0, 0]], "2246.sol": [0, [0, 0, 0, 0, 0, 0, 0, 0, 0, 0]], "2632.sol": [0, [0, 0, 0, 0, 0, 0, 0, 0, 0, 0]], "19840.sol": [0, [0, 0, 0, 0, 0, 0, 0, 0, 0, 0]], "6668.sol": [0, [0, 0, 0, 0, 0, 0, 0, 0, 0, 0]], "413.sol": [0, [0, 0, 0, 0, 0, 0, 0, 0, 0, 0]], "31131.sol": [0, [0, 0, 0, 0, 0, 0, 0, 0, 0, 0]], "33064.sol": [0, [0, 0, 0, 0, 0, 0, 0, 0, 0, 0]], "20181.sol": [0, [0, 0, 0, 0, 0, 0, 0, 0, 0, 0]], "28484.sol": [0, [0, 0, 0, 0, 0, 0, 0, 0, 0, 0]], "4781.sol": [0, [0, 0, 0, 0, 0, 0, 0, 0, 0, 0]], "4473.sol": [0, [0, 0, 0, 0, 0, 0, 0, 0, 0, 0]], "32827.sol": [1, [0, 1, 0, 0, 0, 0, 0, 0, 0, 0]], "10122.sol": [0, [0, 0, 0, 0, 0, 0, 0, 0, 0, 0]], "4465.sol": [0, [0, 0, 0, 0, 0, 0, 0, 0, 0, 0]], "36115.sol": [0, [0, 0, 0, 0, 0, 0, 0, 0, 0, 0]], "7856.sol": [0, [0, 0, 0, 0, 0, 0, 0, 0, 0, 0]], "35140.sol": [0, [0, 0, 0, 0, 0, 0, 0, 0, 0, 0]], "3240.sol": [0, [0, 0, 0, 0, 0, 0, 0, 0, 0, 0]], "26087.sol": [0, [0, 0, 0, 0, 0, 0, 0, 0, 0, 0]], "13056.sol": [0, [0, 0, 0, 0, 0, 0, 0, 0, 0, 0]], "2735.sol": [0, [0, 0, 0, 0, 0, 0, 0, 0, 0, 0]], "3664.sol": [0, [0, 0, 0, 0, 0, 0, 0, 0, 0, 0]], "20494.sol": [0, [0, 0, 0, 0, 0, 0, 0, 0, 0, 0]], "6566.sol": [0, [0, 0, 0, 0, 0, 0, 0, 0, 0, 0]], "25564.sol": [0, [0, 0, 0, 0, 0, 0, 0, 0, 0, 0]], "1435.sol": [0, [0, 0, 0, 0, 0, 0, 0, 0, 0, 0]], "36061.sol": [0, [0, 0, 0, 0, 0, 0, 0, 0, 0, 0]], "2348.sol": [0, [0, 0, 0, 0, 0, 0, 0, 0, 0, 0]], "15782.sol": [0, [0, 0, 0, 0, 0, 0, 0, 0, 0, 0]], "40068.sol": [0, [0, 0, 0, 0, 0, 0, 0, 0, 0, 0]], "19687.sol": [0, [0, 0, 0, 0, 0, 0, 0, 0, 0, 0]], "26044.sol": [0, [0, 0, 0, 0, 0, 0, 0, 0, 0, 0]], "22590.sol": [0, [0, 0, 0, 0, 0, 0, 0, 0, 0, 0]], "3416.sol": [0, [0, 0, 0, 0, 0, 0, 0, 0, 0, 0]], "20093.sol": [0, [0, 0, 0, 0, 0, 0, 0, 0, 0, 0]], "2055.sol": [0, [0, 0, 0, 0, 0, 0, 0, 0, 0, 0]], "15300.sol": [0, [0, 0, 0, 0, 0, 0, 0, 0, 0, 0]], "35401.sol": [0, [0, 0, 0, 0, 0, 0, 0, 0, 0, 0]], "31180.sol": [0, [0, 0, 0, 0, 0, 0, 0, 0, 0, 0]], "25033.sol": [0, [0, 0, 0, 0, 0, 0, 0, 0, 0, 0]], "18713.sol": [0, [0, 0, 0, 0, 0, 0, 0, 0, 0, 0]], "6926.sol": [0, [0, 0, 0, 0, 0, 0, 0, 0, 0, 0]], "28779.sol": [0, [0, 0, 0, 0, 0, 0, 0, 0, 0, 0]], "33678.sol": [0, [0, 0, 0, 0, 0, 0, 0, 0, 0, 0]], "15952.sol": [0, [0, 0, 0, 0, 0, 0, 0, 0, 0, 0]], "12327.sol": [0, [0, 0, 0, 0, 0, 0, 0, 0, 0, 0]], "6852.sol": [0, [0, 0, 0, 0, 0, 0, 0, 0, 0, 0]], "6774.sol": [0, [0, 0, 0, 0, 0, 0, 0, 0, 0, 0]], "8649.sol": [0, [0, 0, 0, 0, 0, 0, 0, 0, 0, 0]], "24986.sol": [0, [0, 0, 0, 0, 0, 0, 0, 0, 0, 0]], "31064.sol": [0, [0, 0, 0, 0, 0, 0, 0, 0, 0, 0]], "30462.sol": [0, [0, 0, 0, 0, 0, 0, 0, 0, 0, 0]], "600.sol": [0, [0, 0, 0, 0, 0, 0, 0, 0, 0, 0]], "23161.sol": [0, [0, 0, 0, 0, 0, 0, 0, 0, 0, 0]], "2450.sol": [0, [0, 0, 0, 0, 0, 0, 0, 0, 0, 0]], "34371.sol": [0, [0, 0, 0, 0, 0, 0, 0, 0, 0, 0]], "14324.sol": [0, [0, 0, 0, 0, 0, 0, 0, 0, 0, 0]], "14143.sol": [0, [0, 0, 0, 0, 0, 0, 0, 0, 0, 0]], "27846.sol": [0, [0, 0, 0, 0, 0, 0, 0, 0, 0, 0]], "2434.sol": [0, [0, 0, 0, 0, 0, 0, 0, 0, 0, 0]], "2380.sol": [0, [0, 0, 0, 0, 0, 0, 0, 0, 0, 0]], "35736.sol": [0, [0, 0, 0, 0, 0, 0, 0, 0, 0, 0]], "28794.sol": [0, [0, 0, 0, 0, 0, 0, 0, 0, 0, 0]], "7216.sol": [0, [0, 0, 0, 0, 0, 0, 0, 0, 0, 0]], "30739.sol": [0, [0, 0, 0, 0, 0, 0, 0, 0, 0, 0]], "11525.sol": [0, [0, 0, 0, 0, 0, 0, 0, 0, 0, 0]], "29075.sol": [0, [0, 0, 0, 0, 0, 0, 0, 0, 0, 0]], "4002.sol": [0, [0, 0, 0, 0, 0, 0, 0, 0, 0, 0]], "33872.sol": [0, [0, 0, 0, 0, 0, 0, 0, 0, 0, 0]], "23509.sol": [0, [0, 0, 0, 0, 0, 0, 0, 0, 0, 0]], "1910.sol": [0, [0, 0, 0, 0, 0, 0, 0, 0, 0, 0]], "21911.sol": [0, [0, 0, 0, 0, 0, 0, 0, 0, 0, 0]], "31406.sol": [0, [0, 0, 0, 0, 0, 0, 0, 0, 0, 0]], "24143.sol": [0, [0, 0, 0, 0, 0, 0, 0, 0, 0, 0]], "20156.sol": [0, [0, 0, 0, 0, 0, 0, 0, 0, 0, 0]], "10789.sol": [0, [0, 0, 0, 0, 0, 0, 0, 0, 0, 0]], "6970.sol": [0, [0, 0, 0, 0, 0, 0, 0, 0, 0, 0]], "18518.sol": [0, [0, 0, 0, 0, 0, 0, 0, 0, 0, 0]], "20230.sol": [0, [0, 0, 0, 0, 0, 0, 0, 0, 0, 0]], "22715.sol": [0, [0, 0, 0, 0, 0, 0, 0, 0, 0, 0]], "568.sol": [0, [0, 0, 0, 0, 0, 0, 0, 0, 0, 0]], "5524.sol": [0, [0, 0, 0, 0, 0, 0, 0, 0, 0, 0]], "24458.sol": [0, [0, 0, 0, 0, 0, 0, 0, 0, 0, 0]], "25856.sol": [0, [0, 0, 0, 0, 0, 0, 0, 0, 0, 0]], "17171.sol": [0, [0, 0, 0, 0, 0, 0, 0, 0, 0, 0]], "3352.sol": [0, [0, 0, 0, 0, 0, 0, 0, 0, 0, 0]], "12391.sol": [0, [0, 0, 0, 0, 0, 0, 0, 0, 0, 0]], "26971.sol": [0, [0, 0, 0, 0, 0, 0, 0, 0, 0, 0]], "25058.sol": [0, [0, 0, 0, 0, 0, 0, 0, 0, 0, 0]], "4724.sol": [0, [0, 0, 0, 0, 0, 0, 0, 0, 0, 0]], "11094.sol": [0, [0, 0, 0, 0, 0, 0, 0, 0, 0, 0]], "23594.sol": [0, [0, 0, 0, 0, 0, 0, 0, 0, 0, 0]], "38588.sol": [0, [0, 0, 0, 0, 0, 0, 0, 0, 0, 0]], "13914.sol": [0, [0, 0, 0, 0, 0, 0, 0, 0, 0, 0]], "27282.sol": [0, [0, 0, 0, 0, 0, 0, 0, 0, 0, 0]], "7507.sol": [0, [0, 0, 0, 0, 0, 0, 0, 0, 0, 0]], "2672.sol": [0, [0, 0, 0, 0, 0, 0, 0, 0, 0, 0]], "7316.sol": [0, [0, 0, 0, 0, 0, 0, 0, 0, 0, 0]], "10051.sol": [0, [0, 0, 0, 0, 0, 0, 0, 0, 0, 0]], "22899.sol": [0, [0, 0, 0, 0, 0, 0, 0, 0, 0, 0]], "1217.sol": [0, [0, 0, 0, 0, 0, 0, 0, 0, 0, 0]], "13234.sol": [0, [0, 0, 0, 0, 0, 0, 0, 0, 0, 0]], "4864.sol": [0, [0, 0, 0, 0, 0, 0, 0, 0, 0, 0]], "32690.sol": [0, [0, 0, 0, 0, 0, 0, 0, 0, 0, 0]], "29183.sol": [0, [0, 0, 0, 0, 0, 0, 0, 0, 0, 0]], "8100.sol": [0, [0, 0, 0, 0, 0, 0, 0, 0, 0, 0]], "22200.sol": [1, [0, 0, 1, 1, 0, 0, 0, 0, 0, 0]], "7742.sol": [0, [0, 0, 0, 0, 0, 0, 0, 0, 0, 0]], "10994.sol": [0, [0, 0, 0, 0, 0, 0, 0, 0, 0, 0]], "29417.sol": [0, [0, 0, 0, 0, 0, 0, 0, 0, 0, 0]], "23687.sol": [0, [0, 0, 0, 0, 0, 0, 0, 0, 0, 0]], "9853.sol": [0, [0, 0, 0, 0, 0, 0, 0, 0, 0, 0]], "22448.sol": [0, [0, 0, 0, 0, 0, 0, 0, 0, 0, 0]], "8752.sol": [0, [0, 0, 0, 0, 0, 0, 0, 0, 0, 0]], "28361.sol": [0, [0, 0, 0, 0, 0, 0, 0, 0, 0, 0]], "15733.sol": [0, [0, 0, 0, 0, 0, 0, 0, 0, 0, 0]], "28599.sol": [0, [0, 0, 0, 0, 0, 0, 0, 0, 0, 0]], "36944.sol": [0, [0, 0, 0, 0, 0, 0, 0, 0, 0, 0]], "13788.sol": [0, [0, 0, 0, 0, 0, 0, 0, 0, 0, 0]], "11888.sol": [0, [0, 0, 0, 0, 0, 0, 0, 0, 0, 0]], "5538.sol": [0, [0, 0, 0, 0, 0, 0, 0, 0, 0, 0]], "28571.sol": [0, [0, 0, 0, 0, 0, 0, 0, 0, 0, 0]], "2814.sol": [0, [0, 0, 0, 0, 0, 0, 0, 0, 0, 0]], "4707.sol": [0, [0, 0, 0, 0, 0, 0, 0, 0, 0, 0]], "18621.sol": [0, [0, 0, 0, 0, 0, 0, 0, 0, 0, 0]], "497.sol": [0, [0, 0, 0, 0, 0, 0, 0, 0, 0, 0]], "11003.sol": [0, [0, 0, 0, 0, 0, 0, 0, 0, 0, 0]], "33409.sol": [0, [0, 0, 0, 0, 0, 0, 0, 0, 0, 0]], "39252.sol": [0, [0, 0, 0, 0, 0, 0, 0, 0, 0, 0]], "12870.sol": [0, [0, 0, 0, 0, 0, 0, 0, 0, 0, 0]], "38121.sol": [0, [0, 0, 0, 0, 0, 0, 0, 0, 0, 0]], "4323.sol": [0, [0, 0, 0, 0, 0, 0, 0, 0, 0, 0]], "4430.sol": [0, [0, 0, 0, 0, 0, 0, 0, 0, 0, 0]], "1004.sol": [0, [0, 0, 0, 0, 0, 0, 0, 0, 0, 0]], "5035.sol": [0, [0, 0, 0, 0, 0, 0, 0, 0, 0, 0]], "23642.sol": [0, [0, 0, 0, 0, 0, 0, 0, 0, 0, 0]], "5679.sol": [0, [0, 0, 0, 0, 0, 0, 0, 0, 0, 0]], "26060.sol": [0, [0, 0, 0, 0, 0, 0, 0, 0, 0, 0]], "2609.sol": [0, [0, 0, 0, 0, 0, 0, 0, 0, 0, 0]], "19997.sol": [0, [0, 0, 0, 0, 0, 0, 0, 0, 0, 0]], "5808.sol": [0, [0, 0, 0, 0, 0, 0, 0, 0, 0, 0]], "16812.sol": [0, [0, 0, 0, 0, 0, 0, 0, 0, 0, 0]], "29122.sol": [0, [0, 0, 0, 0, 0, 0, 0, 0, 0, 0]], "8035.sol": [0, [0, 0, 0, 0, 0, 0, 0, 0, 0, 0]], "26495.sol": [0, [0, 0, 0, 0, 0, 0, 0, 0, 0, 0]], "11030.sol": [0, [0, 0, 0, 0, 0, 0, 0, 0, 0, 0]], "12864.sol": [0, [0, 0, 0, 0, 0, 0, 0, 0, 0, 0]], "20951.sol": [0, [0, 0, 0, 0, 0, 0, 0, 0, 0, 0]], "39675.sol": [0, [0, 0, 0, 0, 0, 0, 0, 0, 0, 0]], "8664.sol": [0, [0, 0, 0, 0, 0, 0, 0, 0, 0, 0]], "5078.sol": [0, [0, 0, 0, 0, 0, 0, 0, 0, 0, 0]], "1406.sol": [0, [0, 0, 0, 0, 0, 0, 0, 0, 0, 0]], "7183.sol": [0, [0, 0, 0, 0, 0, 0, 0, 0, 0, 0]], "19005.sol": [0, [0, 0, 0, 0, 0, 0, 0, 0, 0, 0]], "31057.sol": [0, [0, 0, 0, 0, 0, 0, 0, 0, 0, 0]], "9260.sol": [0, [0, 0, 0, 0, 0, 0, 0, 0, 0, 0]], "3579.sol": [0, [0, 0, 0, 0, 0, 0, 0, 0, 0, 0]], "9534.sol": [0, [0, 0, 0, 0, 0, 0, 0, 0, 0, 0]], "26615.sol": [0, [0, 0, 0, 0, 0, 0, 0, 0, 0, 0]], "3823.sol": [0, [0, 0, 0, 0, 0, 0, 0, 0, 0, 0]], "18091.sol": [0, [0, 0, 0, 0, 0, 0, 0, 0, 0, 0]], "10129.sol": [0, [0, 0, 0, 0, 0, 0, 0, 0, 0, 0]], "4685.sol": [1, [0, 0, 0, 0, 0, 0, 1, 1, 0, 0]], "9231.sol": [0, [0, 0, 0, 0, 0, 0, 0, 0, 0, 0]], "39020.sol": [0, [0, 0, 0, 0, 0, 0, 0, 0, 0, 0]], "1391.sol": [0, [0, 0, 0, 0, 0, 0, 0, 0, 0, 0]], "32621.sol": [0, [0, 0, 0, 0, 0, 0, 0, 0, 0, 0]], "17896.sol": [0, [0, 0, 0, 0, 0, 0, 0, 0, 0, 0]], "6380.sol": [1, [0, 1, 1, 0, 0, 0, 0, 0, 0, 0]], "39598.sol": [0, [0, 0, 0, 0, 0, 0, 0, 0, 0, 0]], "27147.sol": [0, [0, 0, 0, 0, 0, 0, 0, 0, 0, 0]], "8818.sol": [0, [0, 0, 0, 0, 0, 0, 0, 0, 0, 0]], "27631.sol": [0, [0, 0, 0, 0, 0, 0, 0, 0, 0, 0]], "17170.sol": [0, [0, 0, 0, 0, 0, 0, 0, 0, 0, 0]], "5678.sol": [0, [0, 0, 0, 0, 0, 0, 0, 0, 0, 0]], "6932.sol": [0, [0, 0, 0, 0, 0, 0, 0, 0, 0, 0]], "23508.sol": [0, [0, 0, 0, 0, 0, 0, 0, 0, 0, 0]], "25357.sol": [0, [0, 0, 0, 0, 0, 0, 0, 0, 0, 0]], "23842.sol": [0, [0, 0, 0, 0, 0, 0, 0, 0, 0, 0]], "26528.sol": [0, [0, 0, 0, 0, 0, 0, 0, 0, 0, 0]], "17497.sol": [0, [0, 0, 0, 0, 0, 0, 0, 0, 0, 0]], "4207.sol": [0, [0, 0, 0, 0, 0, 0, 0, 0, 0, 0]], "38878.sol": [0, [0, 0, 0, 0, 0, 0, 0, 0, 0, 0]], "20471.sol": [0, [0, 0, 0, 0, 0, 0, 0, 0, 0, 0]], "31941.sol": [0, [0, 0, 0, 0, 0, 0, 0, 0, 0, 0]], "12999.sol": [0, [0, 0, 0, 0, 0, 0, 0, 0, 0, 0]], "705.sol": [0, [0, 0, 0, 0, 0, 0, 0, 0, 0, 0]], "6173.sol": [0, [0, 0, 0, 0, 0, 0, 0, 0, 0, 0]], "31492.sol": [0, [0, 0, 0, 0, 0, 0, 0, 0, 0, 0]], "19185.sol": [0, [0, 0, 0, 0, 0, 0, 0, 0, 0, 0]], "28837.sol": [0, [0, 0, 0, 0, 0, 0, 0, 0, 0, 0]], "356.sol": [0, [0, 0, 0, 0, 0, 0, 0, 0, 0, 0]], "3622.sol": [0, [0, 0, 0, 0, 0, 0, 0, 0, 0, 0]], "29448.sol": [0, [0, 0, 0, 0, 0, 0, 0, 0, 0, 0]], "7121.sol": [0, [0, 0, 0, 0, 0, 0, 0, 0, 0, 0]], "9601.sol": [0, [0, 0, 0, 0, 0, 0, 0, 0, 0, 0]], "8263.sol": [0, [0, 0, 0, 0, 0, 0, 0, 0, 0, 0]], "4049.sol": [0, [0, 0, 0, 0, 0, 0, 0, 0, 0, 0]], "40027.sol": [0, [0, 0, 0, 0, 0, 0, 0, 0, 0, 0]], "17264.sol": [0, [0, 0, 0, 0, 0, 0, 0, 0, 0, 0]], "25941.sol": [1, [1, 1, 1, 1, 1, 1, 1, 1, 1, 1]], "38425.sol": [0, [0, 0, 0, 0, 0, 0, 0, 0, 0, 0]], "6316.sol": [0, [0, 0, 0, 0, 0, 0, 0, 0, 0, 0]], "6087.sol": [0, [0, 0, 0, 0, 0, 0, 0, 0, 0, 0]], "7143.sol": [0, [0, 0, 0, 0, 0, 0, 0, 0, 0, 0]], "8330.sol": [0, [0, 0, 0, 0, 0, 0, 0, 0, 0, 0]], "34157.sol": [0, [0, 0, 0, 0, 0, 0, 0, 0, 0, 0]], "29997.sol": [0, [0, 0, 0, 0, 0, 0, 0, 0, 0, 0]], "12696.sol": [0, [0, 0, 0, 0, 0, 0, 0, 0, 0, 0]], "35495.sol": [0, [0, 0, 0, 0, 0, 0, 0, 0, 0, 0]], "15764.sol": [0, [0, 0, 0, 0, 0, 0, 0, 0, 0, 0]], "36237.sol": [1, [0, 0, 0, 0, 0, 1, 0, 0, 0, 0]], "37051.sol": [1, [1, 1, 1, 0, 1, 0, 0, 0, 0, 0]], "36510.sol": [0, [0, 0, 0, 0, 0, 0, 0, 0, 0, 0]], "11897.sol": [1, [0, 1, 1, 1, 0, 0, 0, 0, 0, 0]], "26712.sol": [1, [0, 0, 0, 0, 0, 0, 0, 1, 0, 1]], "24761.sol": [1, [1, 1, 1, 0, 1, 0, 0, 0, 0, 0]], "19060.sol": [1, [0, 1, 0, 1, 0, 0, 0, 0, 0, 0]], "8284.sol": [1, [0, 0, 0, 0, 0, 0, 0, 1, 0, 0]], "39956.sol": [1, [0, 1, 0, 0, 0, 0, 0, 0, 0, 0]], "26717.sol": [0, [0, 0, 0, 0, 0, 0, 0, 0, 0, 0]], "8515.sol": [1, [0, 1, 0, 0, 0, 0, 0, 1, 0, 0]], "19640.sol": [0, [0, 0, 0, 0, 0, 0, 0, 0, 0, 0]], "1000.sol": [1, [1, 1, 1, 0, 1, 0, 0, 0, 0, 0]], "1103.sol": [1, [1, 1, 1, 0, 1, 0, 0, 0, 0, 0]], "17635.sol": [1, [1, 1, 1, 1, 1, 1, 0, 1, 0, 0]], "33447.sol": [1, [1, 1, 1, 0, 1, 0, 0, 1, 0, 0]], "15898.sol": [1, [1, 1, 1, 1, 1, 1, 1, 1, 1, 1]], "18158.sol": [1, [0, 0, 1, 0, 1, 0, 1, 0, 0, 0]], "35608.sol": [1, [1, 0, 1, 0, 0, 0, 0, 0, 0, 0]], "40626.sol": [1, [1, 0, 1, 0, 0, 0, 0, 1, 0, 0]], "31252.sol": [1, [0, 1, 1, 0, 0, 0, 0, 0, 0, 0]], "14549.sol": [1, [0, 1, 0, 0, 0, 0, 0, 0, 1, 0]], "18600.sol": [0, [0, 0, 0, 0, 0, 0, 0, 0, 0, 0]], "36192.sol": [1, [1, 1, 0, 0, 0, 0, 0, 0, 0, 0]], "33808.sol": [1, [1, 1, 1, 1, 1, 1, 1, 1, 1, 0]], "1877.sol": [1, [1, 1, 1, 0, 1, 0, 0, 0, 0, 0]], "12197.sol": [1, [1, 1, 1, 0, 1, 0, 0, 0, 0, 0]], "5911.sol": [0, [0, 0, 0, 0, 0, 0, 0, 0, 0, 0]], "28421.sol": [1, [0, 0, 0, 0, 0, 0, 1, 0, 0, 0]], "399.sol": [0, [0, 0, 0, 0, 0, 0, 0, 0, 0, 0]], "32531.sol": [0, [0, 0, 0, 0, 0, 0, 0, 0, 0, 0]], "15465.sol": [1, [1, 1, 1, 1, 1, 1, 1, 1, 1, 1]], "19463.sol": [1, [1, 1, 1, 1, 1, 1, 1, 1, 1, 1]], "36136.sol": [1, [1, 0, 0, 0, 0, 0, 0, 0, 0, 1]], "9608.sol": [1, [1, 1, 1, 1, 1, 1, 1, 1, 0, 0]], "7622.sol": [1, [0, 0, 0, 0, 0, 0, 0, 0, 0, 1]], "28520.sol": [1, [1, 1, 1, 1, 1, 1, 1, 1, 1, 1]], "36004.sol": [0, [0, 0, 0, 0, 0, 0, 0, 0, 0, 0]], "7946.sol": [1, [0, 0, 0, 0, 0, 0, 0, 1, 0, 0]], "6449.sol": [0, [0, 0, 0, 0, 0, 0, 0, 0, 0, 0]], "20961.sol": [1, [0, 0, 1, 0, 0, 0, 1, 0, 1, 0]], "2353.sol": [1, [1, 0, 1, 0, 0, 0, 0, 0, 0, 0]], "39413.sol": [1, [0, 0, 0, 0, 0, 1, 1, 1, 0, 0]], "127.sol": [0, [0, 0, 0, 0, 0, 0, 0, 0, 0, 0]], "36350.sol": [1, [0, 1, 1, 1, 1, 0, 1, 1, 0, 1]], "32457.sol": [0, [0, 0, 0, 0, 0, 0, 0, 0, 0, 0]], "23502.sol": [0, [0, 0, 0, 0, 0, 0, 0, 0, 0, 0]], "18428.sol": [1, [0, 1, 1, 1, 1, 1, 0, 1, 1, 1]], "38708.sol": [1, [1, 1, 1, 1, 1, 1, 0, 1, 1, 1]], "24035.sol": [1, [0, 1, 0, 0, 0, 0, 0, 0, 0, 0]], "30310.sol": [0, [0, 0, 0, 0, 0, 0, 0, 0, 0, 0]], "1106.sol": [1, [1, 1, 1, 1, 1, 1, 1, 1, 1, 1]], "22392.sol": [1, [0, 1, 0, 1, 0, 0, 1, 1, 0, 1]], "8900.sol": [1, [0, 0, 0, 0, 0, 0, 0, 0, 1, 0]], "38954.sol": [0, [0, 0, 0, 0, 0, 0, 0, 0, 0, 0]], "30719.sol": [0, [0, 0, 0, 0, 0, 0, 0, 0, 0, 0]], "29754.sol": [0, [0, 0, 0, 0, 0, 0, 0, 0, 0, 0]], "33211.sol": [1, [1, 1, 0, 0, 0, 0, 0, 0, 0, 0]], "32482.sol": [0, [0, 0, 0, 0, 0, 0, 0, 0, 0, 0]], "25468.sol": [0, [0, 0, 0, 0, 0, 0, 0, 0, 0, 0]], "26812.sol": [1, [1, 1, 1, 0, 1, 0, 0, 0, 0, 0]], "19570.sol": [1, [1, 0, 1, 1, 0, 0, 0, 1, 1, 0]], "40624.sol": [1, [1, 0, 1, 0, 0, 0, 1, 0, 0, 0]], "26409.sol": [1, [0, 1, 0, 1, 0, 0, 1, 1, 0, 1]], "37454.sol": [0, [0, 0, 0, 0, 0, 0, 0, 0, 0, 0]], "16524.sol": [0, [0, 0, 0, 0, 0, 0, 0, 0, 0, 0]], "26211.sol": [0, [0, 0, 0, 0, 0, 0, 0, 0, 0, 0]], "33364.sol": [1, [1, 0, 0, 0, 0, 0, 0, 0, 0, 0]], "39955.sol": [1, [0, 1, 0, 0, 0, 0, 0, 0, 0, 0]], "29759.sol": [1, [1, 1, 1, 1, 1, 1, 1, 1, 1, 1]], "37453.sol": [1, [0, 0, 0, 0, 1, 0, 1, 0, 0, 0]], "30454.sol": [1, [1, 0, 0, 1, 0, 0, 0, 0, 0, 0]], "27556.sol": [1, [0, 1, 1, 0, 0, 1, 1, 0, 1, 1]], "21231.sol": [0, [0, 0, 0, 0, 0, 0, 0, 0, 0, 0]], "25002.sol": [1, [0, 1, 0, 1, 0, 0, 1, 1, 0, 1]], "35284.sol": [0, [0, 0, 0, 0, 0, 0, 0, 0, 0, 0]], "19456.sol": [0, [0, 0, 0, 0, 0, 0, 0, 0, 0, 0]], "16826.sol": [1, [0, 0, 0, 0, 0, 0, 0, 1, 1, 1]], "29179.sol": [1, [0, 0, 0, 1, 0, 1, 0, 0, 0, 0]], "38766.sol": [1, [1, 1, 1, 1, 1, 1, 0, 1, 1, 1]], "372.sol": [0, [0, 0, 0, 0, 0, 0, 0, 0, 0, 0]], "21980.sol": [1, [1, 1, 1, 0, 1, 0, 0, 0, 0, 0]], "35027.sol": [1, [0, 0, 0, 0, 0, 0, 0, 0, 0, 1]], "10940.sol": [1, [1, 1, 1, 0, 0, 0, 0, 0, 0, 0]], "27363.sol": [1, [0, 0, 0, 1, 0, 1, 1, 1, 0, 0]], "4135.sol": [1, [1, 1, 1, 1, 1, 1, 1, 1, 0, 0]], "17057.sol": [1, [1, 1, 1, 0, 1, 1, 1, 1, 1, 1]], "8045.sol": [1, [1, 1, 1, 0, 0, 0, 0, 0, 0, 0]], "37241.sol": [1, [0, 1, 1, 0, 1, 1, 0, 1, 0, 1]], "24819.sol": [1, [0, 0, 0, 0, 0, 1, 1, 0, 0, 0]], "26337.sol": [1, [0, 1, 0, 1, 0, 0, 1, 1, 0, 1]], "27944.sol": [0, [0, 0, 0, 0, 0, 0, 0, 0, 0, 0]], "16245.sol": [1, [1, 1, 1, 0, 1, 0, 0, 0, 0, 0]], "35830.sol": [1, [1, 1, 1, 1, 1, 1, 1, 1, 1, 1]], "19300.sol": [0, [0, 0, 0, 0, 0, 0, 0, 0, 0, 0]], "6324.sol": [1, [0, 0, 0, 0, 0, 0, 1, 1, 0, 0]], "17152.sol": [1, [1, 1, 1, 1, 1, 1, 1, 1, 1, 1]], "26224.sol": [1, [1, 1, 1, 0, 1, 0, 0, 0, 0, 0]], "20324.sol": [0, [0, 0, 0, 0, 0, 0, 0, 0, 0, 0]], "14114.sol": [0, [0, 0, 0, 0, 0, 0, 0, 0, 0, 0]], "34233.sol": [0, [0, 0, 0, 0, 0, 0, 0, 0, 0, 0]], "25268.sol": [1, [1, 0, 1, 0, 0, 0, 0, 0, 0, 0]], "14834.sol": [0, [0, 0, 0, 0, 0, 0, 0, 0, 0, 0]], "18738.sol": [1, [0, 1, 1, 1, 0, 0, 0, 0, 1, 0]], "1035.sol": [1, [1, 1, 1, 0, 0, 1, 0, 0, 0, 0]], "11200.sol": [1, [0, 1, 1, 0, 0, 0, 0, 0, 1, 0]], "13520.sol": [1, [1, 1, 1, 1, 1, 1, 1, 0, 1, 1]], "40567.sol": [1, [1, 1, 1, 1, 1, 1, 1, 1, 1, 1]], "23858.sol": [0, [0, 0, 0, 0, 0, 0, 0, 0, 0, 0]], "39963.sol": [1, [0, 1, 0, 0, 0, 0, 0, 0, 0, 0]], "6287.sol": [1, [1, 1, 1, 0, 1, 0, 0, 0, 0, 0]], "37096.sol": [0, [0, 0, 0, 0, 0, 0, 0, 0, 0, 0]], "32996.sol": [1, [0, 1, 1, 1, 1, 1, 0, 0, 0, 0]], "39925.sol": [1, [1, 0, 0, 0, 0, 0, 0, 0, 0, 0]], "28418.sol": [1, [0, 0, 0, 0, 0, 0, 1, 0, 0, 0]], "17818.sol": [0, [0, 0, 0, 0, 0, 0, 0, 0, 0, 0]], "34196.sol": [0, [0, 0, 0, 0, 0, 0, 0, 0, 0, 0]], "30167.sol": [1, [0, 0, 0, 0, 1, 1, 1, 1, 1, 0]], "36142.sol": [0, [0, 0, 0, 0, 0, 0, 0, 0, 0, 0]], "20271.sol": [1, [1, 1, 1, 0, 0, 0, 0, 0, 0, 0]], "14833.sol": [1, [0, 1, 0, 0, 0, 0, 1, 0, 0, 0]], "2104.sol": [1, [1, 1, 1, 0, 1, 0, 0, 0, 0, 0]], "5929.sol": [1, [1, 1, 1, 0, 0, 0, 0, 0, 0, 0]], "4851.sol": [0, [0, 0, 0, 0, 0, 0, 0, 0, 0, 0]], "6882.sol": [0, [0, 0, 0, 0, 0, 0, 0, 0, 0, 0]], "2708.sol": [1, [1, 1, 1, 1, 0, 0, 0, 0, 0, 0]], "21807.sol": [1, [0, 1, 0, 0, 0, 1, 0, 0, 0, 1]], "32761.sol": [1, [0, 1, 1, 1, 1, 1, 0, 0, 0, 0]], "13265.sol": [1, [1, 1, 1, 0, 0, 0, 0, 0, 0, 0]], "38704.sol": [1, [1, 1, 1, 0, 0, 0, 0, 0, 0, 0]], "7486.sol": [1, [0, 0, 0, 0, 0, 0, 0, 0, 0, 1]], "12689.sol": [1, [1, 1, 1, 1, 1, 1, 1, 0, 1, 1]], "17716.sol": [0, [0, 0, 0, 0, 0, 0, 0, 0, 0, 0]], "36961.sol": [1, [1, 0, 0, 0, 0, 0, 0, 0, 0, 0]], "35144.sol": [0, [0, 0, 0, 0, 0, 0, 0, 0, 0, 0]], "39902.sol": [1, [0, 0, 0, 0, 0, 0, 1, 0, 0, 0]], "17986.sol": [1, [1, 1, 1, 0, 0, 0, 0, 0, 0, 0]], "37925.sol": [0, [0, 0, 0, 0, 0, 0, 0, 0, 0, 0]], "21174.sol": [1, [1, 1, 1, 1, 1, 1, 1, 1, 1, 1]], "13181.sol": [1, [1, 1, 1, 1, 1, 1, 1, 1, 1, 0]], "31110.sol": [1, [0, 1, 1, 0, 1, 0, 0, 0, 0, 0]], "38391.sol": [1, [0, 0, 0, 1, 0, 0, 0, 0, 0, 0]], "1849.sol": [1, [1, 1, 0, 0, 0, 0, 0, 0, 0, 0]], "27495.sol": [1, [1, 1, 1, 0, 0, 0, 0, 1, 1, 0]], "17922.sol": [0, [0, 0, 0, 0, 0, 0, 0, 0, 0, 0]], "10746.sol": [0, [0, 0, 0, 0, 0, 0, 0, 0, 0, 0]], "35457.sol": [1, [1, 1, 0, 0, 0, 0, 0, 0, 1, 0]], "23292.sol": [1, [1, 1, 1, 1, 1, 1, 1, 1, 1, 1]], "27033.sol": [1, [1, 0, 0, 0, 0, 0, 0, 0, 0, 0]], "3538.sol": [0, [0, 0, 0, 0, 0, 0, 0, 0, 0, 0]], "19106.sol": [1, [0, 0, 0, 0, 0, 0, 0, 1, 1, 1]], "34263.sol": [0, [0, 0, 0, 0, 0, 0, 0, 0, 0, 0]], "30286.sol": [0, [0, 0, 0, 0, 0, 0, 0, 0, 0, 0]], "12035.sol": [1, [1, 1, 1, 0, 0, 0, 0, 0, 0, 0]], "24708.sol": [1, [1, 1, 1, 1, 1, 1, 1, 1, 1, 1]], "25267.sol": [1, [1, 0, 0, 1, 0, 0, 0, 0, 0, 0]], "33106.sol": [0, [0, 0, 0, 0, 0, 0, 0, 0, 0, 0]], "16827.sol": [1, [0, 0, 0, 0, 0, 0, 0, 1, 1, 1]], "14356.sol": [0, [0, 0, 0, 0, 0, 0, 0, 0, 0, 0]], "21913.sol": [1, [0, 0, 0, 0, 0, 1, 0, 0, 0, 0]], "24052.sol": [0, [0, 0, 0, 0, 0, 0, 0, 0, 0, 0]], "34891.sol": [1, [0, 0, 0, 0, 0, 0, 0, 0, 0, 1]], "38465.sol": [1, [0, 0, 0, 0, 1, 0, 0, 0, 0, 0]], "9970.sol": [1, [0, 1, 0, 1, 1, 0, 0, 0, 0, 0]], "34428.sol": [0, [0, 0, 0, 0, 0, 0, 0, 0, 0, 0]], "27794.sol": [1, [0, 0, 0, 1, 0, 1, 1, 1, 0, 0]], "11175.sol": [1, [1, 1, 1, 0, 1, 1, 1, 0, 1, 1]], "37347.sol": [0, [0, 0, 0, 0, 0, 0, 0, 0, 0, 0]], "19602.sol": [1, [0, 0, 1, 0, 0, 0, 0, 0, 0, 0]], "13527.sol": [1, [1, 1, 1, 1, 1, 1, 1, 0, 1, 1]], "25612.sol": [1, [1, 0, 0, 0, 0, 0, 0, 0, 0, 0]], "1263.sol": [1, [1, 1, 1, 1, 1, 1, 1, 1, 1, 1]], "17790.sol": [1, [1, 1, 1, 1, 1, 1, 0, 1, 0, 0]], "33744.sol": [1, [0, 0, 0, 0, 0, 0, 1, 0, 0, 0]], "16118.sol": [0, [0, 0, 0, 0, 0, 0, 0, 0, 0, 0]], "14102.sol": [1, [1, 1, 1, 1, 1, 1, 1, 1, 1, 1]], "11640.sol": [1, [1, 1, 1, 1, 1, 1, 1, 1, 1, 1]], "40220.sol": [1, [1, 1, 1, 1, 1, 1, 1, 0, 1, 1]], "40648.sol": [1, [1, 1, 0, 0, 0, 0, 0, 0, 1, 1]], "12532.sol": [1, [1, 1, 1, 0, 0, 0, 0, 0, 0, 0]], "18230.sol": [0, [0, 0, 0, 0, 0, 0, 0, 0, 0, 0]], "16234.sol": [1, [1, 1, 1, 1, 1, 1, 1, 1, 1, 1]], "17410.sol": [1, [1, 1, 1, 1, 1, 1, 1, 1, 1, 1]], "18683.sol": [1, [0, 0, 0, 0, 0, 0, 1, 0, 0, 0]], "28425.sol": [1, [0, 0, 0, 0, 0, 0, 1, 0, 0, 0]], "29014.sol": [1, [0, 0, 0, 1, 0, 1, 0, 0, 0, 0]], "35258.sol": [1, [1, 1, 1, 1, 1, 1, 1, 1, 1, 1]], "35833.sol": [1, [1, 0, 0, 1, 0, 0, 0, 0, 0, 0]], "941.sol": [1, [1, 1, 1, 0, 1, 0, 0, 0, 0, 0]], "15056.sol": [1, [0, 0, 0, 0, 0, 0, 0, 0, 1, 0]], "17949.sol": [0, [0, 0, 0, 0, 0, 0, 0, 0, 0, 0]], "23515.sol": [1, [0, 0, 0, 0, 0, 0, 0, 0, 1, 0]], "20959.sol": [1, [0, 0, 1, 0, 0, 0, 1, 1, 0, 0]], "22215.sol": [1, [0, 0, 1, 1, 0, 0, 0, 0, 1, 0]], "32675.sol": [0, [0, 0, 0, 0, 0, 0, 0, 0, 0, 0]], "25303.sol": [1, [0, 1, 0, 1, 0, 0, 1, 1, 0, 1]], "36322.sol": [1, [1, 0, 0, 0, 0, 0, 0, 0, 0, 1]], "39736.sol": [1, [0, 0, 1, 0, 1, 0, 1, 1, 0, 0]], "14929.sol": [0, [0, 0, 0, 0, 0, 0, 0, 0, 0, 0]], "31080.sol": [0, [0, 0, 0, 0, 0, 0, 0, 0, 0, 0]], "22615.sol": [1, [0, 0, 1, 0, 0, 0, 0, 1, 0, 1]], "36227.sol": [1, [0, 0, 0, 0, 0, 1, 0, 0, 0, 0]], "15045.sol": [0, [0, 0, 0, 0, 0, 0, 0, 0, 0, 0]], "31316.sol": [1, [1, 0, 1, 0, 0, 0, 0, 0, 0, 0]], "10297.sol": [0, [0, 0, 0, 0, 0, 0, 0, 0, 0, 0]], "36986.sol": [0, [0, 0, 0, 0, 0, 0, 0, 0, 0, 0]], "36131.sol": [1, [1, 0, 0, 0, 0, 0, 0, 0, 0, 1]], "25373.sol": [1, [1, 1, 0, 0, 0, 1, 1, 0, 0, 0]], "34063.sol": [1, [1, 0, 0, 0, 0, 0, 0, 1, 0, 0]], "23660.sol": [1, [0, 0, 0, 0, 0, 1, 0, 0, 0, 0]], "21767.sol": [1, [1, 1, 1, 0, 1, 0, 0, 0, 0, 0]], "38709.sol": [0, [0, 0, 0, 0, 0, 0, 0, 0, 0, 0]], "22850.sol": [0, [0, 0, 0, 0, 0, 0, 0, 0, 0, 0]], "32513.sol": [1, [1, 1, 1, 1, 1, 1, 1, 1, 1, 1]], "21967.sol": [1, [1, 1, 1, 1, 1, 1, 1, 1, 1, 1]], "27713.sol": [1, [1, 1, 1, 1, 1, 1, 1, 1, 1, 1]], "33389.sol": [1, [1, 0, 0, 0, 0, 0, 0, 0, 0, 0]], "13703.sol": [1, [1, 1, 1, 0, 0, 0, 0, 0, 0, 0]], "38927.sol": [0, [0, 0, 0, 0, 0, 0, 0, 0, 0, 0]], "23441.sol": [1, [0, 0, 0, 0, 0, 0, 1, 1, 0, 1]], "11218.sol": [0, [0, 0, 0, 0, 0, 0, 0, 0, 0, 0]], "36285.sol": [1, [1, 1, 1, 0, 0, 0, 0, 1, 0, 1]], "37377.sol": [0, [0, 0, 0, 0, 0, 0, 0, 0, 0, 0]], "3378.sol": [0, [0, 0, 0, 0, 0, 0, 0, 0, 0, 0]], "12034.sol": [1, [1, 1, 1, 0, 0, 0, 0, 0, 0, 0]], "38788.sol": [1, [1, 1, 1, 0, 1, 1, 1, 1, 1, 1]], "11075.sol": [1, [1, 1, 1, 0, 0, 0, 0, 0, 0, 0]], "13462.sol": [1, [1, 1, 1, 0, 0, 0, 0, 0, 0, 0]], "3210.sol": [1, [0, 0, 0, 0, 0, 0, 0, 0, 1, 1]], "38377.sol": [0, [0, 0, 0, 0, 0, 0, 0, 0, 0, 0]], "29013.sol": [1, [0, 0, 0, 1, 0, 1, 0, 0, 0, 0]], "26501.sol": [1, [0, 0, 0, 0, 0, 0, 0, 1, 1, 0]], "27116.sol": [0, [0, 0, 0, 0, 0, 0, 0, 0, 0, 0]], "37888.sol": [0, [0, 0, 0, 0, 0, 0, 0, 0, 0, 0]], "15879.sol": [0, [0, 0, 0, 0, 0, 0, 0, 0, 0, 0]], "33248.sol": [1, [1, 1, 0, 0, 0, 0, 0, 0, 0, 0]], "22226.sol": [1, [0, 0, 0, 0, 0, 1, 0, 0, 0, 0]], "35259.sol": [1, [1, 0, 1, 0, 0, 0, 0, 0, 0, 0]], "36836.sol": [0, [0, 0, 0, 0, 0, 0, 0, 0, 0, 0]]}