{"31606.sol": [0, [0, 0, 0, 0, 0, 0, 0, 0, 0, 0]], "24896.sol": [0, [0, 0, 0, 0, 0, 0, 0, 0, 0, 0]], "24395.sol": [0, [0, 0, 0, 0, 0, 0, 0, 0, 0, 0]], "32395.sol": [0, [0, 0, 0, 0, 0, 0, 0, 0, 0, 0]], "15832.sol": [0, [0, 0, 0, 0, 0, 0, 0, 0, 0, 0]], "7069.sol": [0, [0, 0, 0, 0, 0, 0, 0, 0, 0, 0]], "23719.sol": [0, [0, 0, 0, 0, 0, 0, 0, 0, 0, 0]], "400.sol": [0, [0, 0, 0, 0, 0, 0, 0, 0, 0, 0]], "11687.sol": [0, [0, 0, 0, 0, 0, 0, 0, 0, 0, 0]], "5232.sol": [0, [0, 0, 0, 0, 0, 0, 0, 0, 0, 0]], "11064.sol": [0, [0, 0, 0, 0, 0, 0, 0, 0, 0, 0]], "15486.sol": [0, [0, 0, 0, 0, 0, 0, 0, 0, 0, 0]], "2390.sol": [0, [0, 0, 0, 0, 0, 0, 0, 0, 0, 0]], "35575.sol": [0, [0, 0, 0, 0, 0, 0, 0, 0, 0, 0]], "18516.sol": [0, [0, 0, 0, 0, 0, 0, 0, 0, 0, 0]], "6438.sol": [0, [0, 0, 0, 0, 0, 0, 0, 0, 0, 0]], "37263.sol": [0, [0, 0, 0, 0, 0, 0, 0, 0, 0, 0]], "33639.sol": [0, [0, 0, 0, 0, 0, 0, 0, 0, 0, 0]], "24428.sol": [0, [0, 0, 0, 0, 0, 0, 0, 0, 0, 0]], "7874.sol": [0, [0, 0, 0, 0, 0, 0, 0, 0, 0, 0]], "17164.sol": [0, [0, 0, 0, 0, 0, 0, 0, 0, 0, 0]], "13067.sol": [0, [0, 0, 0, 0, 0, 0, 0, 0, 0, 0]], "32136.sol": [0, [0, 0, 0, 0, 0, 0, 0, 0, 0, 0]], "15066.sol": [0, [0, 0, 0, 0, 0, 0, 0, 0, 0, 0]], "16849.sol": [0, [0, 0, 0, 0, 0, 0, 0, 0, 0, 0]], "13361.sol": [0, [0, 0, 0, 0, 0, 0, 0, 0, 0, 0]], "12192.sol": [1, [1, 1, 0, 0, 0, 0, 0, 0, 0, 0]], "23834.sol": [0, [0, 0, 0, 0, 0, 0, 0, 0, 0, 0]], "15647.sol": [0, [0, 0, 0, 0, 0, 0, 0, 0, 0, 0]], "34964.sol": [0, [0, 0, 0, 0, 0, 0, 0, 0, 0, 0]], "24360.sol": [0, [0, 0, 0, 0, 0, 0, 0, 0, 0, 0]], "26747.sol": [0, [0, 0, 0, 0, 0, 0, 0, 0, 0, 0]], "10267.sol": [0, [0, 0, 0, 0, 0, 0, 0, 0, 0, 0]], "28565.sol": [0, [0, 0, 0, 0, 0, 0, 0, 0, 0, 0]], "19020.sol": [0, [0, 0, 0, 0, 0, 0, 0, 0, 0, 0]], "21517.sol": [0, [0, 0, 0, 0, 0, 0, 0, 0, 0, 0]], "14829.sol": [0, [0, 0, 0, 0, 0, 0, 0, 0, 0, 0]], "40725.sol": [0, [0, 0, 0, 0, 0, 0, 0, 0, 0, 0]], "28852.sol": [0, [0, 0, 0, 0, 0, 0, 0, 0, 0, 0]], "25917.sol": [0, [0, 0, 0, 0, 0, 0, 0, 0, 0, 0]], "10369.sol": [0, [0, 0, 0, 0, 0, 0, 0, 0, 0, 0]], "9410.sol": [0, [0, 0, 0, 0, 0, 0, 0, 0, 0, 0]], "47.sol": [1, [1, 1, 1, 1, 0, 0, 0, 0, 0, 0]], "23585.sol": [0, [0, 0, 0, 0, 0, 0, 0, 0, 0, 0]], "7525.sol": [0, [0, 0, 0, 0, 0, 0, 0, 0, 0, 0]], "5400.sol": [0, [0, 0, 0, 0, 0, 0, 0, 0, 0, 0]], "6862.sol": [0, [0, 0, 0, 0, 0, 0, 0, 0, 0]], "23911.sol": [1, [1, 1, 0, 0, 0, 0, 0, 0, 0, 0]], "16160.sol": [1, [1, 1, 1, 1, 1, 0, 0, 0, 1, 0]], "14474.sol": [0, [0, 0, 0, 0, 0, 0, 0, 0, 0, 0]], "38588.sol": [1, [1, 1, 1, 1, 1, 1, 1, 1, 1, 1]], "15964.sol": [0, [0, 0, 0, 0, 0, 0, 0, 0, 0, 0]], "26644.sol": [0, [0, 0, 0, 0, 0, 0, 0, 0, 0, 0]], "16107.sol": [1, [1, 1, 1, 1, 1, 0, 0, 0, 1, 0]], "16102.sol": [1, [1, 1, 1, 1, 1, 0, 0, 0, 1, 0]], "3833.sol": [0, [0, 0, 0, 0, 0, 0, 0, 0, 0, 0]], "16159.sol": [1, [1, 1, 1, 1, 1, 0, 0, 0, 1, 0]]}