{"30770.sol": [0, [0, 0, 0, 0, 0, 0, 0, 0, 0, 0]], "12688.sol": [0, [0, 0, 0, 0, 0, 0, 0, 0, 0, 0]], "21705.sol": [0, [0, 0, 0, 0, 0, 0, 0, 0, 0, 0]], "18295.sol": [0, [0, 0, 0, 0, 0, 0, 0, 0, 0, 0]], "585.sol": [0, [0, 0, 0, 0, 0, 0, 0, 0, 0, 0]], "23035.sol": [0, [0, 0, 0, 0, 0, 0, 0, 0, 0, 0]], "10080.sol": [0, [0, 0, 0, 0, 0, 0, 0, 0, 0, 0]], "27809.sol": [0, [0, 0, 0, 0, 0, 0, 0, 0, 0, 0]], "19513.sol": [0, [0, 0, 0, 0, 0, 0, 0, 0, 0, 0]], "3120.sol": [1, [0, 0, 0, 0, 0, 0, 0, 1, 0, 0]], "10476.sol": [0, [0, 0, 0, 0, 0, 0, 0, 0, 0, 0]], "18694.sol": [0, [0, 0, 0, 0, 0, 0, 0, 0, 0, 0]], "18292.sol": [0, [0, 0, 0, 0, 0, 0, 0, 0, 0, 0]], "7330.sol": [0, [0, 0, 0, 0, 0, 0, 0, 0, 0, 0]], "17916.sol": [0, [0, 0, 0, 0, 0, 0, 0, 0, 0, 0]], "18203.sol": [0, [0, 0, 0, 0, 0, 0, 0, 0, 0, 0]], "17925.sol": [0, [0, 0, 0, 0, 0, 0, 0, 0, 0, 0]], "2640.sol": [0, [0, 0, 0, 0, 0, 0, 0, 0, 0, 0]], "18428.sol": [0, [0, 0, 0, 0, 0, 0, 0, 0, 0, 0]], "32414.sol": [0, [0, 0, 0, 0, 0, 0, 0, 0, 0, 0]], "2298.sol": [0, [0, 0, 0, 0, 0, 0, 0, 0, 0, 0]], "38777.sol": [0, [0, 0, 0, 0, 0, 0, 0, 0, 0, 0]], "32272.sol": [0, [0, 0, 0, 0, 0, 0, 0, 0, 0, 0]], "34772.sol": [0, [0, 0, 0, 0, 0, 0, 0, 0, 0, 0]], "9865.sol": [0, [0, 0, 0, 0, 0, 0, 0, 0, 0, 0]], "33371.sol": [0, [0, 0, 0, 0, 0, 0, 0, 0, 0, 0]], "35423.sol": [0, [0, 0, 0, 0, 0, 0, 0, 0, 0, 0]], "33084.sol": [0, [0, 0, 0, 0, 0, 0, 0, 0, 0, 0]], "4179.sol": [0, [0, 0, 0, 0, 0, 0, 0, 0, 0, 0]], "2967.sol": [0, [0, 0, 0, 0, 0, 0, 0, 0, 0, 0]], "11388.sol": [0, [0, 0, 0, 0, 0, 0, 0, 0, 0, 0]], "23893.sol": [0, [0, 0, 0, 0, 0, 0, 0, 0, 0, 0]], "5335.sol": [0, [0, 0, 0, 0, 0, 0, 0, 0, 0, 0]], "22298.sol": [0, [0, 0, 0, 0, 0, 0, 0, 0, 0, 0]], "4711.sol": [0, [0, 0, 0, 0, 0, 0, 0, 0, 0, 0]], "29334.sol": [0, [0, 0, 0, 0, 0, 0, 0, 0, 0, 0]], "28419.sol": [0, [0, 0, 0, 0, 0, 0, 0, 0, 0, 0]], "2657.sol": [0, [0, 0, 0, 0, 0, 0, 0, 0, 0, 0]], "6727.sol": [0, [0, 0, 0, 0, 0, 0, 0, 0, 0, 0]], "20801.sol": [0, [0, 0, 0, 0, 0, 0, 0, 0, 0, 0]], "17150.sol": [0, [0, 0, 0, 0, 0, 0, 0, 0, 0, 0]], "30666.sol": [0, [0, 0, 0, 0, 0, 0, 0, 0, 0, 0]], "7496.sol": [0, [0, 0, 0, 0, 0, 0, 0, 0, 0, 0]], "19106.sol": [0, [0, 0, 0, 0, 0, 0, 0, 0, 0, 0]], "25901.sol": [0, [0, 0, 0, 0, 0, 0, 0, 0, 0, 0]], "35481.sol": [0, [0, 0, 0, 0, 0, 0, 0, 0, 0, 0]], "21039.sol": [0, [0, 0, 0, 0, 0, 0, 0, 0, 0, 0]], "23558.sol": [0, [0, 0, 0, 0, 0, 0, 0, 0, 0, 0]], "10903.sol": [0, [0, 0, 0, 0, 0, 0, 0, 0, 0, 0]], "22928.sol": [0, [0, 0, 0, 0, 0, 0, 0, 0, 0, 0]], "10611.sol": [0, [0, 0, 0, 0, 0, 0, 0, 0, 0, 0]], "30950.sol": [0, [0, 0, 0, 0, 0, 0, 0, 0, 0, 0]], "29788.sol": [0, [0, 0, 0, 0, 0, 0, 0, 0, 0, 0]], "35442.sol": [1, [0, 0, 0, 0, 0, 0, 0, 0, 1, 0]], "33750.sol": [0, [0, 0, 0, 0, 0, 0, 0, 0, 0, 0]], "22373.sol": [0, [0, 0, 0, 0, 0, 0, 0, 0, 0, 0]], "21435.sol": [0, [0, 0, 0, 0, 0, 0, 0, 0, 0, 0]], "19268.sol": [0, [0, 0, 0, 0, 0, 0, 0, 0, 0, 0]], "9185.sol": [0, [0, 0, 0, 0, 0, 0, 0, 0, 0, 0]], "37777.sol": [0, [0, 0, 0, 0, 0, 0, 0, 0, 0, 0]], "15451.sol": [0, [0, 0, 0, 0, 0, 0, 0, 0, 0, 0]], "28029.sol": [0, [0, 0, 0, 0, 0, 0, 0, 0, 0, 0]], "28221.sol": [0, [0, 0, 0, 0, 0, 0, 0, 0, 0, 0]], "3503.sol": [0, [0, 0, 0, 0, 0, 0, 0, 0, 0, 0]], "17580.sol": [0, [0, 0, 0, 0, 0, 0, 0, 0, 0, 0]], "36158.sol": [0, [0, 0, 0, 0, 0, 0, 0, 0, 0, 0]], "36060.sol": [0, [0, 0, 0, 0, 0, 0, 0, 0, 0, 0]], "15552.sol": [0, [0, 0, 0, 0, 0, 0, 0, 0, 0, 0]], "27114.sol": [0, [0, 0, 0, 0, 0, 0, 0, 0, 0, 0]], "10540.sol": [0, [0, 0, 0, 0, 0, 0, 0, 0, 0, 0]], "9187.sol": [0, [0, 0, 0, 0, 0, 0, 0, 0, 0, 0]], "13021.sol": [0, [0, 0, 0, 0, 0, 0, 0, 0, 0, 0]], "9171.sol": [0, [0, 0, 0, 0, 0, 0, 0, 0, 0, 0]], "35293.sol": [0, [0, 0, 0, 0, 0, 0, 0, 0, 0, 0]], "35322.sol": [0, [0, 0, 0, 0, 0, 0, 0, 0, 0, 0]], "26683.sol": [0, [0, 0, 0, 0, 0, 0, 0, 0, 0, 0]], "31950.sol": [0, [0, 0, 0, 0, 0, 0, 0, 0, 0, 0]], "37189.sol": [0, [0, 0, 0, 0, 0, 0, 0, 0, 0, 0]], "13626.sol": [0, [0, 0, 0, 0, 0, 0, 0, 0, 0, 0]], "29846.sol": [0, [0, 0, 0, 0, 0, 0, 0, 0, 0, 0]], "16059.sol": [0, [0, 0, 0, 0, 0, 0, 0, 0, 0, 0]], "10434.sol": [0, [0, 0, 0, 0, 0, 0, 0, 0, 0, 0]], "36035.sol": [0, [0, 0, 0, 0, 0, 0, 0, 0, 0, 0]], "36768.sol": [0, [0, 0, 0, 0, 0, 0, 0, 0, 0, 0]], "18739.sol": [0, [0, 0, 0, 0, 0, 0, 0, 0, 0, 0]], "4390.sol": [0, [0, 0, 0, 0, 0, 0, 0, 0, 0, 0]], "31844.sol": [0, [0, 0, 0, 0, 0, 0, 0, 0, 0, 0]], "7731.sol": [0, [0, 0, 0, 0, 0, 0, 0, 0, 0, 0]], "22407.sol": [0, [0, 0, 0, 0, 0, 0, 0, 0, 0, 0]], "18780.sol": [0, [0, 0, 0, 0, 0, 0, 0, 0, 0, 0]], "24132.sol": [0, [0, 0, 0, 0, 0, 0, 0, 0, 0, 0]], "39905.sol": [0, [0, 0, 0, 0, 0, 0, 0, 0, 0, 0]], "4050.sol": [0, [0, 0, 0, 0, 0, 0, 0, 0, 0, 0]], "27728.sol": [0, [0, 0, 0, 0, 0, 0, 0, 0, 0, 0]], "38249.sol": [0, [0, 0, 0, 0, 0, 0, 0, 0, 0, 0]], "15886.sol": [1, [0, 0, 0, 0, 0, 0, 0, 1, 1, 0]], "24264.sol": [0, [0, 0, 0, 0, 0, 0, 0, 0, 0, 0]], "20129.sol": [0, [0, 0, 0, 0, 0, 0, 0, 0, 0, 0]], "20328.sol": [0, [0, 0, 0, 0, 0, 0, 0, 0, 0, 0]], "5443.sol": [0, [0, 0, 0, 0, 0, 0, 0, 0, 0, 0]], "12819.sol": [0, [0, 0, 0, 0, 0, 0, 0, 0, 0, 0]], "25866.sol": [0, [0, 0, 0, 0, 0, 0, 0, 0, 0, 0]], "11832.sol": [0, [0, 0, 0, 0, 0, 0, 0, 0, 0, 0]], "38095.sol": [1, [0, 0, 1, 1, 0, 0, 0, 0, 0, 0]], "13425.sol": [0, [0, 0, 0, 0, 0, 0, 0, 0, 0, 0]], "34823.sol": [0, [0, 0, 0, 0, 0, 0, 0, 0, 0, 0]], "33457.sol": [0, [0, 0, 0, 0, 0, 0, 0, 0, 0, 0]], "7570.sol": [0, [0, 0, 0, 0, 0, 0, 0, 0, 0, 0]], "9671.sol": [0, [0, 0, 0, 0, 0, 0, 0, 0, 0, 0]], "10942.sol": [0, [0, 0, 0, 0, 0, 0, 0, 0, 0, 0]], "22600.sol": [0, [0, 0, 0, 0, 0, 0, 0, 0, 0, 0]], "23865.sol": [0, [0, 0, 0, 0, 0, 0, 0, 0, 0, 0]], "39142.sol": [0, [0, 0, 0, 0, 0, 0, 0, 0, 0, 0]], "22152.sol": [0, [0, 0, 0, 0, 0, 0, 0, 0, 0, 0]], "31938.sol": [0, [0, 0, 0, 0, 0, 0, 0, 0, 0, 0]], "19846.sol": [0, [0, 0, 0, 0, 0, 0, 0, 0, 0, 0]], "174.sol": [0, [0, 0, 0, 0, 0, 0, 0, 0, 0, 0]], "9822.sol": [0, [0, 0, 0, 0, 0, 0, 0, 0, 0, 0]], "12366.sol": [0, [0, 0, 0, 0, 0, 0, 0, 0, 0, 0]], "7772.sol": [0, [0, 0, 0, 0, 0, 0, 0, 0, 0]], "10383.sol": [0, [0, 0, 0, 0, 0, 0, 0, 0, 0, 0]], "26620.sol": [0, [0, 0, 0, 0, 0, 0, 0, 0, 0, 0]], "24658.sol": [0, [0, 0, 0, 0, 0, 0, 0, 0, 0, 0]], "24249.sol": [0, [0, 0, 0, 0, 0, 0, 0, 0, 0, 0]], "5618.sol": [0, [0, 0, 0, 0, 0, 0, 0, 0, 0, 0]], "20700.sol": [0, [0, 0, 0, 0, 0, 0, 0, 0, 0, 0]], "31560.sol": [0, [0, 0, 0, 0, 0, 0, 0, 0, 0, 0]], "16163.sol": [0, [0, 0, 0, 0, 0, 0, 0, 0, 0, 0]], "6827.sol": [0, [0, 0, 0, 0, 0, 0, 0, 0, 0, 0]], "3969.sol": [0, [0, 0, 0, 0, 0, 0, 0, 0, 0, 0]], "4106.sol": [0, [0, 0, 0, 0, 0, 0, 0, 0, 0, 0]], "37973.sol": [0, [0, 0, 0, 0, 0, 0, 0, 0, 0, 0]], "27627.sol": [0, [0, 0, 0, 0, 0, 0, 0, 0, 0, 0]], "30226.sol": [0, [0, 0, 0, 0, 0, 0, 0, 0, 0, 0]], "17429.sol": [0, [0, 0, 0, 0, 0, 0, 0, 0, 0, 0]], "160.sol": [0, [0, 0, 0, 0, 0, 0, 0, 0, 0, 0]], "211.sol": [0, [0, 0, 0, 0, 0, 0, 0, 0, 0, 0]], "36621.sol": [0, [0, 0, 0, 0, 0, 0, 0, 0, 0, 0]], "16741.sol": [0, [0, 0, 0, 0, 0, 0, 0, 0, 0, 0]], "30819.sol": [0, [0, 0, 0, 0, 0, 0, 0, 0, 0, 0]], "29982.sol": [0, [0, 0, 0, 0, 0, 0, 0, 0, 0, 0]], "18317.sol": [0, [0, 0, 0, 0, 0, 0, 0, 0, 0, 0]], "22278.sol": [0, [0, 0, 0, 0, 0, 0, 0, 0, 0, 0]], "5069.sol": [0, [0, 0, 0, 0, 0, 0, 0, 0, 0, 0]], "11824.sol": [0, [0, 0, 0, 0, 0, 0, 0, 0, 0, 0]], "7823.sol": [0, [0, 0, 0, 0, 0, 0, 0, 0, 0, 0]], "6943.sol": [0, [0, 0, 0, 0, 0, 0, 0, 0, 0, 0]], "19223.sol": [0, [0, 0, 0, 0, 0, 0, 0, 0, 0, 0]], "24257.sol": [0, [0, 0, 0, 0, 0, 0, 0, 0, 0, 0]], "38510.sol": [0, [0, 0, 0, 0, 0, 0, 0, 0, 0, 0]], "18122.sol": [0, [0, 0, 0, 0, 0, 0, 0, 0, 0, 0]], "18648.sol": [0, [0, 0, 0, 0, 0, 0, 0, 0, 0, 0]], "9639.sol": [0, [0, 0, 0, 0, 0, 0, 0, 0, 0, 0]], "25965.sol": [0, [0, 0, 0, 0, 0, 0, 0, 0, 0, 0]], "15963.sol": [0, [0, 0, 0, 0, 0, 0, 0, 0, 0, 0]], "18838.sol": [0, [0, 0, 0, 0, 0, 0, 0, 0, 0, 0]], "12380.sol": [0, [0, 0, 0, 0, 0, 0, 0, 0, 0, 0]], "14207.sol": [0, [0, 0, 0, 0, 0, 0, 0, 0, 0, 0]], "1901.sol": [0, [0, 0, 0, 0, 0, 0, 0, 0, 0, 0]], "28728.sol": [0, [0, 0, 0, 0, 0, 0, 0, 0, 0, 0]], "23014.sol": [0, [0, 0, 0, 0, 0, 0, 0, 0, 0, 0]], "30835.sol": [0, [0, 0, 0, 0, 0, 0, 0, 0, 0, 0]], "149.sol": [0, [0, 0, 0, 0, 0, 0, 0, 0, 0, 0]], "35546.sol": [0, [0, 0, 0, 0, 0, 0, 0, 0, 0, 0]], "15177.sol": [0, [0, 0, 0, 0, 0, 0, 0, 0, 0, 0]], "816.sol": [0, [0, 0, 0, 0, 0, 0, 0, 0, 0, 0]], "14940.sol": [0, [0, 0, 0, 0, 0, 0, 0, 0, 0, 0]], "1745.sol": [0, [0, 0, 0, 0, 0, 0, 0, 0, 0, 0]], "21560.sol": [0, [0, 0, 0, 0, 0, 0, 0, 0, 0, 0]], "31047.sol": [1, [0, 0, 1, 0, 1, 0, 0, 1, 0, 1]], "18489.sol": [0, [0, 0, 0, 0, 0, 0, 0, 0, 0, 0]], "31037.sol": [1, [0, 0, 1, 0, 1, 0, 0, 1, 0, 0]], "31031.sol": [1, [0, 0, 1, 0, 1, 0, 0, 1, 0, 0]], "15744.sol": [0, [0, 0, 0, 0, 0, 0, 0, 0, 0, 0]], "12045.sol": [1, [1, 1, 0, 1, 1, 0, 0, 0, 0, 0]], "20681.sol": [1, [0, 0, 1, 0, 1, 1, 0, 0, 0, 0]], "31010.sol": [1, [0, 0, 1, 0, 1, 0, 0, 1, 0, 0]], "29717.sol": [1, [0, 0, 1, 0, 1, 1, 0, 0, 0, 0]], "15404.sol": [0, [0, 0, 0, 0, 0, 0, 0, 0, 0, 0]], "13642.sol": [1, [1, 1, 1, 1, 0, 1, 1, 0, 1, 1]], "31009.sol": [1, [0, 0, 1, 0, 1, 0, 0, 1, 0, 0]], "2882.sol": [1, [0, 0, 0, 0, 1, 1, 1, 1, 0, 0]], "9533.sol": [1, [1, 1, 1, 1, 0, 1, 0, 0, 0, 0]], "11772.sol": [1, [0, 0, 1, 0, 1, 1, 0, 0, 0, 0]], "7333.sol": [0, [0, 0, 0, 0, 0, 0, 0, 0, 0, 0]], "4469.sol": [0, [0, 0, 0, 0, 0, 0, 0, 0, 0, 0]], "16156.sol": [1, [1, 1, 1, 1, 0, 0, 0, 0, 0, 0]], "37652.sol": [1, [0, 0, 1, 0, 1, 1, 0, 0, 0, 0]], "16106.sol": [1, [1, 1, 1, 1, 0, 0, 0, 0, 0, 0]], "31022.sol": [1, [0, 0, 1, 0, 1, 0, 0, 1, 0, 0]], "8170.sol": [1, [0, 0, 0, 0, 0, 1, 0, 0, 0, 1]], "16158.sol": [1, [1, 1, 1, 1, 0, 0, 0, 0, 0, 0]], "12665.sol": [1, [1, 1, 0, 0, 0, 1, 0, 0, 0, 0]], "31030.sol": [1, [0, 0, 1, 0, 1, 0, 0, 1, 0, 0]], "4773.sol": [1, [0, 0, 0, 0, 0, 1, 1, 0, 0, 0]], "4918.sol": [0, [0, 0, 0, 0, 0, 0, 0, 0, 0, 0]], "699.sol": [0, [0, 0, 0, 0, 0, 0, 0, 0, 0, 0]], "608.sol": [1, [0, 0, 0, 1, 0, 0, 0, 0, 0, 1]], "5167.sol": [0, [0, 0, 0, 0, 0, 0, 0, 0, 0, 0]], "35807.sol": [1, [0, 0, 0, 0, 0, 0, 1, 0, 0, 0]], "31027.sol": [1, [0, 0, 1, 0, 1, 0, 0, 1, 0, 0]], "22789.sol": [0, [0, 0, 0, 0, 0, 0, 0, 0, 0, 0]], "4847.sol": [1, [0, 1, 1, 0, 0, 0, 0, 0, 0, 0]]}