{"26761.sol": [0, [0, 0, 0, 0, 0, 0, 0, 0, 0, 0]], "2707.sol": [0, [0, 0, 0, 0, 0, 0, 0, 0, 0, 0]], "18553.sol": [0, [0, 0, 0, 0, 0, 0, 0, 0, 0, 0]], "3465.sol": [0, [0, 0, 0, 0, 0, 0, 0, 0, 0, 0]], "3525.sol": [0, [0, 0, 0, 0, 0, 0, 0, 0, 0, 0]], "2781.sol": [0, [0, 0, 0, 0, 0, 0, 0, 0, 0, 0]], "39443.sol": [0, [0, 0, 0, 0, 0, 0, 0, 0, 0, 0]], "240.sol": [0, [0, 0, 0, 0, 0, 0, 0, 0, 0, 0]], "36584.sol": [0, [0, 0, 0, 0, 0, 0, 0, 0, 0, 0]], "19410.sol": [0, [0, 0, 0, 0, 0, 0, 0, 0, 0, 0]], "9151.sol": [0, [0, 0, 0, 0, 0, 0, 0, 0, 0, 0]], "37618.sol": [0, [0, 0, 0, 0, 0, 0, 0, 0, 0, 0]], "21394.sol": [0, [0, 0, 0, 0, 0, 0, 0, 0, 0, 0]], "652.sol": [0, [0, 0, 0, 0, 0, 0, 0, 0, 0, 0]], "35510.sol": [0, [0, 0, 0, 0, 0, 0, 0, 0, 0, 0]], "8031.sol": [0, [0, 0, 0, 0, 0, 0, 0, 0, 0, 0]], "5856.sol": [0, [0, 0, 0, 0, 0, 0, 0, 0, 0, 0]], "2410.sol": [0, [0, 0, 0, 0, 0, 0, 0, 0, 0, 0]], "25361.sol": [0, [0, 0, 0, 0, 0, 0, 0, 0, 0, 0]], "13749.sol": [0, [0, 0, 0, 0, 0, 0, 0, 0, 0, 0]], "7639.sol": [0, [0, 0, 0, 0, 0, 0, 0, 0, 0, 0]], "40529.sol": [0, [0, 0, 0, 0, 0, 0, 0, 0, 0, 0]], "11780.sol": [0, [0, 0, 0, 0, 0, 0, 0, 0, 0, 0]], "12540.sol": [0, [0, 0, 0, 0, 0, 0, 0, 0, 0, 0]], "6161.sol": [1, [0, 1, 0, 1, 0, 0, 0, 0, 0, 0]], "7627.sol": [1, [1, 0, 0, 0, 0, 0, 0, 0, 0, 0]], "24219.sol": [1, [1, 1, 1, 1, 0, 0, 0, 0, 0, 0]], "21905.sol": [1, [0, 0, 0, 0, 0, 0, 0, 1, 0, 0]], "20389.sol": [0, [0, 0, 0, 0, 0, 0, 0, 0, 0, 0]], "23359.sol": [1, [1, 1, 0, 0, 0, 0, 0, 0, 0, 0]]}