{"36752.sol": [1, [1, 1, 1, 1, 1, 0, 1, 1, 1, 1]], "37684.sol": [1, [0, 0, 0, 0, 0, 0, 1, 1, 0, 0]], "10955.sol": [1, [1, 1, 0, 1, 0, 0, 1, 1, 1, 1]], "12995.sol": [1, [1, 0, 1, 1, 1, 1, 0, 1, 1, 0]], "15233.sol": [1, [1, 1, 0, 0, 0, 0, 0, 0, 0, 0]], "27354.sol": [1, [1, 1, 1, 1, 1, 1, 1, 1, 1, 0]], "304.sol": [1, [1, 1, 1, 0, 0, 0, 1, 0, 0, 1]], "19574.sol": [1, [1, 1, 1, 1, 1, 0, 0, 0, 0, 0]], "19313.sol": [1, [1, 1, 1, 1, 1, 1, 1, 0, 1, 1]], "35411.sol": [1, [1, 1, 0, 1, 1, 1, 1, 1, 1, 1]], "3466.sol": [1, [1, 0, 0, 0, 0, 1, 1, 0, 0, 0]], "25899.sol": [1, [1, 1, 1, 1, 1, 0, 0, 1, 1, 1]], "3832.sol": [1, [1, 0, 1, 1, 0, 0, 1, 0, 1, 0]], "2990.sol": [1, [1, 1, 1, 1, 1, 1, 1, 1, 1, 1]], "7776.sol": [1, [1, 0, 0, 0, 0, 1, 0, 0, 1, 0]], "21307.sol": [1, [1, 1, 1, 1, 1, 0, 1, 1, 1, 1]], "39545.sol": [0, [0, 0, 0, 0, 0, 0, 0, 0, 0, 0]], "32326.sol": [1, [1, 0, 1, 0, 1, 0, 1, 0, 0, 0]], "34364.sol": [1, [1, 1, 0, 0, 0, 0, 0, 1, 0, 0]], "26893.sol": [1, [1, 0, 1, 1, 0, 0, 1, 0, 1, 0]], "29329.sol": [1, [1, 1, 1, 0, 0, 1, 1, 0, 1, 1]], "27951.sol": [1, [0, 0, 0, 0, 0, 0, 1, 0, 0, 0]], "22801.sol": [1, [1, 1, 1, 1, 0, 0, 0, 1, 0, 0]], "37473.sol": [1, [1, 1, 1, 1, 1, 1, 1, 1, 0, 1]], "205.sol": [1, [1, 0, 1, 1, 1, 1, 0, 1, 0, 0]], "3325.sol": [1, [1, 0, 1, 1, 1, 0, 1, 1, 1, 1]], "35469.sol": [1, [1, 1, 1, 1, 0, 1, 1, 1, 1, 0]], "12063.sol": [1, [1, 1, 1, 1, 1, 1, 1, 1, 0, 0]], "10975.sol": [1, [1, 1, 1, 1, 1, 1, 1, 1, 1, 0]], "6709.sol": [1, [1, 0, 0, 0, 0, 1, 1, 0, 0, 0]], "1604.sol": [1, [1, 1, 1, 1, 1, 1, 1, 0, 1, 1]], "1619.sol": [1, [1, 1, 1, 0, 0, 1, 0, 1, 0, 0]], "20040.sol": [1, [0, 1, 1, 0, 1, 1, 0, 0, 1, 1]], "13902.sol": [1, [1, 1, 1, 1, 1, 0, 1, 1, 1, 1]], "8070.sol": [1, [1, 0, 0, 0, 0, 1, 1, 0, 0, 0]], "22124.sol": [1, [1, 0, 1, 0, 1, 0, 1, 0, 0, 0]], "16307.sol": [1, [1, 1, 1, 1, 1, 1, 1, 1, 0, 0]], "22000.sol": [1, [1, 0, 1, 1, 0, 0, 1, 0, 1, 0]], "17585.sol": [1, [1, 0, 1, 0, 1, 1, 1, 0, 0, 1]], "35956.sol": [1, [1, 1, 1, 1, 1, 1, 1, 1, 1, 1]], "36031.sol": [1, [0, 0, 0, 0, 1, 0, 1, 0, 0, 0]], "1557.sol": [1, [0, 1, 0, 0, 0, 0, 0, 0, 0, 0]], "19699.sol": [1, [0, 1, 0, 1, 0, 0, 0, 1, 0, 0]], "37610.sol": [1, [1, 1, 0, 1, 0, 1, 1, 1, 0, 0]], "20733.sol": [1, [1, 1, 1, 1, 1, 1, 1, 1, 1, 1]], "9856.sol": [1, [1, 1, 1, 1, 1, 1, 1, 0, 1, 1]], "10804.sol": [1, [1, 1, 1, 1, 0, 1, 1, 1, 1, 0]], "2239.sol": [1, [1, 0, 1, 0, 1, 1, 1, 0, 1, 0]], "26630.sol": [1, [1, 0, 1, 0, 1, 0, 1, 0, 0, 0]], "16367.sol": [1, [1, 1, 0, 1, 1, 1, 0, 1, 1, 0]], "6945.sol": [1, [1, 0, 0, 0, 0, 1, 1, 0, 0, 0]], "21294.sol": [1, [1, 1, 1, 1, 1, 1, 1, 0, 1, 1]], "23649.sol": [1, [0, 0, 0, 0, 1, 1, 1, 0, 0, 0]], "11911.sol": [1, [1, 1, 0, 0, 1, 0, 0, 0, 1, 1]], "8258.sol": [1, [1, 0, 0, 0, 0, 1, 1, 0, 0, 0]], "14369.sol": [1, [0, 0, 0, 0, 0, 0, 0, 0, 0, 1]], "7726.sol": [1, [1, 1, 1, 1, 1, 1, 1, 1, 1, 1]], "3826.sol": [1, [0, 0, 0, 0, 0, 0, 1, 1, 1, 1]], "19873.sol": [1, [1, 1, 1, 1, 0, 0, 0, 1, 1, 0]], "8760.sol": [1, [1, 0, 0, 0, 0, 1, 1, 0, 0, 0]], "10115.sol": [1, [1, 0, 0, 1, 1, 1, 0, 0, 0, 0]], "17808.sol": [1, [1, 1, 1, 1, 1, 0, 1, 1, 1, 1]], "3539.sol": [1, [1, 1, 1, 1, 1, 0, 0, 0, 1, 1]], "11148.sol": [1, [0, 1, 0, 1, 0, 1, 1, 0, 0, 0]], "33572.sol": [1, [0, 0, 0, 0, 0, 0, 1, 0, 0]], "13792.sol": [1, [1, 1, 1, 1, 1, 1, 1, 0, 1, 0]], "3628.sol": [0, [0, 0, 0, 0, 0, 0, 0, 0, 0, 0]], "31203.sol": [1, [1, 1, 1, 1, 1, 1, 0, 1, 1, 0]], "10974.sol": [1, [1, 1, 0, 0, 1, 0, 0, 0, 1, 1]], "1143.sol": [1, [1, 1, 1, 1, 1, 0, 0, 0, 1, 1]], "1671.sol": [1, [1, 1, 1, 0, 0, 1, 0, 0, 0, 0]], "31511.sol": [1, [0, 0, 0, 0, 1, 0, 1, 0, 0, 0]], "8992.sol": [1, [1, 0, 0, 0, 0, 1, 1, 0, 0, 0]], "4370.sol": [1, [1, 0, 0, 0, 0, 0, 0, 0, 0, 0]], "23384.sol": [1, [1, 1, 1, 1, 1, 1, 0, 1, 1, 1]], "1167.sol": [1, [1, 1, 1, 1, 1, 0, 1, 0, 1, 1]], "7010.sol": [1, [0, 0, 0, 1, 1, 0, 0, 0, 0, 0]], "22746.sol": [1, [1, 1, 1, 1, 1, 1, 1, 1, 1, 1]], "39804.sol": [1, [1, 1, 0, 0, 0, 0, 0, 0, 0, 0]], "33386.sol": [1, [0, 0, 0, 1, 0, 0, 0, 0, 0, 0]], "16897.sol": [1, [1, 1, 0, 0, 1, 0, 0, 0, 1, 1]], "2049.sol": [1, [1, 1, 1, 0, 0, 1, 0, 0, 1, 0]], "1941.sol": [1, [1, 1, 0, 0, 0, 1, 1, 1, 1, 1]], "31130.sol": [1, [1, 0, 1, 1, 0, 0, 1, 0, 0, 1]], "36287.sol": [1, [1, 1, 1, 1, 1, 1, 1, 1, 1, 1]], "18918.sol": [1, [0, 0, 0, 0, 0, 0, 0, 0, 1, 0]], "5355.sol": [1, [1, 1, 1, 1, 1, 1, 1, 1, 1, 1]], "24119.sol": [1, [1, 0, 1, 1, 1, 0, 0, 0, 1, 0]], "37236.sol": [1, [1, 1, 1, 0, 0, 0, 1, 0, 1, 0]], "36120.sol": [1, [0, 0, 0, 0, 0, 0, 1, 0, 0, 0]], "17111.sol": [1, [1, 1, 1, 0, 0, 0, 1, 0, 0, 1]], "5438.sol": [1, [0, 0, 0, 1, 0, 1, 1, 0, 1, 0]], "28742.sol": [1, [1, 0, 1, 0, 1, 0, 0, 0, 0, 0]], "24890.sol": [1, [0, 0, 0, 1, 0, 0, 1, 1, 0, 0]], "35795.sol": [1, [0, 0, 0, 0, 1, 0, 0, 1, 1, 0]], "2271.sol": [1, [1, 0, 1, 0, 1, 1, 1, 0, 1, 0]], "22829.sol": [1, [0, 0, 0, 0, 0, 0, 1, 0, 1, 1]], "26523.sol": [1, [1, 1, 0, 0, 0, 0, 0, 0, 0, 0]], "18734.sol": [1, [1, 0, 0, 0, 1, 0, 1, 1, 0, 1]], "34719.sol": [1, [1, 0, 0, 0, 1, 1, 0, 1, 1, 0]], "17485.sol": [1, [0, 1, 0, 1, 0, 1, 1, 1, 1, 1]], "37081.sol": [1, [1, 0, 0, 0, 0, 1, 0, 0, 0, 0]], "12944.sol": [1, [1, 1, 1, 1, 1, 0, 1, 0, 0, 0]], "5520.sol": [1, [1, 0, 0, 0, 0, 1, 1, 0, 0, 0]], "7347.sol": [1, [1, 0, 1, 1, 0, 0, 1, 0, 1, 0]], "4129.sol": [1, [1, 0, 0, 0, 0, 1, 1, 0, 0, 0]], "316.sol": [1, [1, 0, 1, 0, 1, 0, 1, 1, 1, 0]], "30823.sol": [1, [0, 0, 0, 0, 1, 0, 1, 0, 0, 0]], "2137.sol": [1, [1, 1, 1, 1, 0, 0, 1, 0, 1, 0]], "2177.sol": [1, [0, 1, 1, 0, 0, 1, 1, 1, 1, 1]], "8161.sol": [1, [1, 0, 1, 1, 1, 1, 1, 1, 0, 1]], "29755.sol": [1, [1, 0, 1, 1, 0, 0, 1, 0, 1, 1]], "1189.sol": [1, [1, 1, 1, 0, 0, 1, 0, 0, 1, 0]], "3016.sol": [1, [1, 1, 1, 1, 1, 1, 1, 0, 0, 0]], "12228.sol": [1, [0, 0, 0, 1, 0, 0, 0, 0, 0, 0]], "33482.sol": [1, [1, 1, 1, 1, 1, 1, 1, 1, 1, 1]], "11394.sol": [1, [1, 1, 0, 0, 1, 1, 0, 0, 1, 1]], "3578.sol": [1, [0, 0, 0, 0, 0, 0, 1, 1, 1, 1]], "15605.sol": [1, [1, 1, 0, 0, 0, 0, 0, 0, 1, 0]], "1831.sol": [1, [0, 0, 1, 0, 0, 1, 1, 1, 1, 1]], "1473.sol": [1, [1, 1, 0, 0, 0, 1, 1, 1, 1, 1]], "18648.sol": [1, [1, 0, 1, 1, 0, 0, 1, 0, 1, 0]], "35200.sol": [1, [1, 1, 1, 1, 0, 1, 0, 1, 1, 0]], "13203.sol": [1, [0, 1, 0, 0, 1, 1, 1, 1, 1, 1]], "7511.sol": [1, [1, 0, 0, 0, 0, 0, 1, 0, 0, 0]], "23355.sol": [1, [1, 0, 1, 1, 0, 0, 1, 0, 1, 1]], "24351.sol": [1, [1, 1, 1, 1, 1, 1, 1, 1, 1, 0]], "28781.sol": [0, [0, 0, 0, 0, 0, 0, 0, 0, 0, 0]], "37387.sol": [1, [0, 0, 0, 0, 1, 0, 0, 0, 1, 0]], "23079.sol": [1, [0, 1, 0, 0, 0, 0, 0, 0, 1, 0]], "5752.sol": [1, [1, 0, 0, 1, 0, 1, 0, 0, 0, 0]], "5513.sol": [1, [1, 0, 0, 0, 0, 1, 1, 0, 0, 0]], "40329.sol": [1, [1, 0, 1, 1, 0, 1, 0, 1, 0, 0]], "20551.sol": [1, [1, 1, 0, 0, 0, 0, 0, 0, 0, 0]], "16412.sol": [1, [1, 0, 0, 1, 0, 0, 1, 0, 1, 1]], "7071.sol": [1, [1, 1, 0, 0, 0, 0, 0, 0, 1, 1]], "9440.sol": [1, [1, 1, 1, 1, 1, 1, 1, 1, 1, 1]], "36379.sol": [1, [0, 0, 1, 0, 0, 1, 1, 0, 1, 1]], "17952.sol": [1, [0, 0, 0, 1, 0, 0, 1, 1, 0, 1]], "23956.sol": [1, [1, 0, 0, 0, 0, 0, 0, 0, 0, 0]], "24396.sol": [1, [1, 0, 0, 0, 0, 1, 0, 0, 0, 0]], "7746.sol": [1, [1, 0, 0, 0, 0, 1, 1, 0, 0, 0]], "26179.sol": [1, [1, 0, 1, 1, 0, 0, 1, 0, 1, 1]], "19173.sol": [1, [0, 1, 0, 0, 0, 1, 1, 0, 1, 0]], "18456.sol": [1, [0, 1, 1, 1, 1, 1, 1, 1, 1, 1]], "17259.sol": [1, [1, 0, 1, 1, 0, 0, 1, 0, 1, 1]], "34813.sol": [1, [1, 1, 1, 1, 1, 1, 1, 1, 1, 1]], "35170.sol": [1, [1, 1, 1, 0, 0, 1, 1, 1, 0, 0]], "36979.sol": [1, [1, 1, 1, 0, 1, 1, 1, 0, 1, 1]], "497.sol": [1, [0, 1, 0, 1, 0, 0, 0, 0, 0, 1]], "39959.sol": [1, [1, 1, 1, 1, 0, 0, 0, 1, 1, 1]], "13187.sol": [1, [1, 1, 1, 1, 1, 1, 1, 0, 1, 1]], "4464.sol": [0, [0, 0, 0, 0, 0, 0, 0, 0, 0, 0]], "7990.sol": [1, [0, 0, 1, 0, 1, 0, 0, 1, 0, 0]], "13350.sol": [1, [1, 1, 1, 1, 1, 1, 1, 0, 0, 1]], "20031.sol": [1, [0, 0, 0, 0, 1, 1, 1, 1, 0, 0]], "39272.sol": [1, [0, 0, 0, 0, 0, 0, 0, 1, 0, 0]], "35791.sol": [1, [0, 0, 1, 1, 1, 0, 0, 0, 1, 0]], "35495.sol": [1, [1, 0, 0, 0, 0, 0, 1, 0, 0, 0]], "3492.sol": [1, [0, 1, 1, 1, 0, 1, 0, 0, 1, 1]], "10756.sol": [1, [0, 1, 1, 1, 1, 0, 0, 1, 1, 1]], "33769.sol": [1, [1, 1, 1, 1, 1, 0, 0, 1, 0, 0]], "24925.sol": [1, [1, 1, 1, 1, 0, 1, 0, 0, 0, 1]], "8177.sol": [1, [0, 0, 0, 1, 0, 0, 0, 1, 0, 1]], "36016.sol": [1, [1, 1, 1, 1, 0, 1, 1, 1, 1, 0]], "24176.sol": [1, [0, 0, 0, 0, 0, 0, 0, 0, 1, 1]], "15550.sol": [1, [1, 1, 1, 1, 1, 1, 1, 1, 1, 1]], "20534.sol": [1, [1, 1, 1, 1, 1, 1, 1, 0, 1, 1]], "25418.sol": [1, [1, 1, 1, 1, 0, 1, 1, 1, 0, 0]], "35119.sol": [1, [1, 1, 1, 0, 1, 0, 0, 0, 0, 1]], "40275.sol": [1, [0, 1, 1, 1, 1, 1, 0, 0, 1, 0]], "10893.sol": [1, [1, 0, 0, 0, 0, 1, 1, 0, 0, 0]], "11255.sol": [1, [1, 0, 0, 0, 0, 1, 1, 0, 0, 0]], "9499.sol": [1, [1, 1, 1, 1, 1, 1, 0, 1, 1, 0]], "23955.sol": [1, [1, 1, 1, 1, 1, 1, 1, 1, 1, 0]], "7865.sol": [1, [1, 1, 1, 1, 1, 1, 1, 1, 1, 1]], "29780.sol": [1, [1, 1, 1, 1, 1, 1, 1, 0, 1, 1]], "19127.sol": [1, [0, 0, 0, 0, 1, 0, 0, 0, 1, 1]], "25818.sol": [1, [1, 1, 0, 1, 0, 0, 0, 0, 1, 0]], "18908.sol": [1, [1, 1, 1, 1, 1, 1, 0, 1, 0, 0]], "21087.sol": [1, [1, 0, 1, 0, 0, 0, 0, 0, 0, 0]], "28865.sol": [1, [1, 1, 1, 1, 1, 0, 0, 1, 0, 0]], "5359.sol": [0, [0, 0, 0, 0, 0, 0, 0, 0, 0, 0]], "13421.sol": [1, [1, 1, 1, 1, 1, 0, 1, 1, 1, 1]], "11699.sol": [1, [1, 1, 1, 1, 1, 1, 1, 1, 1, 1]], "34204.sol": [1, [1, 0, 1, 1, 0, 0, 1, 0, 1, 1]], "25616.sol": [1, [1, 1, 1, 1, 1, 1, 1, 1, 1, 1]], "16180.sol": [1, [1, 1, 1, 1, 1, 0, 1, 1, 1, 1]], "20489.sol": [1, [1, 0, 0, 1, 0, 0, 0, 0, 1, 1]], "33773.sol": [1, [0, 0, 0, 0, 0, 1, 1, 0, 1, 1]], "2098.sol": [1, [1, 0, 1, 0, 0, 1, 0, 1, 0, 0]], "33822.sol": [1, [1, 1, 1, 0, 0, 0, 1, 1, 0, 0]], "32558.sol": [1, [1, 1, 1, 1, 1, 1, 1, 1, 1, 1]], "14603.sol": [1, [1, 1, 1, 1, 1, 1, 1, 1, 1, 1]], "20853.sol": [1, [1, 1, 1, 1, 1, 0, 1, 1, 1, 1]], "24994.sol": [1, [0, 0, 1, 0, 1, 0, 0, 0, 0, 1]], "1128.sol": [0, [0, 0, 0, 0, 0, 0, 0, 0, 0, 0]], "40273.sol": [1, [0, 1, 1, 1, 1, 1, 0, 0, 1, 0]], "28280.sol": [1, [1, 1, 1, 1, 1, 1, 0, 0, 0, 1]], "250.sol": [1, [1, 0, 1, 0, 1, 0, 1, 0, 1, 1]], "8463.sol": [1, [1, 1, 0, 0, 1, 1, 0, 0, 0, 0]], "15803.sol": [1, [1, 1, 1, 1, 1, 1, 1, 1, 0, 1]], "14299.sol": [1, [1, 0, 1, 1, 0, 0, 1, 0, 1, 0]], "16846.sol": [1, [1, 1, 1, 1, 0, 1, 1, 1, 1, 1]], "37103.sol": [1, [1, 1, 0, 0, 1, 1, 1, 1, 0, 0]], "7901.sol": [1, [1, 1, 1, 1, 0, 0, 0, 1, 0, 0]], "5775.sol": [1, [1, 1, 1, 1, 1, 1, 1, 0, 1, 1]], "2147.sol": [1, [1, 1, 1, 0, 0, 0, 1, 0, 0, 0]], "21128.sol": [1, [0, 0, 0, 1, 0, 0, 1, 0, 0, 0]], "27974.sol": [1, [1, 1, 1, 1, 1, 1, 1, 1, 1, 1]], "16677.sol": [1, [1, 1, 1, 0, 0, 1, 1, 0, 1, 1]], "27002.sol": [1, [0, 0, 0, 1, 1, 0, 0, 0, 0, 0]], "35513.sol": [1, [0, 0, 1, 0, 0, 0, 0, 0, 0, 0]], "35046.sol": [1, [1, 0, 0, 1, 1, 1, 0, 0, 1, 0]], "15595.sol": [1, [1, 1, 1, 0, 0, 1, 0, 1, 1, 0]], "5180.sol": [1, [1, 1, 1, 1, 1, 0, 1, 1, 1, 1]], "29173.sol": [1, [0, 0, 0, 0, 1, 0, 1, 0, 0, 0]], "38153.sol": [1, [1, 1, 0, 0, 1, 1, 0, 1, 1, 1]], "19950.sol": [1, [1, 1, 0, 1, 0, 0, 0, 0, 0, 0]], "21414.sol": [1, [1, 1, 1, 1, 1, 1, 1, 0, 1, 1]], "4012.sol": [1, [1, 1, 1, 0, 0, 1, 1, 1, 0, 0]], "39996.sol": [1, [1, 0, 0, 0, 0, 1, 0, 0, 0, 0]], "36506.sol": [1, [1, 1, 1, 1, 1, 1, 0, 0, 0, 0]], "2909.sol": [1, [0, 1, 1, 0, 0, 0, 1, 1, 0, 0]], "25044.sol": [1, [1, 1, 1, 1, 1, 0, 1, 1, 1, 1]], "9527.sol": [1, [1, 0, 0, 0, 0, 1, 0, 0, 1, 0]], "2498.sol": [1, [1, 1, 1, 1, 1, 0, 1, 0, 0, 1]], "29089.sol": [1, [1, 1, 0, 0, 1, 1, 1, 0, 1, 1]], "18698.sol": [1, [1, 1, 1, 1, 1, 1, 1, 0, 1, 1]], "3343.sol": [0, [0, 0, 0, 0, 0, 0, 0, 0, 0, 0]], "28057.sol": [1, [1, 0, 0, 1, 1, 1, 1, 1, 1, 1]], "3663.sol": [1, [0, 0, 1, 1, 1, 1, 1, 0, 1, 0]], "20609.sol": [1, [0, 0, 1, 0, 1, 0, 0, 1, 0, 0]], "11915.sol": [1, [1, 0, 0, 0, 0, 1, 1, 0, 0, 0]], "6895.sol": [1, [1, 1, 0, 0, 1, 1, 1, 0, 1, 1]], "28183.sol": [1, [1, 0, 1, 0, 1, 0, 1, 0, 0, 0]], "3818.sol": [1, [1, 1, 0, 0, 1, 0, 0, 1, 0, 0]], "17370.sol": [1, [1, 1, 1, 0, 0, 1, 1, 0, 1, 1]], "11297.sol": [1, [1, 0, 0, 0, 0, 1, 1, 0, 0, 0]], "15848.sol": [1, [1, 1, 1, 1, 1, 1, 1, 1, 1, 0]], "11136.sol": [1, [1, 1, 0, 0, 0, 0, 0, 0, 0, 0]], "6961.sol": [1, [1, 1, 0, 0, 0, 1, 0, 1, 1, 1]], "29247.sol": [1, [1, 0, 1, 1, 0, 0, 1, 0, 1, 1]], "18053.sol": [0, [0, 0, 0, 0, 0, 0, 0, 0, 0, 0]], "4700.sol": [1, [1, 1, 1, 0, 0, 1, 0, 0, 1, 0]], "25801.sol": [1, [1, 1, 1, 1, 1, 1, 1, 1, 1, 1]], "23030.sol": [1, [1, 1, 1, 1, 0, 0, 0, 0, 0, 0]], "8256.sol": [1, [1, 1, 1, 1, 1, 1, 1, 0, 1, 1]], "7521.sol": [1, [1, 1, 1, 1, 1, 0, 0, 0, 1, 0]], "5889.sol": [1, [1, 1, 1, 0, 0, 1, 0, 0, 0, 1]], "25089.sol": [1, [0, 1, 0, 0, 0, 0, 0, 0, 0, 0]], "20670.sol": [1, [0, 1, 1, 1, 1, 1, 1, 1, 0, 1]], "27292.sol": [1, [1, 0, 1, 1, 0, 0, 1, 0, 1, 1]], "19546.sol": [1, [0, 1, 1, 1, 0, 0, 0, 1, 1, 0]], "3882.sol": [1, [1, 0, 0, 0, 0, 1, 1, 0, 0, 0]], "15311.sol": [1, [1, 0, 1, 0, 1, 1, 0, 0, 1, 0]], "19698.sol": [1, [0, 0, 0, 0, 0, 0, 1, 0, 0, 1]], "5386.sol": [1, [1, 1, 1, 1, 1, 0, 1, 1, 1, 1]], "22072.sol": [1, [1, 0, 1, 1, 1, 1, 1, 0, 1, 1]], "34533.sol": [1, [1, 1, 1, 1, 1, 1, 1, 1, 1, 1]], "27710.sol": [1, [1, 1, 1, 1, 1, 0, 1, 1, 1, 1]], "21003.sol": [1, [1, 1, 1, 1, 1, 1, 1, 1, 1, 1]], "16088.sol": [1, [1, 1, 0, 0, 0, 0, 0, 0, 1, 0]], "6996.sol": [1, [1, 1, 1, 1, 1, 1, 1, 1, 1, 1]], "1992.sol": [1, [0, 0, 1, 0, 0, 0, 0, 0, 0, 0]], "7848.sol": [1, [1, 0, 0, 0, 0, 1, 1, 0, 0, 0]], "16191.sol": [1, [1, 0, 1, 0, 0, 0, 0, 1, 0, 0]], "5265.sol": [1, [1, 1, 1, 1, 0, 0, 1, 0, 1, 0]], "31216.sol": [1, [0, 0, 1, 1, 1, 0, 1, 1, 1, 1]], "9088.sol": [1, [1, 1, 1, 1, 1, 0, 1, 1, 1, 1]], "34848.sol": [1, [1, 0, 1, 0, 1, 0, 1, 0, 0, 0]], "29243.sol": [1, [1, 0, 0, 0, 0, 0, 1, 0, 0, 0]], "39962.sol": [1, [1, 1, 1, 1, 0, 0, 0, 1, 1, 1]], "18943.sol": [1, [1, 1, 1, 1, 1, 1, 0, 0, 1, 0]], "38313.sol": [1, [0, 1, 0, 1, 1, 0, 0, 1, 1, 0]], "2069.sol": [1, [0, 1, 0, 1, 1, 1, 1, 0, 1, 0]], "3853.sol": [1, [1, 0, 0, 0, 0, 1, 1, 0, 0, 0]], "31339.sol": [1, [1, 0, 1, 0, 1, 0, 1, 0, 0, 0]], "21990.sol": [1, [0, 1, 1, 1, 1, 1, 1, 1, 1, 1]], "17131.sol": [1, [1, 1, 1, 1, 1, 1, 1, 0, 0, 1]], "11865.sol": [1, [1, 1, 1, 1, 1, 0, 1, 1, 1, 1]], "14287.sol": [1, [1, 1, 1, 0, 0, 0, 0, 0, 0, 1]], "18472.sol": [1, [1, 1, 1, 1, 1, 1, 1, 1, 0, 1]], "37934.sol": [1, [1, 1, 1, 1, 1, 1, 0, 1, 0, 0]], "18369.sol": [1, [1, 0, 1, 1, 0, 0, 1, 0, 1, 1]], "23572.sol": [1, [1, 0, 0, 1, 0, 0, 1, 0, 1, 1]], "40232.sol": [1, [0, 1, 0, 1, 1, 1, 0, 0, 1, 1]], "39689.sol": [1, [1, 0, 0, 0, 0, 0, 0, 1, 0, 0]], "19835.sol": [1, [0, 0, 0, 0, 0, 0, 0, 0, 1, 0]], "6583.sol": [1, [1, 0, 1, 1, 0, 0, 1, 0, 1, 1]], "8124.sol": [1, [1, 1, 1, 1, 1, 0, 0, 0, 0, 0]], "35420.sol": [1, [1, 1, 0, 1, 0, 1, 0, 1, 1, 0]], "16741.sol": [1, [1, 1, 1, 1, 1, 1, 0, 1, 1, 0]], "9642.sol": [1, [1, 1, 1, 1, 1, 1, 1, 1, 1, 1]], "38851.sol": [1, [1, 1, 1, 1, 1, 1, 1, 1, 1, 1]], "37030.sol": [1, [1, 1, 1, 1, 0, 1, 0, 1, 1, 0]], "8589.sol": [1, [1, 0, 1, 0, 1, 0, 1, 0, 0, 0]], "32373.sol": [1, [0, 0, 1, 1, 1, 1, 1, 1, 1, 1]], "20236.sol": [1, [1, 0, 1, 1, 0, 0, 1, 0, 1, 1]], "30299.sol": [1, [1, 0, 0, 1, 0, 0, 1, 0, 1, 0]], "2348.sol": [1, [1, 1, 1, 1, 0, 1, 1, 1, 0, 0]], "37024.sol": [1, [1, 1, 1, 1, 1, 1, 1, 1, 0, 0]], "5379.sol": [1, [1, 1, 1, 0, 1, 0, 1, 1, 1, 1]], "7835.sol": [1, [1, 1, 1, 1, 1, 1, 1, 1, 1, 1]], "20251.sol": [1, [1, 1, 1, 1, 0, 0, 1, 1, 1, 1]], "16688.sol": [1, [1, 1, 1, 0, 0, 1, 1, 0, 1, 1]], "9445.sol": [1, [0, 0, 0, 1, 0, 0, 1, 0, 0, 0]], "22589.sol": [1, [1, 0, 1, 0, 0, 0, 0, 0, 0, 0]], "13210.sol": [1, [1, 1, 1, 1, 1, 1, 1, 0, 0, 1]], "10083.sol": [1, [1, 1, 1, 1, 0, 0, 0, 1, 1, 1]], "19578.sol": [1, [1, 0, 0, 0, 0, 0, 1, 1, 0, 0]], "29694.sol": [1, [1, 0, 1, 1, 0, 0, 1, 0, 1, 1]], "23993.sol": [1, [1, 1, 1, 1, 1, 1, 1, 0, 1, 1]], "32517.sol": [1, [0, 0, 0, 0, 1, 1, 1, 1, 0, 1]], "28738.sol": [1, [1, 0, 1, 1, 1, 1, 0, 1, 0, 0]], "21791.sol": [1, [1, 1, 1, 1, 1, 0, 1, 1, 0, 1]], "25607.sol": [1, [0, 0, 0, 1, 0, 0, 0, 0, 0, 0]], "39131.sol": [1, [1, 1, 1, 1, 1, 1, 0, 1, 0, 1]], "37602.sol": [1, [1, 0, 0, 0, 1, 1, 0, 1, 0, 1]], "27667.sol": [1, [0, 0, 0, 0, 0, 0, 0, 0, 1, 0]], "21056.sol": [1, [1, 1, 1, 1, 1, 0, 1, 1, 1, 1]], "2099.sol": [1, [1, 0, 0, 0, 1, 1, 1, 0, 0, 0]], "39874.sol": [1, [1, 1, 0, 0, 0, 0, 0, 0, 0, 0]], "10422.sol": [1, [1, 1, 0, 1, 1, 0, 1, 0, 1, 1]], "12860.sol": [1, [1, 1, 1, 1, 1, 0, 1, 1, 1, 1]], "24654.sol": [1, [1, 0, 1, 1, 1, 1, 0, 1, 0, 0]], "7467.sol": [0, [0, 0, 0, 0, 0, 0, 0, 0, 0, 0]], "21339.sol": [1, [1, 0, 0, 1, 0, 0, 1, 0, 1, 1]], "13869.sol": [1, [0, 0, 0, 0, 0, 0, 0, 0, 0, 1]], "16187.sol": [1, [0, 1, 0, 1, 0, 0, 0, 0, 0, 1]], "28811.sol": [1, [1, 0, 1, 1, 0, 0, 1, 0, 1, 1]], "15000.sol": [1, [1, 0, 1, 1, 0, 1, 1, 0, 0, 0]], "37877.sol": [1, [1, 1, 1, 0, 0, 0, 0, 0, 1, 1]], "24296.sol": [1, [1, 0, 0, 0, 0, 0, 0, 0, 1, 0]], "9983.sol": [1, [1, 0, 1, 1, 0, 1, 1, 1, 0, 0]], "7474.sol": [1, [1, 1, 1, 1, 1, 0, 1, 1, 1, 1]], "13635.sol": [1, [1, 1, 1, 0, 0, 1, 0, 1, 1, 0]], "21800.sol": [1, [1, 1, 1, 1, 1, 1, 1, 1, 1, 1]], "26517.sol": [1, [1, 1, 1, 1, 1, 0, 1, 1, 1, 1]], "35234.sol": [1, [0, 0, 1, 0, 0, 1, 0, 0, 0, 0]], "34995.sol": [1, [0, 0, 1, 0, 1, 0, 0, 0, 1, 0]], "8218.sol": [1, [1, 1, 0, 0, 1, 1, 1, 0, 1, 1]], "25978.sol": [0, [0, 0, 0, 0, 0, 0, 0, 0, 0, 0]], "21629.sol": [0, [0, 0, 0, 0, 0, 0, 0, 0, 0, 0]], "40188.sol": [0, [0, 0, 0, 0, 0, 0, 0, 0, 0, 0]], "40082.sol": [0, [0, 0, 0, 0, 0, 0, 0, 0, 0, 0]], "31193.sol": [0, [0, 0, 0, 0, 0, 0, 0, 0, 0, 0]], "14671.sol": [0, [0, 0, 0, 0, 0, 0, 0, 0, 0, 0]], "69.sol": [0, [0, 0, 0, 0, 0, 0, 0, 0, 0, 0]], "38650.sol": [0, [0, 0, 0, 0, 0, 0, 0, 0, 0, 0]], "71.sol": [0, [0, 0, 0, 0, 0, 0, 0, 0, 0, 0]], "34540.sol": [0, [0, 0, 0, 0, 0, 0, 0, 0, 0, 0]], "21008.sol": [0, [0, 0, 0, 0, 0, 0, 0, 0, 0, 0]], "23693.sol": [1, [0, 0, 0, 0, 0, 1, 0, 0, 0, 1]], "22386.sol": [0, [0, 0, 0, 0, 0, 0, 0, 0, 0, 0]], "8922.sol": [0, [0, 0, 0, 0, 0, 0, 0, 0, 0, 0]], "839.sol": [1, [1, 1, 1, 1, 1, 0, 0, 1, 0, 0]], "18521.sol": [0, [0, 0, 0, 0, 0, 0, 0, 0, 0, 0]], "20782.sol": [0, [0, 0, 0, 0, 0, 0, 0, 0, 0, 0]], "15390.sol": [1, [0, 0, 0, 0, 1, 1, 0, 0, 0, 0]], "8896.sol": [0, [0, 0, 0, 0, 0, 0, 0, 0, 0, 0]], "30905.sol": [0, [0, 0, 0, 0, 0, 0, 0, 0, 0, 0]], "11787.sol": [0, [0, 0, 0, 0, 0, 0]], "8326.sol": [1, [1, 0, 0, 0, 0, 0, 0, 0, 0, 0]], "5150.sol": [1, [1, 0, 0, 1, 0, 0, 1, 0, 0, 0]], "1879.sol": [0, [0, 0, 0, 0, 0, 0, 0, 0, 0, 0]], "20587.sol": [1, [1, 1, 1, 1, 0, 1, 1, 1, 0, 1]], "24149.sol": [1, [0, 1, 0, 1, 0, 1, 0, 0, 0, 0]], "30812.sol": [1, [0, 0, 0, 0, 0, 0, 0, 1, 0, 0]], "17341.sol": [0, [0, 0, 0, 0, 0, 0, 0, 0, 0, 0]], "16780.sol": [1, [1, 1, 0, 0, 0, 0, 0, 0, 1, 0]], "124.sol": [1, [0, 1, 1, 0, 1, 1, 0, 0, 1, 1]], "34821.sol": [0, [0, 0, 0, 0, 0, 0, 0, 0, 0, 0]], "14977.sol": [0, [0, 0, 0, 0, 0, 0, 0]], "11266.sol": [1, [1, 1, 1, 1, 0, 0, 0, 0, 0, 0]], "31247.sol": [0, [0, 0, 0, 0, 0, 0, 0, 0, 0, 0]], "28011.sol": [1, [0, 1, 0, 0, 0, 0, 0, 0, 0, 0]], "19075.sol": [0, [0, 0, 0, 0, 0, 0, 0, 0, 0, 0]], "19121.sol": [0, [0, 0, 0, 0, 0, 0, 0, 0, 0, 0]], "17126.sol": [0, [0, 0, 0, 0, 0, 0, 0, 0, 0, 0]], "508.sol": [0, [0, 0, 0, 0, 0, 0, 0, 0, 0, 0]], "3993.sol": [0, [0, 0, 0, 0, 0, 0, 0, 0, 0, 0]], "12903.sol": [0, [0, 0, 0, 0, 0, 0, 0, 0, 0, 0]], "6882.sol": [1, [1, 1, 1, 1, 1, 1, 1, 1, 1, 1]], "37230.sol": [1, [0, 0, 0, 1, 0, 0, 0, 0, 1, 0]], "18406.sol": [0, [0, 0, 0, 0, 0, 0, 0, 0, 0, 0]], "11058.sol": [0, [0, 0, 0, 0, 0, 0, 0, 0, 0, 0]], "34673.sol": [0, [0, 0, 0, 0, 0, 0, 0, 0, 0, 0]], "24280.sol": [0, [0, 0, 0, 0, 0, 0, 0, 0, 0, 0]], "39780.sol": [0, [0, 0, 0, 0, 0, 0, 0, 0, 0, 0]]}