{"37612.sol": [0, [0, 0, 0, 0, 0, 0, 0, 0, 0, 0]], "25587.sol": [0, [0, 0, 0, 0, 0, 0, 0, 0, 0, 0]], "17050.sol": [0, [0, 0, 0, 0, 0, 0, 0, 0, 0, 0]], "5522.sol": [0, [0, 0, 0, 0, 0, 0, 0, 0, 0, 0]], "4656.sol": [0, [0, 0, 0, 0, 0, 0, 0, 0, 0, 0]], "28349.sol": [0, [0, 0, 0, 0, 0, 0, 0, 0, 0, 0]], "29132.sol": [0, [0, 0, 0, 0, 0, 0, 0, 0, 0, 0]], "33586.sol": [0, [0, 0, 0, 0, 0, 0, 0, 0, 0, 0]], "28550.sol": [0, [0, 0, 0, 0, 0, 0, 0, 0, 0, 0]], "1150.sol": [0, [0, 0, 0, 0, 0, 0, 0, 0, 0, 0]], "26393.sol": [0, [0, 0, 0, 0, 0, 0, 0, 0, 0, 0]], "1511.sol": [0, [0, 0, 0, 0, 0, 0, 0, 0, 0, 0]], "13613.sol": [0, [0, 0, 0, 0, 0, 0, 0, 0, 0, 0]], "16896.sol": [0, [0, 0, 0, 0, 0, 0, 0, 0, 0, 0]], "39995.sol": [0, [0, 0, 0, 0, 0, 0, 0, 0, 0, 0]], "38262.sol": [0, [0, 0, 0, 0, 0, 0, 0, 0, 0, 0]], "23626.sol": [0, [0, 0, 0, 0, 0, 0, 0, 0, 0, 0]], "12791.sol": [0, [0, 0, 0, 0, 0, 0, 0, 0, 0, 0]], "7961.sol": [0, [0, 0, 0, 0, 0, 0, 0, 0, 0, 0]], "9148.sol": [0, [0, 0, 0, 0, 0, 0, 0, 0, 0, 0]], "40237.sol": [0, [0, 0, 0, 0, 0, 0, 0, 0, 0, 0]], "32139.sol": [0, [0, 0, 0, 0, 0, 0, 0, 0, 0, 0]], "24455.sol": [0, [0, 0, 0, 0, 0, 0, 0, 0, 0, 0]], "16056.sol": [0, [0, 0, 0, 0, 0, 0, 0, 0, 0, 0]], "15798.sol": [0, [0, 0, 0, 0, 0, 0, 0, 0, 0, 0]], "35114.sol": [0, [0, 0, 0, 0, 0, 0, 0, 0, 0, 0]], "37008.sol": [0, [0, 0, 0, 0, 0, 0, 0, 0, 0, 0]], "39868.sol": [0, [0, 0, 0, 0, 0, 0, 0, 0, 0, 0]], "23351.sol": [0, [0, 0, 0, 0, 0, 0, 0, 0, 0, 0]], "456.sol": [0, [0, 0, 0, 0, 0, 0, 0, 0, 0, 0]], "13132.sol": [0, [0, 0, 0, 0, 0, 0, 0, 0, 0, 0]], "15925.sol": [0, [0, 0, 0, 0, 0, 0, 0, 0, 0, 0]], "3710.sol": [0, [0, 0, 0, 0, 0, 0, 0, 0, 0, 0]], "30738.sol": [0, [0, 0, 0, 0, 0, 0, 0, 0, 0, 0]], "24643.sol": [0, [0, 0, 0, 0, 0, 0, 0, 0, 0, 0]], "18620.sol": [0, [0, 0, 0, 0, 0, 0, 0, 0, 0, 0]], "35350.sol": [0, [0, 0, 0, 0, 0, 0, 0, 0, 0, 0]], "23602.sol": [0, [0, 0, 0, 0, 0, 0, 0, 0, 0, 0]], "21236.sol": [0, [0, 0, 0, 0, 0, 0, 0, 0, 0, 0]], "32150.sol": [0, [0, 0, 0, 0, 0, 0, 0, 0, 0, 0]], "25257.sol": [0, [0, 0, 0, 0, 0, 0, 0, 0, 0, 0]], "33867.sol": [0, [0, 0, 0, 0, 0, 0, 0, 0, 0, 0]], "7244.sol": [0, [0, 0, 0, 0, 0, 0, 0, 0, 0, 0]], "3671.sol": [0, [0, 0, 0, 0, 0, 0, 0, 0, 0, 0]], "616.sol": [0, [0, 0, 0, 0, 0, 0, 0, 0, 0, 0]], "28224.sol": [0, [0, 0, 0, 0, 0, 0, 0, 0, 0, 0]], "7717.sol": [0, [0, 0, 0, 0, 0, 0, 0, 0, 0, 0]], "15730.sol": [0, [0, 0, 0, 0, 0, 0, 0, 0, 0, 0]], "16732.sol": [0, [0, 0, 0, 0, 0, 0, 0, 0, 0, 0]], "14555.sol": [0, [0, 0, 0, 0, 0, 0, 0, 0, 0, 0]], "36375.sol": [0, [0, 0, 0, 0, 0, 0, 0, 0, 0, 0]], "21943.sol": [0, [0, 0, 0, 0, 0, 0, 0, 0, 0, 0]], "17981.sol": [0, [0, 0, 0, 0, 0, 0, 0, 0, 0, 0]], "38963.sol": [0, [0, 0, 0, 0, 0, 0, 0, 0, 0, 0]], "205.sol": [0, [0, 0, 0, 0, 0, 0, 0, 0, 0, 0]], "7850.sol": [0, [0, 0, 0, 0, 0, 0, 0, 0, 0, 0]], "23737.sol": [0, [0, 0, 0, 0, 0, 0, 0, 0, 0, 0]], "18753.sol": [0, [0, 0, 0, 0, 0, 0, 0, 0, 0, 0]], "28276.sol": [0, [0, 0, 0, 0, 0, 0, 0, 0, 0, 0]], "16429.sol": [0, [0, 0, 0, 0, 0, 0, 0, 0, 0, 0]], "26445.sol": [0, [0, 0, 0, 0, 0, 0, 0, 0, 0, 0]], "14070.sol": [1, [0, 0, 0, 0, 0, 0, 1, 0, 0, 0]], "30626.sol": [0, [0, 0, 0, 0, 0, 0, 0, 0, 0, 0]], "4079.sol": [0, [0, 0, 0, 0, 0, 0, 0, 0, 0, 0]], "39888.sol": [0, [0, 0, 0, 0, 0, 0, 0, 0, 0, 0]], "7447.sol": [0, [0, 0, 0, 0, 0, 0, 0, 0, 0, 0]], "40342.sol": [0, [0, 0, 0, 0, 0, 0, 0, 0, 0, 0]], "31261.sol": [0, [0, 0, 0, 0, 0, 0, 0, 0, 0, 0]], "1831.sol": [1, [1, 0, 1, 1, 1, 0, 0, 1, 1, 1]], "2128.sol": [0, [0, 0, 0, 0, 0, 0, 0, 0, 0, 0]], "9264.sol": [0, [0, 0, 0, 0, 0, 0, 0, 0, 0, 0]], "40142.sol": [0, [0, 0, 0, 0, 0, 0, 0, 0, 0, 0]], "6659.sol": [0, [0, 0, 0, 0, 0, 0, 0, 0, 0, 0]], "17827.sol": [0, [0, 0, 0, 0, 0, 0, 0, 0, 0, 0]], "32896.sol": [0, [0, 0, 0, 0, 0, 0, 0, 0, 0, 0]], "33785.sol": [0, [0, 0, 0, 0, 0, 0, 0, 0, 0, 0]], "3616.sol": [0, [0, 0, 0, 0, 0, 0, 0, 0, 0, 0]], "7686.sol": [0, [0, 0, 0, 0, 0, 0, 0, 0, 0, 0]], "34343.sol": [0, [0, 0, 0, 0, 0, 0, 0, 0, 0, 0]], "23235.sol": [0, [0, 0, 0, 0, 0, 0, 0, 0, 0, 0]], "10339.sol": [0, [0, 0, 0, 0, 0, 0, 0, 0, 0, 0]], "25034.sol": [0, [0, 0, 0, 0, 0, 0, 0, 0, 0, 0]], "32207.sol": [0, [0, 0, 0, 0, 0, 0, 0, 0, 0, 0]], "22297.sol": [0, [0, 0, 0, 0, 0, 0, 0, 0, 0, 0]], "21042.sol": [0, [0, 0, 0, 0, 0, 0, 0, 0, 0, 0]], "3280.sol": [0, [0, 0, 0, 0, 0, 0, 0, 0, 0, 0]], "31688.sol": [0, [0, 0, 0, 0, 0, 0, 0, 0, 0, 0]], "37233.sol": [0, [0, 0, 0, 0, 0, 0, 0, 0, 0, 0]], "18567.sol": [0, [0, 0, 0, 0, 0, 0, 0, 0, 0, 0]], "4150.sol": [0, [0, 0, 0, 0, 0, 0, 0, 0, 0, 0]], "24366.sol": [0, [0, 0, 0, 0, 0, 0, 0, 0, 0, 0]], "39481.sol": [0, [0, 0, 0, 0, 0, 0, 0, 0, 0, 0]], "34218.sol": [0, [0, 0, 0, 0, 0, 0, 0, 0, 0, 0]], "24511.sol": [0, [0, 0, 0, 0, 0, 0, 0, 0, 0, 0]], "1409.sol": [0, [0, 0, 0, 0, 0, 0, 0, 0, 0, 0]], "16298.sol": [0, [0, 0, 0, 0, 0, 0, 0, 0, 0, 0]], "866.sol": [0, [0, 0, 0, 0, 0, 0, 0, 0, 0, 0]], "34596.sol": [0, [0, 0, 0, 0, 0, 0, 0, 0, 0, 0]], "16693.sol": [0, [0, 0, 0, 0, 0, 0, 0, 0, 0, 0]], "6648.sol": [0, [0, 0, 0, 0, 0, 0, 0, 0, 0, 0]], "16301.sol": [0, [0, 0, 0, 0, 0, 0, 0, 0, 0, 0]], "18213.sol": [0, [0, 0, 0, 0, 0, 0, 0, 0, 0, 0]], "429.sol": [0, [0, 0, 0, 0, 0, 0, 0, 0, 0, 0]], "2784.sol": [0, [0, 0, 0, 0, 0, 0, 0, 0, 0, 0]], "20495.sol": [1, [1, 1, 1, 1, 1, 1, 1, 1, 0, 1]], "35458.sol": [0, [0, 0, 0, 0, 0, 0, 0, 0, 0, 0]], "10478.sol": [0, [0, 0, 0, 0, 0, 0, 0, 0, 0, 0]], "9068.sol": [0, [0, 0, 0, 0, 0, 0, 0, 0, 0, 0]], "2493.sol": [0, [0, 0, 0, 0, 0, 0, 0, 0, 0, 0]], "28933.sol": [0, [0, 0, 0, 0, 0, 0, 0, 0, 0, 0]], "9829.sol": [0, [0, 0, 0, 0, 0, 0, 0, 0, 0, 0]], "4547.sol": [0, [0, 0, 0, 0, 0, 0, 0, 0, 0, 0]], "33151.sol": [0, [0, 0, 0, 0, 0, 0, 0, 0, 0, 0]], "23576.sol": [0, [0, 0, 0, 0, 0, 0, 0, 0, 0, 0]], "10852.sol": [0, [0, 0, 0, 0, 0, 0, 0, 0, 0, 0]], "23450.sol": [0, [0, 0, 0, 0, 0, 0, 0, 0, 0, 0]], "30207.sol": [0, [0, 0, 0, 0, 0, 0, 0, 0, 0, 0]], "4653.sol": [0, [0, 0, 0, 0, 0, 0, 0, 0, 0, 0]], "34339.sol": [0, [0, 0, 0, 0, 0, 0, 0, 0, 0, 0]], "32642.sol": [0, [0, 0, 0, 0, 0, 0, 0, 0, 0, 0]], "29881.sol": [0, [0, 0, 0, 0, 0, 0, 0, 0, 0, 0]], "30632.sol": [1, [0, 1, 0, 0, 0, 0, 0, 0, 0, 0]], "40225.sol": [0, [0, 0, 0, 0, 0, 0, 0, 0, 0, 0]], "22003.sol": [0, [0, 0, 0, 0, 0, 0, 0, 0, 0, 0]], "16569.sol": [0, [0, 0, 0, 0, 0, 0, 0, 0, 0, 0]], "18063.sol": [0, [0, 0, 0, 0, 0, 0, 0, 0, 0, 0]], "37354.sol": [0, [0, 0, 0, 0, 0, 0, 0, 0, 0, 0]], "24820.sol": [1, [0, 0, 0, 0, 0, 0, 1, 1, 1, 0]], "29300.sol": [0, [0, 0, 0, 0, 0, 0, 0, 0, 0, 0]], "19500.sol": [0, [0, 0, 0, 0, 0, 0, 0, 0, 0, 0]], "17371.sol": [0, [0, 0, 0, 0, 0, 0, 0, 0, 0, 0]], "28581.sol": [0, [0, 0, 0, 0, 0, 0, 0, 0, 0, 0]], "38726.sol": [0, [0, 0, 0, 0, 0, 0, 0, 0, 0, 0]], "40113.sol": [0, [0, 0, 0, 0, 0, 0, 0, 0, 0, 0]], "16944.sol": [0, [0, 0, 0, 0, 0, 0, 0, 0, 0, 0]], "26434.sol": [0, [0, 0, 0, 0, 0, 0, 0, 0, 0, 0]], "27163.sol": [0, [0, 0, 0, 0, 0, 0, 0, 0, 0, 0]], "17508.sol": [0, [0, 0, 0, 0, 0, 0, 0, 0, 0, 0]], "39085.sol": [0, [0, 0, 0, 0, 0, 0, 0, 0, 0, 0]], "32947.sol": [0, [0, 0, 0, 0, 0, 0, 0, 0, 0, 0]], "14224.sol": [0, [0, 0, 0, 0, 0, 0, 0, 0, 0, 0]], "36826.sol": [0, [0, 0, 0, 0, 0, 0, 0, 0, 0, 0]], "21740.sol": [0, [0, 0, 0, 0, 0, 0, 0, 0, 0, 0]], "20191.sol": [0, [0, 0, 0, 0, 0, 0, 0, 0, 0, 0]], "8413.sol": [0, [0, 0, 0, 0, 0, 0, 0, 0, 0, 0]], "23174.sol": [0, [0, 0, 0, 0, 0, 0, 0, 0, 0, 0]], "28327.sol": [0, [0, 0, 0, 0, 0, 0, 0, 0, 0, 0]], "994.sol": [0, [0, 0, 0, 0, 0, 0, 0, 0, 0, 0]], "9509.sol": [0, [0, 0, 0, 0, 0, 0, 0, 0, 0, 0]], "2569.sol": [0, [0, 0, 0, 0, 0, 0, 0, 0, 0, 0]], "24504.sol": [0, [0, 0, 0, 0, 0, 0, 0, 0, 0, 0]], "27387.sol": [0, [0, 0, 0, 0, 0, 0, 0, 0, 0, 0]], "29350.sol": [0, [0, 0, 0, 0, 0, 0, 0, 0, 0, 0]], "1529.sol": [0, [0, 0, 0, 0, 0, 0, 0, 0, 0, 0]], "36959.sol": [0, [0, 0, 0, 0, 0, 0, 0, 0, 0, 0]], "22792.sol": [0, [0, 0, 0, 0, 0, 0, 0, 0, 0, 0]], "3544.sol": [0, [0, 0, 0, 0, 0, 0, 0, 0, 0, 0]], "18743.sol": [0, [0, 0, 0, 0, 0, 0, 0, 0, 0, 0]], "13918.sol": [0, [0, 0, 0, 0, 0, 0, 0, 0, 0, 0]], "12495.sol": [0, [0, 0, 0, 0, 0, 0, 0, 0, 0, 0]], "29106.sol": [0, [0, 0, 0, 0, 0, 0, 0, 0, 0, 0]], "40412.sol": [0, [0, 0, 0, 0, 0, 0, 0, 0, 0, 0]], "86.sol": [0, [0, 0, 0, 0, 0, 0, 0, 0, 0, 0]], "21506.sol": [0, [0, 0, 0, 0, 0, 0, 0, 0, 0, 0]], "29814.sol": [0, [0, 0, 0, 0, 0, 0, 0, 0, 0, 0]], "16578.sol": [0, [0, 0, 0, 0, 0, 0, 0, 0, 0, 0]], "25312.sol": [0, [0, 0, 0, 0, 0, 0, 0, 0, 0, 0]], "12036.sol": [0, [0, 0, 0, 0, 0, 0, 0, 0, 0, 0]], "2986.sol": [0, [0, 0, 0, 0, 0, 0, 0, 0, 0, 0]], "1264.sol": [0, [0, 0, 0, 0, 0, 0, 0, 0, 0, 0]], "27806.sol": [0, [0, 0, 0, 0, 0, 0, 0, 0, 0, 0]], "37382.sol": [0, [0, 0, 0, 0, 0, 0, 0, 0, 0, 0]], "5586.sol": [0, [0, 0, 0, 0, 0, 0, 0, 0, 0, 0]], "35392.sol": [0, [0, 0, 0, 0, 0, 0, 0, 0, 0, 0]], "4879.sol": [0, [0, 0, 0, 0, 0, 0, 0, 0, 0, 0]], "1613.sol": [0, [0, 0, 0, 0, 0, 0, 0, 0, 0, 0]], "11975.sol": [0, [0, 0, 0, 0, 0, 0, 0, 0, 0, 0]], "14598.sol": [0, [0, 0, 0, 0, 0, 0, 0, 0, 0, 0]], "12416.sol": [0, [0, 0, 0, 0, 0, 0, 0, 0, 0, 0]], "9565.sol": [0, [0, 0, 0, 0, 0, 0, 0, 0, 0, 0]], "31998.sol": [0, [0, 0, 0, 0, 0, 0, 0, 0, 0, 0]], "20978.sol": [1, [0, 0, 1, 1, 0, 0, 1, 0, 0, 0]], "2792.sol": [1, [1, 0, 0, 0, 0, 0, 1, 0, 0, 0]], "31390.sol": [0, [0, 0, 0, 0, 0, 0, 0, 0, 0, 0]], "8069.sol": [0, [0, 0, 0, 0, 0, 0, 0, 0, 0, 0]], "30399.sol": [0, [0, 0, 0, 0, 0, 0, 0, 0, 0, 0]], "23464.sol": [0, [0, 0, 0, 0, 0, 0, 0, 0, 0, 0]], "16979.sol": [0, [0, 0, 0, 0, 0, 0, 0, 0, 0, 0]], "21277.sol": [0, [0, 0, 0, 0, 0, 0, 0, 0, 0, 0]], "9228.sol": [0, [0, 0, 0, 0, 0, 0, 0, 0, 0, 0]], "10124.sol": [0, [0, 0, 0, 0, 0, 0, 0, 0, 0, 0]], "9180.sol": [0, [0, 0, 0, 0, 0, 0, 0, 0, 0, 0]], "12381.sol": [0, [0, 0, 0, 0, 0, 0, 0, 0, 0, 0]], "16680.sol": [0, [0, 0, 0, 0, 0, 0, 0, 0, 0, 0]], "13718.sol": [0, [0, 0, 0, 0, 0, 0, 0, 0, 0, 0]], "23537.sol": [0, [0, 0, 0, 0, 0, 0, 0, 0, 0, 0]], "15946.sol": [0, [0, 0, 0, 0, 0, 0, 0, 0, 0, 0]], "23991.sol": [0, [0, 0, 0, 0, 0, 0, 0, 0, 0, 0]], "37446.sol": [0, [0, 0, 0, 0, 0, 0, 0, 0, 0, 0]], "8123.sol": [0, [0, 0, 0, 0, 0, 0, 0, 0, 0, 0]], "28603.sol": [0, [0, 0, 0, 0, 0, 0, 0, 0, 0, 0]], "12219.sol": [0, [0, 0, 0, 0, 0, 0, 0, 0, 0, 0]], "5699.sol": [0, [0, 0, 0, 0, 0, 0, 0, 0, 0, 0]], "9443.sol": [0, [0, 0, 0, 0, 0, 0, 0, 0, 0, 0]], "3938.sol": [0, [0, 0, 0, 0, 0, 0, 0, 0, 0, 0]], "10564.sol": [0, [0, 0, 0, 0, 0, 0, 0, 0, 0, 0]], "24526.sol": [0, [0, 0, 0, 0, 0, 0, 0, 0, 0, 0]], "27265.sol": [0, [0, 0, 0, 0, 0, 0, 0, 0, 0, 0]], "37635.sol": [0, [0, 0, 0, 0, 0, 0, 0, 0, 0, 0]], "21388.sol": [0, [0, 0, 0, 0, 0, 0, 0, 0, 0, 0]], "20194.sol": [0, [0, 0, 0, 0, 0, 0, 0, 0, 0, 0]], "30335.sol": [0, [0, 0, 0, 0, 0, 0, 0, 0, 0, 0]], "23272.sol": [0, [0, 0, 0, 0, 0, 0, 0, 0, 0, 0]], "2163.sol": [0, [0, 0, 0, 0, 0, 0, 0, 0, 0, 0]], "34466.sol": [0, [0, 0, 0, 0, 0, 0, 0, 0, 0, 0]], "8692.sol": [0, [0, 0, 0, 0, 0, 0, 0, 0, 0, 0]], "32247.sol": [0, [0, 0, 0, 0, 0, 0, 0, 0, 0, 0]], "3208.sol": [0, [0, 0, 0, 0, 0, 0, 0, 0, 0, 0]], "18240.sol": [0, [0, 0, 0, 0, 0, 0, 0, 0, 0, 0]], "9270.sol": [0, [0, 0, 0, 0, 0, 0, 0, 0, 0, 0]], "6851.sol": [0, [0, 0, 0, 0, 0, 0, 0, 0, 0, 0]], "12086.sol": [0, [0, 0, 0, 0, 0, 0, 0, 0, 0, 0]], "28888.sol": [0, [0, 0, 0, 0, 0, 0, 0, 0, 0, 0]], "2495.sol": [0, [0, 0, 0, 0, 0, 0, 0, 0, 0, 0]], "1540.sol": [0, [0, 0, 0, 0, 0, 0, 0, 0, 0, 0]], "7524.sol": [0, [0, 0, 0, 0, 0, 0, 0, 0, 0, 0]], "10822.sol": [0, [0, 0, 0, 0, 0, 0, 0, 0, 0, 0]], "3782.sol": [0, [0, 0, 0, 0, 0, 0, 0, 0, 0, 0]], "33925.sol": [0, [0, 0, 0, 0, 0, 0, 0, 0, 0, 0]], "8033.sol": [0, [0, 0, 0, 0, 0, 0, 0, 0, 0, 0]], "25824.sol": [0, [0, 0, 0, 0, 0, 0, 0, 0, 0, 0]], "17655.sol": [0, [0, 0, 0, 0, 0, 0, 0, 0, 0, 0]], "35448.sol": [0, [0, 0, 0, 0, 0, 0, 0, 0, 0, 0]], "6593.sol": [0, [0, 0, 0, 0, 0, 0, 0, 0, 0, 0]], "4694.sol": [0, [0, 0, 0, 0, 0, 0, 0, 0, 0, 0]], "24782.sol": [0, [0, 0, 0, 0, 0, 0, 0, 0, 0, 0]], "15460.sol": [0, [0, 0, 0, 0, 0, 0, 0, 0, 0, 0]], "22243.sol": [0, [0, 0, 0, 0, 0, 0, 0, 0, 0, 0]], "4992.sol": [0, [0, 0, 0, 0, 0, 0, 0, 0, 0, 0]], "17631.sol": [0, [0, 0, 0, 0, 0, 0, 0, 0, 0, 0]], "27838.sol": [0, [0, 0, 0, 0, 0, 0, 0, 0, 0, 0]], "32859.sol": [0, [0, 0, 0, 0, 0, 0, 0, 0, 0, 0]], "23265.sol": [0, [0, 0, 0, 0, 0, 0, 0, 0, 0, 0]], "23083.sol": [0, [0, 0, 0, 0, 0, 0, 0, 0, 0, 0]], "17871.sol": [0, [0, 0, 0, 0, 0, 0, 0, 0, 0, 0]], "29355.sol": [0, [0, 0, 0, 0, 0, 0, 0, 0, 0, 0]], "31532.sol": [0, [0, 0, 0, 0, 0, 0, 0, 0, 0, 0]], "21379.sol": [0, [0, 0, 0, 0, 0, 0, 0, 0, 0, 0]], "22342.sol": [0, [0, 0, 0, 0, 0, 0, 0, 0, 0, 0]], "21802.sol": [0, [0, 0, 0, 0, 0, 0, 0, 0, 0, 0]], "16089.sol": [0, [0, 0, 0, 0, 0, 0, 0, 0, 0, 0]], "14287.sol": [0, [0, 0, 0, 0, 0, 0, 0, 0, 0, 0]], "28139.sol": [0, [0, 0, 0, 0, 0, 0, 0, 0, 0, 0]], "34262.sol": [0, [0, 0, 0, 0, 0, 0, 0, 0, 0, 0]], "35898.sol": [0, [0, 0, 0, 0, 0, 0, 0, 0, 0, 0]], "9098.sol": [0, [0, 0, 0, 0, 0, 0, 0, 0, 0, 0]], "23180.sol": [0, [0, 0, 0, 0, 0, 0, 0, 0, 0, 0]], "30442.sol": [0, [0, 0, 0, 0, 0, 0, 0, 0, 0, 0]], "4034.sol": [0, [0, 0, 0, 0, 0, 0, 0, 0, 0, 0]], "21192.sol": [0, [0, 0, 0, 0, 0, 0, 0, 0, 0, 0]], "27054.sol": [0, [0, 0, 0, 0, 0, 0, 0, 0, 0, 0]], "29296.sol": [0, [0, 0, 0, 0, 0, 0, 0, 0, 0, 0]], "16175.sol": [0, [0, 0, 0, 0, 0, 0, 0, 0, 0, 0]], "32502.sol": [0, [0, 0, 0, 0, 0, 0, 0, 0, 0, 0]], "34477.sol": [0, [0, 0, 0, 0, 0, 0, 0, 0, 0, 0]], "31669.sol": [0, [0, 0, 0, 0, 0, 0, 0, 0, 0, 0]], "31450.sol": [0, [0, 0, 0, 0, 0, 0, 0, 0, 0, 0]], "10400.sol": [0, [0, 0, 0, 0, 0, 0, 0, 0, 0, 0]], "17584.sol": [0, [0, 0, 0, 0, 0, 0, 0, 0, 0, 0]], "26990.sol": [0, [0, 0, 0, 0, 0, 0, 0, 0, 0, 0]], "30780.sol": [0, [0, 0, 0, 0, 0, 0, 0, 0, 0, 0]], "29804.sol": [0, [0, 0, 0, 0, 0, 0, 0, 0, 0, 0]], "357.sol": [0, [0, 0, 0, 0, 0, 0, 0, 0, 0, 0]], "26166.sol": [0, [0, 0, 0, 0, 0, 0, 0, 0, 0, 0]], "700.sol": [0, [0, 0, 0, 0, 0, 0, 0, 0, 0, 0]], "23620.sol": [0, [0, 0, 0, 0, 0, 0, 0, 0, 0, 0]], "14745.sol": [0, [0, 0, 0, 0, 0, 0, 0, 0, 0, 0]], "11207.sol": [0, [0, 0, 0, 0, 0, 0, 0, 0, 0, 0]], "24499.sol": [0, [0, 0, 0, 0, 0, 0, 0, 0, 0, 0]], "25836.sol": [0, [0, 0, 0, 0, 0, 0, 0, 0, 0, 0]], "25853.sol": [0, [0, 0, 0, 0, 0, 0, 0, 0, 0, 0]], "23446.sol": [0, [0, 0, 0, 0, 0, 0, 0, 0, 0, 0]], "21735.sol": [0, [0, 0, 0, 0, 0, 0, 0, 0, 0, 0]], "10396.sol": [0, [0, 0, 0, 0, 0, 0, 0, 0, 0, 0]], "33163.sol": [0, [0, 0, 0, 0, 0, 0, 0, 0, 0, 0]], "6284.sol": [0, [0, 0, 0, 0, 0, 0, 0, 0, 0, 0]], "34209.sol": [0, [0, 0, 0, 0, 0, 0, 0, 0, 0, 0]], "36055.sol": [0, [0, 0, 0, 0, 0, 0, 0, 0, 0, 0]], "27927.sol": [0, [0, 0, 0, 0, 0, 0, 0, 0, 0, 0]], "36828.sol": [0, [0, 0, 0, 0, 0, 0, 0, 0, 0, 0]], "14348.sol": [0, [0, 0, 0, 0, 0, 0, 0, 0, 0, 0]], "17455.sol": [0, [0, 0, 0, 0, 0, 0, 0, 0, 0, 0]], "23308.sol": [0, [0, 0, 0, 0, 0, 0, 0, 0, 0, 0]], "6940.sol": [0, [0, 0, 0, 0, 0, 0, 0, 0, 0, 0]], "9743.sol": [0, [0, 0, 0, 0, 0, 0, 0, 0, 0, 0]], "11802.sol": [0, [0, 0, 0, 0, 0, 0, 0, 0, 0, 0]], "22519.sol": [0, [0, 0, 0, 0, 0, 0, 0, 0, 0, 0]], "16584.sol": [0, [0, 0, 0, 0, 0, 0, 0, 0, 0, 0]], "12766.sol": [0, [0, 0, 0, 0, 0, 0, 0, 0, 0, 0]], "32169.sol": [0, [0, 0, 0, 0, 0, 0, 0, 0, 0, 0]], "39095.sol": [0, [0, 0, 0, 0, 0, 0, 0, 0, 0, 0]], "27994.sol": [0, [0, 0, 0, 0, 0, 0, 0, 0, 0, 0]], "21009.sol": [0, [0, 0, 0, 0, 0, 0, 0, 0, 0, 0]], "7716.sol": [0, [0, 0, 0, 0, 0, 0, 0, 0, 0, 0]], "3838.sol": [0, [0, 0, 0, 0, 0, 0, 0, 0, 0, 0]], "26315.sol": [0, [0, 0, 0, 0, 0, 0, 0, 0, 0, 0]], "34418.sol": [0, [0, 0, 0, 0, 0, 0, 0, 0, 0, 0]], "26064.sol": [0, [0, 0, 0, 0, 0, 0]], "20272.sol": [0, [0, 0, 0, 0, 0, 0, 0, 0, 0, 0]], "20491.sol": [0, [0, 0, 0, 0, 0, 0, 0, 0, 0, 0]], "37400.sol": [0, [0, 0, 0, 0, 0, 0, 0, 0, 0, 0]], "6254.sol": [0, [0, 0, 0, 0, 0, 0, 0, 0, 0, 0]], "30476.sol": [0, [0, 0, 0, 0, 0, 0, 0, 0, 0, 0]], "31486.sol": [0, [0, 0, 0, 0, 0, 0, 0, 0, 0, 0]], "34349.sol": [0, [0, 0, 0, 0, 0, 0, 0, 0, 0, 0]], "7657.sol": [0, [0, 0, 0, 0, 0, 0, 0, 0, 0, 0]], "23519.sol": [0, [0, 0, 0, 0, 0, 0, 0, 0, 0, 0]], "20753.sol": [0, [0, 0, 0, 0, 0, 0, 0, 0, 0, 0]], "21259.sol": [0, [0, 0, 0, 0, 0, 0, 0, 0, 0, 0]], "29398.sol": [0, [0, 0, 0, 0, 0, 0, 0, 0, 0, 0]], "15751.sol": [0, [0, 0, 0, 0, 0, 0, 0, 0, 0, 0]], "22940.sol": [0, [0, 0, 0, 0, 0, 0, 0, 0, 0, 0]], "9762.sol": [0, [0, 0, 0, 0, 0, 0, 0, 0, 0, 0]], "35958.sol": [0, [0, 0, 0, 0, 0, 0, 0, 0, 0, 0]], "727.sol": [0, [0, 0, 0, 0, 0, 0, 0, 0, 0, 0]], "8758.sol": [0, [0, 0, 0, 0, 0, 0, 0, 0, 0, 0]], "13145.sol": [0, [0, 0, 0, 0, 0, 0, 0, 0, 0, 0]], "23796.sol": [0, [0, 0, 0, 0, 0, 0, 0, 0, 0, 0]], "11710.sol": [0, [0, 0, 0, 0, 0, 0, 0, 0, 0, 0]], "2183.sol": [0, [0, 0, 0, 0, 0, 0, 0, 0, 0, 0]], "12455.sol": [0, [0, 0, 0, 0, 0, 0, 0, 0, 0, 0]], "9991.sol": [0, [0, 0, 0, 0, 0, 0, 0, 0, 0, 0]], "18538.sol": [0, [0, 0, 0, 0, 0, 0, 0, 0, 0, 0]], "27074.sol": [0, [0, 0, 0, 0, 0, 0, 0, 0, 0, 0]], "33139.sol": [0, [0, 0, 0, 0, 0, 0, 0, 0, 0, 0]], "25547.sol": [0, [0, 0, 0, 0, 0, 0, 0, 0, 0, 0]], "2904.sol": [0, [0, 0, 0, 0, 0, 0, 0, 0, 0, 0]], "40599.sol": [0, [0, 0, 0, 0, 0, 0, 0, 0, 0, 0]], "361.sol": [0, [0, 0, 0, 0, 0, 0, 0, 0, 0, 0]], "23129.sol": [0, [0, 0, 0, 0, 0, 0, 0, 0, 0, 0]], "23484.sol": [0, [0, 0, 0, 0, 0, 0, 0, 0, 0, 0]], "28300.sol": [0, [0, 0, 0, 0, 0, 0, 0, 0, 0, 0]], "30860.sol": [0, [0, 0, 0, 0, 0, 0, 0, 0, 0, 0]], "21650.sol": [0, [0, 0, 0, 0, 0, 0, 0, 0, 0, 0]], "24150.sol": [0, [0, 0, 0, 0, 0, 0, 0, 0, 0, 0]], "38716.sol": [0, [0, 0, 0, 0, 0, 0, 0, 0, 0, 0]], "10095.sol": [0, [0, 0, 0, 0, 0, 0, 0, 0, 0, 0]], "32241.sol": [0, [0, 0, 0, 0, 0, 0, 0, 0, 0, 0]], "4128.sol": [0, [0, 0, 0, 0, 0, 0, 0, 0, 0, 0]], "25734.sol": [0, [0, 0, 0, 0, 0, 0, 0, 0, 0, 0]], "4444.sol": [0, [0, 0, 0, 0, 0, 0, 0, 0, 0, 0]], "14013.sol": [0, [0, 0, 0, 0, 0, 0, 0, 0, 0, 0]], "15651.sol": [0, [0, 0, 0, 0, 0, 0, 0, 0, 0, 0]], "16767.sol": [0, [0, 0, 0, 0, 0, 0, 0, 0, 0, 0]], "3119.sol": [0, [0, 0, 0, 0, 0, 0, 0, 0, 0, 0]], "19628.sol": [0, [0, 0, 0, 0, 0, 0, 0, 0, 0, 0]], "19812.sol": [0, [0, 0, 0, 0, 0, 0, 0, 0, 0, 0]], "20663.sol": [0, [0, 0, 0, 0, 0, 0, 0, 0, 0, 0]], "31603.sol": [0, [0, 0, 0, 0, 0, 0, 0, 0, 0, 0]], "32722.sol": [0, [0, 0, 0, 0, 0, 0, 0, 0, 0, 0]], "27064.sol": [0, [0, 0, 0, 0, 0, 0, 0, 0, 0, 0]], "23988.sol": [0, [0, 0, 0, 0, 0, 0, 0, 0, 0, 0]], "240.sol": [0, [0, 0, 0, 0, 0, 0, 0, 0, 0, 0]], "29180.sol": [0, [0, 0, 0, 0, 0, 0, 0, 0, 0, 0]], "40189.sol": [0, [0, 0, 0, 0, 0, 0, 0, 0, 0]], "10586.sol": [0, [0, 0, 0, 0, 0, 0, 0, 0, 0, 0]], "27225.sol": [0, [0, 0, 0, 0, 0, 0, 0, 0, 0, 0]], "13861.sol": [0, [0, 0, 0, 0, 0, 0, 0, 0, 0, 0]], "28409.sol": [0, [0, 0, 0, 0, 0, 0, 0, 0, 0, 0]], "34420.sol": [0, [0, 0, 0, 0, 0, 0, 0, 0, 0, 0]], "8539.sol": [0, [0, 0, 0, 0, 0, 0, 0, 0, 0, 0]], "18873.sol": [0, [0, 0, 0, 0, 0, 0, 0, 0, 0, 0]], "17009.sol": [0, [0, 0, 0, 0, 0, 0, 0, 0, 0, 0]], "37807.sol": [0, [0, 0, 0, 0, 0, 0, 0, 0, 0, 0]], "2535.sol": [0, [0, 0, 0, 0, 0, 0, 0, 0, 0, 0]], "4527.sol": [0, [0, 0, 0, 0, 0, 0, 0, 0, 0, 0]], "11730.sol": [0, [0, 0, 0, 0, 0, 0, 0, 0, 0, 0]], "39195.sol": [0, [0, 0, 0, 0, 0, 0, 0, 0, 0, 0]], "36945.sol": [0, [0, 0, 0, 0, 0, 0, 0, 0, 0, 0]], "10103.sol": [0, [0, 0, 0, 0, 0, 0, 0, 0, 0, 0]], "28462.sol": [0, [0, 0, 0, 0, 0, 0, 0, 0, 0, 0]], "13430.sol": [0, [0, 0, 0, 0, 0, 0, 0, 0, 0, 0]], "2869.sol": [0, [0, 0, 0, 0, 0, 0, 0, 0, 0, 0]], "15514.sol": [0, [0, 0, 0, 0, 0, 0, 0, 0, 0, 0]], "19834.sol": [0, [0, 0, 0, 0, 0, 0, 0, 0, 0, 0]], "14074.sol": [0, [0, 0, 0, 0, 0, 0, 0, 0, 0, 0]], "35374.sol": [0, [0, 0, 0, 0, 0, 0, 0, 0, 0, 0]], "23480.sol": [0, [0, 0, 0, 0, 0, 0, 0, 0, 0, 0]], "23591.sol": [0, [0, 0, 0, 0, 0, 0, 0, 0, 0, 0]], "28222.sol": [0, [0, 0, 0, 0, 0, 0, 0, 0, 0, 0]], "28071.sol": [0, [0, 0, 0, 0, 0, 0, 0, 0, 0, 0]], "27455.sol": [0, [0, 0, 0, 0, 0, 0, 0, 0, 0, 0]], "29879.sol": [0, [0, 0, 0, 0, 0, 0, 0, 0, 0, 0]], "39518.sol": [0, [0, 0, 0, 0, 0, 0, 0, 0, 0, 0]], "2083.sol": [0, [0, 0, 0, 0, 0, 0, 0, 0, 0, 0]], "22032.sol": [0, [0, 0, 0, 0, 0, 0, 0, 0, 0, 0]], "9686.sol": [0, [0, 0, 0, 0, 0, 0, 0, 0, 0, 0]], "21547.sol": [0, [0, 0, 0, 0, 0, 0, 0, 0, 0, 0]], "27682.sol": [0, [0, 0, 0, 0, 0, 0, 0, 0, 0, 0]], "11477.sol": [0, [0, 0, 0, 0, 0, 0, 0, 0, 0, 0]], "22188.sol": [0, [0, 0, 0, 0, 0, 0, 0, 0, 0, 0]], "3775.sol": [0, [0, 0, 0, 0, 0, 0, 0, 0, 0, 0]], "6259.sol": [0, [0, 0, 0, 0, 0, 0, 0, 0, 0, 0]], "28809.sol": [0, [0, 0, 0, 0, 0, 0, 0, 0, 0, 0]], "33800.sol": [0, [0, 0, 0, 0, 0, 0]], "21666.sol": [1, [1, 1, 1, 1, 0, 0, 0, 0, 0, 0]], "19989.sol": [0, [0, 0, 0, 0, 0, 0, 0, 0, 0, 0]], "16082.sol": [0, [0, 0, 0, 0, 0, 0, 0, 0, 0, 0]], "40433.sol": [0, [0, 0, 0, 0, 0, 0, 0, 0, 0, 0]], "29939.sol": [0, [0, 0, 0, 0, 0, 0, 0, 0, 0, 0]], "1048.sol": [0, [0, 0, 0, 0, 0, 0, 0, 0, 0, 0]], "23064.sol": [0, [0, 0, 0, 0, 0, 0, 0, 0, 0, 0]], "15928.sol": [0, [0, 0, 0, 0, 0, 0, 0, 0, 0, 0]], "13434.sol": [0, [0, 0, 0, 0, 0, 0, 0, 0, 0, 0]], "14047.sol": [0, [0, 0, 0, 0, 0, 0, 0, 0, 0, 0]], "22002.sol": [0, [0, 0, 0, 0, 0, 0, 0, 0, 0, 0]], "4629.sol": [0, [0, 0, 0, 0, 0, 0, 0, 0, 0, 0]], "14703.sol": [0, [0, 0, 0, 0, 0, 0, 0, 0, 0, 0]], "2609.sol": [0, [0, 0, 0, 0, 0, 0, 0, 0, 0, 0]], "6513.sol": [0, [0, 0, 0, 0, 0, 0, 0, 0, 0, 0]], "30149.sol": [0, [0, 0, 0, 0, 0, 0, 0, 0, 0, 0]], "11549.sol": [0, [0, 0, 0, 0, 0, 0, 0, 0, 0, 0]], "33015.sol": [0, [0, 0, 0, 0, 0, 0, 0, 0, 0, 0]], "37514.sol": [0, [0, 0, 0, 0, 0, 0, 0, 0, 0, 0]], "3305.sol": [1, [1, 0, 0, 0, 0, 0, 1, 0, 0, 0]], "13181.sol": [1, [1, 1, 1, 0, 1, 1, 1, 1, 0, 1]], "3934.sol": [1, [1, 0, 0, 0, 0, 0, 0, 1, 0, 0]], "36634.sol": [1, [0, 1, 0, 1, 1, 0, 0, 0, 1, 0]], "3323.sol": [1, [1, 0, 0, 0, 0, 0, 0, 1, 0, 0]], "1937.sol": [1, [1, 0, 0, 0, 0, 0, 1, 0, 0, 0]], "39028.sol": [1, [1, 1, 1, 1, 1, 1, 1, 1, 1, 1]], "3204.sol": [1, [1, 0, 0, 0, 0, 0, 1, 0, 0, 0]], "3051.sol": [1, [1, 0, 0, 0, 0, 0, 1, 0, 0, 0]], "3770.sol": [1, [0, 0, 1, 1, 1, 0, 1, 1, 1, 1]], "26600.sol": [1, [1, 1, 1, 1, 1, 1, 1, 1, 1, 1]], "3796.sol": [1, [1, 0, 0, 0, 0, 0, 1, 0, 0, 0]], "14992.sol": [0, [0, 0, 0, 0, 0, 0, 0, 0, 0, 0]], "14993.sol": [0, [0, 0, 0, 0, 0, 0, 0, 0, 0, 0]], "6881.sol": [0, [0, 0, 0, 0, 0, 0, 0, 0, 0, 0]], "2071.sol": [1, [1, 0, 0, 0, 0, 0, 1, 0, 0, 0]], "37925.sol": [1, [1, 1, 1, 1, 1, 1, 1, 0, 0, 1]], "3533.sol": [1, [1, 0, 0, 0, 0, 0, 1, 0, 0, 0]], "3254.sol": [1, [0, 1, 0, 0, 0, 1, 1, 1, 1, 1]], "34622.sol": [1, [0, 0, 0, 0, 0, 0, 1, 1, 0, 0]], "3054.sol": [0, [0, 0, 0, 0, 0, 0, 0, 0, 0, 0]], "39684.sol": [0, [0, 0, 0, 0, 0, 0, 0, 0, 0, 0]], "3315.sol": [1, [1, 0, 0, 0, 0, 0, 0, 1, 0, 0]], "36206.sol": [1, [0, 0, 0, 0, 0, 0, 1, 1, 0, 0]], "24862.sol": [1, [1, 1, 1, 1, 1, 1, 1, 1, 1, 1]], "18467.sol": [1, [1, 1, 1, 1, 1, 1, 1, 1, 1, 1]], "3314.sol": [1, [1, 0, 0, 0, 0, 0, 1, 0, 0, 0]], "3692.sol": [1, [1, 0, 0, 0, 0, 0, 0, 1, 0, 0]], "3132.sol": [1, [0, 1, 1, 1, 1, 1, 1, 1, 1, 1]], "38558.sol": [1, [0, 0, 0, 0, 0, 0, 0, 1, 1, 0]], "22850.sol": [1, [0, 0, 0, 1, 1, 1, 0, 0, 0, 0]], "2171.sol": [1, [1, 0, 0, 0, 0, 1, 0, 0, 0, 0]], "2598.sol": [1, [1, 0, 0, 0, 0, 0, 0, 1, 0, 0]], "2528.sol": [1, [1, 0, 0, 0, 0, 0, 1, 0, 0, 0]], "2783.sol": [1, [1, 0, 0, 0, 0, 0, 0, 1, 0, 0]], "14893.sol": [0, [0, 0, 0, 0, 0, 0, 0, 0, 0, 0]], "2954.sol": [1, [0, 1, 0, 0, 0, 1, 1, 1, 1, 1]], "3103.sol": [1, [1, 0, 0, 0, 0, 0, 1, 0, 0, 0]], "3468.sol": [1, [1, 0, 0, 0, 0, 0, 0, 1, 0, 0]], "188.sol": [1, [1, 0, 0, 0, 0, 0, 1, 0, 0, 0]], "12277.sol": [0, [0, 0, 0, 0, 0, 0, 0, 0, 0, 0]], "2391.sol": [1, [1, 1, 0, 0, 0, 0, 1, 1, 0, 0]], "1155.sol": [0, [0, 0, 0, 0, 0, 0, 0, 0, 0, 0]], "29130.sol": [0, [0, 0, 0, 0, 0, 0, 0, 0, 0, 0]], "2412.sol": [1, [1, 1, 0, 1, 1, 1, 1, 0, 0, 0]], "3650.sol": [1, [1, 0, 0, 0, 0, 0, 0, 1, 0, 0]], "4689.sol": [1, [1, 1, 0, 0, 0, 0, 0, 1, 0, 0]], "3911.sol": [1, [1, 0, 0, 0, 0, 0, 1, 0, 0, 0]], "226.sol": [1, [0, 1, 0, 0, 0, 1, 1, 1, 1, 1]], "39019.sol": [1, [0, 1, 0, 0, 1, 0, 1, 0, 1, 0]], "9610.sol": [0, [0, 0, 0, 0, 0, 0, 0, 0, 0, 0]], "1762.sol": [1, [0, 1, 0, 0, 0, 1, 1, 1, 1, 1]], "3097.sol": [1, [1, 1, 1, 1, 1, 0, 0, 0, 0, 0]], "3987.sol": [1, [1, 0, 0, 0, 0, 0, 1, 0, 0, 0]], "3790.sol": [1, [1, 0, 0, 0, 0, 0, 0, 1, 0, 0]], "24052.sol": [1, [0, 0, 0, 1, 1, 1, 0, 0, 0, 0]], "3873.sol": [1, [1, 0, 0, 0, 0, 0, 1, 0, 0, 0]], "1965.sol": [1, [1, 0, 0, 0, 0, 0, 1, 0, 0, 0]], "33348.sol": [1, [0, 0, 0, 0, 0, 1, 1, 0, 0, 0]], "3594.sol": [1, [1, 0, 0, 0, 0, 0, 0, 1, 0, 0]], "3476.sol": [1, [1, 0, 0, 0, 0, 0, 1, 0, 0, 0]], "16591.sol": [1, [1, 0, 0, 0, 0, 0, 0, 0, 0, 0]], "3659.sol": [1, [1, 0, 0, 0, 0, 0, 0, 1, 0, 0]], "3302.sol": [1, [1, 0, 0, 0, 0, 0, 0, 1, 0, 0]], "489.sol": [1, [0, 1, 0, 0, 0, 1, 1, 1, 1, 1]], "2530.sol": [1, [1, 0, 0, 0, 0, 0, 1, 0, 0, 0]], "1753.sol": [1, [0, 1, 0, 0, 0, 1, 1, 1, 1, 1]], "2724.sol": [1, [0, 1, 0, 0, 0, 1, 1, 1, 1, 1]], "14643.sol": [1, [0, 1, 1, 1, 1, 1, 1, 1, 1, 1]], "26250.sol": [1, [1, 1, 1, 1, 1, 1, 1, 1, 1, 1]], "402.sol": [1, [1, 0, 0, 0, 0, 0, 0, 1, 0, 0]], "4206.sol": [1, [1, 0, 0, 0, 0, 0, 1, 0, 0, 0]], "39316.sol": [1, [1, 1, 1, 1, 1, 1, 1, 1, 1, 1]], "21111.sol": [1, [1, 1, 1, 1, 1, 1, 1, 1, 1, 1]], "3649.sol": [1, [1, 0, 0, 0, 0, 0, 1, 0, 0, 0]], "31821.sol": [1, [0, 0, 0, 0, 0, 1, 1, 0, 0, 0]], "3109.sol": [1, [1, 0, 0, 0, 0, 0, 0, 1, 0, 0]], "1788.sol": [1, [0, 1, 0, 0, 0, 1, 1, 1, 1, 1]], "38818.sol": [1, [0, 0, 0, 0, 0, 1, 0, 1, 0, 0]], "26948.sol": [1, [1, 1, 1, 1, 1, 1, 1, 1, 1, 1]], "3168.sol": [1, [1, 0, 0, 0, 0, 0, 1, 0, 0, 0]], "9458.sol": [1, [0, 1, 1, 1, 1, 1, 1, 1, 1, 1]], "16529.sol": [1, [1, 0, 0, 0, 0, 0, 0, 0, 0, 0]], "3256.sol": [1, [0, 1, 0, 0, 0, 1, 1, 1, 1, 1]], "1298.sol": [1, [1, 0, 0, 0, 0, 0, 1, 0, 0, 0]]}