{"25749.sol": [0, [0, 0, 0, 0, 0, 0, 0, 0, 0, 0]], "905.sol": [0, [0, 0, 0, 0, 0, 0, 0, 0, 0, 0]], "10548.sol": [0, [0, 0, 0, 0, 0, 0, 0, 0, 0, 0]], "36763.sol": [1, [0, 0, 1, 1, 1, 0, 1, 1, 1, 1]], "6023.sol": [0, [0, 0, 0, 0, 0, 0, 0, 0, 0, 0]], "17852.sol": [0, [0, 0, 0, 0, 0, 0, 0, 0, 0, 0]], "24509.sol": [0, [0, 0, 0, 0, 0, 0, 0, 0, 0, 0]], "9763.sol": [0, [0, 0, 0, 0, 0, 0, 0, 0, 0, 0]], "28166.sol": [0, [0, 0, 0, 0, 0, 0, 0, 0, 0, 0]], "34191.sol": [1, [0, 0, 0, 0, 0, 0, 0, 0, 0, 1]], "34411.sol": [0, [0, 0, 0, 0, 0, 0, 0, 0, 0, 0]], "729.sol": [0, [0, 0, 0, 0, 0, 0, 0, 0, 0, 0]], "27278.sol": [0, [0, 0, 0, 0, 0, 0, 0, 0, 0, 0]], "11915.sol": [0, [0, 0, 0, 0, 0, 0, 0, 0, 0, 0]], "38396.sol": [0, [0, 0, 0, 0, 0, 0, 0, 0, 0, 0]], "23461.sol": [0, [0, 0, 0, 0, 0, 0, 0, 0, 0, 0]], "21644.sol": [1, [0, 0, 1, 0, 0, 0, 0, 1, 0, 0]], "20555.sol": [1, [1, 1, 1, 0, 0, 0, 0, 0, 0, 0]], "3915.sol": [0, [0, 0, 0, 0, 0, 0, 0, 0, 0, 0]], "22264.sol": [0, [0, 0, 0, 0, 0, 0, 0, 0, 0, 0]], "29459.sol": [0, [0, 0, 0, 0, 0, 0, 0, 0, 0, 0]], "23652.sol": [0, [0, 0, 0, 0, 0, 0, 0, 0, 0, 0]], "24308.sol": [0, [0, 0, 0, 0, 0, 0, 0, 0, 0, 0]], "1027.sol": [0, [0, 0, 0, 0, 0, 0, 0, 0, 0, 0]], "13210.sol": [0, [0, 0, 0, 0, 0, 0, 0, 0, 0, 0]], "29086.sol": [0, [0, 0, 0, 0, 0, 0, 0, 0, 0, 0]], "1190.sol": [0, [0, 0, 0, 0, 0, 0, 0, 0, 0, 0]], "20450.sol": [1, [0, 0, 0, 0, 0, 0, 0, 0, 1, 1]], "37741.sol": [0, [0, 0, 0, 0, 0, 0, 0, 0, 0, 0]], "26731.sol": [0, [0, 0, 0, 0, 0, 0, 0, 0, 0, 0]], "10948.sol": [0, [0, 0, 0, 0, 0, 0, 0, 0, 0, 0]], "29937.sol": [0, [0, 0, 0, 0, 0, 0, 0, 0, 0, 0]], "1974.sol": [0, [0, 0, 0, 0, 0, 0, 0, 0, 0, 0]], "4332.sol": [0, [0, 0, 0, 0, 0, 0, 0, 0, 0, 0]], "115.sol": [0, [0, 0, 0, 0, 0, 0, 0, 0, 0, 0]], "17748.sol": [0, [0, 0, 0, 0, 0, 0, 0, 0, 0, 0]], "23387.sol": [0, [0, 0, 0, 0, 0, 0, 0, 0, 0, 0]], "23610.sol": [0, [0, 0, 0, 0, 0, 0, 0, 0, 0, 0]], "11263.sol": [0, [0, 0, 0, 0, 0, 0, 0, 0, 0, 0]], "30210.sol": [0, [0, 0, 0, 0, 0, 0, 0, 0, 0, 0]], "31208.sol": [1, [0, 1, 1, 1, 1, 1, 1, 1, 1, 0]], "15082.sol": [0, [0, 0, 0, 0, 0, 0, 0, 0, 0, 0]], "40270.sol": [0, [0, 0, 0, 0, 0, 0, 0, 0, 0, 0]], "610.sol": [0, [0, 0, 0, 0, 0, 0, 0, 0, 0, 0]], "16385.sol": [1, [0, 0, 1, 1, 0, 1, 0, 1, 0, 0]], "21021.sol": [0, [0, 0, 0, 0, 0, 0, 0, 0, 0, 0]], "20973.sol": [0, [0, 0, 0, 0, 0, 0, 0, 0, 0, 0]], "32097.sol": [0, [0, 0, 0, 0, 0, 0, 0, 0, 0, 0]], "8168.sol": [0, [0, 0, 0, 0, 0, 0, 0, 0, 0, 0]], "40135.sol": [0, [0, 0, 0, 0, 0, 0, 0, 0, 0, 0]], "8868.sol": [0, [0, 0, 0, 0, 0, 0, 0, 0, 0, 0]], "3883.sol": [0, [0, 0, 0, 0, 0, 0, 0, 0, 0, 0]], "38689.sol": [1, [1, 1, 1, 1, 1, 1, 1, 1, 1, 1]], "26363.sol": [0, [0, 0, 0, 0, 0, 0, 0, 0, 0, 0]], "11252.sol": [0, [0, 0, 0, 0, 0, 0, 0, 0, 0, 0]], "29749.sol": [1, [0, 0, 0, 0, 1, 0, 1, 0, 0, 0]], "27560.sol": [0, [0, 0, 0, 0, 0, 0, 0, 0, 0, 0]], "20264.sol": [1, [0, 1, 0, 0, 0, 0, 0, 0, 0, 0]], "15642.sol": [0, [0, 0, 0, 0, 0, 0, 0, 0, 0, 0]], "1978.sol": [0, [0, 0, 0, 0, 0, 0, 0, 0, 0, 0]], "7369.sol": [0, [0, 0, 0, 0, 0, 0, 0, 0, 0, 0]], "11829.sol": [0, [0, 0, 0, 0, 0, 0, 0, 0, 0, 0]], "26700.sol": [1, [1, 1, 1, 1, 1, 1, 0, 1, 1, 1]], "23748.sol": [0, [0, 0, 0, 0, 0, 0, 0, 0, 0, 0]], "35445.sol": [0, [0, 0, 0, 0, 0, 0, 0, 0, 0, 0]], "21795.sol": [0, [0, 0, 0, 0, 0, 0, 0, 0, 0, 0]], "12638.sol": [0, [0, 0, 0, 0, 0, 0, 0, 0, 0, 0]], "4242.sol": [0, [0, 0, 0, 0, 0, 0, 0, 0, 0, 0]], "39316.sol": [0, [0, 0, 0, 0, 0, 0, 0, 0, 0, 0]], "32817.sol": [0, [0, 0, 0, 0, 0, 0, 0, 0, 0, 0]], "2244.sol": [0, [0, 0, 0, 0, 0, 0, 0, 0, 0, 0]], "19012.sol": [0, [0, 0, 0, 0, 0, 0, 0, 0, 0, 0]], "20096.sol": [0, [0, 0, 0, 0, 0, 0, 0, 0, 0, 0]], "28619.sol": [0, [0, 0, 0, 0, 0, 0, 0, 0, 0, 0]], "7299.sol": [0, [0, 0, 0, 0, 0, 0, 0, 0, 0, 0]], "7572.sol": [0, [0, 0, 0, 0, 0, 0, 0, 0, 0, 0]], "7337.sol": [0, [0, 0, 0, 0, 0, 0, 0, 0, 0, 0]], "12254.sol": [0, [0, 0, 0, 0, 0, 0, 0, 0, 0, 0]], "9512.sol": [1, [1, 1, 1, 1, 0, 0, 1, 0, 0, 0]], "7795.sol": [0, [0, 0, 0, 0, 0, 0, 0, 0, 0, 0]], "26517.sol": [0, [0, 0, 0, 0, 0, 0, 0, 0, 0, 0]], "4563.sol": [0, [0, 0, 0, 0, 0, 0, 0, 0, 0, 0]], "6829.sol": [0, [0, 0, 0, 0, 0, 0, 0, 0, 0, 0]], "39226.sol": [0, [0, 0, 0, 0, 0, 0, 0, 0, 0, 0]], "20681.sol": [0, [0, 0, 0, 0, 0, 0, 0, 0, 0, 0]], "20922.sol": [0, [0, 0, 0, 0, 0, 0, 0, 0, 0, 0]], "20125.sol": [0, [0, 0, 0, 0, 0, 0, 0, 0, 0, 0]], "967.sol": [0, [0, 0, 0, 0, 0, 0, 0, 0, 0, 0]], "34600.sol": [0, [0, 0, 0, 0, 0, 0, 0, 0, 0, 0]], "30254.sol": [0, [0, 0, 0, 0, 0, 0, 0, 0, 0, 0]], "33986.sol": [0, [0, 0, 0, 0, 0, 0, 0, 0, 0, 0]], "33267.sol": [0, [0, 0, 0, 0, 0, 0, 0, 0, 0, 0]], "29047.sol": [0, [0, 0, 0, 0, 0, 0, 0, 0, 0, 0]], "8090.sol": [0, [0, 0, 0, 0, 0, 0, 0, 0, 0, 0]], "10357.sol": [0, [0, 0, 0, 0, 0, 0, 0, 0, 0, 0]], "12471.sol": [0, [0, 0, 0, 0, 0, 0, 0, 0, 0, 0]], "18346.sol": [0, [0, 0, 0, 0, 0, 0, 0, 0, 0, 0]], "1370.sol": [0, [0, 0, 0, 0, 0, 0, 0, 0, 0, 0]], "16805.sol": [1, [0, 0, 1, 1, 0, 0, 0, 0, 0, 0]], "14630.sol": [0, [0, 0, 0, 0, 0, 0, 0, 0, 0, 0]], "20227.sol": [0, [0, 0, 0, 0, 0, 0, 0, 0, 0, 0]], "5819.sol": [0, [0, 0, 0, 0, 0, 0, 0, 0, 0, 0]], "23155.sol": [0, [0, 0, 0, 0, 0, 0, 0, 0, 0, 0]], "3156.sol": [0, [0, 0, 0, 0, 0, 0, 0, 0, 0, 0]], "6442.sol": [0, [0, 0, 0, 0, 0, 0, 0, 0, 0, 0]], "11421.sol": [0, [0, 0, 0, 0, 0, 0, 0, 0, 0, 0]], "15209.sol": [0, [0, 0, 0, 0, 0, 0, 0, 0, 0, 0]], "26589.sol": [0, [0, 0, 0, 0, 0, 0, 0, 0, 0, 0]], "30472.sol": [0, [0, 0, 0, 0, 0, 0, 0, 0, 0, 0]], "8720.sol": [0, [0, 0, 0, 0, 0, 0, 0, 0, 0, 0]], "21486.sol": [0, [0, 0, 0, 0, 0, 0, 0, 0, 0, 0]], "10470.sol": [0, [0, 0, 0, 0, 0, 0, 0, 0, 0, 0]], "18609.sol": [0, [0, 0, 0, 0, 0, 0, 0, 0, 0, 0]], "31532.sol": [0, [0, 0, 0, 0, 0, 0, 0, 0, 0, 0]], "38804.sol": [0, [0, 0, 0, 0, 0, 0, 0, 0, 0, 0]], "27617.sol": [0, [0, 0, 0, 0, 0, 0, 0, 0, 0, 0]], "8101.sol": [0, [0, 0, 0, 0, 0, 0, 0, 0, 0, 0]], "27424.sol": [1, [0, 0, 0, 0, 0, 1, 0, 0, 0, 1]], "1975.sol": [0, [0, 0, 0, 0, 0, 0, 0, 0, 0, 0]], "20426.sol": [0, [0, 0, 0, 0, 0, 0, 0, 0, 0, 0]], "11250.sol": [0, [0, 0, 0, 0, 0, 0, 0, 0, 0, 0]], "26984.sol": [0, [0, 0, 0, 0, 0, 0, 0, 0, 0, 0]], "27522.sol": [0, [0, 0, 0, 0, 0, 0, 0, 0, 0, 0]], "2827.sol": [0, [0, 0, 0, 0, 0, 0, 0, 0, 0, 0]], "37601.sol": [0, [0, 0, 0, 0, 0, 0, 0, 0, 0, 0]], "626.sol": [0, [0, 0, 0, 0, 0, 0, 0, 0, 0, 0]], "37730.sol": [0, [0, 0, 0, 0, 0, 0, 0, 0, 0, 0]], "20098.sol": [0, [0, 0, 0, 0, 0, 0, 0, 0, 0, 0]], "5962.sol": [0, [0, 0, 0, 0, 0, 0, 0, 0, 0, 0]], "7377.sol": [0, [0, 0, 0, 0, 0, 0, 0, 0, 0, 0]], "8085.sol": [0, [0, 0, 0, 0, 0, 0, 0, 0, 0, 0]], "3869.sol": [0, [0, 0, 0, 0, 0, 0, 0, 0, 0, 0]], "38802.sol": [0, [0, 0, 0, 0, 0, 0, 0, 0, 0, 0]], "32910.sol": [0, [0, 0, 0, 0, 0, 0, 0, 0, 0, 0]], "8159.sol": [0, [0, 0, 0, 0, 0, 0, 0, 0, 0, 0]], "33155.sol": [0, [0, 0, 0, 0, 0, 0, 0, 0, 0, 0]], "39242.sol": [0, [0, 0, 0, 0, 0, 0, 0, 0, 0, 0]], "24749.sol": [0, [0, 0, 0, 0, 0, 0, 0, 0, 0, 0]], "33953.sol": [0, [0, 0, 0, 0, 0, 0, 0, 0, 0, 0]], "18581.sol": [1, [0, 0, 1, 1, 0, 0, 0, 0, 0, 0]], "31932.sol": [1, [0, 0, 1, 1, 0, 0, 0, 0, 0, 0]], "37724.sol": [0, [0, 0, 0, 0, 0, 0, 0, 0, 0, 0]], "20015.sol": [0, [0, 0, 0, 0, 0, 0, 0, 0, 0, 0]], "9822.sol": [0, [0, 0, 0, 0, 0, 0, 0, 0, 0, 0]], "18843.sol": [0, [0, 0, 0, 0, 0, 0, 0, 0, 0, 0]], "4612.sol": [0, [0, 0, 0, 0, 0, 0, 0, 0, 0, 0]], "13312.sol": [0, [0, 0, 0, 0, 0, 0, 0, 0, 0, 0]], "27793.sol": [1, [0, 1, 0, 0, 1, 1, 1, 0, 0, 0]], "21085.sol": [0, [0, 0, 0, 0, 0, 0, 0, 0, 0, 0]], "17085.sol": [0, [0, 0, 0, 0, 0, 0, 0, 0, 0, 0]], "33563.sol": [0, [0, 0, 0, 0, 0, 0, 0, 0, 0, 0]], "10059.sol": [0, [0, 0, 0, 0, 0, 0, 0, 0, 0, 0]], "20256.sol": [0, [0, 0, 0, 0, 0, 0, 0, 0, 0, 0]], "11149.sol": [0, [0, 0, 0, 0, 0, 0, 0, 0, 0, 0]], "4677.sol": [0, [0, 0, 0, 0, 0, 0, 0, 0, 0, 0]], "7092.sol": [0, [0, 0, 0, 0, 0, 0, 0, 0, 0, 0]], "25033.sol": [0, [0, 0, 0, 0, 0, 0, 0, 0, 0, 0]], "13381.sol": [0, [0, 0, 0, 0, 0, 0, 0, 0, 0, 0]], "19601.sol": [1, [1, 1, 0, 0, 0, 0, 0, 0, 0, 0]], "10931.sol": [0, [0, 0, 0, 0, 0, 0, 0, 0, 0, 0]], "32123.sol": [0, [0, 0, 0, 0, 0, 0, 0, 0, 0, 0]], "34593.sol": [0, [0, 0, 0, 0, 0, 0, 0, 0, 0, 0]], "15351.sol": [0, [0, 0, 0, 0, 0, 0, 0, 0, 0, 0]], "22503.sol": [0, [0, 0, 0, 0, 0, 0, 0, 0, 0, 0]], "5664.sol": [0, [0, 0, 0, 0, 0, 0, 0, 0, 0, 0]], "27811.sol": [0, [0, 0, 0, 0, 0, 0, 0, 0, 0, 0]], "32256.sol": [1, [0, 0, 0, 1, 1, 0, 0, 0, 1, 0]], "24761.sol": [0, [0, 0, 0, 0, 0, 0, 0, 0, 0, 0]], "9517.sol": [0, [0, 0, 0, 0, 0, 0, 0, 0, 0, 0]], "30165.sol": [0, [0, 0, 0, 0, 0, 0, 0, 0, 0, 0]], "36741.sol": [1, [0, 1, 1, 1, 0, 0, 0, 0, 0, 0]], "17638.sol": [0, [0, 0, 0, 0, 0, 0, 0, 0, 0, 0]], "3132.sol": [0, [0, 0, 0, 0, 0, 0, 0, 0, 0, 0]], "691.sol": [0, [0, 0, 0, 0, 0, 0, 0, 0, 0, 0]], "7014.sol": [0, [0, 0, 0, 0, 0, 0, 0, 0, 0, 0]], "8105.sol": [0, [0, 0, 0, 0, 0, 0, 0, 0, 0, 0]], "8946.sol": [0, [0, 0, 0, 0, 0, 0, 0, 0, 0, 0]], "32076.sol": [0, [0, 0, 0, 0, 0, 0, 0, 0, 0, 0]], "37872.sol": [0, [0, 0, 0, 0, 0, 0, 0, 0, 0, 0]], "35517.sol": [0, [0, 0, 0, 0, 0, 0, 0, 0, 0, 0]], "22711.sol": [0, [0, 0, 0, 0, 0, 0, 0, 0, 0, 0]], "27461.sol": [0, [0, 0, 0, 0, 0, 0, 0, 0, 0, 0]], "28915.sol": [0, [0, 0, 0, 0, 0, 0, 0, 0, 0, 0]], "4978.sol": [0, [0, 0, 0, 0, 0, 0, 0, 0, 0, 0]], "22883.sol": [0, [0, 0, 0, 0, 0, 0, 0, 0, 0, 0]], "24824.sol": [0, [0, 0, 0, 0, 0, 0, 0, 0, 0, 0]], "18365.sol": [0, [0, 0, 0, 0, 0, 0, 0, 0, 0, 0]], "18040.sol": [1, [0, 0, 0, 0, 0, 1, 0, 0, 0, 0]], "7504.sol": [0, [0, 0, 0, 0, 0, 0, 0, 0, 0, 0]], "39107.sol": [1, [0, 1, 0, 0, 0, 0, 0, 0, 0, 0]], "13709.sol": [0, [0, 0, 0, 0, 0, 0, 0, 0, 0, 0]], "38207.sol": [0, [0, 0, 0, 0, 0, 0, 0, 0, 0, 0]], "27306.sol": [0, [0, 0, 0, 0, 0, 0, 0, 0, 0, 0]], "28565.sol": [0, [0, 0, 0, 0, 0, 0, 0, 0, 0, 0]], "19781.sol": [0, [0, 0, 0, 0, 0, 0, 0, 0, 0, 0]], "39338.sol": [0, [0, 0, 0, 0, 0, 0, 0, 0, 0, 0]], "31861.sol": [0, [0, 0, 0, 0, 0, 0, 0, 0, 0, 0]], "9146.sol": [0, [0, 0, 0, 0, 0, 0, 0, 0, 0, 0]], "12020.sol": [0, [0, 0, 0, 0, 0, 0, 0, 0, 0, 0]], "20114.sol": [0, [0, 0, 0, 0, 0, 0, 0, 0, 0, 0]], "11589.sol": [0, [0, 0, 0, 0, 0, 0, 0, 0, 0, 0]], "38617.sol": [0, [0, 0, 0, 0, 0, 0, 0, 0, 0, 0]], "16004.sol": [0, [0, 0, 0, 0, 0, 0, 0, 0, 0, 0]], "2175.sol": [0, [0, 0, 0, 0, 0, 0, 0, 0, 0, 0]], "20537.sol": [0, [0, 0, 0, 0, 0, 0, 0, 0, 0, 0]], "33607.sol": [0, [0, 0, 0, 0, 0, 0, 0, 0, 0, 0]], "21782.sol": [0, [0, 0, 0, 0, 0, 0, 0, 0, 0, 0]], "6623.sol": [0, [0, 0, 0, 0, 0, 0, 0, 0, 0, 0]], "8265.sol": [0, [0, 0, 0, 0, 0, 0, 0, 0, 0, 0]], "1405.sol": [0, [0, 0, 0, 0, 0, 0, 0, 0, 0, 0]], "23609.sol": [0, [0, 0, 0, 0, 0, 0, 0, 0, 0, 0]], "14916.sol": [0, [0, 0, 0, 0, 0, 0, 0, 0, 0, 0]], "3384.sol": [0, [0, 0, 0, 0, 0, 0, 0, 0, 0, 0]], "21716.sol": [0, [0, 0, 0, 0, 0, 0, 0, 0, 0, 0]], "37170.sol": [0, [0, 0, 0, 0, 0, 0, 0, 0, 0, 0]], "9587.sol": [0, [0, 0, 0, 0, 0, 0, 0, 0, 0, 0]], "21627.sol": [0, [0, 0, 0, 0, 0, 0, 0, 0, 0, 0]], "10939.sol": [0, [0, 0, 0, 0, 0, 0, 0, 0, 0, 0]], "12051.sol": [0, [0, 0, 0, 0, 0, 0, 0, 0, 0, 0]], "22551.sol": [0, [0, 0, 0, 0, 0, 0, 0, 0, 0, 0]], "16505.sol": [0, [0, 0, 0, 0, 0, 0, 0, 0, 0, 0]], "6048.sol": [0, [0, 0, 0, 0, 0, 0, 0, 0, 0, 0]], "12029.sol": [0, [0, 0, 0, 0, 0, 0, 0, 0, 0, 0]], "29660.sol": [0, [0, 0, 0, 0, 0, 0, 0, 0, 0, 0]], "36951.sol": [0, [0, 0, 0, 0, 0, 0, 0, 0, 0, 0]], "7993.sol": [0, [0, 0, 0, 0, 0, 0, 0, 0, 0, 0]], "10074.sol": [0, [0, 0, 0, 0, 0, 0, 0, 0, 0, 0]], "38678.sol": [0, [0, 0, 0, 0, 0, 0, 0, 0, 0, 0]], "35888.sol": [0, [0, 0, 0, 0, 0, 0, 0, 0, 0, 0]], "854.sol": [0, [0, 0, 0, 0, 0, 0, 0, 0, 0, 0]], "10394.sol": [0, [0, 0, 0, 0, 0, 0, 0, 0, 0, 0]], "19856.sol": [0, [0, 0, 0, 0, 0, 0, 0, 0, 0, 0]], "17593.sol": [0, [0, 0, 0, 0, 0, 0, 0, 0, 0, 0]], "4077.sol": [0, [0, 0, 0, 0, 0, 0, 0, 0, 0, 0]], "33464.sol": [0, [0, 0, 0, 0, 0, 0, 0, 0, 0, 0]], "2347.sol": [0, [0, 0, 0, 0, 0, 0, 0, 0, 0, 0]], "34318.sol": [1, [0, 0, 0, 0, 0, 0, 0, 1, 1, 0]], "27633.sol": [0, [0, 0, 0, 0, 0, 0, 0, 0, 0, 0]], "16253.sol": [0, [0, 0, 0, 0, 0, 0, 0, 0, 0, 0]], "18229.sol": [0, [0, 0, 0, 0, 0, 0, 0, 0, 0, 0]], "11824.sol": [0, [0, 0, 0, 0, 0, 0, 0, 0, 0, 0]], "8522.sol": [0, [0, 0, 0, 0, 0, 0, 0, 0, 0, 0]], "4753.sol": [0, [0, 0, 0, 0, 0, 0, 0, 0, 0, 0]], "35379.sol": [0, [0, 0, 0, 0, 0, 0, 0, 0, 0, 0]], "11183.sol": [0, [0, 0, 0, 0, 0, 0, 0, 0, 0, 0]], "17859.sol": [1, [1, 0, 0, 0, 0, 0, 0, 0, 0, 0]], "33370.sol": [0, [0, 0, 0, 0, 0, 0, 0, 0, 0, 0]], "15383.sol": [0, [0, 0, 0, 0, 0, 0, 0, 0, 0, 0]], "25499.sol": [0, [0, 0, 0, 0, 0, 0, 0, 0, 0, 0]], "29762.sol": [0, [0, 0, 0, 0, 0, 0, 0, 0, 0, 0]], "30214.sol": [0, [0, 0, 0, 0, 0, 0, 0, 0, 0, 0]], "16225.sol": [0, [0, 0, 0, 0, 0, 0, 0, 0, 0, 0]], "31668.sol": [0, [0, 0, 0, 0, 0, 0, 0, 0, 0, 0]], "38352.sol": [0, [0, 0, 0, 0, 0, 0, 0, 0, 0, 0]], "18992.sol": [0, [0, 0, 0, 0, 0, 0, 0, 0, 0, 0]], "579.sol": [0, [0, 0, 0, 0, 0, 0, 0, 0, 0, 0]], "37518.sol": [0, [0, 0, 0, 0, 0, 0, 0, 0, 0, 0]], "12759.sol": [0, [0, 0, 0, 0, 0, 0, 0, 0, 0, 0]], "11414.sol": [0, [0, 0, 0, 0, 0, 0, 0, 0, 0, 0]], "7276.sol": [0, [0, 0, 0, 0, 0, 0, 0, 0, 0, 0]], "35084.sol": [0, [0, 0, 0, 0, 0, 0, 0, 0, 0, 0]], "29411.sol": [0, [0, 0, 0, 0, 0, 0, 0, 0, 0, 0]], "29544.sol": [1, [1, 0, 0, 0, 0, 0, 0, 0, 0, 0]], "3201.sol": [0, [0, 0, 0, 0, 0, 0, 0, 0, 0, 0]], "25439.sol": [0, [0, 0, 0, 0, 0, 0, 0, 0, 0, 0]], "7238.sol": [0, [0, 0, 0, 0, 0, 0, 0, 0, 0, 0]], "23637.sol": [0, [0, 0, 0, 0, 0, 0, 0, 0, 0, 0]], "21797.sol": [0, [0, 0, 0, 0, 0, 0, 0, 0, 0, 0]], "40671.sol": [0, [0, 0, 0, 0, 0, 0, 0, 0, 0, 0]], "21141.sol": [0, [0, 0, 0, 0, 0, 0, 0, 0, 0, 0]], "20877.sol": [0, [0, 0, 0, 0, 0, 0, 0, 0, 0, 0]], "17688.sol": [0, [0, 0, 0, 0, 0, 0, 0, 0, 0, 0]], "30371.sol": [0, [0, 0, 0, 0, 0, 0, 0, 0, 0, 0]], "1690.sol": [0, [0, 0, 0, 0, 0, 0, 0, 0, 0, 0]], "25591.sol": [0, [0, 0, 0, 0, 0, 0, 0, 0, 0, 0]], "26094.sol": [0, [0, 0, 0, 0, 0, 0, 0, 0, 0, 0]], "17012.sol": [0, [0, 0, 0, 0, 0, 0, 0, 0, 0, 0]], "3701.sol": [0, [0, 0, 0, 0, 0, 0, 0, 0, 0, 0]], "37026.sol": [0, [0, 0, 0, 0, 0, 0, 0, 0, 0, 0]], "8888.sol": [0, [0, 0, 0, 0, 0, 0, 0, 0, 0, 0]], "16094.sol": [0, [0, 0, 0, 0, 0, 0, 0, 0, 0, 0]], "5462.sol": [0, [0, 0, 0, 0, 0, 0, 0, 0, 0, 0]], "36792.sol": [0, [0, 0, 0, 0, 0, 0, 0, 0, 0, 0]], "19356.sol": [0, [0, 0, 0, 0, 0, 0, 0, 0, 0, 0]], "36601.sol": [0, [0, 0, 0, 0, 0, 0, 0, 0, 0, 0]], "12577.sol": [0, [0, 0, 0, 0, 0, 0, 0, 0, 0, 0]], "22058.sol": [0, [0, 0, 0, 0, 0, 0, 0, 0, 0, 0]], "30056.sol": [0, [0, 0, 0, 0, 0, 0, 0, 0, 0, 0]], "5745.sol": [0, [0, 0, 0, 0, 0, 0, 0, 0, 0, 0]], "9972.sol": [0, [0, 0, 0, 0, 0, 0, 0, 0, 0, 0]], "32994.sol": [1, [1, 0, 0, 0, 0, 0, 0, 0, 0, 1]], "38389.sol": [0, [0, 0, 0, 0, 0, 0, 0, 0, 0, 0]], "10527.sol": [0, [0, 0, 0, 0, 0, 0, 0, 0, 0, 0]], "17434.sol": [1, [0, 0, 0, 0, 1, 1, 0, 0, 0, 0]], "18584.sol": [0, [0, 0, 0, 0, 0, 0, 0, 0, 0, 0]], "7496.sol": [0, [0, 0, 0, 0, 0, 0, 0, 0, 0, 0]], "33043.sol": [0, [0, 0, 0, 0, 0, 0, 0, 0, 0, 0]], "25764.sol": [0, [0, 0, 0, 0, 0, 0, 0, 0, 0, 0]], "31694.sol": [0, [0, 0, 0, 0, 0, 0, 0, 0, 0, 0]], "32272.sol": [1, [1, 0, 0, 0, 1, 1, 1, 1, 0, 0]], "15455.sol": [0, [0, 0, 0, 0, 0, 0, 0, 0, 0, 0]], "39250.sol": [0, [0, 0, 0, 0, 0, 0, 0, 0, 0, 0]], "29370.sol": [0, [0, 0, 0, 0, 0, 0, 0, 0, 0, 0]], "30546.sol": [0, [0, 0, 0, 0, 0, 0, 0, 0, 0, 0]], "19344.sol": [0, [0, 0, 0, 0, 0, 0, 0, 0, 0, 0]], "36549.sol": [0, [0, 0, 0, 0, 0, 0, 0, 0, 0, 0]], "13753.sol": [0, [0, 0, 0, 0, 0, 0, 0, 0, 0, 0]], "25765.sol": [0, [0, 0, 0, 0, 0, 0, 0, 0, 0, 0]], "6167.sol": [1, [0, 0, 0, 0, 0, 0, 0, 0, 1, 1]], "35571.sol": [0, [0, 0, 0, 0, 0, 0, 0, 0, 0, 0]], "10508.sol": [0, [0, 0, 0, 0, 0, 0, 0, 0, 0, 0]], "25871.sol": [0, [0, 0, 0, 0, 0, 0, 0, 0, 0, 0]], "24706.sol": [0, [0, 0, 0, 0, 0, 0, 0, 0, 0, 0]], "18376.sol": [0, [0, 0, 0, 0, 0, 0, 0, 0, 0, 0]], "22660.sol": [0, [0, 0, 0, 0, 0, 0, 0, 0, 0, 0]], "9755.sol": [0, [0, 0, 0, 0, 0, 0, 0, 0, 0, 0]], "4462.sol": [0, [0, 0, 0, 0, 0, 0, 0, 0, 0, 0]], "24021.sol": [0, [0, 0, 0, 0, 0, 0, 0, 0, 0, 0]], "6677.sol": [0, [0, 0, 0, 0, 0, 0, 0, 0, 0, 0]], "11361.sol": [0, [0, 0, 0, 0, 0, 0, 0, 0, 0, 0]], "19817.sol": [0, [0, 0, 0, 0, 0, 0, 0, 0, 0, 0]], "13968.sol": [0, [0, 0, 0, 0, 0, 0, 0, 0, 0, 0]], "38475.sol": [0, [0, 0, 0, 0, 0, 0, 0, 0, 0, 0]], "28341.sol": [1, [0, 0, 1, 1, 0, 0, 0, 0, 0, 0]], "15934.sol": [0, [0, 0, 0, 0, 0, 0, 0, 0, 0, 0]], "31194.sol": [0, [0, 0, 0, 0, 0, 0, 0, 0, 0, 0]], "34969.sol": [0, [0, 0, 0, 0, 0, 0, 0, 0, 0, 0]], "32482.sol": [1, [0, 0, 1, 0, 1, 1, 0, 0, 1, 0]], "204.sol": [0, [0, 0, 0, 0, 0, 0, 0, 0, 0, 0]], "10806.sol": [0, [0, 0, 0, 0, 0, 0, 0, 0, 0, 0]], "5449.sol": [0, [0, 0, 0, 0, 0, 0, 0, 0, 0, 0]], "33565.sol": [0, [0, 0, 0, 0, 0, 0, 0, 0, 0, 0]], "27942.sol": [0, [0, 0, 0, 0, 0, 0, 0, 0, 0, 0]], "6380.sol": [1, [1, 1, 1, 1, 1, 1, 1, 1, 1, 1]], "36869.sol": [0, [0, 0, 0, 0, 0, 0, 0, 0, 0, 0]], "7075.sol": [0, [0, 0, 0, 0, 0, 0, 0, 0, 0, 0]], "13231.sol": [0, [0, 0, 0, 0, 0, 0, 0, 0, 0, 0]], "39959.sol": [0, [0, 0, 0, 0, 0, 0, 0, 0, 0, 0]], "13987.sol": [0, [0, 0, 0, 0, 0, 0, 0, 0, 0, 0]], "13201.sol": [0, [0, 0, 0, 0, 0, 0, 0, 0, 0, 0]], "6795.sol": [0, [0, 0, 0, 0, 0, 0, 0, 0, 0, 0]], "16500.sol": [0, [0, 0, 0, 0, 0, 0, 0, 0, 0, 0]], "24847.sol": [0, [0, 0, 0, 0, 0, 0, 0, 0, 0, 0]], "24427.sol": [0, [0, 0, 0, 0, 0]], "18350.sol": [1, [0, 0, 0, 0, 0, 1, 0, 0, 1, 1]], "8609.sol": [0, [0, 0, 0, 0, 0, 0, 0, 0, 0, 0]], "17990.sol": [0, [0, 0, 0, 0, 0, 0, 0, 0, 0, 0]], "33704.sol": [0, [0, 0, 0, 0, 0, 0, 0, 0, 0, 0]], "15659.sol": [0, [0, 0, 0, 0, 0, 0, 0, 0, 0, 0]], "2401.sol": [0, [0, 0, 0, 0, 0, 0, 0, 0, 0, 0]], "23146.sol": [0, [0, 0, 0, 0, 0, 0, 0, 0, 0, 0]], "32468.sol": [0, [0, 0, 0, 0, 0, 0, 0, 0, 0, 0]], "25826.sol": [0, [0, 0, 0, 0, 0, 0, 0, 0, 0, 0]], "18639.sol": [1, [0, 0, 1, 1, 0, 0, 0, 0, 0, 0]], "40188.sol": [0, [0, 0, 0, 0, 0, 0, 0, 0, 0, 0]], "34566.sol": [0, [0, 0, 0, 0, 0, 0, 0, 0, 0, 0]], "24271.sol": [0, [0, 0, 0, 0, 0, 0, 0, 0, 0, 0]], "5111.sol": [0, [0, 0, 0, 0, 0, 0, 0, 0, 0, 0]], "9642.sol": [0, [0, 0, 0, 0, 0, 0, 0, 0, 0, 0]], "38092.sol": [0, [0, 0, 0, 0, 0, 0, 0, 0, 0, 0]], "23770.sol": [0, [0, 0, 0, 0, 0, 0, 0, 0, 0, 0]], "7001.sol": [0, [0, 0, 0, 0, 0, 0, 0, 0, 0, 0]], "30510.sol": [0, [0, 0, 0, 0, 0, 0, 0, 0, 0, 0]], "22564.sol": [1, [1, 1, 1, 0, 0, 0, 0, 0, 1, 1]], "15105.sol": [0, [0, 0, 0, 0, 0, 0, 0, 0, 0, 0]], "30375.sol": [0, [0, 0, 0, 0, 0, 0, 0, 0, 0, 0]], "17700.sol": [0, [0, 0, 0, 0, 0, 0, 0, 0, 0, 0]], "12162.sol": [0, [0, 0, 0, 0, 0, 0, 0, 0, 0, 0]], "2736.sol": [0, [0, 0, 0, 0, 0, 0, 0, 0, 0, 0]], "16357.sol": [0, [0, 0, 0, 0, 0, 0, 0, 0, 0, 0]], "38837.sol": [0, [0, 0, 0, 0, 0, 0, 0, 0, 0, 0]], "35044.sol": [0, [0, 0, 0, 0, 0, 0, 0, 0, 0, 0]], "36822.sol": [0, [0, 0, 0, 0, 0, 0, 0, 0, 0, 0]], "194.sol": [0, [0, 0, 0, 0, 0, 0, 0, 0, 0, 0]], "6250.sol": [0, [0, 0, 0, 0, 0, 0, 0, 0, 0, 0]], "27331.sol": [0, [0, 0, 0, 0, 0, 0, 0, 0, 0, 0]], "40601.sol": [0, [0, 0, 0, 0, 0, 0, 0, 0, 0, 0]], "4601.sol": [0, [0, 0, 0, 0, 0, 0, 0, 0, 0, 0]], "36339.sol": [0, [0, 0, 0, 0, 0, 0, 0, 0, 0, 0]], "38939.sol": [0, [0, 0, 0, 0, 0, 0, 0, 0, 0, 0]], "33330.sol": [0, [0, 0, 0, 0, 0, 0, 0, 0, 0, 0]], "8747.sol": [0, [0, 0, 0, 0, 0, 0, 0, 0, 0, 0]], "23429.sol": [0, [0, 0, 0, 0, 0, 0, 0, 0, 0, 0]], "35165.sol": [0, [0, 0, 0, 0, 0, 0, 0, 0, 0, 0]], "29595.sol": [0, [0, 0, 0, 0, 0, 0, 0, 0, 0, 0]], "31969.sol": [0, [0, 0, 0, 0, 0, 0, 0, 0, 0, 0]], "1655.sol": [0, [0, 0, 0, 0, 0, 0, 0, 0, 0, 0]], "15849.sol": [0, [0, 0, 0, 0, 0, 0, 0, 0, 0, 0]], "7618.sol": [0, [0, 0, 0, 0, 0, 0, 0, 0, 0, 0]], "19870.sol": [0, [0, 0, 0, 0, 0, 0, 0, 0, 0, 0]], "1582.sol": [0, [0, 0, 0, 0, 0, 0, 0, 0, 0, 0]], "26950.sol": [0, [0, 0, 0, 0, 0, 0, 0, 0, 0, 0]], "21768.sol": [0, [0, 0, 0, 0, 0, 0, 0, 0, 0, 0]], "4500.sol": [0, [0, 0, 0, 0, 0, 0, 0, 0, 0, 0]], "37603.sol": [0, [0, 0, 0, 0, 0, 0, 0, 0, 0, 0]], "9117.sol": [0, [0, 0, 0, 0, 0, 0, 0, 0, 0, 0]], "36520.sol": [0, [0, 0, 0, 0, 0, 0, 0, 0, 0, 0]], "24148.sol": [0, [0, 0, 0, 0, 0, 0, 0, 0, 0, 0]], "32486.sol": [0, [0, 0, 0, 0, 0, 0, 0, 0, 0, 0]], "37830.sol": [0, [0, 0, 0, 0, 0, 0, 0, 0, 0, 0]], "19312.sol": [1, [0, 0, 0, 0, 0, 0, 0, 0, 1, 0]], "25291.sol": [0, [0, 0, 0, 0, 0, 0, 0, 0, 0, 0]], "4193.sol": [0, [0, 0, 0, 0, 0, 0, 0, 0, 0, 0]], "4289.sol": [0, [0, 0, 0, 0, 0, 0, 0, 0, 0, 0]], "34758.sol": [1, [0, 0, 0, 1, 1, 1, 0, 0, 0, 1]], "9091.sol": [0, [0, 0, 0, 0, 0, 0, 0, 0, 0, 0]], "39997.sol": [0, [0, 0, 0, 0, 0, 0, 0, 0, 0, 0]], "15606.sol": [0, [0, 0, 0, 0, 0, 0, 0, 0, 0, 0]], "12241.sol": [0, [0, 0, 0, 0, 0, 0, 0, 0, 0, 0]], "32525.sol": [0, [0, 0, 0, 0, 0, 0, 0, 0, 0, 0]], "11728.sol": [0, [0, 0, 0, 0, 0, 0, 0, 0, 0, 0]], "24315.sol": [0, [0, 0, 0, 0, 0, 0, 0, 0, 0, 0]], "35610.sol": [0, [0, 0, 0, 0, 0, 0, 0, 0, 0, 0]], "34201.sol": [0, [0, 0, 0, 0, 0, 0, 0, 0, 0, 0]], "29174.sol": [1, [0, 0, 0, 0, 0, 1, 0, 0, 0, 1]], "29431.sol": [0, [0, 0, 0, 0, 0, 0, 0, 0, 0, 0]], "4232.sol": [0, [0, 0, 0, 0, 0, 0, 0, 0, 0, 0]], "30232.sol": [0, [0, 0, 0, 0, 0]], "35115.sol": [0, [0, 0, 0, 0, 0, 0, 0, 0, 0, 0]], "16275.sol": [0, [0, 0, 0, 0, 0, 0, 0, 0, 0, 0]], "6273.sol": [0, [0, 0, 0, 0, 0, 0, 0, 0, 0, 0]], "9998.sol": [0, [0, 0, 0, 0, 0, 0, 0, 0, 0, 0]], "34232.sol": [0, [0, 0, 0, 0, 0, 0, 0, 0, 0, 0]], "14463.sol": [0, [0, 0, 0, 0, 0, 0, 0, 0, 0, 0]], "26625.sol": [0, [0, 0, 0, 0, 0, 0, 0, 0, 0, 0]], "18808.sol": [0, [0, 0, 0, 0, 0, 0, 0, 0, 0, 0]], "31772.sol": [0, [0, 0, 0, 0, 0, 0, 0, 0, 0, 0]], "8329.sol": [0, [0, 0, 0, 0, 0, 0, 0, 0, 0, 0]], "18243.sol": [0, [0, 0, 0, 0, 0, 0, 0, 0, 0, 0]], "35375.sol": [0, [0, 0, 0, 0, 0, 0, 0, 0, 0, 0]], "25918.sol": [0, [0, 0, 0, 0, 0, 0, 0, 0, 0, 0]], "23481.sol": [0, [0, 0, 0, 0, 0, 0, 0, 0, 0, 0]], "17377.sol": [0, [0, 0, 0, 0, 0, 0, 0, 0, 0, 0]], "11885.sol": [0, [0, 0, 0, 0, 0, 0, 0, 0, 0, 0]], "34707.sol": [0, [0, 0, 0, 0, 0, 0, 0, 0, 0, 0]], "31101.sol": [0, [0, 0, 0, 0, 0, 0, 0, 0, 0, 0]], "24622.sol": [0, [0, 0, 0, 0, 0, 0, 0, 0, 0, 0]], "1965.sol": [0, [0, 0, 0, 0, 0, 0, 0, 0, 0, 0]], "12996.sol": [0, [0, 0, 0, 0, 0, 0, 0, 0, 0, 0]], "11476.sol": [0, [0, 0, 0, 0, 0, 0, 0, 0, 0, 0]], "14698.sol": [0, [0, 0, 0, 0, 0, 0, 0, 0, 0, 0]], "39923.sol": [1, [1, 0, 1, 1, 1, 0, 0, 0, 0, 0]], "3346.sol": [0, [0, 0, 0, 0, 0, 0, 0, 0, 0, 0]], "21612.sol": [0, [0, 0, 0, 0, 0, 0, 0, 0, 0, 0]], "27994.sol": [0, [0, 0, 0, 0, 0, 0, 0, 0, 0, 0]], "13609.sol": [0, [0, 0, 0, 0, 0, 0, 0, 0, 0, 0]], "982.sol": [0, [0, 0, 0, 0, 0, 0, 0, 0, 0, 0]], "41.sol": [0, [0, 0, 0, 0, 0, 0, 0, 0, 0, 0]], "14901.sol": [0, [0, 0, 0, 0, 0, 0, 0, 0, 0, 0]], "23454.sol": [0, [0, 0, 0, 0, 0, 0, 0, 0, 0, 0]], "15587.sol": [0, [0, 0, 0, 0, 0, 0, 0, 0, 0, 0]], "25774.sol": [0, [0, 0, 0, 0, 0, 0, 0, 0, 0, 0]], "1413.sol": [1, [0, 0, 0, 1, 0, 1, 0, 0, 0, 0]], "7168.sol": [0, [0, 0, 0, 0, 0, 0, 0, 0, 0, 0]], "29744.sol": [0, [0, 0, 0, 0, 0, 0, 0, 0, 0, 0]], "29579.sol": [0, [0, 0, 0, 0, 0, 0, 0, 0, 0, 0]], "7277.sol": [0, [0, 0, 0, 0, 0, 0, 0, 0, 0, 0]], "3474.sol": [0, [0, 0, 0, 0, 0, 0, 0, 0, 0, 0]], "6924.sol": [0, [0, 0, 0, 0, 0, 0, 0, 0, 0, 0]], "34791.sol": [0, [0, 0, 0, 0, 0, 0, 0, 0, 0, 0]], "627.sol": [0, [0, 0, 0, 0, 0, 0, 0, 0, 0, 0]], "14290.sol": [0, [0, 0, 0, 0, 0, 0, 0, 0, 0, 0]], "32166.sol": [0, [0, 0, 0, 0, 0, 0, 0, 0, 0, 0]], "23381.sol": [0, [0, 0, 0, 0, 0, 0, 0, 0, 0, 0]], "14836.sol": [0, [0, 0, 0, 0, 0, 0, 0, 0, 0, 0]], "7427.sol": [0, [0, 0, 0, 0, 0, 0, 0, 0, 0, 0]], "19072.sol": [0, [0, 0, 0, 0, 0, 0, 0, 0, 0, 0]], "28449.sol": [0, [0, 0, 0, 0, 0, 0, 0, 0, 0, 0]], "22630.sol": [0, [0, 0, 0, 0, 0, 0, 0, 0, 0, 0]], "23303.sol": [0, [0, 0, 0, 0, 0, 0, 0, 0, 0, 0]], "38554.sol": [0, [0, 0, 0, 0, 0, 0, 0, 0, 0, 0]], "25611.sol": [0, [0, 0, 0, 0, 0, 0, 0, 0, 0, 0]], "27698.sol": [0, [0, 0, 0, 0, 0, 0, 0, 0, 0, 0]], "21348.sol": [0, [0, 0, 0, 0, 0, 0, 0, 0, 0, 0]], "14109.sol": [0, [0, 0, 0, 0, 0, 0, 0, 0, 0, 0]], "37506.sol": [0, [0, 0, 0, 0, 0, 0, 0, 0, 0, 0]], "30522.sol": [0, [0, 0, 0, 0, 0, 0, 0, 0, 0, 0]], "26711.sol": [0, [0, 0, 0, 0, 0, 0, 0, 0, 0, 0]], "29798.sol": [0, [0, 0, 0, 0, 0, 0, 0, 0, 0, 0]], "31322.sol": [0, [0, 0, 0, 0, 0, 0, 0, 0, 0, 0]], "7111.sol": [0, [0, 0, 0, 0, 0, 0, 0, 0, 0, 0]], "33849.sol": [0, [0, 0, 0, 0, 0, 0, 0, 0, 0, 0]], "33416.sol": [0, [0, 0, 0, 0, 0, 0, 0, 0, 0, 0]], "38888.sol": [0, [0, 0, 0, 0, 0, 0, 0, 0, 0, 0]], "133.sol": [1, [0, 0, 0, 1, 0, 1, 0, 0, 0, 0]], "12216.sol": [0, [0, 0, 0, 0, 0, 0, 0, 0, 0, 0]], "21601.sol": [0, [0, 0, 0, 0, 0, 0, 0, 0, 0, 0]], "16190.sol": [0, [0, 0, 0, 0, 0, 0, 0, 0, 0, 0]], "21436.sol": [0, [0, 0, 0, 0, 0, 0, 0, 0, 0, 0]], "13677.sol": [0, [0, 0, 0, 0, 0, 0, 0, 0, 0, 0]], "16215.sol": [0, [0, 0, 0, 0, 0, 0, 0, 0, 0, 0]], "17031.sol": [0, [0, 0, 0, 0, 0, 0, 0, 0, 0, 0]], "12904.sol": [0, [0, 0, 0, 0, 0, 0, 0, 0, 0, 0]], "9761.sol": [0, [0, 0, 0, 0, 0, 0, 0, 0, 0, 0]], "39465.sol": [0, [0, 0, 0, 0, 0, 0, 0, 0, 0, 0]], "5757.sol": [0, [0, 0, 0, 0, 0, 0, 0, 0, 0, 0]], "19352.sol": [0, [0, 0, 0, 0, 0, 0, 0, 0, 0, 0]], "36493.sol": [1, [1, 1, 0, 1, 0, 1, 1, 1, 0, 1]], "18362.sol": [0, [0, 0, 0, 0, 0, 0, 0, 0, 0, 0]], "20498.sol": [0, [0, 0, 0, 0, 0, 0, 0, 0, 0, 0]], "39542.sol": [0, [0, 0, 0, 0, 0, 0, 0, 0, 0, 0]], "33946.sol": [0, [0, 0, 0, 0, 0, 0, 0, 0, 0, 0]], "2953.sol": [0, [0, 0, 0, 0, 0, 0, 0, 0, 0, 0]], "29038.sol": [0, [0, 0, 0, 0, 0, 0, 0, 0, 0, 0]], "7005.sol": [0, [0, 0, 0, 0, 0, 0, 0, 0, 0, 0]], "24368.sol": [0, [0, 0, 0, 0, 0, 0, 0, 0, 0, 0]], "20203.sol": [0, [0, 0, 0, 0, 0, 0, 0, 0, 0, 0]], "17577.sol": [0, [0, 0, 0, 0, 0, 0, 0, 0, 0, 0]], "6521.sol": [0, [0, 0, 0, 0, 0, 0, 0, 0, 0, 0]], "36818.sol": [1, [0, 0, 0, 0, 0, 0, 0, 1, 0, 0]], "18067.sol": [0, [0, 0, 0, 0, 0, 0, 0, 0, 0, 0]], "23043.sol": [0, [0, 0, 0, 0, 0, 0, 0, 0, 0, 0]], "34955.sol": [0, [0, 0, 0, 0, 0, 0, 0, 0, 0, 0]], "541.sol": [0, [0, 0, 0, 0, 0, 0, 0, 0, 0, 0]], "28556.sol": [0, [0, 0, 0, 0, 0, 0, 0, 0, 0, 0]], "29864.sol": [0, [0, 0, 0, 0, 0, 0, 0, 0, 0, 0]], "34771.sol": [0, [0, 0, 0, 0, 0, 0, 0, 0, 0, 0]], "2422.sol": [0, [0, 0, 0, 0, 0, 0, 0, 0, 0, 0]], "33823.sol": [0, [0, 0, 0, 0, 0, 0, 0, 0, 0, 0]], "29160.sol": [0, [0, 0, 0, 0, 0, 0, 0, 0, 0, 0]], "1075.sol": [0, [0, 0, 0, 0, 0, 0, 0, 0, 0, 0]], "4300.sol": [0, [0, 0, 0, 0, 0, 0, 0, 0, 0, 0]], "16222.sol": [0, [0, 0, 0, 0, 0, 0, 0, 0, 0, 0]], "9510.sol": [0, [0, 0, 0, 0, 0, 0, 0, 0, 0, 0]], "38232.sol": [0, [0, 0, 0, 0, 0, 0, 0, 0, 0, 0]], "18602.sol": [0, [0, 0, 0, 0, 0, 0, 0, 0, 0, 0]], "5417.sol": [0, [0, 0, 0, 0, 0, 0, 0, 0, 0, 0]], "16066.sol": [0, [0, 0, 0, 0, 0, 0, 0, 0, 0, 0]], "28969.sol": [0, [0, 0, 0, 0, 0, 0, 0, 0, 0, 0]], "35377.sol": [0, [0, 0, 0, 0, 0, 0, 0, 0, 0, 0]], "38597.sol": [0, [0, 0, 0, 0, 0, 0, 0, 0, 0, 0]], "21300.sol": [0, [0, 0, 0, 0, 0, 0, 0, 0, 0, 0]], "33398.sol": [0, [0, 0, 0, 0, 0, 0, 0, 0, 0, 0]], "7933.sol": [1, [0, 0, 1, 0, 1, 0, 1, 0, 1, 0]], "16761.sol": [0, [0, 0, 0, 0, 0, 0, 0, 0, 0, 0]], "2060.sol": [0, [0, 0, 0, 0, 0, 0, 0, 0, 0, 0]], "38495.sol": [0, [0, 0, 0, 0, 0, 0, 0, 0, 0, 0]], "31019.sol": [0, [0, 0, 0, 0, 0, 0, 0, 0, 0, 0]], "25246.sol": [0, [0, 0, 0, 0, 0, 0, 0, 0, 0, 0]], "33214.sol": [1, [0, 0, 0, 0, 0, 0, 0, 0, 1, 1]], "21516.sol": [0, [0, 0, 0, 0, 0, 0, 0, 0, 0, 0]], "32250.sol": [1, [1, 1, 0, 0, 0, 0, 0, 0, 0, 0]], "32111.sol": [0, [0, 0, 0, 0, 0, 0, 0, 0, 0, 0]], "4311.sol": [0, [0, 0, 0, 0, 0, 0, 0, 0, 0, 0]], "4526.sol": [0, [0, 0, 0, 0, 0, 0, 0, 0, 0, 0]], "32072.sol": [0, [0, 0, 0, 0, 0, 0, 0, 0, 0, 0]], "12542.sol": [0, [0, 0, 0, 0, 0, 0, 0, 0, 0, 0]], "10302.sol": [0, [0, 0, 0, 0, 0, 0, 0, 0, 0, 0]], "5834.sol": [0, [0, 0, 0, 0, 0, 0, 0, 0, 0, 0]], "33783.sol": [0, [0, 0, 0, 0, 0, 0, 0, 0, 0, 0]], "10230.sol": [0, [0, 0, 0, 0, 0, 0, 0, 0, 0, 0]], "26177.sol": [0, [0, 0, 0, 0, 0, 0, 0, 0, 0, 0]], "39276.sol": [0, [0, 0, 0, 0, 0, 0, 0, 0, 0, 0]], "32035.sol": [0, [0, 0, 0, 0, 0, 0, 0, 0, 0, 0]], "10602.sol": [0, [0, 0, 0, 0, 0, 0, 0, 0, 0, 0]], "16178.sol": [0, [0, 0, 0, 0, 0, 0, 0, 0, 0, 0]], "16614.sol": [0, [0, 0, 0, 0, 0, 0, 0, 0, 0, 0]], "36555.sol": [0, [0, 0, 0, 0, 0, 0, 0, 0, 0, 0]], "22587.sol": [0, [0, 0, 0, 0, 0, 0, 0, 0, 0, 0]], "32502.sol": [0, [0, 0, 0, 0, 0, 0, 0, 0, 0, 0]], "10479.sol": [0, [0, 0, 0, 0, 0, 0, 0, 0, 0, 0]], "38999.sol": [0, [0, 0, 0, 0, 0, 0, 0, 0, 0, 0]], "2809.sol": [0, [0, 0, 0, 0, 0, 0, 0, 0, 0, 0]], "23142.sol": [0, [0, 0, 0, 0, 0, 0, 0, 0, 0, 0]], "29457.sol": [0, [0, 0, 0, 0, 0, 0, 0, 0, 0, 0]], "21035.sol": [0, [0, 0, 0, 0, 0, 0, 0, 0, 0, 0]], "8372.sol": [0, [0, 0, 0, 0, 0, 0, 0, 0, 0, 0]], "37606.sol": [1, [0, 0, 0, 0, 0, 1, 0, 1, 0, 0]], "19019.sol": [0, [0, 0, 0, 0, 0, 0, 0, 0, 0, 0]], "24433.sol": [0, [0, 0, 0, 0, 0, 0, 0, 0, 0, 0]], "18802.sol": [1, [0, 0, 0, 0, 0, 0, 1, 0, 0, 0]], "37948.sol": [0, [0, 0, 0, 0, 0, 0, 0, 0, 0, 0]], "38660.sol": [0, [0, 0, 0, 0, 0, 0, 0, 0, 0, 0]], "664.sol": [0, [0, 0, 0, 0, 0, 0, 0, 0, 0, 0]], "5982.sol": [1, [1, 1, 0, 0, 0, 0, 0, 0, 1, 1]], "20958.sol": [0, [0, 0, 0, 0, 0, 0, 0, 0, 0, 0]], "37494.sol": [0, [0, 0, 0, 0, 0, 0, 0, 0, 0, 0]], "16081.sol": [0, [0, 0, 0, 0, 0, 0, 0, 0, 0, 0]], "15754.sol": [0, [0, 0, 0, 0, 0, 0, 0, 0, 0, 0]], "24760.sol": [0, [0, 0, 0, 0, 0, 0, 0, 0, 0, 0]], "12059.sol": [0, [0, 0, 0, 0, 0, 0, 0, 0, 0, 0]], "35595.sol": [0, [0, 0, 0, 0, 0, 0, 0, 0, 0, 0]], "1646.sol": [0, [0, 0, 0, 0, 0, 0, 0, 0, 0, 0]], "6003.sol": [0, [0, 0, 0, 0, 0, 0, 0, 0, 0, 0]], "27397.sol": [0, [0, 0, 0, 0, 0, 0, 0, 0, 0, 0]], "26412.sol": [0, [0, 0, 0, 0, 0, 0, 0, 0, 0, 0]], "7400.sol": [0, [0, 0, 0, 0, 0, 0, 0, 0, 0, 0]], "39835.sol": [0, [0, 0, 0, 0, 0, 0, 0, 0, 0, 0]], "20617.sol": [0, [0, 0, 0, 0, 0, 0, 0, 0, 0, 0]], "36762.sol": [0, [0, 0, 0, 0, 0, 0, 0, 0, 0, 0]], "25373.sol": [0, [0, 0, 0, 0, 0, 0, 0, 0, 0, 0]], "8727.sol": [0, [0, 0, 0, 0, 0, 0, 0, 0, 0, 0]], "35558.sol": [0, [0, 0, 0, 0, 0, 0, 0, 0, 0, 0]], "25457.sol": [0, [0, 0, 0, 0, 0, 0, 0, 0, 0, 0]], "24269.sol": [0, [0, 0, 0, 0, 0, 0, 0, 0, 0, 0]], "26165.sol": [0, [0, 0, 0, 0, 0, 0, 0, 0, 0, 0]], "312.sol": [0, [0, 0, 0, 0, 0, 0, 0, 0, 0, 0]], "7459.sol": [0, [0, 0, 0, 0, 0, 0, 0, 0, 0, 0]], "7087.sol": [0, [0, 0, 0, 0, 0, 0, 0, 0, 0, 0]], "37335.sol": [0, [0, 0, 0, 0, 0, 0, 0, 0, 0, 0]], "10905.sol": [0, [0, 0, 0, 0, 0, 0, 0, 0, 0, 0]], "3972.sol": [0, [0, 0, 0, 0, 0, 0, 0, 0, 0, 0]], "14719.sol": [0, [0, 0, 0, 0, 0, 0, 0, 0, 0, 0]], "33688.sol": [1, [0, 0, 0, 0, 0, 0, 0, 1, 0, 0]], "30296.sol": [0, [0, 0, 0, 0, 0, 0, 0, 0, 0, 0]], "19299.sol": [0, [0, 0, 0, 0, 0, 0, 0, 0, 0, 0]], "26338.sol": [0, [0, 0, 0, 0, 0, 0, 0, 0, 0, 0]], "38710.sol": [1, [1, 1, 1, 1, 1, 0, 1, 1, 1, 0]], "3006.sol": [0, [0, 0, 0, 0, 0, 0, 0, 0, 0, 0]], "10632.sol": [1, [0, 1, 0, 0, 0, 0, 0, 1, 1, 1]], "15316.sol": [0, [0, 0, 0, 0, 0, 0, 0, 0, 0, 0]], "19100.sol": [0, [0, 0, 0, 0, 0, 0, 0, 0, 0, 0]], "23221.sol": [0, [0, 0, 0, 0, 0, 0, 0, 0, 0, 0]], "99.sol": [0, [0, 0, 0, 0, 0, 0, 0, 0, 0, 0]], "13183.sol": [0, [0, 0, 0, 0, 0, 0, 0, 0, 0, 0]], "8752.sol": [0, [0, 0, 0, 0, 0, 0, 0, 0, 0, 0]], "35320.sol": [0, [0, 0, 0, 0, 0, 0, 0, 0, 0, 0]], "9455.sol": [0, [0, 0, 0, 0, 0, 0, 0, 0, 0, 0]], "17922.sol": [0, [0, 0, 0, 0, 0, 0, 0, 0, 0, 0]], "21074.sol": [0, [0, 0, 0, 0, 0, 0, 0, 0, 0, 0]], "22607.sol": [0, [0, 0, 0, 0, 0, 0, 0, 0, 0, 0]], "32658.sol": [0, [0, 0, 0, 0, 0, 0, 0, 0, 0, 0]], "28239.sol": [0, [0, 0, 0, 0, 0, 0, 0, 0, 0, 0]], "22143.sol": [0, [0, 0, 0, 0, 0, 0, 0, 0, 0, 0]], "8047.sol": [0, [0, 0, 0, 0, 0, 0, 0, 0, 0, 0]], "22867.sol": [0, [0, 0, 0, 0, 0, 0, 0, 0, 0, 0]], "24882.sol": [0, [0, 0, 0, 0, 0, 0, 0, 0, 0, 0]], "21385.sol": [0, [0, 0, 0, 0, 0, 0, 0, 0, 0, 0]], "3492.sol": [0, [0, 0, 0, 0, 0, 0, 0, 0, 0, 0]], "12641.sol": [0, [0, 0, 0, 0, 0, 0, 0, 0, 0, 0]], "8582.sol": [0, [0, 0, 0, 0, 0, 0, 0, 0, 0, 0]], "17683.sol": [0, [0, 0, 0, 0, 0, 0, 0, 0, 0, 0]], "4037.sol": [0, [0, 0, 0, 0, 0, 0, 0, 0, 0, 0]], "17784.sol": [0, [0, 0, 0, 0, 0, 0, 0, 0, 0, 0]], "25822.sol": [0, [0, 0, 0, 0, 0, 0, 0, 0, 0, 0]], "25704.sol": [1, [0, 1, 0, 0, 0, 0, 0, 0, 1, 0]], "22817.sol": [0, [0, 0, 0, 0, 0, 0, 0, 0, 0, 0]], "36916.sol": [0, [0, 0, 0, 0, 0, 0, 0, 0, 0, 0]], "34964.sol": [1, [0, 0, 0, 0, 1, 0, 0, 0, 0, 0]], "21408.sol": [0, [0, 0, 0, 0, 0, 0, 0, 0, 0, 0]], "11916.sol": [0, [0, 0, 0, 0, 0, 0, 0, 0, 0, 0]], "3761.sol": [0, [0, 0, 0, 0, 0, 0, 0, 0, 0, 0]], "13427.sol": [0, [0, 0, 0, 0, 0, 0, 0, 0, 0, 0]], "23315.sol": [0, [0, 0, 0, 0, 0, 0, 0, 0, 0, 0]], "13616.sol": [0, [0, 0, 0, 0, 0, 0, 0, 0, 0, 0]], "10295.sol": [0, [0, 0, 0, 0, 0, 0, 0, 0, 0, 0]], "27399.sol": [0, [0, 0, 0, 0, 0, 0, 0, 0, 0, 0]], "11418.sol": [0, [0, 0, 0, 0, 0, 0, 0, 0, 0, 0]], "14727.sol": [0, [0, 0, 0, 0, 0, 0, 0, 0, 0, 0]], "18733.sol": [0, [0, 0, 0, 0, 0, 0, 0, 0, 0, 0]], "20513.sol": [0, [0, 0, 0, 0, 0, 0, 0, 0, 0, 0]], "35023.sol": [0, [0, 0, 0, 0, 0, 0, 0, 0, 0, 0]], "7307.sol": [0, [0, 0, 0, 0, 0, 0, 0, 0, 0, 0]], "31472.sol": [0, [0, 0, 0, 0, 0, 0, 0, 0, 0, 0]], "28102.sol": [0, [0, 0, 0, 0, 0, 0, 0, 0, 0, 0]], "14794.sol": [0, [0, 0, 0, 0, 0, 0, 0, 0, 0, 0]], "10750.sol": [0, [0, 0, 0, 0, 0, 0, 0, 0, 0, 0]], "27829.sol": [0, [0, 0, 0, 0, 0, 0, 0, 0, 0, 0]], "31804.sol": [0, [0, 0, 0, 0, 0, 0, 0, 0, 0, 0]], "39178.sol": [0, [0, 0, 0, 0, 0, 0, 0, 0, 0, 0]], "36385.sol": [0, [0, 0, 0, 0, 0, 0, 0, 0, 0, 0]], "20212.sol": [0, [0, 0, 0, 0, 0, 0, 0, 0, 0, 0]], "36198.sol": [0, [0, 0, 0, 0, 0, 0, 0, 0, 0, 0]], "11643.sol": [0, [0, 0, 0, 0, 0, 0, 0, 0, 0, 0]], "263.sol": [0, [0, 0, 0, 0, 0, 0, 0, 0, 0, 0]], "240.sol": [0, [0, 0, 0, 0, 0, 0, 0, 0, 0, 0]], "27206.sol": [0, [0, 0, 0, 0, 0, 0, 0, 0, 0, 0]], "13490.sol": [0, [0, 0, 0, 0, 0, 0, 0, 0, 0, 0]], "9595.sol": [0, [0, 0, 0, 0, 0, 0, 0, 0, 0, 0]], "24151.sol": [0, [0, 0, 0, 0, 0, 0, 0, 0, 0, 0]], "17069.sol": [0, [0, 0, 0, 0, 0, 0, 0, 0, 0, 0]], "18186.sol": [0, [0, 0, 0, 0, 0, 0, 0, 0, 0, 0]], "39131.sol": [0, [0, 0, 0, 0, 0, 0, 0, 0, 0, 0]], "20177.sol": [0, [0, 0, 0, 0, 0, 0, 0, 0, 0, 0]], "39101.sol": [0, [0, 0, 0, 0, 0, 0, 0, 0, 0, 0]], "17565.sol": [0, [0, 0, 0, 0, 0, 0, 0, 0, 0, 0]], "34759.sol": [0, [0, 0, 0, 0, 0, 0, 0, 0, 0, 0]], "22738.sol": [0, [0, 0, 0, 0, 0, 0, 0, 0, 0, 0]], "20298.sol": [0, [0, 0, 0, 0, 0, 0, 0, 0, 0, 0]], "28845.sol": [0, [0, 0, 0, 0, 0, 0, 0, 0, 0, 0]], "2113.sol": [0, [0, 0, 0, 0, 0, 0, 0, 0, 0, 0]], "13610.sol": [0, [0, 0, 0, 0, 0, 0, 0, 0, 0, 0]], "24283.sol": [0, [0, 0, 0, 0, 0, 0, 0, 0, 0, 0]], "11911.sol": [0, [0, 0, 0, 0, 0, 0, 0, 0, 0, 0]], "34459.sol": [1, [0, 1, 1, 1, 1, 1, 1, 1, 1, 1]], "2304.sol": [0, [0, 0, 0, 0, 0, 0, 0, 0, 0, 0]], "34914.sol": [0, [0, 0, 0, 0, 0, 0, 0, 0, 0, 0]], "26792.sol": [0, [0, 0, 0, 0, 0, 0, 0, 0, 0, 0]], "29222.sol": [0, [0, 0, 0, 0, 0, 0, 0, 0, 0, 0]], "11959.sol": [0, [0, 0, 0, 0, 0, 0, 0, 0, 0, 0]], "7894.sol": [0, [0, 0, 0, 0, 0, 0, 0, 0, 0, 0]], "26605.sol": [0, [0, 0, 0, 0, 0, 0, 0, 0, 0, 0]], "24392.sol": [0, [0, 0, 0, 0, 0, 0, 0, 0, 0, 0]], "11875.sol": [0, [0, 0, 0, 0, 0, 0, 0, 0, 0, 0]], "34082.sol": [0, [0, 0, 0, 0, 0, 0, 0, 0, 0, 0]], "1728.sol": [0, [0, 0, 0, 0, 0, 0, 0, 0, 0, 0]], "10263.sol": [0, [0, 0, 0, 0, 0, 0, 0, 0, 0, 0]], "13504.sol": [0, [0, 0, 0, 0, 0, 0, 0, 0, 0, 0]], "1932.sol": [1, [0, 0, 1, 0, 0, 0, 0, 0, 0, 0]], "31618.sol": [0, [0, 0, 0, 0, 0, 0, 0, 0, 0, 0]], "1900.sol": [0, [0, 0, 0, 0, 0, 0, 0, 0, 0, 0]], "17423.sol": [0, [0, 0, 0, 0, 0, 0, 0, 0, 0, 0]], "11557.sol": [0, [0, 0, 0, 0, 0, 0, 0, 0, 0, 0]], "24747.sol": [0, [0, 0, 0, 0, 0, 0, 0, 0, 0, 0]], "14045.sol": [0, [0, 0, 0, 0, 0, 0, 0, 0, 0, 0]], "32347.sol": [0, [0, 0, 0, 0, 0, 0, 0, 0, 0, 0]], "5936.sol": [0, [0, 0, 0, 0, 0, 0, 0, 0, 0, 0]], "7718.sol": [0, [0, 0, 0, 0, 0, 0, 0, 0, 0, 0]], "25077.sol": [0, [0, 0, 0, 0, 0, 0, 0, 0, 0, 0]], "37480.sol": [0, [0, 0, 0, 0, 0, 0, 0, 0, 0, 0]], "1896.sol": [0, [0, 0, 0, 0, 0, 0, 0, 0, 0, 0]], "24410.sol": [0, [0, 0, 0, 0, 0, 0, 0, 0, 0, 0]], "21821.sol": [0, [0, 0, 0, 0, 0, 0, 0, 0, 0, 0]], "39330.sol": [0, [0, 0, 0, 0, 0, 0, 0, 0, 0, 0]], "7236.sol": [0, [0, 0, 0, 0, 0, 0, 0, 0, 0, 0]], "6463.sol": [0, [0, 0, 0, 0, 0, 0, 0, 0, 0, 0]], "4222.sol": [0, [0, 0, 0, 0, 0, 0, 0, 0, 0, 0]], "7422.sol": [0, [0, 0, 0, 0, 0, 0, 0, 0, 0, 0]], "28911.sol": [0, [0, 0, 0, 0, 0, 0, 0, 0, 0, 0]], "35604.sol": [0, [0, 0, 0, 0, 0, 0, 0, 0, 0, 0]], "12967.sol": [0, [0, 0, 0, 0, 0, 0, 0, 0, 0, 0]], "19656.sol": [0, [0, 0, 0, 0, 0, 0, 0, 0, 0, 0]], "18589.sol": [0, [0, 0, 0, 0, 0, 0, 0, 0, 0, 0]], "26532.sol": [0, [0, 0, 0, 0, 0, 0, 0, 0, 0, 0]], "31095.sol": [0, [0, 0, 0, 0, 0, 0, 0, 0, 0, 0]], "21100.sol": [0, [0, 0, 0, 0, 0, 0, 0, 0, 0, 0]], "39236.sol": [0, [0, 0, 0, 0, 0, 0, 0, 0, 0, 0]], "20441.sol": [0, [0, 0, 0, 0, 0, 0, 0, 0, 0, 0]], "6528.sol": [0, [0, 0, 0, 0, 0, 0, 0, 0, 0, 0]], "29213.sol": [0, [0, 0, 0, 0, 0, 0, 0, 0, 0, 0]], "29210.sol": [0, [0, 0, 0, 0, 0, 0, 0, 0, 0, 0]], "14479.sol": [0, [0, 0, 0, 0, 0, 0, 0, 0, 0, 0]], "1232.sol": [0, [0, 0, 0, 0, 0, 0, 0, 0, 0, 0]], "25434.sol": [0, [0, 0, 0, 0, 0, 0, 0, 0, 0, 0]], "8236.sol": [0, [0, 0, 0, 0, 0, 0, 0, 0, 0, 0]], "27884.sol": [0, [0, 0, 0, 0, 0, 0, 0, 0, 0, 0]], "25812.sol": [0, [0, 0, 0, 0, 0, 0, 0, 0, 0, 0]], "3821.sol": [0, [0, 0, 0, 0, 0, 0, 0, 0, 0, 0]], "9074.sol": [0, [0, 0, 0, 0, 0, 0, 0, 0, 0, 0]], "21858.sol": [0, [0, 0, 0, 0, 0, 0, 0, 0, 0, 0]], "29572.sol": [0, [0, 0, 0, 0, 0, 0, 0, 0, 0, 0]], "12521.sol": [0, [0, 0, 0, 0, 0, 0, 0, 0, 0, 0]], "18997.sol": [1, [0, 1, 0, 0, 0, 0, 0, 0, 0, 0]], "33196.sol": [0, [0, 0, 0, 0, 0, 0, 0, 0, 0, 0]], "28117.sol": [0, [0, 0, 0, 0, 0, 0, 0, 0, 0, 0]], "14624.sol": [0, [0, 0, 0, 0, 0, 0, 0, 0, 0, 0]], "17621.sol": [0, [0, 0, 0, 0, 0, 0, 0, 0, 0, 0]], "3375.sol": [0, [0, 0, 0, 0, 0, 0, 0, 0, 0, 0]], "1450.sol": [0, [0, 0, 0, 0, 0, 0, 0, 0, 0, 0]], "23831.sol": [0, [0, 0, 0, 0, 0, 0, 0, 0, 0, 0]], "23344.sol": [0, [0, 0, 0, 0, 0, 0, 0, 0, 0, 0]], "11342.sol": [0, [0, 0, 0, 0, 0, 0, 0, 0, 0, 0]], "13400.sol": [0, [0, 0, 0, 0, 0, 0, 0, 0, 0, 0]], "29241.sol": [0, [0, 0, 0, 0, 0, 0, 0, 0, 0, 0]], "5740.sol": [0, [0, 0, 0, 0, 0, 0, 0, 0, 0, 0]], "30728.sol": [0, [0, 0, 0, 0, 0, 0, 0, 0, 0, 0]], "34753.sol": [0, [0, 0, 0, 0, 0, 0, 0, 0, 0, 0]], "24941.sol": [0, [0, 0, 0, 0, 0, 0, 0, 0, 0, 0]], "20154.sol": [0, [0, 0, 0, 0, 0, 0, 0, 0, 0, 0]], "28507.sol": [0, [0, 0, 0, 0, 0, 0, 0, 0, 0, 0]], "34389.sol": [0, [0, 0, 0, 0, 0, 0, 0, 0, 0, 0]], "2473.sol": [0, [0, 0, 0, 0, 0, 0, 0, 0, 0, 0]], "21201.sol": [0, [0, 0, 0, 0, 0, 0, 0, 0, 0, 0]], "5414.sol": [0, [0, 0, 0, 0, 0, 0, 0, 0, 0, 0]], "35407.sol": [0, [0, 0, 0, 0, 0, 0, 0, 0, 0, 0]], "37651.sol": [0, [0, 0, 0, 0, 0, 0, 0, 0, 0, 0]], "16851.sol": [0, [0, 0, 0, 0, 0, 0, 0, 0, 0, 0]], "36379.sol": [0, [0, 0, 0, 0, 0, 0, 0, 0, 0, 0]], "6870.sol": [0, [0, 0, 0, 0, 0, 0, 0, 0, 0, 0]], "17657.sol": [0, [0, 0, 0, 0, 0, 0, 0, 0, 0, 0]], "32263.sol": [0, [0, 0, 0, 0, 0, 0, 0, 0, 0, 0]], "7772.sol": [0, [0, 0, 0, 0, 0, 0, 0, 0, 0]], "16914.sol": [0, [0, 0, 0, 0, 0, 0, 0, 0, 0, 0]], "17885.sol": [0, [0, 0, 0, 0, 0, 0, 0, 0, 0, 0]], "26475.sol": [0, [0, 0, 0, 0, 0, 0, 0, 0, 0, 0]], "19472.sol": [0, [0, 0, 0, 0, 0, 0, 0, 0, 0, 0]], "22254.sol": [0, [0, 0, 0, 0, 0, 0, 0, 0, 0, 0]], "17637.sol": [0, [0, 0, 0, 0, 0, 0, 0, 0, 0, 0]], "22245.sol": [1, [0, 0, 1, 1, 0, 0, 0, 0, 0, 0]], "5322.sol": [0, [0, 0, 0, 0, 0, 0, 0, 0, 0, 0]], "39539.sol": [0, [0, 0, 0, 0, 0, 0, 0, 0, 0, 0]], "8333.sol": [0, [0, 0, 0, 0, 0, 0, 0, 0, 0, 0]], "15943.sol": [0, [0, 0, 0, 0, 0, 0, 0, 0, 0, 0]], "13486.sol": [0, [0, 0, 0, 0, 0, 0, 0, 0, 0, 0]], "16889.sol": [1, [0, 0, 0, 0, 0, 0, 0, 0, 1, 0]], "1502.sol": [0, [0, 0, 0, 0, 0, 0, 0, 0, 0, 0]], "11765.sol": [0, [0, 0, 0, 0, 0, 0, 0, 0, 0, 0]], "24134.sol": [0, [0, 0, 0, 0, 0, 0, 0, 0, 0, 0]], "27514.sol": [0, [0, 0, 0, 0, 0, 0, 0, 0, 0, 0]], "22383.sol": [0, [0, 0, 0, 0, 0, 0, 0, 0, 0, 0]], "8441.sol": [0, [0, 0, 0, 0, 0, 0, 0, 0, 0, 0]], "13402.sol": [0, [0, 0, 0, 0, 0, 0, 0, 0, 0, 0]], "33029.sol": [0, [0, 0, 0, 0, 0, 0, 0, 0, 0, 0]], "6630.sol": [0, [0, 0, 0, 0, 0, 0, 0, 0, 0, 0]], "11577.sol": [0, [0, 0, 0, 0, 0, 0, 0, 0, 0, 0]], "36252.sol": [0, [0, 0, 0, 0, 0, 0, 0, 0, 0, 0]], "20263.sol": [0, [0, 0, 0, 0, 0, 0, 0, 0, 0, 0]], "6910.sol": [0, [0, 0, 0, 0, 0, 0, 0, 0, 0, 0]], "37074.sol": [0, [0, 0, 0, 0, 0, 0, 0, 0, 0, 0]], "16692.sol": [0, [0, 0, 0, 0, 0, 0, 0, 0, 0, 0]], "11348.sol": [1, [0, 0, 0, 0, 1, 1, 0, 0, 0, 0]], "1816.sol": [0, [0, 0, 0, 0, 0, 0, 0, 0, 0, 0]], "10756.sol": [0, [0, 0, 0, 0, 0, 0, 0, 0, 0, 0]], "6438.sol": [0, [0, 0, 0, 0, 0, 0, 0, 0, 0, 0]], "34829.sol": [0, [0, 0, 0, 0, 0, 0, 0, 0, 0, 0]], "36605.sol": [0, [0, 0, 0, 0, 0, 0, 0, 0, 0, 0]], "18023.sol": [0, [0, 0, 0, 0, 0, 0, 0, 0, 0, 0]], "1043.sol": [0, [0, 0, 0, 0, 0, 0, 0, 0, 0, 0]], "17392.sol": [0, [0, 0, 0, 0, 0, 0, 0, 0, 0, 0]], "19604.sol": [0, [0, 0, 0, 0, 0, 0, 0, 0, 0, 0]], "8708.sol": [0, [0, 0, 0, 0, 0, 0, 0, 0, 0, 0]], "4524.sol": [0, [0, 0, 0, 0, 0, 0, 0, 0, 0, 0]], "15483.sol": [0, [0, 0, 0, 0, 0, 0, 0, 0, 0, 0]], "15458.sol": [0, [0, 0, 0, 0, 0, 0, 0, 0, 0, 0]], "24506.sol": [0, [0, 0, 0, 0, 0, 0, 0, 0, 0, 0]], "8420.sol": [0, [0, 0, 0, 0, 0, 0, 0, 0, 0, 0]], "14020.sol": [0, [0, 0, 0, 0, 0, 0, 0, 0, 0, 0]], "24666.sol": [0, [0, 0, 0, 0, 0, 0, 0, 0, 0, 0]], "5584.sol": [0, [0, 0, 0, 0, 0, 0, 0, 0, 0, 0]], "6144.sol": [0, [0, 0, 0, 0, 0, 0, 0, 0, 0, 0]], "22463.sol": [0, [0, 0, 0, 0, 0, 0, 0, 0, 0, 0]], "24307.sol": [0, [0, 0, 0, 0, 0, 0, 0, 0, 0, 0]], "15919.sol": [0, [0, 0, 0, 0, 0, 0, 0, 0, 0, 0]], "37937.sol": [0, [0, 0, 0, 0, 0, 0, 0, 0, 0, 0]], "25700.sol": [0, [0, 0, 0, 0, 0, 0, 0, 0, 0, 0]], "20131.sol": [0, [0, 0, 0, 0, 0, 0, 0, 0, 0, 0]], "25132.sol": [0, [0, 0, 0, 0, 0, 0, 0, 0, 0, 0]], "26253.sol": [0, [0, 0, 0, 0, 0, 0, 0, 0, 0, 0]], "36823.sol": [0, [0, 0, 0, 0, 0, 0, 0, 0, 0, 0]], "34840.sol": [0, [0, 0, 0, 0, 0, 0, 0, 0, 0, 0]], "8996.sol": [0, [0, 0, 0, 0, 0, 0, 0, 0, 0, 0]], "16099.sol": [0, [0, 0, 0, 0, 0, 0, 0, 0, 0, 0]], "6451.sol": [0, [0, 0, 0, 0, 0, 0, 0, 0, 0, 0]], "2224.sol": [1, [0, 0, 0, 0, 0, 1, 0, 0, 0, 0]], "29548.sol": [0, [0, 0, 0, 0, 0, 0, 0, 0, 0, 0]], "5924.sol": [0, [0, 0, 0, 0, 0, 0, 0, 0, 0, 0]], "21493.sol": [1, [1, 0, 0, 0, 0, 0, 0, 0, 0, 0]], "16629.sol": [0, [0, 0, 0, 0, 0, 0, 0, 0, 0, 0]], "5311.sol": [0, [0, 0, 0, 0, 0, 0, 0, 0, 0, 0]], "32283.sol": [0, [0, 0, 0, 0, 0, 0, 0, 0, 0, 0]], "36440.sol": [0, [0, 0, 0, 0, 0, 0, 0, 0, 0, 0]], "4627.sol": [0, [0, 0, 0, 0, 0, 0, 0, 0, 0, 0]], "23023.sol": [0, [0, 0, 0, 0, 0, 0, 0, 0, 0, 0]], "3814.sol": [0, [0, 0, 0, 0, 0, 0, 0, 0, 0, 0]], "27998.sol": [0, [0, 0, 0, 0, 0, 0, 0, 0, 0, 0]], "28538.sol": [0, [0, 0, 0, 0, 0, 0, 0, 0, 0, 0]], "20377.sol": [0, [0, 0, 0, 0, 0, 0, 0, 0, 0, 0]], "19402.sol": [0, [0, 0, 0, 0, 0, 0, 0, 0, 0, 0]], "20397.sol": [0, [0, 0, 0, 0, 0, 0, 0, 0, 0, 0]], "32497.sol": [0, [0, 0, 0, 0, 0, 0, 0, 0, 0, 0]], "21510.sol": [0, [0, 0, 0, 0, 0, 0, 0, 0, 0, 0]], "8359.sol": [0, [0, 0, 0, 0, 0, 0, 0, 0, 0, 0]], "31599.sol": [0, [0, 0, 0, 0, 0, 0, 0, 0, 0, 0]], "22719.sol": [0, [0, 0, 0, 0, 0, 0, 0, 0, 0, 0]], "12654.sol": [0, [0, 0, 0, 0, 0, 0, 0, 0, 0, 0]], "36101.sol": [1, [0, 0, 0, 0, 0, 0, 0, 0, 0, 1]], "20335.sol": [0, [0, 0, 0, 0, 0, 0, 0, 0, 0, 0]], "38965.sol": [0, [0, 0, 0, 0, 0, 0, 0, 0, 0, 0]], "9088.sol": [0, [0, 0, 0, 0, 0, 0, 0, 0, 0, 0]], "38728.sol": [0, [0, 0, 0, 0, 0, 0, 0, 0, 0, 0]], "8241.sol": [0, [0, 0, 0, 0, 0, 0, 0, 0, 0, 0]], "19898.sol": [0, [0, 0, 0, 0, 0, 0, 0, 0, 0, 0]], "17121.sol": [0, [0, 0, 0, 0, 0, 0, 0, 0, 0, 0]], "30515.sol": [0, [0, 0, 0, 0, 0, 0, 0, 0, 0, 0]], "22082.sol": [1, [0, 0, 0, 0, 1, 1, 0, 0, 0, 0]], "37366.sol": [1, [0, 1, 0, 1, 0, 1, 0, 1, 0, 0]], "15868.sol": [0, [0, 0, 0, 0, 0, 0, 0, 0, 0, 0]], "40722.sol": [0, [0, 0, 0, 0, 0, 0, 0, 0, 0, 0]], "17286.sol": [0, [0, 0, 0, 0, 0, 0, 0, 0, 0, 0]], "31590.sol": [0, [0, 0, 0, 0, 0, 0, 0, 0, 0, 0]], "1505.sol": [0, [0, 0, 0, 0, 0, 0, 0, 0, 0, 0]], "22452.sol": [0, [0, 0, 0, 0, 0, 0, 0, 0, 0, 0]], "23841.sol": [0, [0, 0, 0, 0, 0, 0, 0, 0, 0, 0]], "13272.sol": [0, [0, 0, 0, 0, 0, 0, 0, 0, 0, 0]], "30276.sol": [0, [0, 0, 0, 0, 0, 0, 0, 0, 0, 0]], "25122.sol": [0, [0, 0, 0, 0, 0, 0, 0, 0, 0, 0]], "1036.sol": [0, [0, 0, 0, 0, 0, 0, 0, 0, 0, 0]], "31528.sol": [0, [0, 0, 0, 0, 0, 0, 0, 0, 0, 0]], "37017.sol": [0, [0, 0, 0, 0, 0, 0, 0, 0, 0, 0]], "20357.sol": [0, [0, 0, 0, 0, 0, 0, 0, 0, 0, 0]], "23174.sol": [0, [0, 0, 0, 0, 0, 0, 0, 0, 0, 0]], "13077.sol": [0, [0, 0, 0, 0, 0, 0, 0, 0, 0, 0]], "18466.sol": [0, [0, 0, 0, 0, 0, 0, 0, 0, 0, 0]], "4248.sol": [0, [0, 0, 0, 0, 0, 0, 0, 0, 0, 0]], "22397.sol": [0, [0, 0, 0, 0, 0, 0, 0, 0, 0, 0]], "33692.sol": [0, [0, 0, 0, 0, 0, 0, 0, 0, 0, 0]], "38115.sol": [1, [0, 1, 0, 0, 0, 0, 0, 0, 0, 0]], "10121.sol": [0, [0, 0, 0, 0, 0, 0, 0, 0, 0, 0]], "29948.sol": [1, [0, 0, 0, 0, 0, 1, 0, 1, 1, 0]], "518.sol": [0, [0, 0, 0, 0, 0, 0, 0, 0, 0, 0]], "23840.sol": [0, [0, 0, 0, 0, 0, 0, 0, 0, 0, 0]], "5981.sol": [0, [0, 0, 0, 0, 0, 0, 0, 0, 0, 0]], "27924.sol": [0, [0, 0, 0, 0, 0, 0, 0, 0, 0, 0]], "26513.sol": [0, [0, 0, 0, 0, 0, 0, 0, 0, 0, 0]], "2843.sol": [0, [0, 0, 0, 0, 0, 0, 0, 0, 0, 0]], "23046.sol": [1, [0, 0, 0, 1, 1, 0, 0, 0, 0, 0]], "11945.sol": [0, [0, 0, 0, 0, 0, 0, 0, 0, 0, 0]], "16008.sol": [0, [0, 0, 0, 0, 0, 0, 0, 0, 0, 0]], "8114.sol": [0, [0, 0, 0, 0, 0, 0, 0, 0, 0, 0]], "4937.sol": [0, [0, 0, 0, 0, 0, 0, 0, 0, 0, 0]], "21602.sol": [0, [0, 0, 0, 0, 0, 0, 0, 0, 0, 0]], "21243.sol": [1, [0, 0, 1, 1, 0, 0, 0, 1, 0, 0]], "23654.sol": [1, [0, 0, 0, 0, 0, 0, 0, 1, 0, 0]], "36789.sol": [0, [0, 0, 0, 0, 0, 0, 0, 0, 0, 0]], "36136.sol": [1, [0, 1, 0, 1, 0, 0, 0, 0, 0, 0]], "253.sol": [1, [0, 0, 0, 0, 0, 1, 0, 0, 0, 0]], "38784.sol": [1, [0, 0, 0, 0, 0, 0, 0, 1, 0, 0]], "2558.sol": [1, [0, 0, 0, 0, 0, 0, 0, 1, 0, 0]], "31803.sol": [0, [0, 0, 0, 0, 0, 0, 0, 0, 0, 0]], "26947.sol": [1, [1, 0, 0, 0, 0, 0, 0, 0, 0, 0]], "37176.sol": [0, [0, 0, 0, 0, 0, 0, 0, 0, 0, 0]], "24545.sol": [0, [0, 0, 0, 0, 0, 0, 0, 0, 0, 0]], "28031.sol": [0, [0, 0, 0, 0, 0, 0, 0, 0, 0, 0]], "28965.sol": [1, [0, 0, 1, 1, 0, 1, 1, 0, 0, 0]], "36171.sol": [0, [0, 0, 0, 0, 0, 0, 0, 0, 0, 0]], "18781.sol": [1, [0, 0, 1, 0, 0, 0, 0, 0, 0, 0]], "39714.sol": [1, [1, 1, 1, 1, 1, 1, 1, 1, 1, 1]], "22371.sol": [1, [0, 0, 1, 0, 1, 0, 0, 0, 0, 0]], "2276.sol": [0, [0, 0, 0, 0, 0, 0, 0, 0, 0, 0]], "16423.sol": [0, [0, 0, 0, 0, 0, 0, 0, 0, 0, 0]], "33562.sol": [0, [0, 0, 0, 0, 0, 0, 0, 0, 0, 0]], "32803.sol": [1, [1, 1, 1, 1, 1, 1, 1, 1, 0, 0]], "38029.sol": [0, [0, 0, 0, 0, 0, 0, 0, 0, 0, 0]], "38234.sol": [1, [0, 0, 0, 0, 0, 0, 0, 1, 0, 1]], "20425.sol": [0, [0, 0, 0, 0, 0, 0, 0, 0, 0, 0]], "19595.sol": [1, [0, 0, 0, 0, 0, 0, 0, 0, 0, 1]], "37657.sol": [0, [0, 0, 0, 0, 0, 0, 0, 0, 0, 0]], "31283.sol": [0, [0, 0, 0, 0, 0, 0, 0, 0, 0, 0]], "37573.sol": [0, [0, 0, 0, 0, 0, 0, 0, 0, 0, 0]], "37963.sol": [1, [1, 0, 1, 1, 0, 1, 1, 1, 0, 1]], "1509.sol": [1, [0, 0, 0, 0, 0, 1, 0, 0, 0, 0]], "34277.sol": [1, [0, 0, 1, 0, 1, 1, 1, 0, 0, 1]], "36516.sol": [1, [0, 0, 0, 1, 1, 1, 0, 1, 1, 1]], "36286.sol": [1, [0, 0, 0, 1, 0, 0, 0, 0, 0, 0]], "38031.sol": [1, [1, 0, 1, 1, 0, 1, 1, 1, 1, 0]], "26331.sol": [0, [0, 0, 0, 0, 0, 0, 0, 0, 0, 0]], "21531.sol": [1, [0, 0, 0, 1, 0, 0, 0, 0, 0, 0]], "39659.sol": [1, [0, 0, 0, 1, 0, 1, 0, 0, 0, 0]], "32901.sol": [1, [1, 1, 1, 1, 0, 0, 1, 0, 1, 0]], "37185.sol": [1, [0, 0, 1, 1, 0, 1, 0, 0, 0, 0]], "31157.sol": [1, [1, 0, 0, 0, 0, 0, 0, 0, 0, 0]], "14654.sol": [1, [0, 0, 0, 1, 1, 0, 1, 1, 1, 1]], "18929.sol": [0, [0, 0, 0, 0, 0, 0, 0, 0, 0, 0]], "22845.sol": [1, [0, 0, 0, 0, 1, 0, 0, 1, 0, 0]], "15582.sol": [1, [0, 0, 0, 1, 0, 0, 0, 0, 0, 1]], "10945.sol": [1, [0, 0, 0, 1, 1, 0, 1, 1, 1, 1]], "26928.sol": [0, [0, 0, 0, 0, 0, 0, 0, 0, 0, 0]], "34132.sol": [1, [0, 0, 1, 0, 1, 1, 1, 0, 0, 0]], "27703.sol": [1, [0, 0, 1, 0, 0, 0, 0, 0, 0, 0]], "37274.sol": [1, [0, 1, 0, 0, 0, 0, 0, 0, 1, 0]], "8530.sol": [1, [0, 0, 0, 0, 0, 0, 1, 1, 0, 1]], "7481.sol": [0, [0, 0, 0, 0, 0, 0, 0, 0, 0, 0]], "4593.sol": [1, [0, 1, 0, 0, 0, 0, 0, 0, 0, 0]], "15789.sol": [1, [1, 0, 0, 0, 0, 0, 0, 0, 0, 0]], "14504.sol": [1, [0, 0, 0, 1, 1, 0, 1, 1, 1, 1]], "14761.sol": [0, [0, 0, 0, 0, 0, 0, 0, 0, 0, 0]], "20077.sol": [0, [0, 0, 0, 0, 0, 0, 0, 0, 0, 0]], "36350.sol": [1, [0, 0, 0, 0, 0, 0, 0, 0, 1, 0]], "32818.sol": [1, [0, 0, 0, 1, 1, 1, 1, 1, 1, 1]], "37298.sol": [1, [0, 0, 0, 0, 0, 0, 0, 1, 0, 0]], "5042.sol": [1, [0, 1, 0, 0, 0, 0, 0, 0, 0, 0]], "37374.sol": [1, [0, 0, 0, 1, 0, 1, 0, 0, 0, 0]], "29602.sol": [1, [0, 0, 0, 0, 0, 0, 0, 0, 0, 1]], "18476.sol": [0, [0, 0, 0, 0, 0, 0, 0, 0, 0, 0]], "22161.sol": [1, [0, 0, 0, 0, 0, 1, 0, 1, 0, 0]], "30305.sol": [0, [0, 0, 0, 0, 0, 0, 0, 0, 0]], "19062.sol": [0, [0, 0, 0, 0, 0, 0, 0, 0, 0, 0]], "35347.sol": [1, [1, 0, 0, 0, 0, 0, 0, 0, 0, 0]], "39428.sol": [1, [1, 0, 0, 0, 1, 0, 0, 0, 0, 0]], "25090.sol": [1, [1, 1, 1, 0, 0, 0, 1, 1, 0, 0]], "27607.sol": [0, [0, 0, 0, 0, 0, 0, 0, 0, 0, 0]], "31110.sol": [1, [1, 0, 0, 0, 0, 0, 0, 0, 0, 0]], "23995.sol": [0, [0, 0, 0, 0, 0, 0, 0, 0, 0, 0]], "24977.sol": [1, [0, 0, 0, 0, 0, 0, 0, 1, 0, 0]], "37791.sol": [1, [1, 1, 1, 0, 1, 0, 1, 1, 1, 1]], "18036.sol": [1, [1, 1, 1, 1, 0, 0, 1, 1, 0, 0]], "30336.sol": [0, [0, 0, 0, 0, 0, 0, 0, 0, 0, 0]], "34297.sol": [1, [0, 0, 0, 0, 0, 1, 1, 1, 0, 1]], "38525.sol": [1, [0, 0, 0, 0, 0, 1, 1, 0, 1, 1]], "35429.sol": [1, [0, 0, 0, 0, 1, 0, 0, 0, 0, 1]], "28082.sol": [0, [0, 0, 0, 0, 0, 0, 0, 0, 0, 0]], "35804.sol": [1, [0, 0, 0, 0, 0, 1, 1, 0, 1, 1]], "36538.sol": [0, [0, 0, 0, 0, 0, 0, 0, 0, 0, 0]], "31476.sol": [1, [0, 0, 1, 1, 0, 1, 1, 0, 0, 0]], "33086.sol": [1, [1, 1, 1, 1, 0, 0, 1, 0, 1, 0]], "39708.sol": [1, [1, 1, 1, 1, 1, 1, 1, 1, 1, 1]], "34742.sol": [1, [0, 0, 0, 1, 1, 0, 1, 1, 1, 1]], "38191.sol": [1, [0, 0, 1, 1, 0, 0, 0, 1, 0, 0]], "19057.sol": [0, [0, 0, 0, 0, 0, 0, 0, 0, 0, 0]], "24120.sol": [1, [0, 0, 0, 0, 1, 0, 0, 1, 0, 0]], "35541.sol": [0, [0, 0, 0, 0, 0, 0, 0, 0, 0, 0]], "19520.sol": [1, [0, 0, 0, 0, 0, 0, 1, 0, 0, 0]], "17609.sol": [1, [1, 0, 0, 0, 1, 1, 0, 0, 0, 0]], "39709.sol": [1, [1, 1, 1, 1, 1, 1, 1, 1, 1, 1]], "38483.sol": [1, [1, 1, 1, 1, 1, 1, 1, 0, 0, 0]], "24604.sol": [1, [0, 0, 0, 0, 0, 0, 0, 0, 0, 1]], "35958.sol": [0, [0, 0, 0, 0, 0, 0, 0, 0, 0, 0]], "38292.sol": [1, [0, 0, 0, 0, 0, 0, 0, 0, 0, 1]], "32929.sol": [1, [0, 0, 0, 0, 0, 0, 0, 1, 0, 0]], "35275.sol": [1, [0, 0, 0, 0, 0, 0, 1, 0, 1, 1]], "31352.sol": [1, [0, 1, 0, 1, 1, 0, 0, 1, 0, 1]], "21621.sol": [1, [0, 0, 0, 0, 0, 0, 0, 1, 0, 0]], "28678.sol": [1, [0, 0, 0, 0, 0, 0, 0, 1, 0, 1]], "30671.sol": [0, [0, 0, 0, 0, 0, 0, 0, 0, 0, 0]], "39710.sol": [1, [1, 1, 1, 1, 1, 1, 1, 1, 1, 1]], "36685.sol": [1, [0, 0, 0, 0, 1, 0, 0, 0, 1, 0]], "33912.sol": [1, [0, 0, 1, 1, 1, 0, 1, 0, 0, 0]], "32558.sol": [1, [0, 0, 1, 0, 0, 0, 0, 1, 0, 0]], "290.sol": [0, [0, 0, 0, 0, 0, 0, 0, 0, 0, 0]], "338.sol": [0, [0, 0, 0, 0, 0, 0, 0, 0, 0, 0]], "38310.sol": [0, [0, 0, 0, 0, 0, 0, 0, 0, 0, 0]], "32740.sol": [1, [1, 1, 1, 1, 0, 0, 1, 0, 1, 0]], "33302.sol": [0, [0, 0, 0, 0, 0, 0, 0, 0, 0, 0]], "32680.sol": [1, [1, 0, 0, 0, 0, 0, 0, 0, 0, 0]], "33119.sol": [1, [1, 0, 0, 0, 0, 0, 0, 0, 0, 0]], "37563.sol": [0, [0, 0, 0, 0, 0, 0, 0, 0, 0, 0]], "32508.sol": [1, [0, 0, 1, 0, 1, 1, 1, 0, 0, 1]], "2716.sol": [1, [0, 0, 0, 0, 0, 0, 0, 1, 0, 0]], "248.sol": [1, [0, 0, 0, 0, 0, 1, 0, 0, 0, 0]], "37759.sol": [1, [0, 0, 0, 0, 0, 0, 0, 0, 1, 0]], "30087.sol": [0, [0, 0, 0, 0, 0, 0, 0, 0, 0, 0]], "30548.sol": [0, [0, 0, 0, 0, 0, 0, 0, 0, 0, 0]], "28876.sol": [1, [0, 0, 1, 1, 0, 1, 1, 0, 0, 0]], "21018.sol": [1, [0, 0, 0, 1, 1, 0, 1, 1, 1, 1]], "34129.sol": [1, [0, 0, 0, 1, 0, 0, 0, 0, 0, 0]], "35362.sol": [1, [1, 1, 1, 1, 1, 1, 1, 1, 0, 1]], "36537.sol": [1, [0, 0, 0, 1, 1, 0, 0, 0, 0, 0]], "39943.sol": [0, [0, 0, 0, 0, 0, 0, 0, 0, 0, 0]], "25500.sol": [1, [0, 0, 0, 0, 1, 0, 0, 1, 0, 0]], "15000.sol": [1, [0, 0, 1, 1, 0, 1, 1, 0, 0, 0]], "36144.sol": [1, [0, 0, 0, 1, 1, 1, 0, 1, 1, 1]], "31935.sol": [0, [0, 0, 0, 0, 0, 0, 0, 0, 0, 0]], "38800.sol": [0, [0, 0, 0, 0, 0, 0, 0, 0, 0, 0]], "9690.sol": [0, [0, 0, 0, 0, 0, 0, 0, 0, 0, 0]], "39097.sol": [0, [0, 0, 0, 0, 0, 0, 0, 0, 0, 0]], "26598.sol": [1, [0, 1, 0, 0, 0, 0, 0, 0, 0, 0]], "26894.sol": [1, [0, 1, 0, 0, 0, 0, 0, 0, 0, 0]], "32721.sol": [0, [0, 0, 0, 0, 0, 0, 0, 0, 0, 0]], "35381.sol": [0, [0, 0, 0, 0, 0, 0, 0, 0, 0, 0]], "3123.sol": [1, [0, 0, 0, 0, 0, 1, 1, 0, 1, 1]], "7634.sol": [1, [0, 0, 1, 1, 0, 1, 1, 0, 0, 0]], "20126.sol": [0, [0, 0, 0, 0, 0, 0, 0, 0, 0, 0]], "31423.sol": [1, [0, 0, 1, 1, 0, 1, 1, 0, 0, 0]], "34414.sol": [0, [0, 0, 0, 0, 0, 0, 0, 0, 0, 0]], "37279.sol": [0, [0, 0, 0, 0, 0, 0, 0, 0, 0, 0]], "4153.sol": [1, [0, 0, 0, 0, 1, 1, 0, 0, 0, 0]], "14357.sol": [1, [0, 0, 1, 0, 0, 0, 0, 1, 0, 0]], "28303.sol": [0, [0, 0, 0, 0, 0, 0, 0, 0, 0, 0]], "38338.sol": [1, [1, 0, 1, 1, 0, 1, 1, 1, 1, 0]], "31641.sol": [0, [0, 0, 0, 0, 0, 0, 0, 0, 0, 0]], "28461.sol": [1, [0, 0, 1, 0, 1, 1, 1, 0, 1, 1]], "30527.sol": [1, [0, 0, 0, 0, 0, 1, 1, 0, 1, 1]], "26985.sol": [1, [1, 0, 0, 1, 1, 1, 0, 0, 0, 0]], "35019.sol": [0, [0, 0, 0, 0, 0, 0, 0, 0, 0, 0]], "3939.sol": [1, [0, 0, 0, 0, 0, 0, 0, 0, 1, 0]], "28922.sol": [1, [1, 1, 0, 0, 1, 0, 0, 1, 0, 0]], "37929.sol": [1, [0, 0, 0, 0, 0, 1, 1, 0, 1, 1]], "37273.sol": [1, [0, 1, 0, 0, 0, 0, 0, 0, 0, 0]], "34339.sol": [0, [0, 0, 0, 0, 0, 0, 0, 0, 0, 0]], "37954.sol": [1, [0, 1, 1, 1, 1, 0, 1, 1, 0, 0]], "34162.sol": [1, [0, 0, 0, 1, 1, 0, 0, 0, 0, 0]], "37530.sol": [1, [1, 1, 1, 0, 0, 0, 1, 0, 0, 0]], "15217.sol": [0, [0, 0, 0, 0, 0, 0, 0, 0, 0, 0]], "2889.sol": [1, [0, 0, 0, 1, 1, 0, 1, 1, 0, 0]], "35507.sol": [1, [0, 0, 0, 1, 1, 0, 0, 0, 0, 0]], "18862.sol": [0, [0, 0, 0, 0, 0, 0, 0, 0, 0, 0]], "13500.sol": [1, [0, 0, 0, 0, 0, 1, 0, 0, 0, 0]], "16206.sol": [1, [0, 0, 0, 0, 0, 0, 0, 0, 0, 1]], "31279.sol": [0, [0, 0, 0, 0, 0, 0, 0, 0, 0, 0]], "32226.sol": [1, [0, 0, 1, 1, 0, 1, 1, 0, 0, 0]], "22160.sol": [1, [0, 0, 0, 0, 0, 1, 0, 1, 0, 0]], "30286.sol": [1, [0, 0, 0, 1, 0, 0, 1, 0, 1, 1]], "40104.sol": [0, [0, 0, 0, 0, 0, 0, 0, 0, 0, 0]], "3117.sol": [1, [0, 0, 0, 1, 0, 0, 0, 0, 0, 0]], "36015.sol": [1, [0, 0, 0, 1, 1, 1, 1, 1, 1, 1]], "33587.sol": [1, [0, 0, 0, 0, 1, 1, 0, 0, 0, 0]], "37229.sol": [0, [0, 0, 0, 0, 0, 0, 0, 0, 0, 0]], "3971.sol": [1, [0, 0, 0, 0, 0, 1, 1, 0, 1, 1]], "22187.sol": [1, [0, 1, 1, 0, 0, 0, 0, 0, 1, 1]], "35418.sol": [1, [0, 0, 0, 0, 0, 0, 1, 1, 0, 0]], "35085.sol": [1, [0, 1, 1, 1, 1, 1, 1, 1, 1, 1]]}