{"32911.sol": [0, [0, 0, 0, 0, 0, 0, 0, 0, 0, 0]], "2193.sol": [0, [0, 0, 0, 0, 0, 0, 0, 0, 0, 0]], "31088.sol": [0, [0, 0, 0, 0, 0, 0, 0, 0, 0, 0]], "12304.sol": [0, [0, 0, 0, 0, 0, 0, 0, 0, 0, 0]], "34425.sol": [0, [0, 0, 0, 0, 0, 0, 0, 0, 0, 0]], "7830.sol": [0, [0, 0, 0, 0, 0, 0, 0, 0, 0, 0]], "24773.sol": [0, [0, 0, 0, 0, 0, 0, 0, 0, 0, 0]], "26683.sol": [0, [0, 0, 0, 0, 0, 0, 0, 0, 0, 0]], "14203.sol": [1, [0, 0, 0, 1, 1, 0, 1, 0, 0, 0]], "1861.sol": [1, [1, 0, 0, 0, 0, 0, 0, 0, 0, 0]], "27429.sol": [0, [0, 0, 0, 0, 0, 0, 0, 0, 0, 0]], "633.sol": [0, [0, 0, 0, 0, 0, 0, 0, 0, 0, 0]], "17608.sol": [0, [0, 0, 0, 0, 0, 0, 0, 0, 0, 0]], "37666.sol": [0, [0, 0, 0, 0, 0, 0, 0, 0, 0, 0]], "31712.sol": [0, [0, 0, 0, 0, 0, 0, 0, 0, 0, 0]], "10869.sol": [0, [0, 0, 0, 0, 0, 0, 0, 0, 0, 0]], "6338.sol": [0, [0, 0, 0, 0, 0, 0, 0, 0, 0, 0]], "2662.sol": [0, [0, 0, 0, 0, 0, 0, 0, 0, 0, 0]], "24782.sol": [0, [0, 0, 0, 0, 0, 0, 0, 0, 0, 0]], "101.sol": [0, [0, 0, 0, 0, 0, 0, 0, 0, 0, 0]], "932.sol": [0, [0, 0, 0, 0, 0, 0, 0, 0, 0, 0]], "12983.sol": [0, [0, 0, 0, 0, 0, 0, 0, 0, 0, 0]], "30099.sol": [0, [0, 0, 0, 0, 0, 0, 0, 0, 0, 0]], "21221.sol": [0, [0, 0, 0, 0, 0, 0, 0, 0, 0, 0]], "38614.sol": [0, [0, 0, 0, 0, 0, 0, 0, 0, 0, 0]], "18057.sol": [0, [0, 0, 0, 0, 0, 0, 0, 0, 0, 0]], "32304.sol": [1, [1, 1, 1, 1, 0, 0, 0, 1, 0, 0]], "3950.sol": [0, [0, 0, 0, 0, 0, 0, 0, 0, 0, 0]], "28545.sol": [1, [0, 0, 0, 0, 0, 0, 0, 0, 1, 0]], "33980.sol": [0, [0, 0, 0, 0, 0, 0, 0, 0, 0, 0]], "24938.sol": [0, [0, 0, 0, 0, 0, 0, 0, 0, 0, 0]], "5721.sol": [0, [0, 0, 0, 0, 0, 0, 0, 0, 0, 0]], "23629.sol": [0, [0, 0, 0, 0, 0, 0, 0, 0, 0, 0]], "31742.sol": [0, [0, 0, 0, 0, 0, 0, 0, 0, 0, 0]], "37883.sol": [0, [0, 0, 0, 0, 0, 0, 0, 0, 0, 0]], "28476.sol": [0, [0, 0, 0, 0, 0, 0, 0, 0, 0, 0]], "32815.sol": [1, [0, 0, 0, 0, 0, 0, 1, 1, 0, 1]], "32745.sol": [0, [0, 0, 0, 0, 0, 0, 0, 0, 0, 0]], "1543.sol": [0, [0, 0, 0, 0, 0, 0, 0, 0, 0, 0]], "9824.sol": [0, [0, 0, 0, 0, 0, 0, 0, 0, 0, 0]], "20561.sol": [0, [0, 0, 0, 0, 0, 0, 0, 0, 0, 0]], "25383.sol": [0, [0, 0, 0, 0, 0, 0, 0, 0, 0, 0]], "35712.sol": [0, [0, 0, 0, 0, 0, 0, 0, 0, 0, 0]], "1278.sol": [0, [0, 0, 0, 0, 0, 0, 0, 0, 0, 0]], "27854.sol": [0, [0, 0, 0, 0, 0, 0, 0, 0, 0, 0]], "11816.sol": [0, [0, 0, 0, 0, 0, 0, 0, 0, 0, 0]], "21688.sol": [0, [0, 0, 0, 0, 0, 0, 0, 0, 0, 0]], "9671.sol": [0, [0, 0, 0, 0, 0, 0, 0, 0, 0, 0]], "727.sol": [0, [0, 0, 0, 0, 0, 0, 0, 0, 0, 0]], "689.sol": [0, [0, 0, 0, 0, 0, 0, 0, 0, 0, 0]], "6658.sol": [0, [0, 0, 0, 0, 0, 0, 0, 0, 0, 0]], "39870.sol": [0, [0, 0, 0, 0, 0, 0, 0, 0, 0, 0]], "12014.sol": [0, [0, 0, 0, 0, 0, 0, 0, 0, 0, 0]], "3866.sol": [0, [0, 0, 0, 0, 0, 0, 0, 0, 0, 0]], "17944.sol": [0, [0, 0, 0, 0, 0, 0, 0, 0, 0, 0]], "21702.sol": [0, [0, 0, 0, 0, 0, 0, 0, 0, 0, 0]], "29286.sol": [0, [0, 0, 0, 0, 0, 0, 0, 0, 0, 0]], "1707.sol": [0, [0, 0, 0, 0, 0, 0, 0, 0, 0, 0]], "13529.sol": [0, [0, 0, 0, 0, 0, 0, 0, 0, 0, 0]], "13924.sol": [0, [0, 0, 0, 0, 0, 0, 0, 0, 0, 0]], "2712.sol": [0, [0, 0, 0, 0, 0, 0, 0, 0, 0, 0]], "14317.sol": [0, [0, 0, 0, 0, 0, 0, 0, 0, 0, 0]], "9191.sol": [0, [0, 0, 0, 0, 0, 0, 0, 0, 0, 0]], "25067.sol": [0, [0, 0, 0, 0, 0, 0, 0, 0, 0, 0]], "26255.sol": [0, [0, 0, 0, 0, 0, 0, 0, 0, 0, 0]], "8561.sol": [0, [0, 0, 0, 0, 0, 0, 0, 0, 0, 0]], "20450.sol": [0, [0, 0, 0, 0, 0, 0, 0, 0, 0, 0]], "26012.sol": [0, [0, 0, 0, 0, 0, 0, 0, 0, 0, 0]], "34381.sol": [0, [0, 0, 0, 0, 0, 0, 0, 0, 0, 0]], "31584.sol": [0, [0, 0, 0, 0, 0, 0, 0, 0, 0, 0]], "17029.sol": [0, [0, 0, 0, 0, 0, 0, 0, 0, 0, 0]], "33093.sol": [0, [0, 0, 0, 0, 0, 0, 0, 0, 0, 0]], "21239.sol": [0, [0, 0, 0, 0, 0, 0, 0, 0, 0, 0]], "38557.sol": [0, [0, 0, 0, 0, 0, 0, 0, 0, 0, 0]], "31843.sol": [0, [0, 0, 0, 0, 0, 0, 0, 0, 0, 0]], "31562.sol": [0, [0, 0, 0, 0, 0, 0, 0, 0, 0, 0]], "10839.sol": [0, [0, 0, 0, 0, 0, 0, 0, 0, 0, 0]], "3264.sol": [0, [0, 0, 0, 0, 0, 0, 0, 0, 0, 0]], "21215.sol": [0, [0, 0, 0, 0, 0, 0, 0, 0, 0, 0]], "26340.sol": [0, [0, 0, 0, 0, 0, 0, 0, 0, 0, 0]], "20327.sol": [0, [0, 0, 0, 0, 0, 0, 0, 0, 0, 0]], "4718.sol": [0, [0, 0, 0, 0, 0, 0, 0, 0, 0, 0]], "34177.sol": [0, [0, 0, 0, 0, 0, 0, 0, 0, 0, 0]], "13311.sol": [0, [0, 0, 0, 0, 0, 0, 0, 0, 0, 0]], "37137.sol": [0, [0, 0, 0, 0, 0, 0, 0, 0, 0, 0]], "31699.sol": [0, [0, 0, 0, 0, 0, 0, 0, 0, 0, 0]], "10307.sol": [0, [0, 0, 0, 0, 0, 0, 0, 0, 0, 0]], "31181.sol": [0, [0, 0, 0, 0, 0, 0, 0, 0, 0, 0]], "21252.sol": [0, [0, 0, 0, 0, 0, 0, 0, 0, 0, 0]], "10986.sol": [0, [0, 0, 0, 0, 0, 0, 0, 0, 0, 0]], "15424.sol": [0, [0, 0, 0, 0, 0, 0, 0, 0, 0, 0]], "31246.sol": [0, [0, 0, 0, 0, 0, 0, 0, 0, 0, 0]], "37050.sol": [0, [0, 0, 0, 0, 0, 0, 0, 0, 0, 0]], "815.sol": [0, [0, 0, 0, 0, 0, 0, 0, 0, 0, 0]], "20463.sol": [0, [0, 0, 0, 0, 0, 0, 0, 0, 0, 0]], "2740.sol": [0, [0, 0, 0, 0, 0, 0, 0, 0, 0, 0]], "40345.sol": [0, [0, 0, 0, 0, 0, 0, 0, 0, 0, 0]], "23906.sol": [0, [0, 0, 0, 0, 0, 0, 0, 0, 0, 0]], "18307.sol": [0, [0, 0, 0, 0, 0, 0, 0, 0, 0, 0]], "25272.sol": [0, [0, 0, 0, 0, 0, 0, 0, 0, 0, 0]], "14726.sol": [0, [0, 0, 0, 0, 0, 0, 0, 0, 0, 0]], "12992.sol": [1, [1, 1, 0, 0, 0, 1, 1, 1, 0, 0]], "33255.sol": [0, [0, 0, 0, 0, 0, 0, 0, 0, 0, 0]], "18117.sol": [0, [0, 0, 0, 0, 0, 0, 0, 0, 0, 0]], "14003.sol": [0, [0, 0, 0, 0, 0, 0, 0, 0, 0, 0]], "22770.sol": [0, [0, 0, 0, 0, 0, 0, 0, 0, 0, 0]], "6309.sol": [0, [0, 0, 0, 0, 0, 0, 0, 0, 0, 0]], "38503.sol": [0, [0, 0, 0, 0, 0, 0, 0, 0, 0, 0]], "33146.sol": [0, [0, 0, 0, 0, 0, 0, 0, 0, 0, 0]], "16380.sol": [0, [0, 0, 0, 0, 0, 0, 0, 0, 0, 0]], "33708.sol": [0, [0, 0, 0, 0, 0, 0, 0, 0, 0, 0]], "12657.sol": [0, [0, 0, 0, 0, 0, 0, 0, 0, 0, 0]], "22723.sol": [0, [0, 0, 0, 0, 0, 0, 0, 0, 0, 0]], "33781.sol": [0, [0, 0, 0, 0, 0, 0, 0, 0, 0, 0]], "6436.sol": [0, [0, 0, 0, 0, 0, 0, 0, 0, 0, 0]], "38574.sol": [0, [0, 0, 0, 0, 0, 0, 0, 0, 0, 0]], "6816.sol": [0, [0, 0, 0, 0, 0, 0, 0, 0, 0, 0]], "11729.sol": [0, [0, 0, 0, 0, 0, 0, 0, 0, 0, 0]], "12631.sol": [0, [0, 0, 0, 0, 0, 0, 0, 0, 0, 0]], "9171.sol": [0, [0, 0, 0, 0, 0, 0, 0, 0, 0, 0]], "34201.sol": [0, [0, 0, 0, 0, 0, 0, 0, 0, 0, 0]], "2294.sol": [0, [0, 0, 0, 0, 0, 0, 0, 0, 0, 0]], "1437.sol": [0, [0, 0, 0, 0, 0, 0, 0, 0, 0, 0]], "206.sol": [0, [0, 0, 0, 0, 0, 0, 0, 0, 0, 0]], "18060.sol": [0, [0, 0, 0, 0, 0, 0, 0, 0, 0, 0]], "36627.sol": [0, [0, 0, 0, 0, 0, 0, 0, 0, 0, 0]], "38317.sol": [0, [0, 0, 0, 0, 0, 0, 0, 0, 0, 0]], "20894.sol": [0, [0, 0, 0, 0, 0, 0, 0, 0, 0, 0]], "5180.sol": [0, [0, 0, 0, 0, 0, 0, 0, 0, 0, 0]], "33735.sol": [0, [0, 0, 0, 0, 0, 0, 0, 0, 0, 0]], "8206.sol": [0, [0, 0, 0, 0, 0, 0, 0, 0, 0, 0]], "20380.sol": [0, [0, 0, 0, 0, 0, 0, 0, 0, 0, 0]], "26603.sol": [0, [0, 0, 0, 0, 0, 0, 0, 0, 0, 0]], "21328.sol": [1, [0, 0, 0, 0, 0, 0, 0, 0, 0, 1]], "5030.sol": [0, [0, 0, 0, 0, 0, 0, 0, 0, 0, 0]], "2848.sol": [0, [0, 0, 0, 0, 0, 0, 0, 0, 0, 0]], "6118.sol": [0, [0, 0, 0, 0, 0, 0, 0, 0, 0, 0]], "18894.sol": [0, [0, 0, 0, 0, 0, 0, 0, 0, 0, 0]], "30444.sol": [0, [0, 0, 0, 0, 0, 0, 0, 0, 0, 0]], "36457.sol": [0, [0, 0, 0, 0, 0, 0, 0, 0, 0, 0]], "26466.sol": [0, [0, 0, 0, 0, 0, 0, 0, 0, 0, 0]], "14617.sol": [0, [0, 0, 0, 0, 0, 0, 0, 0, 0, 0]], "15113.sol": [0, [0, 0, 0, 0, 0, 0, 0, 0, 0, 0]], "13519.sol": [0, [0, 0, 0, 0, 0, 0, 0, 0, 0, 0]], "27170.sol": [0, [0, 0, 0, 0, 0, 0, 0, 0, 0, 0]], "13339.sol": [0, [0, 0, 0, 0, 0, 0, 0, 0, 0, 0]], "25302.sol": [0, [0, 0, 0, 0, 0, 0, 0, 0, 0, 0]], "25031.sol": [0, [0, 0, 0, 0, 0, 0, 0, 0, 0, 0]], "16318.sol": [0, [0, 0, 0, 0, 0, 0, 0, 0, 0, 0]], "26444.sol": [0, [0, 0, 0, 0, 0, 0, 0, 0, 0, 0]], "10087.sol": [0, [0, 0, 0, 0, 0, 0, 0, 0, 0, 0]], "14184.sol": [0, [0, 0, 0, 0, 0, 0, 0, 0, 0, 0]], "17119.sol": [0, [0, 0, 0, 0, 0, 0, 0, 0, 0, 0]], "9841.sol": [0, [0, 0, 0, 0, 0, 0, 0, 0, 0, 0]], "655.sol": [0, [0, 0, 0, 0, 0, 0, 0, 0, 0, 0]], "5773.sol": [0, [0, 0, 0, 0, 0, 0, 0, 0, 0, 0]], "9157.sol": [0, [0, 0, 0, 0, 0, 0, 0, 0, 0, 0]], "9823.sol": [0, [0, 0, 0, 0, 0, 0, 0, 0, 0, 0]], "11963.sol": [0, [0, 0, 0, 0, 0, 0, 0, 0, 0, 0]], "34724.sol": [0, [0, 0, 0, 0, 0, 0, 0, 0, 0, 0]], "26501.sol": [0, [0, 0, 0, 0, 0, 0, 0, 0, 0, 0]], "12039.sol": [0, [0, 0, 0, 0, 0, 0, 0, 0, 0, 0]], "38709.sol": [0, [0, 0, 0, 0, 0, 0, 0, 0, 0, 0]], "16220.sol": [0, [0, 0, 0, 0, 0, 0, 0, 0, 0, 0]], "5277.sol": [0, [0, 0, 0, 0, 0, 0, 0, 0, 0, 0]], "39564.sol": [1, [0, 0, 0, 0, 0, 0, 0, 0, 1, 0]], "13234.sol": [0, [0, 0, 0, 0, 0, 0, 0, 0, 0, 0]], "36113.sol": [0, [0, 0, 0, 0, 0, 0, 0, 0, 0, 0]], "35078.sol": [0, [0, 0, 0, 0, 0, 0, 0, 0, 0, 0]], "6360.sol": [0, [0, 0, 0, 0, 0, 0, 0, 0, 0, 0]], "11834.sol": [0, [0, 0, 0, 0, 0, 0, 0, 0, 0, 0]], "10512.sol": [0, [0, 0, 0, 0, 0, 0, 0, 0, 0, 0]], "17259.sol": [0, [0, 0, 0, 0, 0, 0, 0, 0, 0, 0]], "4378.sol": [0, [0, 0, 0, 0, 0, 0, 0, 0, 0, 0]], "25473.sol": [0, [0, 0, 0, 0, 0, 0, 0, 0, 0, 0]], "31327.sol": [0, [0, 0, 0, 0, 0, 0, 0, 0, 0, 0]], "20965.sol": [0, [0, 0, 0, 0, 0, 0, 0, 0, 0, 0]], "25571.sol": [0, [0, 0, 0, 0, 0, 0, 0, 0, 0, 0]], "36074.sol": [0, [0, 0, 0, 0, 0, 0, 0, 0, 0, 0]], "23924.sol": [0, [0, 0, 0, 0, 0, 0, 0, 0, 0, 0]], "16472.sol": [0, [0, 0, 0, 0, 0, 0, 0, 0, 0, 0]], "23903.sol": [0, [0, 0, 0, 0, 0, 0, 0, 0, 0, 0]], "1184.sol": [0, [0, 0, 0, 0, 0, 0, 0, 0, 0, 0]], "3383.sol": [0, [0, 0, 0, 0, 0, 0, 0, 0, 0, 0]], "22205.sol": [1, [1, 1, 1, 1, 1, 1, 1, 1, 0, 1]], "16767.sol": [0, [0, 0, 0, 0, 0, 0, 0, 0, 0, 0]], "35635.sol": [1, [0, 1, 0, 0, 1, 0, 1, 1, 0, 0]], "6119.sol": [0, [0, 0, 0, 0, 0, 0, 0, 0, 0, 0]], "22979.sol": [0, [0, 0, 0, 0, 0, 0, 0, 0, 0, 0]], "20261.sol": [1, [0, 0, 0, 0, 0, 0, 1, 0]], "36763.sol": [0, [0, 0, 0, 0, 0, 0, 0, 0, 0, 0]], "33661.sol": [0, [0, 0, 0, 0, 0, 0, 0, 0, 0, 0]], "28132.sol": [1, [1, 1, 1, 1, 1, 1, 1, 0, 1, 1]], "1020.sol": [1, [0, 0, 0, 0, 1, 0, 0, 0, 0, 1]], "28117.sol": [1, [1, 1, 1, 1, 1, 1, 1, 0, 1, 1]], "39316.sol": [1, [1, 1, 1, 1, 1, 0, 1, 0, 0, 1]], "14153.sol": [1, [0, 0, 0, 0, 0, 1, 0, 0, 0, 0]], "40185.sol": [1, [0, 0, 0, 0, 0, 0, 0, 0, 0, 1]], "9991.sol": [1, [0, 0, 0, 0, 0, 0, 0, 0, 0, 1]], "20646.sol": [1, [0, 0, 0, 1, 0, 0, 0, 0, 0, 1]], "39110.sol": [1, [0, 0, 0, 1, 1, 0, 0, 0, 0, 0]], "2405.sol": [1, [1, 1, 1, 1, 1, 1, 1, 1, 1, 1]], "7391.sol": [1, [1, 1, 1, 1, 1, 1, 1, 1, 1, 1]], "39498.sol": [1, [1, 1, 1, 1, 1, 0, 1, 0, 0, 1]], "9826.sol": [1, [0, 0, 1, 1, 1, 1, 0, 0, 0, 1]], "2306.sol": [0, [0, 0, 0, 0, 0, 0, 0, 0, 0, 0]], "32625.sol": [0, [0, 0, 0, 0, 0, 0, 0, 0, 0, 0]], "33055.sol": [0, [0, 0, 0, 0, 0, 0, 0, 0, 0, 0]], "33885.sol": [0, [0, 0, 0, 0, 0, 0, 0, 0, 0, 0]], "22441.sol": [1, [0, 1, 0, 0, 1, 0, 0, 0, 1, 0]], "40006.sol": [0, [0, 0, 0, 0, 0, 0, 0, 0, 0, 0]], "1127.sol": [1, [0, 0, 0, 0, 0, 0, 0, 1, 0, 1]], "28114.sol": [1, [1, 1, 1, 1, 1, 1, 1, 0, 1, 1]], "24589.sol": [1, [0, 0, 0, 0, 0, 1, 1, 1, 1, 0]], "37091.sol": [1, [1, 1, 1, 1, 1, 0, 1, 0, 0, 1]], "19739.sol": [0, [0, 0, 0, 0, 0, 0, 0, 0, 0, 0]], "31223.sol": [1, [1, 0, 1, 1, 1, 0, 0, 1, 1, 1]], "40010.sol": [1, [0, 0, 1, 1, 0, 0, 0, 0, 0, 0]], "18981.sol": [0, [0, 0, 0, 0, 0, 0, 0, 0, 0, 0]], "4772.sol": [1, [1, 0, 1, 1, 1, 0, 0, 1, 0, 1]], "39975.sol": [1, [0, 0, 1, 1, 0, 0, 0, 0, 0, 0]], "27720.sol": [1, [0, 0, 0, 1, 0, 1, 0, 1, 0, 1]], "34699.sol": [1, [1, 1, 0, 0, 0, 0, 0, 0, 0, 0]], "40007.sol": [1, [1, 1, 1, 0, 1, 0, 0, 1, 0, 0]], "2946.sol": [1, [0, 0, 0, 0, 0, 1, 1, 0, 1, 0]], "15748.sol": [0, [0, 0, 0, 0, 0, 0, 0, 0, 0, 0]], "34773.sol": [1, [0, 1, 1, 0, 0, 0, 0, 0, 0, 0]], "39315.sol": [1, [1, 1, 1, 1, 1, 0, 1, 0, 0, 1]], "17169.sol": [1, [0, 0, 0, 0, 1, 0, 0, 0, 0, 0]], "33464.sol": [1, [1, 0, 0, 0, 0, 1, 0, 0, 0, 0]], "29300.sol": [0, [0, 0, 0, 0, 0, 0, 0, 0, 0, 0]]}