{"25601.sol": [0, [0, 0, 0, 0, 0, 0, 0, 0, 0, 0]], "30186.sol": [0, [0, 0, 0, 0, 0, 0, 0, 0, 0, 0]], "25544.sol": [0, [0, 0, 0, 0, 0, 0, 0, 0, 0, 0]], "28973.sol": [0, [0, 0, 0, 0, 0, 0, 0, 0, 0, 0]], "36243.sol": [0, [0, 0, 0, 0, 0, 0, 0, 0, 0, 0]], "39827.sol": [1, [1, 1, 0, 1, 0, 0, 0, 0, 0, 0]], "13741.sol": [0, [0, 0, 0, 0, 0, 0, 0, 0, 0, 0]], "14867.sol": [0, [0, 0, 0, 0, 0, 0, 0, 0, 0, 0]], "9294.sol": [0, [0, 0, 0, 0, 0, 0, 0, 0, 0, 0]], "1350.sol": [0, [0, 0, 0, 0, 0, 0, 0, 0, 0, 0]], "36113.sol": [0, [0, 0, 0, 0, 0, 0, 0, 0, 0, 0]], "22297.sol": [0, [0, 0, 0, 0, 0, 0, 0, 0, 0, 0]], "33526.sol": [0, [0, 0, 0, 0, 0, 0, 0, 0, 0, 0]], "510.sol": [0, [0, 0, 0, 0, 0, 0, 0, 0, 0, 0]], "20711.sol": [0, [0, 0, 0, 0, 0, 0, 0, 0, 0, 0]], "12154.sol": [0, [0, 0, 0, 0, 0, 0, 0, 0, 0, 0]], "24687.sol": [0, [0, 0, 0, 0, 0, 0, 0, 0, 0, 0]], "26749.sol": [0, [0, 0, 0, 0, 0, 0, 0, 0, 0, 0]], "35571.sol": [0, [0, 0, 0, 0, 0, 0, 0, 0, 0, 0]], "16242.sol": [0, [0, 0, 0, 0, 0, 0, 0, 0, 0, 0]], "6556.sol": [0, [0, 0, 0, 0, 0, 0, 0, 0, 0, 0]], "21826.sol": [0, [0, 0, 0, 0, 0, 0, 0, 0, 0, 0]], "11221.sol": [0, [0, 0, 0, 0, 0, 0, 0, 0, 0, 0]], "15693.sol": [0, [0, 0, 0, 0, 0, 0, 0, 0, 0, 0]], "7142.sol": [0, [0, 0, 0, 0, 0, 0, 0, 0, 0, 0]], "40279.sol": [0, [0, 0, 0, 0, 0, 0, 0, 0, 0, 0]], "15188.sol": [0, [0, 0, 0, 0, 0, 0, 0, 0, 0, 0]], "34534.sol": [0, [0, 0, 0, 0, 0, 0, 0, 0, 0, 0]], "24214.sol": [0, [0, 0, 0, 0, 0, 0, 0, 0, 0, 0]], "26699.sol": [0, [0, 0, 0, 0, 0, 0, 0, 0, 0, 0]], "8448.sol": [0, [0, 0, 0, 0, 0, 0, 0, 0, 0, 0]], "8420.sol": [0, [0, 0, 0, 0, 0, 0, 0, 0, 0, 0]], "40423.sol": [0, [0, 0, 0, 0, 0, 0, 0, 0, 0]], "39483.sol": [0, [0, 0, 0, 0, 0, 0, 0, 0, 0, 0]], "22430.sol": [0, [0, 0, 0, 0, 0, 0, 0, 0, 0, 0]], "13312.sol": [0, [0, 0, 0, 0, 0, 0, 0, 0, 0, 0]], "4371.sol": [0, [0, 0, 0, 0, 0, 0, 0, 0, 0, 0]], "18749.sol": [1, [0, 0, 1, 1, 1, 0, 0, 0, 1, 0]], "23338.sol": [0, [0, 0, 0, 0, 0, 0, 0, 0, 0, 0]], "18872.sol": [0, [0, 0, 0, 0, 0, 0, 0, 0, 0, 0]], "5676.sol": [0, [0, 0, 0, 0, 0, 0, 0, 0, 0, 0]], "19741.sol": [0, [0, 0, 0, 0, 0, 0, 0, 0, 0, 0]], "35377.sol": [0, [0, 0, 0, 0, 0, 0, 0, 0, 0, 0]], "19194.sol": [0, [0, 0, 0, 0, 0, 0, 0, 0, 0, 0]], "28663.sol": [0, [0, 0, 0, 0, 0, 0, 0, 0, 0, 0]], "16553.sol": [0, [0, 0, 0, 0, 0, 0, 0, 0, 0, 0]], "5613.sol": [0, [0, 0, 0, 0, 0, 0, 0, 0, 0, 0]], "25144.sol": [0, [0, 0, 0, 0, 0, 0, 0, 0, 0, 0]], "27563.sol": [0, [0, 0, 0, 0, 0, 0, 0, 0, 0, 0]], "35561.sol": [0, [0, 0, 0, 0, 0, 0, 0, 0, 0, 0]], "16197.sol": [0, [0, 0, 0, 0, 0, 0, 0, 0, 0, 0]], "2111.sol": [0, [0, 0, 0, 0, 0, 0, 0, 0, 0, 0]], "30088.sol": [0, [0, 0, 0, 0, 0, 0, 0, 0, 0, 0]], "15746.sol": [0, [0, 0, 0, 0, 0, 0, 0, 0, 0, 0]], "23293.sol": [0, [0, 0, 0, 0, 0, 0, 0, 0, 0, 0]], "36260.sol": [0, [0, 0, 0, 0, 0, 0, 0, 0, 0, 0]], "5325.sol": [0, [0, 0, 0, 0, 0, 0, 0, 0, 0, 0]], "20741.sol": [0, [0, 0, 0, 0, 0, 0, 0, 0, 0, 0]], "22157.sol": [0, [0, 0, 0, 0, 0, 0, 0, 0, 0, 0]], "9139.sol": [0, [0, 0, 0, 0, 0, 0, 0, 0, 0, 0]], "20791.sol": [0, [0, 0, 0, 0, 0, 0, 0, 0, 0, 0]], "31985.sol": [0, [0, 0, 0, 0, 0, 0, 0, 0, 0, 0]], "33154.sol": [0, [0, 0, 0, 0, 0, 0, 0, 0, 0, 0]], "1707.sol": [0, [0, 0, 0, 0, 0, 0, 0, 0, 0, 0]], "32347.sol": [0, [0, 0, 0, 0, 0, 0, 0, 0, 0, 0]], "12487.sol": [0, [0, 0, 0, 0, 0, 0, 0, 0, 0, 0]], "36585.sol": [0, [0, 0, 0, 0, 0, 0, 0, 0, 0, 0]], "35216.sol": [0, [0, 0, 0, 0, 0, 0, 0, 0, 0, 0]], "27263.sol": [0, [0, 0, 0, 0, 0, 0, 0, 0, 0, 0]], "37408.sol": [0, [0, 0, 0, 0, 0, 0, 0, 0, 0, 0]], "37877.sol": [0, [0, 0, 0, 0, 0, 0, 0, 0, 0, 0]], "10622.sol": [0, [0, 0, 0, 0, 0, 0, 0, 0, 0, 0]], "7840.sol": [0, [0, 0, 0, 0, 0, 0, 0, 0, 0, 0]], "2227.sol": [0, [0, 0, 0, 0, 0, 0, 0, 0, 0, 0]], "40412.sol": [0, [0, 0, 0, 0, 0, 0, 0, 0, 0, 0]], "36660.sol": [0, [0, 0, 0, 0, 0, 0, 0, 0, 0, 0]], "6474.sol": [0, [0, 0, 0, 0, 0, 0, 0, 0, 0, 0]], "924.sol": [0, [0, 0, 0, 0, 0, 0, 0, 0, 0, 0]], "27029.sol": [0, [0, 0, 0, 0, 0, 0, 0, 0, 0, 0]], "22700.sol": [0, [0, 0, 0, 0, 0, 0, 0, 0, 0, 0]], "14801.sol": [0, [0, 0, 0, 0, 0, 0, 0, 0, 0, 0]], "2042.sol": [0, [0, 0, 0, 0, 0, 0, 0, 0, 0, 0]], "18450.sol": [0, [0, 0, 0, 0, 0, 0, 0, 0, 0, 0]], "27242.sol": [0, [0, 0, 0, 0, 0, 0, 0, 0, 0, 0]], "22544.sol": [0, [0, 0, 0, 0, 0, 0, 0, 0, 0, 0]], "3914.sol": [0, [0, 0, 0, 0, 0, 0, 0, 0, 0, 0]], "30267.sol": [0, [0, 0, 0, 0, 0, 0, 0, 0, 0, 0]], "27627.sol": [0, [0, 0, 0, 0, 0, 0, 0, 0, 0, 0]], "37554.sol": [0, [0, 0, 0, 0, 0, 0, 0, 0, 0, 0]], "884.sol": [0, [0, 0, 0, 0, 0, 0, 0, 0, 0, 0]], "12374.sol": [0, [0, 0, 0, 0, 0, 0, 0, 0, 0, 0]], "5910.sol": [0, [0, 0, 0, 0, 0, 0, 0, 0, 0, 0]], "30080.sol": [0, [0, 0, 0, 0, 0, 0, 0, 0, 0, 0]], "11849.sol": [0, [0, 0, 0, 0, 0, 0, 0, 0, 0, 0]], "19661.sol": [0, [0, 0, 0, 0, 0, 0, 0, 0, 0, 0]], "26443.sol": [0, [0, 0, 0, 0, 0, 0, 0, 0, 0, 0]], "5760.sol": [0, [0, 0, 0, 0, 0, 0, 0, 0, 0, 0]], "566.sol": [0, [0, 0, 0, 0, 0, 0, 0, 0, 0, 0]], "36778.sol": [0, [0, 0, 0, 0, 0, 0, 0, 0, 0, 0]], "36586.sol": [0, [0, 0, 0, 0, 0, 0, 0, 0, 0, 0]], "24405.sol": [0, [0, 0, 0, 0, 0, 0, 0, 0, 0, 0]], "39959.sol": [0, [0, 0, 0, 0, 0, 0, 0, 0, 0, 0]], "31589.sol": [0, [0, 0, 0, 0, 0, 0, 0, 0, 0, 0]], "33921.sol": [0, [0, 0, 0, 0, 0, 0, 0, 0, 0, 0]], "18287.sol": [0, [0, 0, 0, 0, 0, 0, 0, 0, 0, 0]], "7309.sol": [0, [0, 0, 0, 0, 0, 0, 0, 0, 0, 0]], "10251.sol": [0, [0, 0, 0, 0, 0, 0, 0, 0, 0, 0]], "15228.sol": [0, [0, 0, 0, 0, 0, 0, 0, 0, 0, 0]], "957.sol": [0, [0, 0, 0, 0, 0, 0, 0, 0, 0, 0]], "31144.sol": [0, [0, 0, 0, 0, 0, 0, 0, 0, 0, 0]], "28340.sol": [0, [0, 0, 0, 0, 0, 0, 0, 0, 0, 0]], "23258.sol": [0, [0, 0, 0, 0, 0, 0, 0, 0, 0, 0]], "21221.sol": [0, [0, 0, 0, 0, 0, 0, 0, 0, 0, 0]], "32831.sol": [0, [0, 0, 0, 0, 0, 0, 0, 0, 0, 0]], "9148.sol": [1, [0, 1, 1, 1, 0, 0, 0, 0, 0, 0]], "17444.sol": [0, [0, 0, 0, 0, 0, 0, 0, 0, 0, 0]], "22537.sol": [0, [0, 0, 0, 0, 0, 0, 0, 0, 0, 0]], "33989.sol": [0, [0, 0, 0, 0, 0, 0, 0, 0, 0, 0]], "29015.sol": [0, [0, 0, 0, 0, 0, 0, 0, 0, 0, 0]], "24431.sol": [0, [0, 0, 0, 0, 0, 0, 0, 0, 0, 0]], "33519.sol": [0, [0, 0, 0, 0, 0, 0, 0, 0, 0, 0]], "25573.sol": [0, [0, 0, 0, 0, 0, 0, 0, 0, 0, 0]], "12215.sol": [0, [0, 0, 0, 0, 0, 0, 0, 0, 0, 0]], "28631.sol": [0, [0, 0, 0, 0, 0, 0, 0, 0, 0, 0]], "36324.sol": [0, [0, 0, 0, 0, 0, 0, 0, 0, 0, 0]], "19895.sol": [0, [0, 0, 0, 0, 0, 0, 0, 0, 0, 0]], "30309.sol": [0, [0, 0, 0, 0, 0, 0, 0, 0, 0, 0]], "4728.sol": [0, [0, 0, 0, 0, 0, 0, 0, 0, 0, 0]], "11085.sol": [0, [0, 0, 0, 0, 0, 0, 0, 0, 0, 0]], "16841.sol": [0, [0, 0, 0, 0, 0, 0, 0, 0, 0, 0]], "19008.sol": [0, [0, 0, 0, 0, 0, 0, 0, 0, 0, 0]], "19048.sol": [0, [0, 0, 0, 0, 0, 0, 0, 0, 0, 0]], "29638.sol": [0, [0, 0, 0, 0, 0, 0, 0, 0, 0, 0]], "31845.sol": [0, [0, 0, 0, 0, 0, 0, 0, 0, 0, 0]], "29563.sol": [0, [0, 0, 0, 0, 0, 0, 0, 0, 0, 0]], "35414.sol": [0, [0, 0, 0, 0, 0, 0, 0, 0, 0, 0]], "33729.sol": [1, [1, 1, 1, 0, 0, 0, 0, 0, 0, 0]], "25308.sol": [0, [0, 0, 0, 0, 0, 0, 0, 0, 0, 0]], "6548.sol": [0, [0, 0, 0, 0, 0, 0, 0, 0, 0, 0]], "4981.sol": [0, [0, 0, 0, 0, 0, 0, 0, 0, 0, 0]], "4176.sol": [0, [0, 0, 0, 0, 0, 0, 0, 0, 0, 0]], "38717.sol": [0, [0, 0, 0, 0, 0, 0, 0, 0, 0, 0]], "14780.sol": [0, [0, 0, 0, 0, 0, 0, 0, 0, 0, 0]], "37646.sol": [0, [0, 0, 0, 0, 0, 0, 0, 0, 0, 0]], "17170.sol": [0, [0, 0, 0, 0, 0, 0, 0, 0, 0, 0]], "11959.sol": [0, [0, 0, 0, 0, 0, 0, 0, 0, 0, 0]], "27456.sol": [0, [0, 0, 0, 0, 0, 0, 0, 0, 0, 0]], "22213.sol": [0, [0, 0, 0, 0, 0, 0, 0, 0, 0, 0]], "5574.sol": [0, [0, 0, 0, 0, 0, 0, 0, 0, 0, 0]], "27990.sol": [0, [0, 0, 0, 0, 0, 0, 0, 0, 0, 0]], "34863.sol": [0, [0, 0, 0, 0, 0, 0, 0, 0, 0, 0]], "20250.sol": [0, [0, 0, 0, 0, 0, 0, 0, 0, 0, 0]], "13780.sol": [0, [0, 0, 0, 0, 0, 0, 0, 0, 0, 0]], "18751.sol": [1, [1, 1, 1, 1, 0, 0, 0, 0, 0, 0]], "25336.sol": [0, [0, 0, 0, 0, 0, 0, 0, 0, 0, 0]], "10189.sol": [0, [0, 0, 0, 0, 0, 0, 0, 0, 0, 0]], "13276.sol": [0, [0, 0, 0, 0, 0, 0, 0, 0, 0, 0]], "23210.sol": [0, [0, 0, 0, 0, 0, 0, 0, 0, 0, 0]], "7733.sol": [0, [0, 0, 0, 0, 0, 0, 0, 0, 0, 0]], "19539.sol": [0, [0, 0, 0, 0, 0, 0, 0, 0, 0, 0]], "29179.sol": [0, [0, 0, 0, 0, 0, 0, 0, 0, 0, 0]], "6469.sol": [0, [0, 0, 0, 0, 0, 0, 0, 0, 0, 0]], "9276.sol": [0, [0, 0, 0, 0, 0, 0, 0, 0, 0, 0]], "783.sol": [0, [0, 0, 0, 0, 0, 0, 0, 0, 0, 0]], "28537.sol": [0, [0, 0, 0, 0, 0, 0, 0, 0, 0, 0]], "8116.sol": [0, [0, 0, 0, 0, 0, 0, 0, 0, 0, 0]], "25900.sol": [0, [0, 0, 0, 0, 0, 0, 0, 0, 0, 0]], "37991.sol": [0, [0, 0, 0, 0, 0, 0, 0, 0, 0, 0]], "6112.sol": [0, [0, 0, 0, 0, 0, 0, 0, 0, 0, 0]], "24588.sol": [1, [0, 0, 0, 1, 1, 0, 0, 0, 0, 0]], "16912.sol": [0, [0, 0, 0, 0, 0, 0, 0, 0, 0, 0]], "35260.sol": [0, [0, 0, 0, 0, 0, 0, 0, 0, 0, 0]], "1255.sol": [0, [0, 0, 0, 0, 0, 0, 0, 0, 0, 0]], "35317.sol": [0, [0, 0, 0, 0, 0, 0, 0, 0, 0, 0]], "16228.sol": [0, [0, 0, 0, 0, 0, 0, 0, 0, 0, 0]], "24344.sol": [0, [0, 0, 0, 0, 0, 0, 0, 0, 0, 0]], "19586.sol": [0, [0, 0, 0, 0, 0, 0, 0, 0, 0, 0]], "8728.sol": [0, [0, 0, 0, 0, 0, 0, 0, 0, 0, 0]], "8598.sol": [0, [0, 0, 0, 0, 0, 0, 0, 0, 0, 0]], "20142.sol": [0, [0, 0, 0, 0, 0, 0, 0, 0, 0, 0]], "13405.sol": [0, [0, 0, 0, 0, 0, 0, 0, 0, 0, 0]], "34519.sol": [0, [0, 0, 0, 0, 0, 0, 0, 0, 0, 0]], "9234.sol": [0, [0, 0, 0, 0, 0, 0, 0, 0, 0, 0]], "26731.sol": [0, [0, 0, 0, 0, 0, 0, 0, 0, 0, 0]], "5956.sol": [1, [0, 0, 1, 0, 0, 0, 0, 0, 0, 0]], "26378.sol": [0, [0, 0, 0, 0, 0, 0, 0, 0, 0, 0]], "28719.sol": [0, [0, 0, 0, 0, 0, 0, 0, 0, 0, 0]], "23153.sol": [0, [0, 0, 0, 0, 0, 0, 0, 0, 0, 0]], "9442.sol": [0, [0, 0, 0, 0, 0, 0, 0, 0, 0, 0]], "20006.sol": [0, [0, 0, 0, 0, 0, 0, 0, 0, 0, 0]], "37489.sol": [1, [0, 0, 0, 0, 0, 0, 1, 0, 0, 0]], "4772.sol": [0, [0, 0, 0, 0, 0, 0, 0, 0, 0, 0]], "29516.sol": [0, [0, 0, 0, 0, 0, 0, 0, 0, 0, 0]], "9026.sol": [0, [0, 0, 0, 0, 0, 0, 0, 0, 0, 0]], "68.sol": [0, [0, 0, 0, 0, 0, 0, 0, 0, 0, 0]], "31092.sol": [0, [0, 0, 0, 0, 0, 0, 0, 0, 0, 0]], "38262.sol": [0, [0, 0, 0, 0, 0, 0, 0, 0, 0, 0]], "15602.sol": [0, [0, 0, 0, 0, 0, 0, 0, 0, 0, 0]], "23690.sol": [0, [0, 0, 0, 0, 0, 0, 0, 0, 0, 0]], "15033.sol": [0, [0, 0, 0, 0, 0, 0, 0, 0, 0, 0]], "25184.sol": [0, [0, 0, 0, 0, 0, 0, 0, 0, 0, 0]], "32844.sol": [0, [0, 0, 0, 0, 0, 0, 0, 0, 0, 0]], "14410.sol": [0, [0, 0, 0, 0, 0, 0, 0, 0, 0, 0]], "1111.sol": [0, [0, 0, 0, 0, 0, 0, 0, 0, 0, 0]], "29178.sol": [1, [1, 1, 1, 0, 0, 0, 0, 0, 0, 0]], "2113.sol": [0, [0, 0, 0, 0, 0, 0, 0, 0, 0, 0]], "31418.sol": [0, [0, 0, 0, 0, 0, 0, 0, 0, 0, 0]], "32020.sol": [0, [0, 0, 0, 0, 0, 0, 0, 0, 0, 0]], "20643.sol": [0, [0, 0, 0, 0, 0, 0, 0, 0, 0, 0]], "27371.sol": [0, [0, 0, 0, 0, 0, 0, 0, 0, 0, 0]], "29649.sol": [0, [0, 0, 0, 0, 0, 0, 0, 0, 0, 0]], "29237.sol": [0, [0, 0, 0, 0, 0, 0, 0, 0, 0, 0]], "24575.sol": [0, [0, 0, 0, 0, 0, 0, 0, 0, 0, 0]], "38609.sol": [0, [0, 0, 0, 0, 0, 0, 0, 0, 0, 0]], "24718.sol": [0, [0, 0, 0, 0, 0, 0, 0, 0, 0, 0]], "6205.sol": [0, [0, 0, 0, 0, 0, 0, 0, 0, 0, 0]], "31427.sol": [0, [0, 0, 0, 0, 0, 0, 0, 0, 0, 0]], "30724.sol": [0, [0, 0, 0, 0, 0, 0, 0, 0, 0, 0]], "7959.sol": [0, [0, 0, 0, 0, 0, 0, 0, 0, 0, 0]], "25360.sol": [0, [0, 0, 0, 0, 0, 0, 0, 0, 0, 0]], "18668.sol": [0, [0, 0, 0, 0, 0, 0, 0, 0, 0, 0]], "34111.sol": [0, [0, 0, 0, 0, 0, 0, 0, 0, 0, 0]], "33024.sol": [0, [0, 0, 0, 0, 0, 0, 0, 0, 0, 0]], "3528.sol": [0, [0, 0, 0, 0, 0, 0, 0, 0, 0, 0]], "19732.sol": [0, [0, 0, 0, 0, 0, 0, 0, 0, 0, 0]], "25277.sol": [0, [0, 0, 0, 0, 0, 0, 0, 0, 0, 0]], "18491.sol": [0, [0, 0, 0, 0, 0, 0, 0, 0, 0, 0]], "3053.sol": [0, [0, 0, 0, 0, 0, 0, 0, 0, 0, 0]], "13543.sol": [0, [0, 0, 0, 0, 0, 0, 0, 0, 0, 0]], "13066.sol": [0, [0, 0, 0, 0, 0, 0, 0, 0, 0, 0]], "33574.sol": [0, [0, 0, 0, 0, 0, 0, 0, 0, 0, 0]], "25872.sol": [0, [0, 0, 0, 0, 0, 0, 0, 0, 0, 0]], "37731.sol": [0, [0, 0, 0, 0, 0, 0, 0, 0, 0, 0]], "31745.sol": [0, [0, 0, 0, 0, 0, 0, 0, 0, 0, 0]], "16276.sol": [0, [0, 0, 0, 0, 0, 0, 0, 0, 0, 0]], "5529.sol": [0, [0, 0, 0, 0, 0, 0, 0, 0, 0, 0]], "20322.sol": [0, [0, 0, 0, 0, 0, 0, 0, 0, 0, 0]], "21022.sol": [0, [0, 0, 0, 0, 0, 0, 0, 0, 0, 0]], "30213.sol": [0, [0, 0, 0, 0, 0, 0, 0, 0, 0, 0]], "30484.sol": [0, [0, 0, 0, 0, 0, 0, 0, 0, 0, 0]], "30359.sol": [0, [0, 0, 0, 0, 0, 0, 0, 0, 0, 0]], "44.sol": [0, [0, 0, 0, 0, 0, 0, 0, 0, 0, 0]], "13642.sol": [0, [0, 0, 0, 0, 0, 0, 0, 0, 0, 0]], "7398.sol": [0, [0, 0, 0, 0, 0, 0, 0, 0, 0, 0]], "1485.sol": [0, [0, 0, 0, 0, 0, 0, 0, 0, 0, 0]], "23438.sol": [0, [0, 0, 0, 0, 0, 0, 0, 0, 0, 0]], "33450.sol": [0, [0, 0, 0, 0, 0, 0, 0, 0, 0, 0]], "9449.sol": [0, [0, 0, 0, 0, 0, 0, 0, 0, 0, 0]], "35798.sol": [0, [0, 0, 0, 0, 0, 0, 0, 0, 0, 0]], "12398.sol": [0, [0, 0, 0, 0, 0, 0, 0, 0, 0, 0]], "31010.sol": [0, [0, 0, 0, 0, 0, 0, 0, 0, 0, 0]], "17991.sol": [0, [0, 0, 0, 0, 0, 0, 0, 0, 0, 0]], "34063.sol": [0, [0, 0, 0, 0, 0, 0, 0, 0, 0, 0]], "13804.sol": [0, [0, 0, 0, 0, 0, 0, 0, 0, 0, 0]], "15487.sol": [1, [0, 1, 1, 1, 0, 0, 0, 0, 0, 0]], "24637.sol": [0, [0, 0, 0, 0, 0, 0, 0, 0, 0, 0]], "30571.sol": [0, [0, 0, 0, 0, 0, 0, 0, 0, 0, 0]], "29359.sol": [0, [0, 0, 0, 0, 0, 0, 0, 0, 0, 0]], "28081.sol": [0, [0, 0, 0, 0, 0, 0, 0, 0, 0, 0]], "6625.sol": [1, [1, 1, 1, 1, 1, 1, 1, 1, 1, 1]], "8089.sol": [0, [0, 0, 0, 0, 0, 0, 0, 0, 0, 0]], "3234.sol": [0, [0, 0, 0, 0, 0, 0, 0, 0, 0, 0]], "12408.sol": [0, [0, 0, 0, 0, 0, 0, 0, 0, 0, 0]], "38493.sol": [1, [1, 1, 1, 0, 0, 0, 0, 0, 0, 0]], "31199.sol": [0, [0, 0, 0, 0, 0, 0, 0, 0, 0, 0]], "31597.sol": [0, [0, 0, 0, 0, 0, 0, 0, 0, 0, 0]], "25511.sol": [0, [0, 0, 0, 0, 0, 0, 0, 0, 0, 0]], "33088.sol": [0, [0, 0, 0, 0, 0, 0, 0, 0, 0, 0]], "24981.sol": [0, [0, 0, 0, 0, 0, 0, 0, 0, 0, 0]], "15661.sol": [0, [0, 0, 0, 0, 0, 0, 0, 0, 0, 0]], "13660.sol": [0, [0, 0, 0, 0, 0, 0, 0, 0, 0, 0]], "22135.sol": [0, [0, 0, 0, 0, 0, 0, 0, 0, 0, 0]], "22980.sol": [0, [0, 0, 0, 0, 0, 0, 0, 0, 0, 0]], "31411.sol": [0, [0, 0, 0, 0, 0, 0, 0, 0, 0, 0]], "11514.sol": [1, [1, 0, 1, 1, 0, 0, 0, 0, 1, 0]], "17839.sol": [0, [0, 0, 0, 0, 0, 0, 0, 0, 0, 0]], "22097.sol": [0, [0, 0, 0, 0, 0, 0, 0, 0, 0, 0]], "25137.sol": [0, [0, 0, 0, 0, 0, 0, 0, 0, 0, 0]], "37871.sol": [0, [0, 0, 0, 0, 0, 0, 0, 0, 0, 0]], "23357.sol": [0, [0, 0, 0, 0, 0, 0, 0, 0, 0, 0]], "23382.sol": [0, [0, 0, 0, 0, 0, 0, 0, 0, 0, 0]], "2022.sol": [0, [0, 0, 0, 0, 0, 0, 0, 0, 0, 0]], "6480.sol": [0, [0, 0, 0, 0, 0, 0, 0, 0, 0, 0]], "9780.sol": [0, [0, 0, 0, 0, 0, 0, 0, 0, 0, 0]], "5558.sol": [0, [0, 0, 0, 0, 0, 0, 0, 0, 0, 0]], "28282.sol": [0, [0, 0, 0, 0, 0, 0, 0, 0, 0, 0]], "11113.sol": [0, [0, 0, 0, 0, 0, 0, 0, 0, 0, 0]], "14396.sol": [0, [0, 0, 0, 0, 0, 0, 0, 0, 0, 0]], "12951.sol": [0, [0, 0, 0, 0, 0, 0, 0, 0, 0, 0]], "7393.sol": [0, [0, 0, 0, 0, 0, 0, 0, 0, 0, 0]], "26954.sol": [0, [0, 0, 0, 0, 0, 0, 0, 0, 0, 0]], "11553.sol": [0, [0, 0, 0, 0, 0, 0, 0, 0, 0, 0]], "22299.sol": [0, [0, 0, 0, 0, 0, 0, 0, 0, 0, 0]], "34268.sol": [0, [0, 0, 0, 0, 0, 0, 0, 0, 0, 0]], "3833.sol": [0, [0, 0, 0, 0, 0, 0, 0, 0, 0, 0]], "11841.sol": [0, [0, 0, 0, 0, 0, 0, 0, 0, 0, 0]], "21110.sol": [0, [0, 0, 0, 0, 0, 0, 0, 0, 0, 0]], "27705.sol": [0, [0, 0, 0, 0, 0, 0, 0, 0, 0, 0]], "7255.sol": [0, [0, 0, 0, 0, 0, 0, 0, 0, 0, 0]], "25633.sol": [0, [0, 0, 0, 0, 0, 0, 0, 0, 0, 0]], "35032.sol": [0, [0, 0, 0, 0, 0, 0, 0, 0, 0, 0]], "37467.sol": [0, [0, 0, 0, 0, 0, 0, 0, 0, 0, 0]], "17238.sol": [0, [0, 0, 0, 0, 0, 0, 0, 0, 0, 0]], "31510.sol": [0, [0, 0, 0, 0, 0, 0, 0, 0, 0, 0]], "36552.sol": [0, [0, 0, 0, 0, 0, 0, 0, 0, 0, 0]], "35785.sol": [0, [0, 0, 0, 0, 0, 0, 0, 0, 0, 0]], "16000.sol": [0, [0, 0, 0, 0, 0, 0, 0, 0, 0, 0]], "26599.sol": [0, [0, 0, 0, 0, 0, 0, 0, 0, 0, 0]], "21413.sol": [0, [0, 0, 0, 0, 0, 0, 0, 0, 0, 0]], "23190.sol": [0, [0, 0, 0, 0, 0, 0, 0, 0, 0, 0]], "15305.sol": [0, [0, 0, 0, 0, 0, 0, 0, 0, 0, 0]], "14814.sol": [0, [0, 0, 0, 0, 0, 0, 0, 0, 0, 0]], "1457.sol": [0, [0, 0, 0, 0, 0, 0, 0, 0, 0, 0]], "28837.sol": [0, [0, 0, 0, 0, 0, 0, 0, 0, 0, 0]], "22724.sol": [0, [0, 0, 0, 0, 0, 0, 0, 0, 0, 0]], "5343.sol": [0, [0, 0, 0, 0, 0, 0, 0, 0, 0, 0]], "15812.sol": [0, [0, 0, 0, 0, 0, 0, 0, 0, 0, 0]], "33698.sol": [0, [0, 0, 0, 0, 0, 0, 0, 0, 0, 0]], "14887.sol": [0, [0, 0, 0, 0, 0, 0, 0, 0, 0, 0]], "19379.sol": [0, [0, 0, 0, 0, 0, 0, 0, 0, 0, 0]], "4059.sol": [0, [0, 0, 0, 0, 0, 0, 0, 0, 0, 0]], "10917.sol": [0, [0, 0, 0, 0, 0, 0, 0, 0, 0, 0]], "1796.sol": [0, [0, 0, 0, 0, 0, 0, 0, 0, 0, 0]], "30074.sol": [0, [0, 0, 0, 0, 0, 0, 0, 0, 0, 0]], "36036.sol": [0, [0, 0, 0, 0, 0, 0, 0, 0, 0, 0]], "6131.sol": [0, [0, 0, 0, 0, 0, 0, 0, 0, 0, 0]], "28184.sol": [0, [0, 0, 0, 0, 0, 0, 0, 0, 0, 0]], "14309.sol": [0, [0, 0, 0, 0, 0, 0, 0, 0, 0, 0]], "160.sol": [0, [0, 0, 0, 0, 0, 0, 0, 0, 0, 0]], "15138.sol": [0, [0, 0, 0, 0, 0, 0, 0, 0, 0, 0]], "618.sol": [0, [0, 0, 0, 0, 0, 0, 0, 0, 0, 0]], "25848.sol": [0, [0, 0, 0, 0, 0, 0, 0, 0, 0, 0]], "2156.sol": [0, [0, 0, 0, 0, 0, 0, 0, 0, 0, 0]], "18423.sol": [0, [0, 0, 0, 0, 0, 0, 0, 0, 0, 0]], "17671.sol": [0, [0, 0, 0, 0, 0, 0, 0, 0, 0, 0]], "31423.sol": [0, [0, 0, 0, 0, 0, 0, 0, 0, 0, 0]], "23836.sol": [0, [0, 0, 0, 0, 0, 0, 0, 0, 0, 0]], "7752.sol": [0, [0, 0, 0, 0, 0, 0, 0, 0, 0, 0]], "26013.sol": [0, [0, 0, 0, 0, 0, 0, 0, 0, 0, 0]], "36826.sol": [0, [0, 0, 0, 0, 0, 0, 0, 0, 0, 0]], "26302.sol": [0, [0, 0, 0, 0, 0, 0, 0, 0, 0, 0]], "16809.sol": [0, [0, 0, 0, 0, 0, 0, 0, 0, 0, 0]], "8621.sol": [0, [0, 0, 0, 0, 0, 0, 0, 0, 0, 0]], "11281.sol": [0, [0, 0, 0, 0, 0, 0, 0, 0, 0, 0]], "16922.sol": [0, [0, 0, 0, 0, 0, 0, 0, 0, 0, 0]], "3516.sol": [0, [0, 0, 0, 0, 0, 0, 0, 0, 0, 0]], "18129.sol": [0, [0, 0, 0, 0, 0, 0, 0, 0, 0, 0]], "11838.sol": [0, [0, 0, 0, 0, 0, 0, 0, 0, 0, 0]], "811.sol": [0, [0, 0, 0, 0, 0, 0, 0, 0, 0, 0]], "16503.sol": [0, [0, 0, 0, 0, 0, 0, 0, 0, 0, 0]], "1224.sol": [0, [0, 0, 0, 0, 0, 0, 0, 0, 0, 0]], "28267.sol": [0, [0, 0, 0, 0, 0, 0, 0, 0, 0, 0]], "5768.sol": [0, [0, 0, 0, 0, 0, 0, 0, 0, 0, 0]], "1025.sol": [0, [0, 0, 0, 0, 0, 0, 0, 0, 0, 0]], "32569.sol": [0, [0, 0, 0, 0, 0, 0, 0, 0, 0, 0]], "33894.sol": [0, [0, 0, 0, 0, 0, 0, 0, 0, 0, 0]], "2014.sol": [0, [0, 0, 0, 0, 0, 0, 0, 0, 0, 0]], "32909.sol": [0, [0, 0, 0, 0, 0, 0, 0, 0, 0, 0]], "22948.sol": [0, [0, 0, 0, 0, 0, 0, 0, 0, 0, 0]], "39714.sol": [0, [0, 0, 0, 0, 0, 0, 0, 0, 0, 0]], "10248.sol": [1, [0, 0, 1, 1, 0, 0, 0, 0, 0, 0]], "37254.sol": [0, [0, 0, 0, 0, 0, 0, 0, 0, 0, 0]], "35015.sol": [0, [0, 0, 0, 0, 0, 0, 0, 0, 0, 0]], "19367.sol": [0, [0, 0, 0, 0, 0, 0, 0, 0, 0, 0]], "28575.sol": [0, [0, 0, 0, 0, 0, 0, 0, 0, 0, 0]], "8104.sol": [0, [0, 0, 0, 0, 0, 0, 0, 0, 0, 0]], "16579.sol": [0, [0, 0, 0, 0, 0, 0, 0, 0, 0, 0]], "18856.sol": [0, [0, 0, 0, 0, 0, 0, 0, 0, 0, 0]], "32848.sol": [0, [0, 0, 0, 0, 0, 0, 0, 0, 0, 0]], "17023.sol": [0, [0, 0, 0, 0, 0, 0, 0, 0, 0, 0]], "4265.sol": [0, [0, 0, 0, 0, 0, 0, 0, 0, 0, 0]], "29078.sol": [0, [0, 0, 0, 0, 0, 0, 0, 0, 0, 0]], "28701.sol": [0, [0, 0, 0, 0, 0, 0, 0, 0, 0, 0]], "6243.sol": [0, [0, 0, 0, 0, 0, 0, 0, 0, 0, 0]], "30086.sol": [0, [0, 0, 0, 0, 0, 0, 0, 0, 0, 0]], "9742.sol": [0, [0, 0, 0, 0, 0, 0, 0, 0, 0, 0]], "29025.sol": [0, [0, 0, 0, 0, 0, 0, 0, 0, 0, 0]], "12695.sol": [0, [0, 0, 0, 0, 0, 0, 0, 0, 0, 0]], "9869.sol": [0, [0, 0, 0, 0, 0, 0, 0, 0, 0, 0]], "4010.sol": [0, [0, 0, 0, 0, 0, 0, 0, 0, 0, 0]], "37638.sol": [0, [0, 0, 0, 0, 0, 0, 0, 0, 0, 0]], "14986.sol": [0, [0, 0, 0, 0, 0, 0, 0, 0, 0, 0]], "38704.sol": [0, [0, 0, 0, 0, 0, 0, 0, 0, 0, 0]], "25357.sol": [1, [0, 0, 0, 1, 1, 1, 1, 0, 0, 0]], "26339.sol": [0, [0, 0, 0, 0, 0, 0, 0, 0, 0, 0]], "22611.sol": [0, [0, 0, 0, 0, 0, 0, 0, 0, 0, 0]], "21360.sol": [0, [0, 0, 0, 0, 0, 0, 0, 0, 0, 0]], "4116.sol": [0, [0, 0, 0, 0, 0, 0, 0, 0, 0, 0]], "18378.sol": [0, [0, 0, 0, 0, 0, 0, 0, 0, 0, 0]], "33078.sol": [0, [0, 0, 0, 0, 0, 0, 0, 0, 0, 0]], "32855.sol": [0, [0, 0, 0, 0, 0, 0, 0, 0, 0, 0]], "16477.sol": [0, [0, 0, 0, 0, 0, 0, 0, 0, 0, 0]], "13480.sol": [0, [0, 0, 0, 0, 0, 0, 0, 0, 0, 0]], "30351.sol": [0, [0, 0, 0, 0, 0, 0, 0, 0, 0, 0]], "16954.sol": [0, [0, 0, 0, 0, 0, 0, 0, 0, 0, 0]], "2143.sol": [0, [0, 0, 0, 0, 0, 0, 0, 0, 0, 0]], "4592.sol": [0, [0, 0, 0, 0, 0, 0, 0, 0, 0, 0]], "14562.sol": [0, [0, 0, 0, 0, 0, 0, 0, 0, 0, 0]], "856.sol": [0, [0, 0, 0, 0, 0, 0, 0, 0, 0, 0]], "35356.sol": [0, [0, 0, 0, 0, 0, 0, 0, 0, 0, 0]], "9664.sol": [0, [0, 0, 0, 0, 0, 0, 0, 0, 0, 0]], "540.sol": [0, [0, 0, 0, 0, 0, 0, 0, 0, 0, 0]], "10685.sol": [0, [0, 0, 0, 0, 0, 0, 0, 0, 0, 0]], "16795.sol": [0, [0, 0, 0, 0, 0, 0, 0, 0, 0, 0]], "14579.sol": [0, [0, 0, 0, 0, 0, 0, 0, 0, 0, 0]], "20546.sol": [0, [0, 0, 0, 0, 0, 0, 0, 0, 0, 0]], "36336.sol": [0, [0, 0, 0, 0, 0, 0, 0, 0, 0, 0]], "4733.sol": [0, [0, 0, 0, 0, 0, 0, 0, 0, 0, 0]], "9790.sol": [0, [0, 0, 0, 0, 0, 0, 0, 0, 0, 0]], "31751.sol": [0, [0, 0, 0, 0, 0, 0, 0, 0, 0, 0]], "2457.sol": [0, [0, 0, 0, 0, 0, 0, 0, 0, 0, 0]], "28433.sol": [0, [0, 0, 0, 0, 0, 0, 0, 0, 0, 0]], "23637.sol": [0, [0, 0, 0, 0, 0, 0, 0, 0, 0, 0]], "2221.sol": [0, [0, 0, 0, 0, 0, 0, 0, 0, 0, 0]], "30147.sol": [0, [0, 0, 0, 0, 0, 0, 0, 0, 0, 0]], "12482.sol": [0, [0, 0, 0, 0, 0, 0, 0, 0, 0, 0]], "30139.sol": [0, [0, 0, 0, 0, 0, 0, 0, 0, 0, 0]], "32789.sol": [0, [0, 0, 0, 0, 0, 0, 0, 0, 0, 0]], "15721.sol": [0, [0, 0, 0, 0, 0, 0, 0, 0, 0, 0]], "32514.sol": [1, [0, 0, 0, 0, 0, 1, 0, 0, 0, 0]], "2085.sol": [0, [0, 0, 0, 0, 0, 0, 0, 0, 0, 0]], "22468.sol": [0, [0, 0, 0, 0, 0, 0, 0, 0, 0, 0]], "3974.sol": [0, [0, 0, 0, 0, 0, 0, 0, 0, 0, 0]], "12158.sol": [0, [0, 0, 0, 0, 0, 0, 0, 0, 0, 0]], "2064.sol": [0, [0, 0, 0, 0, 0, 0, 0, 0, 0, 0]], "37452.sol": [0, [0, 0, 0, 0, 0, 0, 0, 0, 0, 0]], "31553.sol": [0, [0, 0, 0, 0, 0, 0, 0, 0, 0, 0]], "29850.sol": [0, [0, 0, 0, 0, 0, 0, 0, 0, 0, 0]], "27483.sol": [0, [0, 0, 0, 0, 0, 0, 0, 0, 0, 0]], "31938.sol": [0, [0, 0, 0, 0, 0, 0, 0, 0, 0, 0]], "9630.sol": [0, [0, 0, 0, 0, 0, 0, 0, 0, 0, 0]], "36581.sol": [0, [0, 0, 0, 0, 0, 0, 0, 0, 0, 0]], "33336.sol": [0, [0, 0, 0, 0, 0, 0, 0, 0, 0, 0]], "15272.sol": [0, [0, 0, 0, 0, 0, 0, 0, 0, 0, 0]], "17498.sol": [0, [0, 0, 0, 0, 0, 0, 0, 0, 0, 0]], "31882.sol": [0, [0, 0, 0, 0, 0, 0, 0, 0, 0, 0]], "22894.sol": [0, [0, 0, 0, 0, 0, 0, 0, 0, 0, 0]], "37684.sol": [0, [0, 0, 0, 0, 0, 0, 0, 0, 0, 0]], "25060.sol": [0, [0, 0, 0, 0, 0, 0, 0, 0, 0, 0]], "9331.sol": [0, [0, 0, 0, 0, 0, 0, 0, 0, 0, 0]], "37295.sol": [0, [0, 0, 0, 0, 0, 0, 0, 0, 0, 0]], "30376.sol": [0, [0, 0, 0, 0, 0, 0, 0, 0, 0, 0]], "36013.sol": [0, [0, 0, 0, 0, 0, 0, 0, 0, 0, 0]], "28462.sol": [0, [0, 0, 0, 0, 0, 0, 0, 0, 0, 0]], "3440.sol": [0, [0, 0, 0, 0, 0, 0, 0, 0, 0, 0]], "37532.sol": [0, [0, 0, 0, 0, 0, 0, 0, 0, 0, 0]], "40485.sol": [0, [0, 0, 0, 0, 0, 0, 0, 0, 0, 0]], "15484.sol": [0, [0, 0, 0, 0, 0, 0, 0, 0, 0, 0]], "20283.sol": [0, [0, 0, 0, 0, 0, 0, 0, 0, 0, 0]], "17152.sol": [0, [0, 0, 0, 0, 0, 0, 0, 0, 0, 0]], "22964.sol": [0, [0, 0, 0, 0, 0, 0, 0, 0, 0, 0]], "18941.sol": [0, [0, 0, 0, 0, 0, 0, 0, 0, 0, 0]], "4.sol": [0, [0, 0, 0, 0, 0, 0, 0, 0, 0, 0]], "24725.sol": [0, [0, 0, 0, 0, 0, 0, 0, 0, 0, 0]], "1317.sol": [0, [0, 0, 0, 0, 0, 0, 0, 0, 0, 0]], "31494.sol": [0, [0, 0, 0, 0, 0, 0, 0, 0, 0, 0]], "15703.sol": [0, [0, 0, 0, 0, 0, 0, 0, 0, 0, 0]], "11313.sol": [0, [0, 0, 0, 0, 0, 0, 0, 0, 0, 0]], "16272.sol": [0, [0, 0, 0, 0, 0, 0, 0, 0, 0, 0]], "35144.sol": [0, [0, 0, 0, 0, 0, 0, 0, 0, 0, 0]], "40208.sol": [0, [0, 0, 0, 0, 0, 0, 0, 0, 0, 0]], "21189.sol": [0, [0, 0, 0, 0, 0, 0, 0, 0, 0, 0]], "3941.sol": [0, [0, 0, 0, 0, 0, 0, 0, 0, 0, 0]], "9822.sol": [0, [0, 0, 0, 0, 0, 0, 0, 0, 0, 0]], "34949.sol": [0, [0, 0, 0, 0, 0, 0, 0, 0, 0, 0]], "3981.sol": [0, [0, 0, 0, 0, 0, 0, 0, 0, 0, 0]], "25096.sol": [0, [0, 0, 0, 0, 0, 0, 0, 0, 0, 0]], "33871.sol": [0, [0, 0, 0, 0, 0, 0, 0, 0, 0, 0]], "23791.sol": [0, [0, 0, 0, 0, 0, 0, 0, 0, 0, 0]], "39995.sol": [0, [0, 0, 0, 0, 0, 0, 0, 0, 0, 0]], "38160.sol": [0, [0, 0, 0, 0, 0, 0, 0, 0, 0, 0]], "21121.sol": [0, [0, 0, 0, 0, 0, 0, 0, 0, 0, 0]], "14873.sol": [0, [0, 0, 0, 0, 0, 0, 0, 0, 0, 0]], "8136.sol": [0, [0, 0, 0, 0, 0, 0, 0, 0, 0, 0]], "16863.sol": [0, [0, 0, 0, 0, 0, 0, 0, 0, 0, 0]], "14370.sol": [0, [0, 0, 0, 0, 0, 0, 0, 0, 0, 0]], "19977.sol": [0, [0, 0, 0, 0, 0, 0, 0, 0, 0, 0]], "9521.sol": [0, [0, 0, 0, 0, 0, 0, 0, 0, 0, 0]], "24413.sol": [0, [0, 0, 0, 0, 0, 0, 0, 0, 0, 0]], "25191.sol": [0, [0, 0, 0, 0, 0, 0, 0, 0, 0, 0]], "33104.sol": [0, [0, 0, 0, 0, 0, 0, 0, 0, 0, 0]], "2285.sol": [0, [0, 0, 0, 0, 0, 0, 0, 0, 0, 0]], "11242.sol": [0, [0, 0, 0, 0, 0, 0, 0, 0, 0, 0]], "22187.sol": [0, [0, 0, 0, 0, 0, 0, 0, 0, 0, 0]], "10673.sol": [0, [0, 0, 0, 0, 0, 0, 0, 0, 0, 0]], "19154.sol": [0, [0, 0, 0, 0, 0, 0, 0, 0, 0, 0]], "15203.sol": [0, [0, 0, 0, 0, 0, 0, 0, 0, 0, 0]], "634.sol": [0, [0, 0, 0, 0, 0, 0, 0, 0, 0, 0]], "20233.sol": [0, [0, 0, 0, 0, 0, 0, 0, 0, 0, 0]], "15574.sol": [0, [0, 0, 0, 0, 0, 0, 0, 0, 0, 0]], "16606.sol": [0, [0, 0, 0, 0, 0, 0, 0, 0, 0, 0]], "15552.sol": [0, [0, 0, 0, 0, 0, 0, 0, 0, 0, 0]], "38458.sol": [0, [0, 0, 0, 0, 0, 0, 0, 0, 0, 0]], "16692.sol": [0, [0, 0, 0, 0, 0, 0, 0, 0, 0, 0]], "7805.sol": [0, [0, 0, 0, 0, 0, 0, 0, 0, 0, 0]], "27894.sol": [0, [0, 0, 0, 0, 0, 0, 0, 0, 0, 0]], "11993.sol": [0, [0, 0, 0, 0, 0, 0, 0, 0, 0, 0]], "30510.sol": [0, [0, 0, 0, 0, 0, 0, 0, 0, 0, 0]], "35307.sol": [0, [0, 0, 0, 0, 0, 0, 0, 0, 0, 0]], "23862.sol": [0, [0, 0, 0, 0, 0, 0, 0, 0, 0, 0]], "31152.sol": [0, [0, 0, 0, 0, 0, 0, 0, 0, 0, 0]], "12046.sol": [0, [0, 0, 0, 0, 0, 0, 0, 0, 0, 0]], "20907.sol": [0, [0, 0, 0, 0, 0, 0, 0, 0, 0, 0]], "19830.sol": [0, [0, 0, 0, 0, 0, 0, 0, 0, 0, 0]], "38296.sol": [0, [0, 0, 0, 0, 0, 0, 0, 0, 0, 0]], "30269.sol": [0, [0, 0, 0, 0, 0, 0, 0, 0, 0, 0]], "38205.sol": [0, [0, 0, 0, 0, 0, 0, 0, 0, 0, 0]], "27171.sol": [0, [0, 0, 0, 0, 0, 0, 0, 0, 0, 0]], "21709.sol": [0, [0, 0, 0, 0, 0, 0, 0, 0, 0, 0]], "15695.sol": [0, [0, 0, 0, 0, 0, 0, 0, 0, 0, 0]], "5507.sol": [0, [0, 0, 0, 0, 0, 0, 0, 0, 0, 0]], "13711.sol": [0, [0, 0, 0, 0, 0, 0, 0, 0, 0, 0]], "18611.sol": [0, [0, 0, 0, 0, 0, 0, 0, 0, 0, 0]], "12085.sol": [1, [0, 0, 0, 0, 1, 1, 1, 1, 0, 0]], "11108.sol": [0, [0, 0, 0, 0, 0, 0, 0, 0, 0, 0]], "7289.sol": [0, [0, 0, 0, 0, 0, 0, 0, 0, 0, 0]], "25211.sol": [0, [0, 0, 0, 0, 0, 0, 0, 0, 0, 0]], "37755.sol": [0, [0, 0, 0, 0, 0, 0, 0, 0, 0, 0]], "26698.sol": [0, [0, 0, 0, 0, 0, 0, 0, 0, 0, 0]], "15297.sol": [0, [0, 0, 0, 0, 0, 0, 0, 0, 0, 0]], "40240.sol": [0, [0, 0, 0, 0, 0, 0, 0, 0, 0, 0]], "39052.sol": [1, [0, 0, 1, 0, 0, 1, 0, 0, 1, 0]], "24420.sol": [0, [0, 0, 0, 0, 0, 0, 0, 0, 0, 0]], "14389.sol": [0, [0, 0, 0, 0, 0, 0, 0, 0, 0, 0]], "31207.sol": [0, [0, 0, 0, 0, 0, 0, 0, 0, 0, 0]], "2948.sol": [0, [0, 0, 0, 0, 0, 0, 0, 0, 0, 0]], "7025.sol": [0, [0, 0, 0, 0, 0, 0, 0, 0, 0, 0]], "38503.sol": [0, [0, 0, 0, 0, 0, 0, 0, 0, 0, 0]], "27817.sol": [0, [0, 0, 0, 0, 0, 0, 0, 0, 0, 0]], "34419.sol": [0, [0, 0, 0, 0, 0, 0, 0, 0, 0, 0]], "8560.sol": [0, [0, 0, 0, 0, 0, 0, 0, 0, 0, 0]], "37399.sol": [0, [0, 0, 0, 0, 0, 0, 0, 0, 0, 0]], "30962.sol": [0, [0, 0, 0, 0, 0, 0, 0, 0, 0, 0]], "20915.sol": [0, [0, 0, 0, 0, 0, 0, 0, 0, 0, 0]], "30164.sol": [0, [0, 0, 0, 0, 0, 0, 0, 0, 0, 0]], "24527.sol": [0, [0, 0, 0, 0, 0, 0, 0, 0, 0, 0]], "16301.sol": [0, [0, 0, 0, 0, 0, 0, 0, 0, 0, 0]], "19460.sol": [0, [0, 0, 0, 0, 0, 0, 0, 0, 0, 0]], "10186.sol": [0, [0, 0, 0, 0, 0, 0, 0, 0, 0, 0]], "1585.sol": [0, [0, 0, 0, 0, 0, 0, 0, 0, 0, 0]], "28763.sol": [0, [0, 0, 0, 0, 0, 0, 0, 0, 0, 0]], "11901.sol": [0, [0, 0, 0, 0, 0, 0, 0, 0, 0, 0]], "22898.sol": [0, [0, 0, 0, 0, 0, 0, 0, 0, 0, 0]], "4368.sol": [0, [0, 0, 0, 0, 0, 0, 0, 0, 0, 0]], "24373.sol": [0, [0, 0, 0, 0, 0, 0, 0, 0, 0, 0]], "27699.sol": [0, [0, 0, 0, 0, 0, 0, 0, 0, 0, 0]], "10615.sol": [0, [0, 0, 0, 0, 0, 0, 0, 0, 0, 0]], "30414.sol": [0, [0, 0, 0, 0, 0, 0, 0, 0, 0, 0]], "28612.sol": [0, [0, 0, 0, 0, 0, 0, 0, 0, 0, 0]], "25386.sol": [0, [0, 0, 0, 0, 0, 0, 0, 0, 0, 0]], "9751.sol": [0, [0, 0, 0, 0, 0, 0, 0, 0, 0, 0]], "24867.sol": [0, [0, 0, 0, 0, 0, 0, 0, 0, 0, 0]], "11283.sol": [0, [0, 0, 0, 0, 0, 0, 0, 0, 0, 0]], "38452.sol": [0, [0, 0, 0, 0, 0, 0, 0, 0, 0, 0]], "31634.sol": [0, [0, 0, 0, 0, 0, 0, 0, 0, 0, 0]], "31526.sol": [0, [0, 0, 0, 0, 0, 0, 0, 0, 0, 0]], "37026.sol": [0, [0, 0, 0, 0, 0, 0, 0, 0, 0, 0]], "29699.sol": [0, [0, 0, 0, 0, 0, 0, 0, 0, 0, 0]], "39427.sol": [0, [0, 0, 0, 0, 0, 0, 0, 0, 0, 0]], "30609.sol": [0, [0, 0, 0, 0, 0, 0, 0, 0, 0, 0]], "30143.sol": [0, [0, 0, 0, 0, 0, 0, 0, 0, 0, 0]], "37099.sol": [0, [0, 0, 0, 0, 0, 0, 0, 0, 0, 0]], "22216.sol": [0, [0, 0, 0, 0, 0, 0, 0, 0, 0, 0]], "18681.sol": [0, [0, 0, 0, 0, 0, 0, 0, 0, 0, 0]], "14554.sol": [0, [0, 0, 0, 0, 0, 0, 0, 0, 0, 0]], "6578.sol": [0, [0, 0, 0, 0, 0, 0, 0, 0, 0, 0]], "14278.sol": [0, [0, 0, 0, 0, 0, 0, 0, 0, 0, 0]], "34019.sol": [0, [0, 0, 0, 0, 0, 0, 0, 0, 0, 0]], "25576.sol": [0, [0, 0, 0, 0, 0, 0, 0, 0, 0, 0]], "28934.sol": [0, [0, 0, 0, 0, 0, 0, 0, 0, 0, 0]], "16614.sol": [0, [0, 0, 0, 0, 0, 0, 0, 0, 0, 0]], "13251.sol": [0, [0, 0, 0, 0, 0, 0, 0, 0, 0, 0]], "39642.sol": [0, [0, 0, 0, 0, 0, 0, 0, 0, 0, 0]], "5108.sol": [0, [0, 0, 0, 0, 0, 0, 0, 0, 0, 0]], "10790.sol": [0, [0, 0, 0, 0, 0, 0, 0, 0, 0, 0]], "36788.sol": [0, [0, 0, 0, 0, 0, 0, 0, 0, 0, 0]], "19117.sol": [0, [0, 0, 0, 0, 0, 0, 0, 0, 0, 0]], "15251.sol": [0, [0, 0, 0, 0, 0, 0, 0, 0, 0, 0]], "34371.sol": [0, [0, 0, 0, 0, 0, 0, 0, 0, 0, 0]], "1850.sol": [0, [0, 0, 0, 0, 0, 0, 0, 0, 0, 0]], "6103.sol": [0, [0, 0, 0, 0, 0, 0, 0, 0, 0, 0]], "35390.sol": [0, [0, 0, 0, 0, 0, 0, 0, 0, 0, 0]], "6005.sol": [0, [0, 0, 0, 0, 0, 0, 0, 0, 0, 0]], "34497.sol": [0, [0, 0, 0, 0, 0, 0, 0, 0, 0, 0]], "24673.sol": [0, [0, 0, 0, 0, 0, 0, 0, 0, 0, 0]], "38024.sol": [0, [0, 0, 0, 0, 0, 0, 0, 0, 0, 0]], "11185.sol": [0, [0, 0, 0, 0, 0, 0, 0, 0, 0, 0]], "27933.sol": [1, [0, 0, 0, 1, 0, 0, 0, 0, 0, 0]], "17600.sol": [0, [0, 0, 0, 0, 0, 0, 0, 0, 0, 0]], "30734.sol": [0, [0, 0, 0, 0, 0, 0, 0, 0, 0, 0]], "35730.sol": [0, [0, 0, 0, 0, 0, 0, 0, 0, 0, 0]], "8404.sol": [0, [0, 0, 0, 0, 0, 0, 0, 0, 0, 0]], "13288.sol": [0, [0, 0, 0, 0, 0, 0, 0, 0, 0, 0]], "1120.sol": [0, [0, 0, 0, 0, 0, 0, 0, 0, 0, 0]], "13291.sol": [0, [0, 0, 0, 0, 0, 0, 0, 0, 0, 0]], "32346.sol": [0, [0, 0, 0, 0, 0, 0, 0, 0, 0, 0]], "27693.sol": [0, [0, 0, 0, 0, 0, 0, 0, 0, 0, 0]], "12936.sol": [0, [0, 0, 0, 0, 0, 0, 0, 0, 0, 0]], "7806.sol": [0, [0, 0, 0, 0, 0, 0, 0, 0, 0, 0]], "33243.sol": [0, [0, 0, 0, 0, 0, 0, 0, 0, 0, 0]], "1710.sol": [0, [0, 0, 0, 0, 0, 0, 0, 0, 0, 0]], "230.sol": [0, [0, 0, 0, 0, 0, 0, 0, 0, 0, 0]], "7952.sol": [0, [0, 0, 0, 0, 0, 0, 0, 0, 0, 0]], "36274.sol": [0, [0, 0, 0, 0, 0, 0, 0, 0, 0, 0]], "23605.sol": [0, [0, 0, 0, 0, 0, 0, 0, 0, 0, 0]], "26494.sol": [0, [0, 0, 0, 0, 0, 0, 0, 0, 0, 0]], "10123.sol": [1, [0, 0, 0, 0, 0, 1, 0, 0, 0, 0]], "35089.sol": [0, [0, 0, 0, 0, 0, 0, 0, 0, 0, 0]], "22323.sol": [0, [0, 0, 0, 0, 0, 0, 0, 0, 0, 0]], "35364.sol": [0, [0, 0, 0, 0, 0, 0, 0, 0, 0, 0]], "1789.sol": [0, [0, 0, 0, 0, 0, 0, 0, 0, 0, 0]], "37030.sol": [0, [0, 0, 0, 0, 0, 0, 0, 0, 0, 0]], "14963.sol": [0, [0, 0, 0, 0, 0, 0, 0, 0, 0, 0]], "22008.sol": [0, [0, 0, 0, 0, 0, 0, 0, 0, 0, 0]], "2217.sol": [0, [0, 0, 0, 0, 0, 0, 0, 0, 0, 0]], "14429.sol": [0, [0, 0, 0, 0, 0, 0, 0, 0, 0, 0]], "27069.sol": [0, [0, 0, 0, 0, 0, 0, 0, 0, 0, 0]], "19959.sol": [0, [0, 0, 0, 0, 0, 0, 0, 0, 0, 0]], "34545.sol": [0, [0, 0, 0, 0, 0, 0, 0, 0, 0, 0]], "9812.sol": [0, [0, 0, 0, 0, 0, 0, 0, 0, 0, 0]], "1589.sol": [0, [0, 0, 0, 0, 0, 0, 0, 0, 0, 0]], "35225.sol": [1, [1, 1, 1, 0, 0, 0, 0, 0, 0, 0]], "38128.sol": [0, [0, 0, 0, 0, 0, 0, 0, 0, 0, 0]], "39713.sol": [0, [0, 0, 0, 0, 0, 0, 0, 0, 0, 0]], "4490.sol": [0, [0, 0, 0, 0, 0, 0, 0, 0, 0, 0]], "23077.sol": [0, [0, 0, 0, 0, 0, 0, 0, 0, 0, 0]], "27634.sol": [0, [0, 0, 0, 0, 0, 0, 0, 0, 0, 0]], "18364.sol": [0, [0, 0, 0, 0, 0, 0, 0, 0, 0, 0]], "36892.sol": [0, [0, 0, 0, 0, 0, 0, 0, 0, 0, 0]], "23866.sol": [0, [0, 0, 0, 0, 0, 0, 0, 0, 0, 0]], "17457.sol": [0, [0, 0, 0, 0, 0, 0, 0, 0, 0, 0]], "22867.sol": [0, [0, 0, 0, 0, 0, 0, 0, 0, 0, 0]], "35686.sol": [0, [0, 0, 0, 0, 0, 0, 0, 0, 0, 0]], "29758.sol": [1, [0, 0, 0, 0, 0, 0, 1, 0, 0, 0]], "12813.sol": [0, [0, 0, 0, 0, 0, 0, 0, 0, 0, 0]], "13295.sol": [0, [0, 0, 0, 0, 0, 0, 0, 0, 0, 0]], "19658.sol": [0, [0, 0, 0, 0, 0, 0, 0, 0, 0, 0]], "14975.sol": [0, [0, 0, 0, 0, 0, 0, 0, 0, 0, 0]], "24326.sol": [0, [0, 0, 0, 0, 0, 0, 0, 0, 0, 0]], "32594.sol": [0, [0, 0, 0, 0, 0, 0, 0, 0, 0, 0]], "14778.sol": [0, [0, 0, 0, 0, 0, 0, 0, 0, 0, 0]], "22703.sol": [0, [0, 0, 0, 0, 0, 0, 0, 0, 0, 0]], "33512.sol": [0, [0, 0, 0, 0, 0, 0, 0, 0, 0, 0]], "30426.sol": [0, [0, 0, 0, 0, 0, 0, 0, 0, 0, 0]], "11386.sol": [0, [0, 0, 0, 0, 0, 0, 0, 0, 0, 0]], "14157.sol": [0, [0, 0, 0, 0, 0, 0, 0, 0, 0, 0]], "15488.sol": [0, [0, 0, 0, 0, 0, 0, 0, 0, 0, 0]], "15265.sol": [0, [0, 0, 0, 0, 0, 0, 0, 0, 0, 0]], "941.sol": [0, [0, 0, 0, 0, 0, 0, 0, 0, 0, 0]], "18279.sol": [0, [0, 0, 0, 0, 0, 0, 0, 0, 0, 0]], "1523.sol": [0, [0, 0, 0, 0, 0, 0, 0, 0, 0, 0]], "40301.sol": [0, [0, 0, 0, 0, 0, 0, 0, 0, 0, 0]], "12327.sol": [0, [0, 0, 0, 0, 0, 0, 0, 0, 0, 0]], "32264.sol": [0, [0, 0, 0, 0, 0, 0, 0, 0, 0, 0]], "24361.sol": [0, [0, 0, 0, 0, 0, 0, 0, 0, 0, 0]], "19115.sol": [0, [0, 0, 0, 0, 0, 0, 0, 0, 0, 0]], "16458.sol": [0, [0, 0, 0, 0, 0, 0, 0, 0, 0, 0]], "36067.sol": [0, [0, 0, 0, 0, 0, 0, 0, 0, 0, 0]], "20680.sol": [0, [0, 0, 0, 0, 0, 0, 0, 0, 0, 0]], "19842.sol": [1, [0, 0, 0, 1, 0, 0, 0, 0, 0, 1]], "37570.sol": [0, [0, 0, 0, 0, 0, 0, 0, 0, 0, 0]], "17267.sol": [0, [0, 0, 0, 0, 0, 0, 0, 0, 0, 0]], "30564.sol": [0, [0, 0, 0, 0, 0, 0, 0, 0, 0, 0]], "1899.sol": [0, [0, 0, 0, 0, 0, 0, 0, 0, 0, 0]], "1261.sol": [0, [0, 0, 0, 0, 0, 0, 0, 0, 0, 0]], "13147.sol": [0, [0, 0, 0, 0, 0, 0, 0, 0, 0, 0]], "32910.sol": [0, [0, 0, 0, 0, 0, 0, 0, 0, 0, 0]], "6433.sol": [0, [0, 0, 0, 0, 0, 0, 0, 0, 0, 0]], "19283.sol": [0, [0, 0, 0, 0, 0, 0, 0, 0, 0, 0]], "18457.sol": [0, [0, 0, 0, 0, 0, 0, 0, 0, 0, 0]], "4438.sol": [0, [0, 0, 0, 0, 0, 0, 0, 0, 0, 0]], "24428.sol": [0, [0, 0, 0, 0, 0, 0, 0, 0, 0, 0]], "2557.sol": [0, [0, 0, 0, 0, 0, 0, 0, 0, 0, 0]], "33413.sol": [0, [0, 0, 0, 0, 0, 0, 0, 0, 0, 0]], "34857.sol": [0, [0, 0, 0, 0, 0, 0, 0, 0, 0, 0]], "40206.sol": [0, [0, 0, 0, 0, 0, 0, 0, 0, 0, 0]], "22247.sol": [1, [1, 0, 0, 1, 0, 0, 1, 0, 0, 0]], "32938.sol": [0, [0, 0, 0, 0, 0, 0, 0, 0, 0, 0]], "39774.sol": [0, [0, 0, 0, 0, 0, 0, 0, 0, 0, 0]], "35705.sol": [0, [0, 0, 0, 0, 0, 0, 0, 0, 0, 0]], "38449.sol": [0, [0, 0, 0, 0, 0, 0, 0, 0, 0, 0]], "20548.sol": [0, [0, 0, 0, 0, 0, 0, 0, 0, 0, 0]], "30750.sol": [0, [0, 0, 0, 0, 0, 0, 0, 0, 0, 0]], "38455.sol": [0, [0, 0, 0, 0, 0, 0, 0, 0, 0, 0]], "12167.sol": [0, [0, 0, 0, 0, 0, 0, 0, 0, 0, 0]], "16616.sol": [0, [0, 0, 0, 0, 0, 0, 0, 0, 0, 0]], "3589.sol": [1, [1, 1, 0, 0, 0, 0, 0, 0, 0, 0]], "3555.sol": [1, [1, 1, 0, 0, 0, 0, 0, 0, 0, 0]], "2848.sol": [1, [0, 0, 0, 1, 1, 0, 0, 1, 1, 1]], "3315.sol": [1, [1, 1, 0, 0, 0, 0, 0, 0, 0, 0]], "8709.sol": [1, [0, 0, 1, 1, 0, 0, 0, 1, 0, 0]], "9610.sol": [0, [0, 0, 0, 0, 0, 0, 0, 0, 0, 0]], "40106.sol": [1, [1, 1, 1, 1, 1, 0, 1, 1, 0, 1]], "3703.sol": [1, [1, 1, 0, 0, 0, 0, 0, 0, 0, 0]], "37676.sol": [0, [0, 0, 0, 0, 0, 0, 0, 0, 0, 0]], "37118.sol": [1, [1, 0, 0, 0, 1, 0, 0, 0, 0, 0]], "3419.sol": [1, [0, 0, 1, 0, 0, 0, 1, 0, 1, 0]], "6818.sol": [1, [1, 1, 1, 1, 1, 1, 0, 0, 0, 0]], "3347.sol": [1, [1, 1, 0, 0, 0, 0, 0, 0, 0, 0]], "31103.sol": [1, [1, 0, 0, 0, 1, 0, 0, 0, 0, 0]], "7614.sol": [1, [1, 1, 1, 1, 1, 1, 0, 0, 0, 0]], "489.sol": [1, [0, 0, 0, 1, 1, 1, 0, 0, 0, 0]], "2757.sol": [1, [0, 1, 0, 0, 1, 1, 0, 0, 0, 0]], "36481.sol": [0, [0, 0, 0, 0, 0, 0, 0, 0, 0, 0]], "24862.sol": [1, [0, 0, 0, 1, 1, 0, 1, 1, 0, 0]], "3054.sol": [0, [0, 0, 0, 0, 0, 0, 0, 0, 0, 0]], "1794.sol": [1, [1, 1, 0, 0, 0, 0, 0, 0, 0, 0]], "40344.sol": [1, [1, 1, 1, 1, 1, 1, 1, 1, 0, 0]], "2301.sol": [1, [0, 1, 1, 0, 0, 0, 0, 0, 0, 0]], "10817.sol": [1, [1, 1, 1, 1, 1, 1, 0, 0, 0, 0]], "3254.sol": [1, [0, 0, 0, 1, 1, 1, 0, 0, 0, 0]], "37101.sol": [1, [1, 1, 0, 0, 0, 1, 0, 0, 0, 0]], "1068.sol": [1, [1, 1, 0, 0, 0, 0, 0, 0, 0, 0]], "36951.sol": [1, [1, 0, 0, 0, 1, 0, 0, 0, 0, 1]], "2746.sol": [1, [0, 1, 0, 0, 1, 1, 0, 0, 0, 0]], "2171.sol": [1, [1, 1, 0, 0, 0, 1, 0, 0, 0, 0]], "7278.sol": [1, [1, 1, 1, 1, 1, 1, 0, 0, 0, 0]], "500.sol": [1, [0, 0, 0, 1, 1, 1, 0, 0, 0, 0]], "15244.sol": [1, [0, 0, 0, 1, 1, 0, 1, 1, 0, 0]], "7334.sol": [1, [0, 0, 0, 0, 0, 0, 0, 1, 0, 0]], "15201.sol": [1, [1, 1, 1, 1, 1, 1, 0, 0, 0, 0]], "23803.sol": [0, [0, 0, 0, 0, 0, 0, 0, 0, 0, 0]], "39944.sol": [0, [0, 0, 0, 0, 0, 0, 0, 0, 0, 0]], "993.sol": [1, [1, 1, 0, 0, 0, 0, 0, 0, 0, 0]], "24726.sol": [1, [0, 0, 0, 1, 1, 1, 1, 0, 0, 0]], "2389.sol": [1, [0, 1, 1, 0, 0, 1, 0, 0, 1, 0]], "25855.sol": [1, [0, 0, 0, 1, 1, 0, 1, 1, 0, 0]], "3302.sol": [1, [1, 1, 0, 0, 0, 0, 0, 0, 0, 0]], "36954.sol": [1, [1, 0, 0, 0, 1, 0, 0, 0, 0, 1]], "2437.sol": [1, [1, 1, 0, 0, 0, 0, 0, 0, 0, 0]], "2941.sol": [1, [0, 0, 1, 1, 1, 0, 0, 0, 0, 0]], "16575.sol": [1, [0, 0, 0, 0, 0, 0, 1, 0, 0, 1]], "32540.sol": [1, [0, 0, 0, 1, 1, 1, 0, 0, 1, 1]], "34986.sol": [1, [1, 1, 1, 0, 0, 0, 0, 0, 0, 0]], "15642.sol": [1, [1, 1, 1, 1, 1, 1, 1, 1, 1, 0]], "32539.sol": [1, [0, 0, 0, 1, 1, 1, 0, 0, 1, 1]], "430.sol": [1, [1, 1, 0, 0, 0, 0, 0, 0, 0, 0]], "20878.sol": [1, [0, 0, 1, 1, 0, 1, 0, 0, 0, 0]], "38945.sol": [1, [0, 0, 0, 1, 0, 1, 0, 0, 0, 0]], "8850.sol": [1, [0, 0, 1, 1, 1, 1, 1, 0, 0, 0]], "4195.sol": [1, [0, 0, 0, 1, 1, 1, 0, 0, 0, 0]], "38947.sol": [1, [0, 0, 0, 0, 0, 0, 1, 0, 1, 0]], "3757.sol": [1, [1, 1, 0, 0, 0, 0, 0, 0, 0, 0]], "15179.sol": [1, [1, 0, 1, 1, 1, 1, 0, 0, 0, 0]], "38944.sol": [1, [0, 0, 0, 1, 0, 1, 0, 0, 0, 0]], "40089.sol": [1, [0, 0, 0, 0, 0, 1, 0, 0, 0, 0]], "1227.sol": [1, [0, 0, 0, 1, 1, 0, 0, 0, 1, 1]], "969.sol": [1, [0, 0, 0, 0, 0, 1, 1, 1, 1, 0]], "6328.sol": [1, [1, 0, 1, 1, 1, 1, 0, 0, 0, 0]], "26777.sol": [1, [0, 0, 0, 1, 1, 0, 1, 1, 0, 0]], "16271.sol": [1, [0, 0, 0, 1, 0, 0, 0, 0, 0, 0]], "9221.sol": [0, [0, 0, 0, 0, 0, 0, 0, 0, 0, 0]], "5515.sol": [1, [0, 0, 1, 1, 1, 1, 0, 0, 0, 0]], "9995.sol": [0, [0, 0, 0, 0, 0, 0, 0, 0, 0, 0]], "29801.sol": [1, [0, 0, 1, 1, 1, 1, 1, 0, 0, 0]], "9832.sol": [1, [1, 1, 1, 1, 1, 1, 0, 0, 0, 0]], "2949.sol": [1, [1, 1, 0, 0, 0, 0, 0, 0, 0, 0]], "9458.sol": [1, [1, 0, 0, 0, 1, 0, 1, 1, 0, 0]], "38001.sol": [1, [1, 1, 0, 0, 1, 0, 0, 0, 0, 0]], "26486.sol": [1, [0, 0, 0, 1, 1, 0, 1, 1, 0, 0]], "36696.sol": [1, [1, 0, 0, 0, 1, 0, 0, 0, 0, 1]], "578.sol": [1, [0, 0, 1, 1, 0, 0, 0, 0, 0, 1]], "39326.sol": [1, [0, 1, 0, 0, 0, 0, 0, 0, 0, 0]], "6930.sol": [1, [1, 1, 1, 1, 1, 1, 1, 1, 1, 0]], "2530.sol": [1, [1, 1, 0, 0, 0, 0, 0, 0, 0, 0]], "3630.sol": [1, [1, 1, 0, 0, 0, 0, 0, 0, 0, 0]], "35182.sol": [1, [1, 0, 1, 0, 1, 0, 1, 0, 1, 0]], "35789.sol": [1, [1, 1, 0, 0, 0, 0, 0, 0, 0, 0]], "2074.sol": [1, [1, 1, 1, 1, 1, 1, 1, 1, 0, 1]], "15909.sol": [1, [0, 0, 0, 0, 1, 0, 1, 0, 0, 0]], "20380.sol": [1, [0, 0, 1, 1, 1, 1, 1, 0, 0, 0]], "33947.sol": [1, [1, 0, 0, 0, 0, 0, 1, 1, 1, 0]], "3694.sol": [1, [1, 1, 0, 0, 0, 0, 0, 0, 0, 0]], "40038.sol": [1, [1, 1, 1, 1, 0, 0, 1, 1, 0, 1]], "3649.sol": [1, [1, 1, 0, 0, 0, 0, 0, 0, 0, 0]], "4225.sol": [1, [0, 0, 0, 0, 1, 0, 0, 0, 1, 0]], "1762.sol": [1, [0, 0, 0, 1, 1, 1, 0, 0, 0, 0]], "34432.sol": [1, [1, 0, 1, 1, 0, 0, 1, 0, 1, 0]], "38393.sol": [1, [0, 1, 1, 0, 1, 0, 0, 0, 0, 0]], "14989.sol": [0, [0, 0, 0, 0, 0, 0, 0, 0, 0, 0]], "1216.sol": [1, [0, 0, 0, 1, 0, 1, 0, 1, 1, 0]], "36969.sol": [0, [0, 0, 0, 0, 0, 0, 0, 0, 0, 0]], "36431.sol": [1, [1, 0, 1, 0, 0, 0, 0, 0, 0, 0]], "7214.sol": [1, [0, 0, 1, 0, 0, 0, 1, 0, 1, 0]], "16531.sol": [1, [0, 1, 1, 1, 1, 1, 0, 0, 0, 0]], "38811.sol": [1, [0, 1, 0, 0, 1, 0, 0, 1, 0, 0]], "10297.sol": [1, [0, 0, 0, 0, 0, 1, 0, 1, 0, 0]], "27211.sol": [1, [1, 1, 1, 1, 1, 1, 0, 0, 0, 0]], "38818.sol": [1, [1, 0, 0, 1, 0, 0, 0, 0, 1, 0]], "2189.sol": [0, [0, 0, 0, 0, 0, 0, 0, 0, 0, 0]], "3174.sol": [1, [1, 1, 0, 0, 0, 0, 0, 0, 0, 0]], "21877.sol": [0, [0, 0, 0, 0, 0, 0, 0, 0, 0, 0]], "18096.sol": [1, [0, 1, 1, 1, 1, 1, 0, 0, 0, 0]], "21654.sol": [1, [0, 1, 1, 1, 1, 1, 0, 0, 0, 0]], "14741.sol": [0, [0, 0, 0, 0, 0, 0, 0, 0, 0, 0]], "9691.sol": [1, [1, 1, 1, 1, 1, 1, 0, 0, 0, 0]], "3597.sol": [1, [1, 1, 0, 0, 0, 0, 0, 0, 0, 0]], "20660.sol": [1, [0, 0, 0, 0, 0, 1, 1, 1, 1, 1]], "16049.sol": [1, [1, 1, 1, 1, 1, 1, 0, 0, 0, 0]], "37093.sol": [1, [0, 0, 1, 1, 1, 1, 0, 0, 1, 1]], "32483.sol": [0, [0, 0, 0, 0, 0, 0, 0, 0, 0, 0]], "774.sol": [1, [0, 0, 0, 0, 0, 1, 1, 1, 0, 0]], "2211.sol": [1, [1, 1, 0, 0, 0, 0, 0, 0, 0, 0]], "458.sol": [1, [1, 1, 1, 1, 1, 0, 1, 1, 1, 1]], "32555.sol": [1, [0, 0, 0, 1, 1, 1, 0, 0, 1, 1]], "13049.sol": [1, [1, 0, 0, 1, 0, 0, 1, 0, 0, 1]], "32813.sol": [0, [0, 0, 0, 0, 0, 0, 0, 0, 0, 0]], "3706.sol": [1, [1, 1, 0, 0, 0, 0, 0, 0, 0, 0]], "2792.sol": [1, [1, 1, 0, 0, 0, 0, 0, 0, 0, 0]], "33967.sol": [1, [1, 0, 0, 0, 1, 0, 0, 0, 0, 0]], "6020.sol": [1, [0, 0, 0, 0, 1, 1, 0, 1, 0, 1]], "38518.sol": [1, [1, 1, 1, 1, 1, 0, 0, 0, 0, 0]], "13284.sol": [1, [1, 1, 1, 1, 1, 1, 0, 0, 0, 0]], "4180.sol": [1, [0, 0, 0, 1, 1, 1, 0, 0, 0, 0]], "2222.sol": [1, [1, 1, 0, 0, 0, 0, 0, 0, 0, 0]], "12233.sol": [1, [0, 0, 1, 0, 0, 0, 0, 1, 0, 0]], "2995.sol": [1, [0, 0, 0, 1, 1, 1, 0, 0, 0, 0]], "2071.sol": [1, [1, 1, 0, 0, 0, 0, 0, 0, 0, 0]], "21227.sol": [1, [1, 1, 1, 1, 1, 1, 0, 0, 0, 0]], "38109.sol": [1, [1, 1, 0, 0, 1, 0, 0, 0, 0, 0]], "20933.sol": [0, [0, 0, 0, 0, 0, 0, 0, 0, 0, 0]], "12702.sol": [1, [1, 1, 1, 1, 1, 1, 0, 0, 0, 0]], "3158.sol": [1, [1, 1, 0, 0, 0, 0, 0, 0, 0, 0]], "3097.sol": [1, [1, 0, 0, 0, 0, 0, 0, 0, 0, 0]]}