{"37578.sol": [0, [0, 0, 0, 0, 0, 0, 0, 0, 0, 0]], "10379.sol": [0, [0, 0, 0, 0, 0, 0, 0, 0, 0, 0]], "5747.sol": [0, [0, 0, 0, 0, 0, 0, 0, 0, 0, 0]], "16038.sol": [0, [0, 0, 0, 0, 0, 0, 0, 0, 0, 0]], "27097.sol": [0, [0, 0, 0, 0, 0, 0, 0, 0, 0, 0]], "36296.sol": [0, [0, 0, 0, 0, 0, 0, 0, 0, 0, 0]], "36772.sol": [0, [0, 0, 0, 0, 0, 0, 0, 0, 0, 0]], "8983.sol": [0, [0, 0, 0, 0, 0, 0, 0, 0, 0, 0]], "13146.sol": [0, [0, 0, 0, 0, 0, 0, 0, 0, 0, 0]], "1112.sol": [0, [0, 0, 0, 0, 0, 0, 0, 0, 0, 0]], "27653.sol": [0, [0, 0, 0, 0, 0, 0, 0, 0, 0, 0]], "23688.sol": [0, [0, 0, 0, 0, 0, 0, 0, 0, 0, 0]], "20257.sol": [0, [0, 0, 0, 0, 0, 0, 0, 0, 0, 0]], "10382.sol": [0, [0, 0, 0, 0, 0, 0, 0, 0, 0, 0]], "26035.sol": [0, [0, 0, 0, 0, 0, 0, 0, 0, 0, 0]], "20886.sol": [0, [0, 0, 0, 0, 0, 0, 0, 0, 0, 0]], "4610.sol": [0, [0, 0, 0, 0, 0, 0, 0, 0, 0, 0]], "25902.sol": [0, [0, 0, 0, 0, 0, 0, 0, 0, 0, 0]], "13132.sol": [0, [0, 0, 0, 0, 0, 0, 0, 0, 0, 0]], "27851.sol": [0, [0, 0, 0, 0, 0, 0, 0, 0, 0, 0]], "39416.sol": [0, [0, 0, 0, 0, 0, 0]], "35462.sol": [0, [0, 0, 0, 0, 0, 0, 0, 0, 0, 0]], "35341.sol": [0, [0, 0, 0, 0, 0, 0, 0, 0, 0, 0]], "22307.sol": [0, [0, 0, 0, 0, 0, 0, 0, 0, 0, 0]], "969.sol": [1, [0, 0, 0, 1, 0, 0, 0, 0, 0, 0]], "13979.sol": [0, [0, 0, 0, 0, 0, 0, 0, 0, 0, 0]], "30370.sol": [0, [0, 0, 0, 0, 0, 0, 0, 0, 0, 0]], "40358.sol": [0, [0, 0, 0, 0, 0, 0, 0, 0, 0, 0]], "19738.sol": [0, [0, 0, 0, 0, 0, 0, 0, 0, 0, 0]], "2480.sol": [0, [0, 0, 0, 0, 0, 0, 0, 0, 0, 0]], "33640.sol": [0, [0, 0, 0, 0, 0, 0, 0, 0, 0, 0]], "25200.sol": [0, [0, 0, 0, 0, 0, 0, 0, 0, 0, 0]], "30964.sol": [0, [0, 0, 0, 0, 0, 0, 0, 0, 0, 0]], "1493.sol": [0, [0, 0, 0, 0, 0, 0, 0, 0, 0, 0]], "19048.sol": [0, [0, 0, 0, 0, 0, 0, 0, 0, 0, 0]], "2060.sol": [0, [0, 0, 0, 0, 0, 0, 0, 0, 0, 0]], "17784.sol": [0, [0, 0, 0, 0, 0, 0, 0, 0, 0, 0]], "17409.sol": [0, [0, 0, 0, 0, 0, 0, 0, 0, 0, 0]], "36284.sol": [0, [0, 0, 0, 0, 0, 0, 0, 0, 0, 0]], "20679.sol": [0, [0, 0, 0, 0, 0, 0, 0, 0, 0, 0]], "29599.sol": [0, [0, 0, 0, 0, 0, 0, 0, 0, 0, 0]], "30791.sol": [0, [0, 0, 0, 0, 0, 0, 0, 0, 0, 0]], "25468.sol": [0, [0, 0, 0, 0, 0, 0, 0, 0, 0, 0]], "25043.sol": [0, [0, 0, 0, 0, 0, 0, 0, 0, 0, 0]], "28146.sol": [0, [0, 0, 0, 0, 0, 0, 0, 0, 0, 0]], "38040.sol": [0, [0, 0, 0, 0, 0, 0, 0, 0, 0, 0]], "3522.sol": [1, [0, 1, 0, 0, 0, 0, 0, 0, 1, 1]], "14342.sol": [0, [0, 0, 0, 0, 0, 0, 0, 0, 0, 0]], "10657.sol": [0, [0, 0, 0, 0, 0, 0, 0, 0, 0, 0]], "31811.sol": [0, [0, 0, 0, 0, 0, 0, 0, 0, 0, 0]], "23265.sol": [0, [0, 0, 0, 0, 0, 0, 0, 0, 0, 0]], "28674.sol": [0, [0, 0, 0, 0, 0, 0, 0, 0, 0, 0]], "18000.sol": [0, [0, 0, 0, 0, 0, 0, 0, 0, 0, 0]], "4584.sol": [0, [0, 0, 0, 0, 0, 0, 0, 0, 0, 0]], "21021.sol": [0, [0, 0, 0, 0, 0, 0, 0, 0, 0, 0]], "83.sol": [1, [0, 0, 0, 0, 0, 0, 1, 0, 0, 0]], "28097.sol": [0, [0, 0, 0, 0, 0, 0, 0, 0, 0, 0]], "20066.sol": [0, [0, 0, 0, 0, 0, 0, 0, 0, 0, 0]], "30952.sol": [0, [0, 0, 0, 0, 0, 0, 0, 0, 0, 0]], "28104.sol": [0, [0, 0, 0, 0, 0, 0, 0, 0, 0, 0]], "38517.sol": [0, [0, 0, 0, 0, 0, 0, 0, 0, 0, 0]], "1736.sol": [0, [0, 0, 0, 0, 0, 0, 0, 0, 0, 0]], "29635.sol": [0, [0, 0, 0, 0, 0, 0, 0, 0, 0, 0]], "13438.sol": [0, [0, 0, 0, 0, 0, 0, 0, 0, 0, 0]], "26923.sol": [0, [0, 0, 0, 0, 0, 0, 0, 0, 0, 0]], "13591.sol": [0, [0, 0, 0, 0, 0, 0, 0, 0, 0, 0]], "11242.sol": [0, [0, 0, 0, 0, 0, 0, 0, 0, 0, 0]], "6932.sol": [0, [0, 0, 0, 0, 0, 0, 0, 0, 0, 0]], "2810.sol": [0, [0, 0, 0, 0, 0, 0, 0, 0, 0, 0]], "39276.sol": [0, [0, 0, 0, 0, 0, 0, 0, 0, 0, 0]], "24310.sol": [0, [0, 0, 0, 0, 0, 0, 0, 0, 0, 0]], "22817.sol": [0, [0, 0, 0, 0, 0, 0, 0, 0, 0, 0]], "11421.sol": [0, [0, 0, 0, 0, 0, 0, 0, 0, 0, 0]], "38084.sol": [0, [0, 0, 0, 0, 0, 0, 0, 0, 0, 0]], "36241.sol": [0, [0, 0, 0, 0, 0, 0, 0, 0, 0, 0]], "14106.sol": [0, [0, 0, 0, 0, 0, 0, 0, 0, 0, 0]], "15811.sol": [0, [0, 0, 0, 0, 0, 0, 0, 0, 0, 0]], "33917.sol": [0, [0, 0, 0, 0, 0, 0, 0, 0, 0, 0]], "31631.sol": [0, [0, 0, 0, 0, 0, 0, 0, 0, 0, 0]], "28272.sol": [0, [0, 0, 0, 0, 0, 0, 0, 0, 0, 0]], "4772.sol": [0, [0, 0, 0, 0, 0, 0, 0, 0, 0, 0]], "28728.sol": [0, [0, 0, 0, 0, 0, 0, 0, 0, 0, 0]], "16296.sol": [0, [0, 0, 0, 0, 0, 0, 0, 0, 0, 0]], "24039.sol": [0, [0, 0, 0, 0, 0, 0, 0, 0, 0, 0]], "35731.sol": [0, [0, 0, 0, 0, 0, 0, 0, 0, 0, 0]], "13629.sol": [0, [0, 0, 0, 0, 0, 0, 0, 0, 0, 0]], "13038.sol": [0, [0, 0, 0, 0, 0, 0, 0, 0, 0, 0]], "22176.sol": [0, [0, 0, 0, 0, 0, 0, 0, 0, 0, 0]], "2690.sol": [0, [0, 0, 0, 0, 0, 0, 0, 0, 0, 0]], "5624.sol": [0, [0, 0, 0, 0, 0, 0, 0, 0, 0, 0]], "14550.sol": [0, [0, 0, 0, 0, 0, 0, 0, 0, 0, 0]], "16597.sol": [0, [0, 0, 0, 0, 0, 0, 0, 0, 0, 0]], "8464.sol": [0, [0, 0, 0, 0, 0, 0, 0, 0, 0, 0]], "39675.sol": [0, [0, 0, 0, 0, 0, 0, 0, 0, 0, 0]], "13927.sol": [0, [0, 0, 0, 0, 0, 0, 0, 0, 0, 0]], "18441.sol": [0, [0, 0, 0, 0, 0, 0, 0, 0, 0, 0]], "25958.sol": [0, [0, 0, 0, 0, 0, 0, 0, 0, 0, 0]], "15301.sol": [0, [0, 0, 0, 0, 0, 0, 0, 0, 0, 0]], "29638.sol": [0, [0, 0, 0, 0, 0, 0, 0, 0, 0, 0]], "22527.sol": [0, [0, 0, 0, 0, 0, 0, 0, 0, 0, 0]], "19066.sol": [0, [0, 0, 0, 0, 0, 0, 0, 0, 0, 0]], "26103.sol": [0, [0, 0, 0, 0, 0, 0, 0, 0, 0, 0]], "17758.sol": [0, [0, 0, 0, 0, 0, 0, 0, 0, 0, 0]], "26582.sol": [0, [0, 0, 0, 0, 0, 0, 0, 0, 0, 0]], "37048.sol": [0, [0, 0, 0, 0, 0, 0, 0, 0, 0, 0]], "19074.sol": [0, [0, 0, 0, 0, 0, 0, 0, 0, 0, 0]], "24198.sol": [0, [0, 0, 0, 0, 0, 0, 0, 0, 0, 0]], "37818.sol": [0, [0, 0, 0, 0, 0, 0, 0, 0, 0, 0]], "13207.sol": [0, [0, 0, 0, 0, 0, 0, 0, 0, 0, 0]], "11172.sol": [0, [0, 0, 0, 0, 0, 0, 0, 0, 0, 0]], "14362.sol": [0, [0, 0, 0, 0, 0, 0, 0, 0, 0, 0]], "5982.sol": [0, [0, 0, 0, 0, 0, 0, 0, 0, 0, 0]], "18174.sol": [0, [0, 0, 0, 0, 0, 0, 0, 0, 0, 0]], "37663.sol": [0, [0, 0, 0, 0, 0, 0, 0, 0, 0, 0]], "34706.sol": [0, [0, 0, 0, 0, 0, 0, 0, 0, 0, 0]], "15489.sol": [0, [0, 0, 0, 0, 0, 0, 0, 0, 0, 0]], "21838.sol": [0, [0, 0, 0, 0, 0, 0, 0, 0, 0, 0]], "28772.sol": [0, [0, 0, 0, 0, 0, 0, 0, 0, 0, 0]], "20764.sol": [0, [0, 0, 0, 0, 0, 0, 0, 0, 0, 0]], "12883.sol": [0, [0, 0, 0, 0, 0, 0, 0, 0, 0, 0]], "21935.sol": [1, [1, 0, 0, 0, 0, 0, 0, 0, 0, 0]], "27714.sol": [0, [0, 0, 0, 0, 0, 0, 0, 0, 0, 0]], "22782.sol": [0, [0, 0, 0, 0, 0, 0, 0, 0, 0, 0]], "7403.sol": [0, [0, 0, 0, 0, 0, 0, 0, 0, 0, 0]], "7579.sol": [0, [0, 0, 0, 0, 0, 0]], "19163.sol": [0, [0, 0, 0, 0, 0, 0, 0, 0, 0, 0]], "22303.sol": [0, [0, 0, 0, 0, 0, 0, 0, 0, 0, 0]], "5749.sol": [0, [0, 0, 0, 0, 0, 0, 0, 0, 0, 0]], "2871.sol": [0, [0, 0, 0, 0, 0, 0, 0, 0, 0, 0]], "31518.sol": [0, [0, 0, 0, 0, 0, 0, 0, 0, 0, 0]], "1295.sol": [1, [0, 0, 1, 0, 1, 0, 1, 0, 0, 1]], "12373.sol": [0, [0, 0, 0, 0, 0, 0, 0, 0, 0, 0]], "29249.sol": [0, [0, 0, 0, 0, 0, 0, 0, 0, 0, 0]], "27056.sol": [0, [0, 0, 0, 0, 0, 0, 0, 0, 0, 0]], "13672.sol": [0, [0, 0, 0, 0, 0, 0, 0, 0, 0, 0]], "28832.sol": [0, [0, 0, 0, 0, 0, 0, 0, 0, 0, 0]], "27340.sol": [0, [0, 0, 0, 0, 0, 0, 0, 0, 0, 0]], "8521.sol": [0, [0, 0, 0, 0, 0, 0, 0, 0, 0, 0]], "2125.sol": [0, [0, 0, 0, 0, 0, 0, 0, 0, 0, 0]], "9091.sol": [0, [0, 0, 0, 0, 0, 0, 0, 0, 0, 0]], "15878.sol": [0, [0, 0, 0, 0, 0, 0, 0, 0, 0, 0]], "7488.sol": [0, [0, 0, 0, 0, 0, 0, 0, 0, 0, 0]], "19267.sol": [0, [0, 0, 0, 0, 0, 0, 0, 0, 0, 0]], "17130.sol": [0, [0, 0, 0, 0, 0, 0, 0, 0, 0, 0]], "16118.sol": [1, [1, 0, 0, 0, 0, 0, 0, 0, 0, 0]], "28881.sol": [0, [0, 0, 0, 0, 0, 0, 0, 0, 0, 0]], "38930.sol": [0, [0, 0, 0, 0, 0, 0, 0, 0, 0, 0]], "30895.sol": [0, [0, 0, 0, 0, 0, 0, 0, 0, 0, 0]], "3455.sol": [1, [0, 1, 0, 0, 0, 0, 0, 0, 1, 1]], "29184.sol": [0, [0, 0, 0, 0, 0, 0, 0, 0, 0, 0]], "26279.sol": [0, [0, 0, 0, 0, 0, 0, 0, 0, 0, 0]], "518.sol": [1, [0, 0, 0, 1, 0, 0, 1, 0, 0, 0]], "25114.sol": [1, [1, 1, 1, 0, 0, 0, 0, 0, 0, 0]], "34919.sol": [0, [0, 0, 0, 0, 0, 0, 0, 0, 0, 0]], "24912.sol": [1, [0, 0, 0, 0, 0, 0, 0, 0, 0, 1]], "25104.sol": [1, [0, 0, 0, 1, 1, 1, 0, 0, 0, 0]], "512.sol": [1, [0, 1, 0, 0, 0, 0, 0, 0, 1, 1]], "4989.sol": [0, [0, 0, 0, 0, 0, 0, 0, 0, 0, 0]], "31448.sol": [1, [0, 0, 0, 0, 0, 1, 0, 0, 1, 0]], "37296.sol": [1, [1, 1, 0, 0, 0, 0, 0, 0, 0, 0]], "37435.sol": [0, [0, 0, 0, 0, 0, 0, 0, 0, 0, 0]], "1548.sol": [1, [0, 0, 0, 0, 0, 0, 1, 1, 1, 1]], "1790.sol": [1, [0, 1, 1, 1, 1, 0, 0, 0, 0, 0]], "1913.sol": [1, [0, 0, 0, 0, 0, 0, 0, 0, 0, 1]], "19842.sol": [1, [1, 1, 0, 0, 0, 0, 0, 0, 0, 0]], "195.sol": [1, [0, 1, 0, 1, 0, 0, 0, 1, 1, 1]], "1768.sol": [0, [0, 0, 0, 0, 0, 0, 0, 0, 0, 0]], "37436.sol": [0, [0, 0, 0, 0, 0, 0, 0, 0, 0, 0]], "500.sol": [1, [0, 1, 0, 1, 0, 0, 0, 1, 1, 1]], "1162.sol": [1, [0, 1, 0, 0, 0, 0, 0, 1, 1, 0]], "2745.sol": [1, [0, 0, 0, 0, 0, 1, 0, 0, 0, 0]], "25183.sol": [1, [1, 1, 1, 0, 0, 0, 0, 0, 0, 0]], "226.sol": [1, [0, 1, 0, 1, 0, 0, 0, 1, 1, 1]], "9703.sol": [1, [0, 0, 1, 1, 0, 0, 0, 0, 1, 0]], "35586.sol": [0, [0, 0, 0, 0, 0, 0, 0, 0, 0, 0]], "9668.sol": [1, [0, 0, 1, 1, 0, 0, 0, 0, 1, 0]], "23678.sol": [1, [0, 1, 0, 0, 0, 0, 0, 0, 0, 0]], "27194.sol": [0, [0, 0, 0, 0, 0, 0, 0, 0, 0, 0]], "24932.sol": [1, [0, 0, 0, 0, 0, 0, 0, 0, 0, 1]], "1977.sol": [1, [0, 1, 0, 0, 0, 0, 0, 0, 1, 1]], "5194.sol": [1, [0, 1, 0, 1, 1, 1, 0, 1, 0, 0]], "37414.sol": [0, [0, 0, 0, 0, 0, 0, 0, 0, 0, 0]]}