{"14643.sol": [0, [0, 0, 0, 0, 0, 0, 0, 0, 0, 0]], "1256.sol": [0, [0, 0, 0, 0, 0, 0, 0, 0, 0, 0]], "33832.sol": [0, [0, 0, 0, 0, 0, 0, 0, 0, 0, 0]], "8360.sol": [0, [0, 0, 0, 0, 0, 0, 0, 0, 0, 0]], "12698.sol": [0, [0, 0, 0, 0, 0, 0, 0, 0, 0, 0]], "31392.sol": [0, [0, 0, 0, 0, 0, 0, 0, 0, 0, 0]], "18314.sol": [0, [0, 0, 0, 0, 0, 0, 0, 0, 0, 0]], "8122.sol": [0, [0, 0, 0, 0, 0, 0, 0, 0, 0, 0]], "13899.sol": [0, [0, 0, 0, 0, 0, 0, 0, 0, 0, 0]], "14399.sol": [0, [0, 0, 0, 0, 0, 0, 0, 0, 0, 0]], "8808.sol": [0, [0, 0, 0, 0, 0, 0, 0, 0, 0, 0]], "14531.sol": [0, [0, 0, 0, 0, 0, 0, 0, 0, 0, 0]], "22918.sol": [0, [0, 0, 0, 0, 0, 0, 0, 0, 0, 0]], "13359.sol": [0, [0, 0, 0, 0, 0, 0, 0, 0, 0, 0]], "39164.sol": [0, [0, 0, 0, 0, 0, 0, 0, 0, 0, 0]], "23487.sol": [0, [0, 0, 0, 0, 0, 0, 0, 0, 0, 0]], "9904.sol": [0, [0, 0, 0, 0, 0, 0, 0, 0, 0, 0]], "7430.sol": [0, [0, 0, 0, 0, 0, 0, 0, 0, 0, 0]], "34626.sol": [0, [0, 0, 0, 0, 0, 0, 0, 0, 0, 0]], "22053.sol": [0, [0, 0, 0, 0, 0, 0, 0, 0, 0, 0]], "37215.sol": [0, [0, 0, 0, 0, 0, 0, 0, 0, 0, 0]], "17994.sol": [0, [0, 0, 0, 0, 0, 0, 0, 0, 0, 0]], "23550.sol": [0, [0, 0, 0, 0, 0, 0, 0, 0, 0, 0]], "6085.sol": [0, [0, 0, 0, 0, 0, 0, 0, 0, 0, 0]], "4292.sol": [0, [0, 0, 0, 0, 0, 0, 0, 0, 0, 0]], "19686.sol": [0, [0, 0, 0, 0, 0, 0, 0, 0, 0, 0]], "21890.sol": [0, [0, 0, 0, 0, 0, 0, 0, 0, 0, 0]], "2251.sol": [0, [0, 0, 0, 0, 0, 0, 0, 0, 0, 0]], "15141.sol": [0, [0, 0, 0, 0, 0, 0, 0, 0, 0, 0]], "21766.sol": [0, [0, 0, 0, 0, 0, 0, 0, 0, 0, 0]], "17143.sol": [0, [0, 0, 0, 0, 0, 0, 0, 0, 0, 0]], "21327.sol": [0, [0, 0, 0, 0, 0, 0, 0, 0, 0, 0]], "21228.sol": [0, [0, 0, 0, 0, 0, 0, 0, 0, 0, 0]], "26503.sol": [0, [0, 0, 0, 0, 0, 0, 0, 0, 0, 0]], "33790.sol": [0, [0, 0, 0, 0, 0, 0, 0, 0, 0, 0]], "7014.sol": [0, [0, 0, 0, 0, 0, 0, 0, 0, 0, 0]], "8046.sol": [0, [0, 0, 0, 0, 0, 0, 0, 0, 0, 0]], "38333.sol": [0, [0, 0, 0, 0, 0, 0, 0, 0, 0, 0]], "33466.sol": [0, [0, 0, 0, 0, 0, 0, 0, 0, 0, 0]], "22963.sol": [0, [0, 0, 0, 0, 0, 0, 0, 0, 0, 0]], "15140.sol": [0, [0, 0, 0, 0, 0, 0, 0, 0, 0, 0]], "34193.sol": [0, [0, 0, 0, 0, 0, 0, 0, 0, 0, 0]], "25388.sol": [0, [0, 0, 0, 0, 0, 0, 0, 0, 0, 0]], "961.sol": [0, [0, 0, 0, 0, 0, 0, 0, 0, 0, 0]], "17811.sol": [0, [0, 0, 0, 0, 0, 0, 0, 0, 0, 0]], "31070.sol": [0, [0, 0, 0, 0, 0, 0, 0, 0, 0, 0]], "10959.sol": [0, [0, 0, 0, 0, 0, 0, 0, 0, 0, 0]], "8211.sol": [0, [0, 0, 0, 0, 0, 0, 0, 0, 0, 0]], "4096.sol": [0, [0, 0, 0, 0, 0, 0, 0, 0, 0, 0]], "17995.sol": [0, [0, 0, 0, 0, 0, 0, 0, 0, 0, 0]], "23760.sol": [0, [0, 0, 0, 0, 0, 0, 0, 0, 0, 0]], "25433.sol": [0, [0, 0, 0, 0, 0, 0, 0, 0, 0, 0]], "8989.sol": [0, [0, 0, 0, 0, 0, 0, 0, 0, 0, 0]], "35700.sol": [0, [0, 0, 0, 0, 0, 0, 0, 0, 0, 0]], "10655.sol": [0, [0, 0, 0, 0, 0, 0, 0, 0, 0, 0]], "30124.sol": [0, [0, 0, 0, 0, 0, 0, 0, 0, 0, 0]], "40054.sol": [0, [0, 0, 0, 0, 0, 0, 0, 0, 0, 0]], "10070.sol": [0, [0, 0, 0, 0, 0, 0, 0, 0, 0, 0]], "27487.sol": [0, [0, 0, 0, 0, 0, 0, 0, 0, 0, 0]], "6786.sol": [0, [0, 0, 0, 0, 0, 0, 0, 0, 0, 0]], "14247.sol": [0, [0, 0, 0, 0, 0, 0, 0, 0, 0, 0]], "39113.sol": [0, [0, 0, 0, 0, 0, 0, 0, 0, 0, 0]], "19015.sol": [0, [0, 0, 0, 0, 0, 0, 0, 0, 0, 0]], "20145.sol": [0, [0, 0, 0, 0, 0, 0, 0, 0, 0, 0]], "26178.sol": [0, [0, 0, 0, 0, 0, 0, 0, 0, 0, 0]], "22322.sol": [0, [0, 0, 0, 0, 0, 0, 0, 0, 0, 0]], "1743.sol": [0, [0, 0, 0, 0, 0, 0, 0, 0, 0, 0]], "19551.sol": [0, [0, 0, 0, 0, 0, 0, 0, 0, 0, 0]], "31921.sol": [0, [0, 0, 0, 0, 0, 0, 0, 0, 0, 0]], "34639.sol": [0, [0, 0, 0, 0, 0, 0, 0, 0, 0, 0]], "10053.sol": [0, [0, 0, 0, 0, 0, 0, 0, 0, 0, 0]], "22224.sol": [0, [0, 0, 0, 0, 0, 0, 0, 0, 0, 0]], "27349.sol": [0, [0, 0, 0, 0, 0, 0, 0, 0, 0, 0]], "9088.sol": [0, [0, 0, 0, 0, 0, 0, 0, 0, 0, 0]], "36954.sol": [0, [0, 0, 0, 0, 0, 0, 0, 0, 0, 0]], "24648.sol": [0, [0, 0, 0, 0, 0, 0, 0, 0, 0, 0]], "23509.sol": [0, [0, 0, 0, 0, 0, 0, 0, 0, 0, 0]], "20636.sol": [0, [0, 0, 0, 0, 0, 0, 0, 0, 0, 0]], "21553.sol": [0, [0, 0, 0, 0, 0, 0, 0, 0, 0, 0]], "6840.sol": [0, [0, 0, 0, 0, 0, 0, 0, 0, 0, 0]], "19535.sol": [0, [0, 0, 0, 0, 0, 0, 0, 0, 0, 0]], "3158.sol": [0, [0, 0, 0, 0, 0, 0, 0, 0, 0, 0]], "31051.sol": [0, [0, 0, 0, 0, 0, 0, 0, 0, 0, 0]], "12499.sol": [0, [0, 0, 0, 0, 0, 0, 0, 0, 0, 0]], "317.sol": [0, [0, 0, 0, 0, 0, 0, 0, 0, 0, 0]], "40685.sol": [0, [0, 0, 0, 0, 0, 0, 0, 0, 0, 0]], "37837.sol": [0, [0, 0, 0, 0, 0, 0, 0, 0, 0, 0]], "23527.sol": [0, [0, 0, 0, 0, 0, 0, 0, 0, 0, 0]], "4009.sol": [0, [0, 0, 0, 0, 0, 0, 0, 0, 0, 0]], "7238.sol": [0, [0, 0, 0, 0, 0, 0, 0, 0, 0, 0]], "12695.sol": [0, [0, 0, 0, 0, 0, 0, 0, 0, 0, 0]], "4587.sol": [0, [0, 0, 0, 0, 0, 0, 0, 0, 0, 0]], "33033.sol": [0, [0, 0, 0, 0, 0, 0, 0, 0, 0, 0]], "35978.sol": [1, [1, 1, 1, 1, 1, 0, 0, 0, 0, 0]], "26010.sol": [0, [0, 0, 0, 0, 0, 0, 0, 0, 0, 0]], "31407.sol": [0, [0, 0, 0, 0, 0, 0, 0, 0, 0, 0]], "38118.sol": [0, [0, 0, 0, 0, 0, 0, 0, 0, 0, 0]], "5308.sol": [0, [0, 0, 0, 0, 0, 0, 0, 0, 0, 0]], "29669.sol": [0, [0, 0, 0, 0, 0, 0, 0, 0, 0, 0]], "25193.sol": [0, [0, 0, 0, 0, 0, 0, 0, 0, 0, 0]], "34968.sol": [0, [0, 0, 0, 0, 0, 0, 0, 0, 0, 0]], "2359.sol": [0, [0, 0, 0, 0, 0, 0, 0, 0, 0, 0]], "18810.sol": [0, [0, 0, 0, 0, 0, 0, 0, 0, 0, 0]], "22650.sol": [0, [0, 0, 0, 0, 0, 0, 0, 0, 0, 0]], "31826.sol": [0, [0, 0, 0, 0, 0, 0, 0, 0, 0, 0]], "2348.sol": [0, [0, 0, 0, 0, 0, 0, 0, 0, 0, 0]], "30751.sol": [0, [0, 0, 0, 0, 0, 0, 0, 0, 0, 0]], "27038.sol": [0, [0, 0, 0, 0, 0, 0, 0, 0, 0, 0]], "25593.sol": [0, [0, 0, 0, 0, 0, 0, 0, 0, 0, 0]], "34858.sol": [0, [0, 0, 0, 0, 0, 0, 0, 0, 0, 0]], "12432.sol": [0, [0, 0, 0, 0, 0, 0, 0, 0, 0, 0]], "29894.sol": [0, [0, 0, 0, 0, 0, 0, 0, 0, 0, 0]], "23826.sol": [0, [0, 0, 0, 0, 0, 0, 0, 0, 0, 0]], "39096.sol": [0, [0, 0, 0, 0, 0, 0, 0, 0, 0, 0]], "21670.sol": [0, [0, 0, 0, 0, 0, 0, 0, 0, 0, 0]], "21087.sol": [0, [0, 0, 0, 0, 0, 0, 0, 0, 0, 0]], "39132.sol": [0, [0, 0, 0, 0, 0, 0, 0, 0, 0, 0]], "33398.sol": [0, [0, 0, 0, 0, 0, 0, 0, 0, 0, 0]], "17258.sol": [0, [0, 0, 0, 0, 0, 0, 0, 0, 0, 0]], "22454.sol": [0, [0, 0, 0, 0, 0, 0, 0, 0, 0, 0]], "18471.sol": [0, [0, 0, 0, 0, 0, 0, 0, 0, 0, 0]], "38684.sol": [0, [0, 0, 0, 0, 0, 0, 0, 0, 0, 0]], "24773.sol": [0, [0, 0, 0, 0, 0, 0, 0, 0, 0, 0]], "24518.sol": [0, [0, 0, 0, 0, 0, 0, 0, 0, 0, 0]], "19115.sol": [0, [0, 0, 0, 0, 0, 0, 0, 0, 0, 0]], "7086.sol": [0, [0, 0, 0, 0, 0, 0, 0, 0, 0, 0]], "31702.sol": [0, [0, 0, 0, 0, 0, 0, 0, 0, 0, 0]], "16450.sol": [0, [0, 0, 0, 0, 0, 0, 0, 0, 0, 0]], "8578.sol": [0, [0, 0, 0, 0, 0, 0, 0, 0, 0, 0]], "10671.sol": [0, [0, 0, 0, 0, 0, 0, 0, 0, 0, 0]], "39503.sol": [0, [0, 0, 0, 0, 0, 0, 0, 0, 0, 0]], "36861.sol": [0, [0, 0, 0, 0, 0, 0, 0, 0, 0, 0]], "27367.sol": [0, [0, 0, 0, 0, 0, 0, 0, 0, 0, 0]], "13841.sol": [0, [0, 0, 0, 0, 0, 0, 0, 0, 0, 0]], "16910.sol": [0, [0, 0, 0, 0, 0, 0, 0, 0, 0, 0]], "1171.sol": [0, [0, 0, 0, 0, 0, 0, 0, 0, 0, 0]], "34456.sol": [0, [0, 0, 0, 0, 0, 0, 0, 0, 0, 0]], "12391.sol": [0, [0, 0, 0, 0, 0, 0, 0, 0, 0, 0]], "34522.sol": [0, [0, 0, 0, 0, 0, 0, 0, 0, 0, 0]], "40450.sol": [0, [0, 0, 0, 0, 0, 0, 0, 0, 0, 0]], "28858.sol": [0, [0, 0, 0, 0, 0, 0, 0, 0, 0, 0]], "36199.sol": [0, [0, 0, 0, 0, 0, 0, 0, 0, 0, 0]], "31912.sol": [0, [0, 0, 0, 0, 0, 0, 0, 0, 0, 0]], "31527.sol": [0, [0, 0, 0, 0, 0, 0, 0, 0, 0, 0]], "9361.sol": [0, [0, 0, 0, 0, 0, 0, 0, 0, 0, 0]], "7467.sol": [0, [0, 0, 0, 0, 0, 0, 0, 0, 0, 0]], "7225.sol": [0, [0, 0, 0, 0, 0, 0, 0, 0, 0, 0]], "28467.sol": [0, [0, 0, 0, 0, 0, 0, 0, 0, 0, 0]], "31861.sol": [0, [0, 0, 0, 0, 0, 0, 0, 0, 0, 0]], "12047.sol": [0, [0, 0, 0, 0, 0, 0, 0, 0, 0, 0]], "18931.sol": [0, [0, 0, 0, 0, 0, 0, 0, 0, 0, 0]], "31224.sol": [0, [0, 0, 0, 0, 0, 0, 0, 0, 0, 0]], "24263.sol": [0, [0, 0, 0, 0, 0, 0, 0, 0, 0, 0]], "35730.sol": [0, [0, 0, 0, 0, 0, 0, 0, 0, 0, 0]], "18992.sol": [0, [0, 0, 0, 0, 0, 0, 0, 0, 0, 0]], "36239.sol": [0, [0, 0, 0, 0, 0, 0, 0, 0, 0, 0]], "3568.sol": [0, [0, 0, 0, 0, 0, 0, 0, 0, 0, 0]], "39997.sol": [0, [0, 0, 0, 0, 0, 0, 0, 0, 0, 0]], "25286.sol": [0, [0, 0, 0, 0, 0, 0, 0, 0, 0, 0]], "24427.sol": [0, [0, 0, 0, 0, 0]], "36661.sol": [0, [0, 0, 0, 0, 0, 0, 0, 0, 0, 0]], "5533.sol": [0, [0, 0, 0, 0, 0, 0, 0, 0, 0, 0]], "19312.sol": [0, [0, 0, 0, 0, 0, 0, 0, 0, 0, 0]], "9115.sol": [0, [0, 0, 0, 0, 0, 0, 0, 0, 0, 0]], "36090.sol": [0, [0, 0, 0, 0, 0, 0, 0, 0, 0, 0]], "18833.sol": [0, [0, 0, 0, 0, 0, 0, 0, 0, 0, 0]], "38529.sol": [0, [0, 0, 0, 0, 0, 0, 0, 0, 0, 0]], "11244.sol": [0, [0, 0, 0, 0, 0, 0, 0, 0, 0, 0]], "38736.sol": [0, [0, 0, 0, 0, 0, 0, 0, 0, 0, 0]], "8283.sol": [0, [0, 0, 0, 0, 0, 0, 0, 0, 0, 0]], "10697.sol": [0, [0, 0, 0, 0, 0, 0, 0, 0, 0, 0]], "5242.sol": [0, [0, 0, 0, 0, 0, 0, 0, 0, 0, 0]], "26639.sol": [0, [0, 0, 0, 0, 0, 0, 0, 0, 0, 0]], "3293.sol": [0, [0, 0, 0, 0, 0, 0, 0, 0, 0, 0]], "39705.sol": [0, [0, 0, 0, 0, 0, 0, 0, 0, 0, 0]], "7151.sol": [0, [0, 0, 0, 0, 0, 0, 0, 0, 0, 0]], "24788.sol": [0, [0, 0, 0, 0, 0, 0, 0, 0, 0, 0]], "31309.sol": [0, [0, 0, 0, 0, 0, 0, 0, 0, 0, 0]], "15691.sol": [0, [0, 0, 0, 0, 0, 0, 0, 0, 0, 0]], "34427.sol": [0, [0, 0, 0, 0, 0, 0, 0, 0, 0, 0]], "11216.sol": [0, [0, 0, 0, 0, 0, 0, 0, 0, 0, 0]], "22649.sol": [0, [0, 0, 0, 0, 0, 0, 0, 0, 0, 0]], "12153.sol": [0, [0, 0, 0, 0, 0, 0, 0, 0, 0, 0]], "35322.sol": [0, [0, 0, 0, 0, 0, 0, 0, 0, 0, 0]], "19499.sol": [0, [0, 0, 0, 0, 0, 0, 0, 0, 0, 0]], "24188.sol": [0, [0, 0, 0, 0, 0, 0, 0, 0, 0, 0]], "18626.sol": [0, [0, 0, 0, 0, 0, 0, 0, 0, 0, 0]], "11100.sol": [0, [0, 0, 0, 0, 0, 0, 0, 0, 0, 0]], "26648.sol": [0, [0, 0, 0, 0, 0, 0, 0, 0, 0, 0]], "20654.sol": [0, [0, 0, 0, 0, 0, 0, 0, 0, 0, 0]], "19926.sol": [0, [0, 0, 0, 0, 0, 0, 0, 0, 0, 0]], "32758.sol": [0, [0, 0, 0, 0, 0, 0, 0, 0, 0, 0]], "5622.sol": [0, [0, 0, 0, 0, 0, 0, 0, 0, 0, 0]], "37615.sol": [0, [0, 0, 0, 0, 0, 0, 0, 0, 0, 0]], "31638.sol": [0, [0, 0, 0, 0, 0, 0, 0, 0, 0, 0]], "39498.sol": [1, [1, 1, 1, 1, 1, 0, 1, 0, 0, 1]], "27325.sol": [1, [1, 1, 1, 1, 0, 0, 0, 0, 0, 0]], "26920.sol": [0, [0, 0, 0, 0, 0, 0, 0, 0, 0, 0]], "30205.sol": [0, [0, 0, 0, 0, 0, 0, 0, 0, 0, 0]], "37782.sol": [0, [0, 0, 0, 0, 0, 0, 0, 0, 0, 0]], "22065.sol": [1, [0, 0, 1, 0, 0, 0, 0, 0, 0, 0]], "39509.sol": [1, [1, 1, 1, 1, 1, 0, 1, 0, 0, 1]], "37101.sol": [0, [0, 0, 0, 0, 0, 0, 0, 0, 0, 0]], "22675.sol": [0, [0, 0, 0, 0, 0, 0, 0, 0, 0, 0]], "195.sol": [1, [0, 0, 0, 0, 0, 0, 1, 1, 0, 0]], "500.sol": [1, [0, 0, 0, 0, 0, 0, 1, 1, 0, 0]], "37925.sol": [1, [1, 1, 1, 0, 1, 0, 0, 1, 0, 0]], "35374.sol": [0, [0, 0, 0, 0, 0, 0, 0, 0, 0, 0]], "261.sol": [1, [1, 1, 0, 0, 0, 0, 0, 0, 0, 0]], "33490.sol": [1, [1, 1, 1, 0, 0, 0, 1, 0, 0, 0]], "26926.sol": [0, [0, 0, 0, 0, 0, 0, 0, 0, 0, 0]], "1788.sol": [1, [0, 0, 0, 0, 0, 0, 1, 1, 0, 0]], "12182.sol": [1, [1, 1, 1, 0, 0, 1, 0, 0, 0, 0]], "40056.sol": [1, [1, 1, 1, 1, 1, 0, 1, 0, 0, 1]], "17043.sol": [0, [0, 0, 0, 0, 0, 0, 0, 0, 0]], "18294.sol": [1, [1, 1, 1, 1, 1, 1, 1, 1, 1, 1]], "347.sol": [0, [0, 0, 0, 0, 0, 0, 0, 0, 0, 0]], "3086.sol": [1, [1, 0, 0, 0, 0, 0, 0, 0, 0, 0]], "30663.sol": [1, [1, 0, 0, 0, 0, 0, 0, 0, 0, 0]], "345.sol": [1, [0, 1, 0, 0, 0, 0, 0, 0, 0, 0]], "36903.sol": [1, [1, 1, 0, 0, 0, 0]], "37858.sol": [0, [0, 0, 0, 0, 0, 0, 0, 0, 0, 0]], "4980.sol": [0, [0, 0, 0, 0, 0, 0, 0, 0, 0, 0]], "22780.sol": [1, [0, 0, 0, 0, 0, 0, 0, 0, 1, 0]], "2015.sol": [1, [1, 1, 0, 0, 0, 0, 0, 0, 0, 0]], "36046.sol": [1, [1, 0, 0, 0, 0, 0]], "33493.sol": [1, [1, 1, 1, 0, 0, 0, 1, 0, 0, 0]], "35131.sol": [1, [0, 0, 0, 0, 0, 0, 1, 0, 0, 0]], "10923.sol": [1, [1, 1, 1, 1, 0, 0, 0, 1, 0, 0]], "35231.sol": [1, [1, 0, 1, 0, 0, 0, 1, 0, 0, 1]], "39315.sol": [1, [1, 1, 1, 1, 1, 0, 1, 0, 0, 1]], "1707.sol": [1, [1, 1, 1, 1, 1, 1, 1, 0, 1, 0]], "31497.sol": [1, [1, 1, 1, 1, 0, 0, 0, 0, 0, 0]], "30359.sol": [1, [1, 0, 0, 0, 0, 0, 0, 0, 0, 0]]}