{"31062.sol": [0, [0, 0, 0, 0, 0, 0, 0, 0, 0, 0]], "3877.sol": [0, [0, 0, 0, 0, 0, 0, 0, 0, 0, 0]], "15744.sol": [0, [0, 0, 0, 0, 0, 0, 0, 0, 0, 0]], "18185.sol": [0, [0, 0, 0, 0, 0, 0, 0, 0, 0, 0]], "24398.sol": [0, [0, 0, 0, 0, 0, 0, 0, 0, 0, 0]], "33334.sol": [0, [0, 0, 0, 0, 0, 0, 0, 0, 0, 0]], "5962.sol": [0, [0, 0, 0, 0, 0, 0, 0, 0, 0, 0]], "39486.sol": [0, [0, 0, 0, 0, 0, 0, 0, 0, 0, 0]], "6949.sol": [0, [0, 0, 0, 0, 0, 0, 0, 0, 0, 0]], "9959.sol": [0, [0, 0, 0, 0, 0, 0, 0, 0, 0, 0]], "14779.sol": [0, [0, 0, 0, 0, 0, 0, 0, 0, 0, 0]], "30995.sol": [0, [0, 0, 0, 0, 0, 0, 0, 0, 0, 0]], "17271.sol": [0, [0, 0, 0, 0, 0, 0, 0, 0, 0, 0]], "40188.sol": [0, [0, 0, 0, 0, 0, 0, 0, 0, 0, 0]], "30535.sol": [0, [0, 0, 0, 0, 0, 0, 0, 0, 0, 0]], "30722.sol": [0, [0, 0, 0, 0, 0, 0, 0, 0, 0, 0]], "9305.sol": [0, [0, 0, 0, 0, 0, 0, 0, 0, 0, 0]], "17827.sol": [0, [0, 0, 0, 0, 0, 0, 0, 0, 0, 0]], "4797.sol": [0, [0, 0, 0, 0, 0, 0, 0, 0, 0, 0]], "9642.sol": [0, [0, 0, 0, 0, 0, 0, 0, 0, 0, 0]], "2445.sol": [0, [0, 0, 0, 0, 0, 0, 0, 0, 0, 0]], "33015.sol": [0, [0, 0, 0, 0, 0, 0, 0, 0, 0, 0]], "31064.sol": [0, [0, 0, 0, 0, 0, 0, 0, 0, 0, 0]], "28451.sol": [0, [0, 0, 0, 0, 0, 0, 0, 0, 0, 0]], "33106.sol": [0, [0, 0, 0, 0, 0, 0, 0, 0, 0, 0]], "15512.sol": [0, [0, 0, 0, 0, 0, 0, 0, 0, 0, 0]], "20179.sol": [0, [0, 0, 0, 0, 0, 0, 0, 0, 0, 0]], "12610.sol": [0, [0, 0, 0, 0, 0, 0, 0, 0, 0, 0]], "26653.sol": [0, [0, 0, 0, 0, 0, 0, 0, 0, 0, 0]], "19140.sol": [0, [0, 0, 0, 0, 0, 0, 0, 0, 0, 0]], "26836.sol": [0, [0, 0, 0, 0, 0, 0, 0, 0, 0, 0]], "18175.sol": [0, [0, 0, 0, 0, 0, 0, 0, 0, 0, 0]], "30260.sol": [0, [0, 0, 0, 0, 0, 0, 0, 0, 0, 0]], "20223.sol": [0, [0, 0, 0, 0, 0, 0, 0, 0, 0, 0]], "14118.sol": [0, [0, 0, 0, 0, 0, 0, 0, 0, 0, 0]], "6974.sol": [0, [0, 0, 0, 0, 0, 0, 0, 0, 0, 0]], "32525.sol": [0, [0, 0, 0, 0, 0, 0, 0, 0, 0, 0]], "17360.sol": [0, [0, 0, 0, 0, 0, 0, 0, 0, 0, 0]], "1068.sol": [0, [0, 0, 0, 0, 0, 0, 0, 0, 0, 0]], "19912.sol": [0, [0, 0, 0, 0, 0, 0, 0, 0, 0, 0]], "2283.sol": [0, [0, 0, 0, 0, 0, 0, 0, 0, 0, 0]], "21057.sol": [0, [0, 0, 0, 0, 0, 0, 0, 0, 0, 0]], "5031.sol": [0, [0, 0, 0, 0, 0, 0, 0, 0, 0, 0]], "24574.sol": [0, [0, 0, 0, 0, 0, 0, 0, 0, 0, 0]], "28962.sol": [0, [0, 0, 0, 0, 0, 0, 0, 0, 0, 0]], "27443.sol": [0, [0, 0, 0, 0, 0, 0, 0, 0, 0, 0]], "7965.sol": [0, [0, 0, 0, 0, 0, 0, 0, 0, 0, 0]], "21551.sol": [0, [0, 0, 0, 0, 0, 0, 0, 0, 0, 0]], "32228.sol": [1, [1, 1, 1, 0, 0, 0, 0, 0, 0, 0]], "31857.sol": [0, [0, 0, 0, 0, 0, 0, 0, 0, 0, 0]], "36968.sol": [0, [0, 0, 0, 0, 0, 0, 0, 0, 0, 0]], "24077.sol": [0, [0, 0, 0, 0, 0, 0, 0, 0, 0, 0]], "10684.sol": [0, [0, 0, 0, 0, 0, 0, 0, 0, 0, 0]], "31865.sol": [0, [0, 0, 0, 0, 0, 0, 0, 0, 0, 0]], "1459.sol": [0, [0, 0, 0, 0, 0, 0, 0, 0, 0, 0]], "34628.sol": [0, [0, 0, 0, 0, 0, 0, 0, 0, 0, 0]], "16738.sol": [0, [0, 0, 0, 0, 0, 0, 0, 0, 0, 0]], "5414.sol": [0, [0, 0, 0, 0, 0, 0, 0, 0, 0, 0]], "19645.sol": [0, [0, 0, 0, 0, 0, 0, 0, 0, 0, 0]], "20483.sol": [0, [0, 0, 0, 0, 0, 0, 0, 0, 0, 0]], "6496.sol": [0, [0, 0, 0, 0, 0, 0, 0, 0, 0, 0]], "5020.sol": [0, [0, 0, 0, 0, 0, 0, 0, 0, 0, 0]], "9716.sol": [0, [0, 0, 0, 0, 0, 0, 0, 0, 0, 0]], "10415.sol": [0, [0, 0, 0, 0, 0, 0, 0, 0, 0, 0]], "15095.sol": [0, [0, 0, 0, 0, 0, 0, 0, 0, 0, 0]], "16826.sol": [0, [0, 0, 0, 0, 0, 0, 0, 0, 0, 0]], "8027.sol": [0, [0, 0, 0, 0, 0, 0, 0, 0, 0, 0]], "35456.sol": [0, [0, 0, 0, 0, 0, 0, 0, 0, 0, 0]], "5768.sol": [0, [0, 0, 0, 0, 0, 0, 0, 0, 0, 0]], "12285.sol": [1, [0, 0, 1, 1, 0, 0, 0, 0, 0, 0]], "37868.sol": [0, [0, 0, 0, 0, 0, 0, 0, 0, 0, 0]], "33893.sol": [0, [0, 0, 0, 0, 0, 0, 0, 0, 0, 0]], "29975.sol": [0, [0, 0, 0, 0, 0, 0, 0, 0, 0, 0]], "1980.sol": [0, [0, 0, 0, 0, 0, 0, 0, 0, 0, 0]], "38391.sol": [0, [0, 0, 0, 0, 0, 0, 0, 0, 0, 0]], "8394.sol": [0, [0, 0, 0, 0, 0, 0, 0, 0, 0, 0]], "27276.sol": [0, [0, 0, 0, 0, 0, 0, 0, 0, 0, 0]], "2233.sol": [0, [0, 0, 0, 0, 0, 0, 0, 0, 0, 0]], "18311.sol": [0, [0, 0, 0, 0, 0, 0, 0, 0, 0, 0]], "12438.sol": [0, [0, 0, 0, 0, 0, 0, 0, 0, 0, 0]], "18628.sol": [0, [0, 0, 0, 0, 0, 0, 0, 0, 0, 0]], "20205.sol": [0, [0, 0, 0, 0, 0, 0, 0, 0, 0, 0]], "14217.sol": [0, [0, 0, 0, 0, 0, 0, 0, 0, 0, 0]], "13403.sol": [0, [0, 0, 0, 0, 0, 0, 0, 0, 0, 0]], "8829.sol": [0, [0, 0, 0, 0, 0, 0, 0, 0, 0, 0]], "22682.sol": [0, [0, 0, 0, 0, 0, 0, 0, 0, 0, 0]], "18236.sol": [0, [0, 0, 0, 0, 0, 0, 0, 0, 0, 0]], "7833.sol": [0, [0, 0, 0, 0, 0, 0, 0, 0, 0, 0]], "30440.sol": [0, [0, 0, 0, 0, 0, 0, 0, 0, 0, 0]], "23022.sol": [0, [0, 0, 0, 0, 0, 0, 0, 0, 0, 0]], "5232.sol": [0, [0, 0, 0, 0, 0, 0, 0, 0, 0, 0]], "18683.sol": [0, [0, 0, 0, 0, 0, 0, 0, 0, 0, 0]], "36149.sol": [1, [0, 0, 0, 0, 0, 0, 0, 0, 0, 1]], "16643.sol": [1, [1, 0, 0, 0, 0, 1, 0, 0, 0, 0]], "25432.sol": [0, [0, 0, 0, 0, 0, 0, 0, 0, 0, 0]], "1921.sol": [0, [0, 0, 0, 0, 0, 0, 0, 0, 0, 0]], "14036.sol": [0, [0, 0, 0, 0, 0, 0, 0, 0, 0, 0]], "2562.sol": [0, [0, 0, 0, 0, 0, 0, 0, 0, 0, 0]], "37028.sol": [0, [0, 0, 0, 0, 0, 0, 0, 0, 0, 0]], "26411.sol": [0, [0, 0, 0, 0, 0, 0, 0, 0, 0, 0]], "24934.sol": [0, [0, 0, 0, 0, 0, 0, 0, 0, 0, 0]], "26230.sol": [0, [0, 0, 0, 0, 0, 0, 0, 0, 0, 0]], "10710.sol": [0, [0, 0, 0, 0, 0, 0, 0, 0, 0, 0]], "27896.sol": [0, [0, 0, 0, 0, 0, 0, 0, 0, 0, 0]], "35142.sol": [1, [0, 0, 0, 0, 1, 0, 1, 0, 0, 0]], "6340.sol": [0, [0, 0, 0, 0, 0, 0, 0, 0, 0, 0]], "37119.sol": [0, [0, 0, 0, 0, 0, 0, 0, 0, 0, 0]], "37443.sol": [0, [0, 0, 0, 0, 0, 0, 0, 0, 0, 0]], "21325.sol": [0, [0, 0, 0, 0, 0, 0, 0, 0, 0, 0]], "11249.sol": [0, [0, 0, 0, 0, 0, 0, 0, 0, 0, 0]], "37936.sol": [0, [0, 0, 0, 0, 0, 0, 0, 0, 0, 0]], "35566.sol": [0, [0, 0, 0, 0, 0, 0, 0, 0, 0, 0]], "24831.sol": [0, [0, 0, 0, 0, 0, 0, 0, 0, 0, 0]], "3913.sol": [0, [0, 0, 0, 0, 0, 0, 0, 0, 0, 0]], "8242.sol": [0, [0, 0, 0, 0, 0, 0, 0, 0, 0, 0]], "27121.sol": [0, [0, 0, 0, 0, 0, 0, 0, 0, 0, 0]], "17911.sol": [0, [0, 0, 0, 0, 0, 0, 0, 0, 0, 0]], "26984.sol": [0, [0, 0, 0, 0, 0, 0, 0, 0, 0, 0]], "34246.sol": [0, [0, 0, 0, 0, 0, 0, 0, 0, 0, 0]], "14766.sol": [0, [0, 0, 0, 0, 0, 0, 0, 0, 0, 0]], "31200.sol": [0, [0, 0, 0, 0, 0, 0, 0, 0, 0, 0]], "28359.sol": [0, [0, 0, 0, 0, 0, 0, 0, 0, 0, 0]], "14261.sol": [0, [0, 0, 0, 0, 0, 0, 0, 0, 0, 0]], "25961.sol": [0, [0, 0, 0, 0, 0, 0, 0, 0, 0, 0]], "7645.sol": [0, [0, 0, 0, 0, 0, 0, 0, 0, 0, 0]], "29653.sol": [0, [0, 0, 0, 0, 0, 0, 0, 0, 0, 0]], "17658.sol": [0, [0, 0, 0, 0, 0, 0, 0, 0, 0, 0]], "10093.sol": [0, [0, 0, 0, 0, 0, 0, 0, 0, 0, 0]], "4969.sol": [0, [0, 0, 0, 0, 0, 0, 0, 0, 0, 0]], "29743.sol": [0, [0, 0, 0, 0, 0, 0, 0, 0, 0, 0]], "29428.sol": [0, [0, 0, 0, 0, 0, 0, 0, 0, 0, 0]], "19306.sol": [0, [0, 0, 0, 0, 0, 0, 0, 0, 0, 0]], "22940.sol": [0, [0, 0, 0, 0, 0, 0, 0, 0, 0, 0]], "11995.sol": [0, [0, 0, 0, 0, 0, 0, 0, 0, 0, 0]], "14654.sol": [0, [0, 0, 0, 0, 0, 0, 0, 0, 0, 0]], "30976.sol": [0, [0, 0, 0, 0, 0, 0, 0, 0, 0, 0]], "4526.sol": [0, [0, 0, 0, 0, 0, 0, 0, 0, 0, 0]], "9615.sol": [0, [0, 0, 0, 0, 0, 0, 0, 0, 0, 0]], "28224.sol": [0, [0, 0, 0, 0, 0, 0, 0, 0, 0, 0]], "38736.sol": [0, [0, 0, 0, 0, 0, 0, 0, 0, 0, 0]], "37919.sol": [0, [0, 0, 0, 0, 0, 0, 0, 0, 0, 0]], "17616.sol": [0, [0, 0, 0, 0, 0, 0, 0, 0, 0, 0]], "30198.sol": [0, [0, 0, 0, 0, 0, 0, 0, 0, 0, 0]], "36108.sol": [0, [0, 0, 0, 0, 0, 0, 0, 0, 0, 0]], "8640.sol": [0, [0, 0, 0, 0, 0, 0, 0, 0, 0, 0]], "22119.sol": [0, [0, 0, 0, 0, 0, 0, 0, 0, 0, 0]], "7140.sol": [0, [0, 0, 0, 0, 0, 0, 0, 0, 0, 0]], "21678.sol": [0, [0, 0, 0, 0, 0, 0, 0, 0, 0, 0]], "15987.sol": [0, [0, 0, 0, 0, 0, 0, 0, 0, 0, 0]], "26757.sol": [0, [0, 0, 0, 0, 0, 0, 0, 0, 0, 0]], "25339.sol": [0, [0, 0, 0, 0, 0, 0, 0, 0, 0, 0]], "22914.sol": [0, [0, 0, 0, 0, 0, 0, 0, 0, 0, 0]], "19424.sol": [0, [0, 0, 0, 0, 0, 0, 0, 0, 0, 0]], "14441.sol": [0, [0, 0, 0, 0, 0, 0, 0, 0, 0, 0]], "5713.sol": [0, [0, 0, 0, 0, 0, 0, 0, 0, 0, 0]], "6132.sol": [0, [0, 0, 0, 0, 0, 0, 0, 0, 0, 0]], "11746.sol": [0, [0, 0, 0, 0, 0, 0, 0, 0, 0, 0]], "3991.sol": [0, [0, 0, 0, 0, 0, 0, 0, 0, 0, 0]], "25104.sol": [0, [0, 0, 0, 0, 0, 0, 0, 0, 0, 0]], "6675.sol": [0, [0, 0, 0, 0, 0, 0, 0, 0, 0, 0]], "10022.sol": [0, [0, 0, 0, 0, 0, 0, 0, 0, 0, 0]], "6776.sol": [0, [0, 0, 0, 0, 0, 0, 0, 0, 0, 0]], "26250.sol": [0, [0, 0, 0, 0, 0, 0, 0, 0, 0, 0]], "29650.sol": [0, [0, 0, 0, 0, 0, 0, 0, 0, 0, 0]], "34723.sol": [0, [0, 0, 0, 0, 0, 0, 0, 0, 0, 0]], "19416.sol": [0, [0, 0, 0, 0, 0, 0, 0, 0, 0, 0]], "8904.sol": [0, [0, 0, 0, 0, 0, 0, 0, 0, 0, 0]], "14857.sol": [0, [0, 0, 0, 0, 0, 0, 0, 0, 0, 0]], "18669.sol": [0, [0, 0, 0, 0, 0, 0, 0, 0, 0, 0]], "33541.sol": [0, [0, 0, 0, 0, 0, 0, 0, 0, 0, 0]], "27833.sol": [0, [0, 0, 0, 0, 0, 0, 0, 0, 0, 0]], "2087.sol": [0, [0, 0, 0, 0, 0, 0, 0, 0, 0, 0]], "18198.sol": [0, [0, 0, 0, 0, 0, 0, 0, 0, 0, 0]], "20568.sol": [0, [0, 0, 0, 0, 0, 0, 0, 0, 0, 0]], "39654.sol": [0, [0, 0, 0, 0, 0, 0, 0, 0, 0, 0]], "14541.sol": [0, [0, 0, 0, 0, 0, 0, 0, 0, 0, 0]], "10209.sol": [0, [0, 0, 0, 0, 0, 0, 0, 0, 0, 0]], "2949.sol": [0, [0, 0, 0, 0, 0, 0, 0, 0, 0, 0]], "4751.sol": [0, [0, 0, 0, 0, 0, 0, 0, 0, 0, 0]], "9511.sol": [0, [0, 0, 0, 0, 0, 0, 0, 0, 0, 0]], "25358.sol": [0, [0, 0, 0, 0, 0, 0, 0, 0, 0, 0]], "31108.sol": [0, [0, 0, 0, 0, 0, 0, 0, 0, 0, 0]], "7251.sol": [0, [0, 0, 0, 0, 0, 0, 0, 0, 0, 0]], "6383.sol": [0, [0, 0, 0, 0, 0, 0, 0, 0, 0, 0]], "38697.sol": [0, [0, 0, 0, 0, 0, 0, 0, 0, 0, 0]], "26391.sol": [0, [0, 0, 0, 0, 0, 0, 0, 0, 0, 0]], "16965.sol": [0, [0, 0, 0, 0, 0, 0, 0, 0, 0, 0]], "23661.sol": [0, [0, 0, 0, 0, 0, 0, 0, 0, 0, 0]], "8455.sol": [0, [0, 0, 0, 0, 0, 0, 0, 0, 0, 0]], "17493.sol": [0, [0, 0, 0, 0, 0, 0, 0, 0, 0, 0]], "4178.sol": [0, [0, 0, 0, 0, 0, 0, 0, 0, 0, 0]], "14302.sol": [0, [0, 0, 0, 0, 0, 0, 0, 0, 0, 0]], "18572.sol": [0, [0, 0, 0, 0, 0, 0, 0, 0, 0, 0]], "6591.sol": [0, [0, 0, 0, 0, 0, 0, 0, 0, 0, 0]], "8421.sol": [0, [0, 0, 0, 0, 0, 0, 0, 0, 0, 0]], "19798.sol": [0, [0, 0, 0, 0, 0, 0, 0, 0, 0, 0]], "29206.sol": [0, [0, 0, 0, 0, 0, 0, 0, 0, 0, 0]], "2129.sol": [0, [0, 0, 0, 0, 0, 0, 0, 0, 0, 0]], "12716.sol": [0, [0, 0, 0, 0, 0, 0, 0, 0, 0, 0]], "4798.sol": [0, [0, 0, 0, 0, 0, 0, 0, 0, 0, 0]], "14339.sol": [0, [0, 0, 0, 0, 0, 0, 0, 0, 0, 0]], "8560.sol": [0, [0, 0, 0, 0, 0, 0, 0, 0, 0, 0]], "35715.sol": [0, [0, 0, 0, 0, 0, 0, 0, 0, 0, 0]], "19675.sol": [0, [0, 0, 0, 0, 0, 0, 0, 0, 0, 0]], "33987.sol": [0, [0, 0, 0, 0, 0, 0, 0, 0, 0, 0]], "29397.sol": [0, [0, 0, 0, 0, 0, 0, 0, 0, 0, 0]], "9142.sol": [0, [0, 0, 0, 0, 0, 0, 0, 0, 0, 0]], "14562.sol": [0, [0, 0, 0, 0, 0, 0, 0, 0, 0, 0]], "28121.sol": [0, [0, 0, 0, 0, 0, 0, 0, 0, 0, 0]], "20158.sol": [0, [0, 0, 0, 0, 0, 0, 0, 0, 0, 0]], "38543.sol": [0, [0, 0, 0, 0, 0, 0, 0, 0, 0, 0]], "17764.sol": [0, [0, 0, 0, 0, 0, 0, 0, 0, 0, 0]], "26000.sol": [0, [0, 0, 0, 0, 0, 0, 0, 0, 0, 0]], "18337.sol": [0, [0, 0, 0, 0, 0, 0, 0, 0, 0, 0]], "15039.sol": [0, [0, 0, 0, 0, 0, 0, 0, 0, 0, 0]], "19142.sol": [0, [0, 0, 0, 0, 0, 0, 0, 0, 0, 0]], "7546.sol": [0, [0, 0, 0, 0, 0, 0, 0, 0, 0, 0]], "15004.sol": [0, [0, 0, 0, 0, 0, 0, 0, 0, 0, 0]], "22960.sol": [0, [0, 0, 0, 0, 0, 0, 0, 0, 0, 0]], "15881.sol": [0, [0, 0, 0, 0, 0, 0, 0, 0, 0, 0]], "14743.sol": [0, [0, 0, 0, 0, 0, 0, 0, 0, 0, 0]], "9182.sol": [0, [0, 0, 0, 0, 0, 0, 0, 0, 0, 0]], "7803.sol": [0, [0, 0, 0, 0, 0, 0, 0, 0, 0, 0]], "37289.sol": [0, [0, 0, 0, 0, 0, 0, 0, 0, 0, 0]], "12712.sol": [0, [0, 0, 0, 0, 0, 0, 0, 0, 0, 0]], "35154.sol": [0, [0, 0, 0, 0, 0, 0, 0, 0, 0, 0]], "18449.sol": [0, [0, 0, 0, 0, 0, 0, 0, 0, 0, 0]], "31585.sol": [0, [0, 0, 0, 0, 0, 0, 0, 0, 0, 0]], "29424.sol": [0, [0, 0, 0, 0, 0, 0, 0, 0, 0, 0]], "16421.sol": [0, [0, 0, 0, 0, 0, 0, 0, 0, 0, 0]], "8701.sol": [0, [0, 0, 0, 0, 0, 0, 0, 0, 0, 0]], "29459.sol": [0, [0, 0, 0, 0, 0, 0, 0, 0, 0, 0]], "2374.sol": [0, [0, 0, 0, 0, 0, 0, 0, 0, 0, 0]], "10723.sol": [0, [0, 0, 0, 0, 0, 0, 0, 0, 0, 0]], "22741.sol": [0, [0, 0, 0, 0, 0, 0, 0, 0, 0, 0]], "27449.sol": [0, [0, 0, 0, 0, 0, 0, 0, 0, 0, 0]], "34287.sol": [0, [0, 0, 0, 0, 0, 0, 0, 0, 0, 0]], "17228.sol": [0, [0, 0, 0, 0, 0, 0, 0, 0, 0, 0]], "29614.sol": [0, [0, 0, 0, 0, 0, 0, 0, 0, 0, 0]], "8866.sol": [0, [0, 0, 0, 0, 0, 0, 0, 0, 0, 0]], "3194.sol": [0, [0, 0, 0, 0, 0, 0, 0, 0, 0, 0]], "14705.sol": [0, [0, 0, 0, 0, 0, 0, 0, 0, 0, 0]], "13579.sol": [0, [0, 0, 0, 0, 0, 0, 0, 0, 0, 0]], "14096.sol": [0, [0, 0, 0, 0, 0, 0, 0, 0, 0, 0]], "4382.sol": [0, [0, 0, 0, 0, 0, 0, 0, 0, 0, 0]], "8319.sol": [0, [0, 0, 0, 0, 0, 0, 0, 0, 0, 0]], "9270.sol": [0, [0, 0, 0, 0, 0, 0, 0, 0, 0, 0]], "21831.sol": [0, [0, 0, 0, 0, 0, 0, 0, 0, 0, 0]], "20777.sol": [0, [0, 0, 0, 0, 0, 0, 0, 0, 0, 0]], "26739.sol": [0, [0, 0, 0, 0, 0, 0, 0, 0, 0, 0]], "20192.sol": [0, [0, 0, 0, 0, 0, 0, 0, 0, 0, 0]], "6985.sol": [0, [0, 0, 0, 0, 0, 0, 0, 0, 0, 0]], "5886.sol": [0, [0, 0, 0, 0, 0, 0, 0, 0, 0, 0]], "15357.sol": [0, [0, 0, 0, 0, 0, 0, 0, 0, 0, 0]], "26241.sol": [0, [0, 0, 0, 0, 0, 0, 0, 0, 0, 0]], "5378.sol": [0, [0, 0, 0, 0, 0, 0, 0, 0, 0, 0]], "26690.sol": [0, [0, 0, 0, 0, 0, 0, 0, 0, 0, 0]], "22314.sol": [0, [0, 0, 0, 0, 0, 0, 0, 0, 0, 0]], "19548.sol": [0, [0, 0, 0, 0, 0, 0, 0, 0, 0, 0]], "10340.sol": [0, [0, 0, 0, 0, 0, 0, 0, 0, 0, 0]], "18795.sol": [0, [0, 0, 0, 0, 0, 0, 0, 0, 0, 0]], "24043.sol": [0, [0, 0, 0, 0, 0, 0, 0, 0, 0, 0]], "9343.sol": [0, [0, 0, 0, 0, 0, 0, 0, 0, 0, 0]], "20585.sol": [1, [1, 1, 1, 1, 0, 0, 0, 0, 0, 0]], "27781.sol": [0, [0, 0, 0, 0, 0, 0, 0, 0, 0, 0]], "26939.sol": [0, [0, 0, 0, 0, 0, 0, 0, 0, 0, 0]], "18682.sol": [0, [0, 0, 0, 0, 0, 0, 0, 0, 0, 0]], "20645.sol": [0, [0, 0, 0, 0, 0, 0, 0, 0, 0, 0]], "27304.sol": [0, [0, 0, 0, 0, 0, 0, 0, 0, 0, 0]], "25967.sol": [0, [0, 0, 0, 0, 0, 0, 0, 0, 0, 0]], "13816.sol": [0, [0, 0, 0, 0, 0, 0, 0, 0, 0, 0]], "28804.sol": [0, [0, 0, 0, 0, 0, 0, 0, 0, 0, 0]], "21026.sol": [0, [0, 0, 0, 0, 0, 0, 0, 0, 0, 0]], "18082.sol": [0, [0, 0, 0, 0, 0, 0, 0, 0, 0, 0]], "25274.sol": [0, [0, 0, 0, 0, 0, 0, 0, 0, 0, 0]], "31595.sol": [0, [0, 0, 0, 0, 0, 0, 0, 0, 0, 0]], "23740.sol": [0, [0, 0, 0, 0, 0, 0, 0, 0, 0, 0]], "12152.sol": [0, [0, 0, 0, 0, 0, 0, 0, 0, 0, 0]], "25837.sol": [0, [0, 0, 0, 0, 0, 0, 0, 0, 0, 0]], "3258.sol": [0, [0, 0, 0, 0, 0, 0, 0, 0, 0, 0]], "7001.sol": [0, [0, 0, 0, 0, 0, 0, 0, 0, 0, 0]], "20060.sol": [0, [0, 0, 0, 0, 0, 0, 0, 0, 0, 0]], "27671.sol": [0, [0, 0, 0, 0, 0, 0, 0, 0, 0, 0]], "25623.sol": [0, [0, 0, 0, 0, 0, 0, 0, 0, 0, 0]], "39635.sol": [0, [0, 0, 0, 0, 0, 0, 0, 0, 0, 0]], "32168.sol": [0, [0, 0, 0, 0, 0, 0, 0, 0, 0, 0]], "2902.sol": [0, [0, 0, 0, 0, 0, 0, 0, 0, 0, 0]], "28919.sol": [0, [0, 0, 0, 0, 0, 0, 0, 0, 0, 0]], "15937.sol": [0, [0, 0, 0, 0, 0, 0, 0, 0, 0, 0]], "39250.sol": [0, [0, 0, 0, 0, 0, 0, 0, 0, 0, 0]], "35341.sol": [0, [0, 0, 0, 0, 0, 0, 0, 0, 0, 0]], "21421.sol": [0, [0, 0, 0, 0, 0, 0, 0, 0, 0, 0]], "13278.sol": [1, [0, 0, 0, 1, 0, 1, 0, 0, 0, 0]], "12641.sol": [0, [0, 0, 0, 0, 0, 0, 0, 0, 0, 0]], "4333.sol": [0, [0, 0, 0, 0, 0, 0, 0, 0, 0, 0]], "23686.sol": [0, [0, 0, 0, 0, 0, 0, 0, 0, 0, 0]], "7968.sol": [0, [0, 0, 0, 0, 0, 0, 0, 0, 0, 0]], "31575.sol": [1, [0, 0, 0, 0, 0, 0, 0, 1, 0, 0]], "4628.sol": [0, [0, 0, 0, 0, 0, 0, 0, 0, 0, 0]], "33664.sol": [1, [1, 1, 1, 1, 1, 1, 1, 1, 1, 1]], "30706.sol": [0, [0, 0, 0, 0, 0, 0, 0, 0, 0, 0]], "9458.sol": [0, [0, 0, 0, 0, 0, 0, 0, 0, 0, 0]], "15325.sol": [0, [0, 0, 0, 0, 0, 0, 0, 0, 0, 0]], "34059.sol": [0, [0, 0, 0, 0, 0, 0, 0, 0, 0, 0]], "22254.sol": [0, [0, 0, 0, 0, 0, 0, 0, 0, 0, 0]], "7606.sol": [0, [0, 0, 0, 0, 0, 0, 0, 0, 0, 0]], "20025.sol": [0, [0, 0, 0, 0, 0, 0, 0, 0, 0, 0]], "37675.sol": [0, [0, 0, 0, 0, 0, 0, 0, 0, 0, 0]], "13772.sol": [1, [0, 0, 0, 1, 1, 1, 0, 1, 0, 0]], "25107.sol": [0, [0, 0, 0, 0, 0, 0, 0, 0, 0, 0]], "35631.sol": [0, [0, 0, 0, 0, 0, 0, 0, 0, 0, 0]], "29311.sol": [0, [0, 0, 0, 0, 0, 0, 0, 0, 0, 0]], "600.sol": [0, [0, 0, 0, 0, 0, 0, 0, 0, 0, 0]], "7552.sol": [0, [0, 0, 0, 0, 0, 0, 0, 0, 0, 0]], "11321.sol": [0, [0, 0, 0, 0, 0, 0, 0, 0, 0, 0]], "8962.sol": [0, [0, 0, 0, 0, 0, 0, 0, 0, 0, 0]], "6739.sol": [0, [0, 0, 0, 0, 0, 0, 0, 0, 0, 0]], "38296.sol": [1, [0, 0, 0, 0, 0, 0, 1, 1, 1, 0]], "23965.sol": [0, [0, 0, 0, 0, 0, 0, 0, 0, 0, 0]], "18843.sol": [0, [0, 0, 0, 0, 0, 0, 0, 0, 0, 0]], "631.sol": [0, [0, 0, 0, 0, 0, 0, 0, 0, 0, 0]], "22407.sol": [0, [0, 0, 0, 0, 0, 0, 0, 0, 0, 0]], "1386.sol": [0, [0, 0, 0, 0, 0, 0, 0, 0, 0, 0]], "17001.sol": [0, [0, 0, 0, 0, 0, 0, 0, 0, 0, 0]], "31399.sol": [0, [0, 0, 0, 0, 0, 0, 0, 0, 0, 0]], "39394.sol": [0, [0, 0, 0, 0, 0, 0, 0, 0, 0, 0]], "24752.sol": [0, [0, 0, 0, 0, 0, 0, 0, 0, 0, 0]], "4008.sol": [0, [0, 0, 0, 0, 0, 0, 0, 0, 0, 0]], "22922.sol": [0, [0, 0, 0, 0, 0, 0, 0, 0, 0, 0]], "1772.sol": [0, [0, 0, 0, 0, 0, 0, 0, 0, 0, 0]], "1324.sol": [0, [0, 0, 0, 0, 0, 0, 0, 0, 0, 0]], "12071.sol": [0, [0, 0, 0, 0, 0, 0, 0, 0, 0, 0]], "30436.sol": [0, [0, 0, 0, 0, 0, 0, 0, 0, 0, 0]], "4425.sol": [0, [0, 0, 0, 0, 0, 0, 0, 0, 0, 0]], "10509.sol": [0, [0, 0, 0, 0, 0, 0, 0, 0, 0, 0]], "29576.sol": [0, [0, 0, 0, 0, 0, 0, 0, 0, 0, 0]], "15637.sol": [0, [0, 0, 0, 0, 0, 0, 0, 0, 0, 0]], "11458.sol": [0, [0, 0, 0, 0, 0, 0, 0, 0, 0, 0]], "6292.sol": [0, [0, 0, 0, 0, 0, 0, 0, 0, 0, 0]], "110.sol": [0, [0, 0, 0, 0, 0, 0, 0, 0, 0, 0]], "4750.sol": [0, [0, 0, 0, 0, 0, 0, 0, 0]], "24873.sol": [0, [0, 0, 0, 0, 0, 0, 0, 0, 0, 0]], "32603.sol": [0, [0, 0, 0, 0, 0, 0, 0, 0, 0, 0]], "17889.sol": [0, [0, 0, 0, 0, 0, 0, 0, 0, 0, 0]], "25549.sol": [0, [0, 0, 0, 0, 0, 0, 0, 0, 0, 0]], "12847.sol": [0, [0, 0, 0, 0, 0, 0, 0, 0, 0, 0]], "4656.sol": [0, [0, 0, 0, 0, 0, 0, 0, 0, 0, 0]], "20209.sol": [0, [0, 0, 0, 0, 0, 0, 0, 0, 0, 0]], "34006.sol": [0, [0, 0, 0, 0, 0, 0, 0, 0, 0, 0]], "5272.sol": [0, [0, 0, 0, 0, 0, 0, 0, 0, 0, 0]], "25775.sol": [0, [0, 0, 0, 0, 0, 0, 0, 0, 0, 0]], "9916.sol": [0, [0, 0, 0, 0, 0, 0, 0, 0, 0, 0]], "3200.sol": [0, [0, 0, 0, 0, 0, 0, 0, 0, 0, 0]], "32227.sol": [0, [0, 0, 0, 0, 0, 0, 0, 0, 0, 0]], "38913.sol": [1, [0, 0, 0, 0, 0, 0, 1, 1, 1, 1]], "8434.sol": [0, [0, 0, 0, 0, 0, 0, 0, 0, 0, 0]], "23243.sol": [0, [0, 0, 0, 0, 0, 0, 0, 0, 0, 0]], "11407.sol": [1, [0, 0, 0, 0, 0, 0, 0, 0, 0, 1]], "27158.sol": [0, [0, 0, 0, 0, 0, 0, 0, 0, 0, 0]], "28722.sol": [0, [0, 0, 0, 0, 0, 0, 0, 0, 0, 0]], "24034.sol": [0, [0, 0, 0, 0, 0, 0, 0, 0, 0, 0]], "17919.sol": [0, [0, 0, 0, 0, 0, 0, 0, 0, 0, 0]], "16140.sol": [0, [0, 0, 0, 0, 0, 0, 0, 0, 0, 0]], "30572.sol": [0, [0, 0, 0, 0, 0, 0, 0, 0, 0, 0]], "31198.sol": [0, [0, 0, 0, 0, 0, 0, 0, 0, 0, 0]], "2279.sol": [0, [0, 0, 0, 0, 0, 0, 0, 0, 0, 0]], "36777.sol": [1, [0, 0, 1, 0, 0, 0, 0, 1, 1, 0]], "21507.sol": [0, [0, 0, 0, 0, 0, 0, 0, 0, 0, 0]], "8605.sol": [0, [0, 0, 0, 0, 0, 0, 0, 0, 0, 0]], "21517.sol": [0, [0, 0, 0, 0, 0, 0, 0, 0, 0, 0]], "14653.sol": [0, [0, 0, 0, 0, 0, 0, 0, 0, 0, 0]], "37739.sol": [0, [0, 0, 0, 0, 0, 0, 0, 0, 0, 0]], "13584.sol": [0, [0, 0, 0, 0, 0, 0, 0, 0, 0, 0]], "31939.sol": [0, [0, 0, 0, 0, 0, 0, 0, 0, 0, 0]], "29581.sol": [0, [0, 0, 0, 0, 0, 0, 0, 0, 0, 0]], "22447.sol": [0, [0, 0, 0, 0, 0, 0, 0, 0, 0, 0]], "35957.sol": [0, [0, 0, 0, 0, 0, 0, 0, 0, 0, 0]], "1750.sol": [0, [0, 0, 0, 0, 0, 0, 0, 0, 0, 0]], "9555.sol": [0, [0, 0, 0, 0, 0, 0, 0, 0, 0, 0]], "34181.sol": [0, [0, 0, 0, 0, 0, 0, 0, 0, 0, 0]], "5507.sol": [0, [0, 0, 0, 0, 0, 0, 0, 0, 0, 0]], "4583.sol": [0, [0, 0, 0, 0, 0, 0, 0, 0, 0, 0]], "24483.sol": [0, [0, 0, 0, 0, 0, 0, 0, 0, 0, 0]], "5256.sol": [0, [0, 0, 0, 0, 0, 0, 0, 0, 0, 0]], "10308.sol": [0, [0, 0, 0, 0, 0, 0, 0, 0, 0, 0]], "31163.sol": [0, [0, 0, 0, 0, 0, 0, 0, 0, 0, 0]], "25412.sol": [0, [0, 0, 0, 0, 0, 0, 0, 0, 0, 0]], "14623.sol": [0, [0, 0, 0, 0, 0, 0, 0, 0, 0, 0]], "5383.sol": [0, [0, 0, 0, 0, 0, 0, 0, 0, 0, 0]], "14417.sol": [0, [0, 0, 0, 0, 0, 0, 0, 0, 0, 0]], "9867.sol": [0, [0, 0, 0, 0, 0, 0, 0, 0, 0, 0]], "35053.sol": [0, [0, 0, 0, 0, 0, 0, 0, 0, 0, 0]], "30623.sol": [0, [0, 0, 0, 0, 0, 0, 0, 0, 0, 0]], "24801.sol": [0, [0, 0, 0, 0, 0, 0, 0, 0, 0, 0]], "36210.sol": [0, [0, 0, 0, 0, 0, 0, 0, 0, 0, 0]], "32200.sol": [0, [0, 0, 0, 0, 0, 0, 0, 0, 0, 0]], "23236.sol": [0, [0, 0, 0, 0, 0, 0, 0, 0, 0, 0]], "7393.sol": [0, [0, 0, 0, 0, 0, 0, 0, 0, 0, 0]], "17957.sol": [0, [0, 0, 0, 0, 0, 0, 0, 0, 0, 0]], "3248.sol": [0, [0, 0, 0, 0, 0, 0, 0, 0, 0, 0]], "38956.sol": [0, [0, 0, 0, 0, 0, 0, 0, 0, 0, 0]], "8466.sol": [0, [0, 0, 0, 0, 0, 0, 0, 0, 0, 0]], "31766.sol": [1, [0, 0, 0, 0, 0, 0, 0, 0, 0, 1]], "12415.sol": [0, [0, 0, 0, 0, 0, 0, 0, 0, 0, 0]], "1807.sol": [0, [0, 0, 0, 0, 0, 0, 0, 0, 0, 0]], "32162.sol": [0, [0, 0, 0, 0, 0, 0, 0, 0, 0, 0]], "693.sol": [0, [0, 0, 0, 0, 0, 0, 0, 0, 0, 0]], "15158.sol": [0, [0, 0, 0, 0, 0, 0, 0, 0, 0, 0]], "21807.sol": [0, [0, 0, 0, 0, 0, 0, 0, 0, 0, 0]], "22538.sol": [0, [0, 0, 0, 0, 0, 0, 0, 0, 0, 0]], "30029.sol": [0, [0, 0, 0, 0, 0, 0, 0, 0, 0, 0]], "27325.sol": [0, [0, 0, 0, 0, 0, 0, 0, 0, 0, 0]], "10579.sol": [0, [0, 0, 0, 0, 0, 0, 0, 0, 0, 0]], "26042.sol": [0, [0, 0, 0, 0, 0, 0, 0, 0, 0, 0]], "15682.sol": [0, [0, 0, 0, 0, 0, 0, 0, 0, 0, 0]], "727.sol": [0, [0, 0, 0, 0, 0, 0, 0, 0, 0, 0]], "20751.sol": [0, [0, 0, 0, 0, 0, 0, 0, 0, 0, 0]], "27936.sol": [0, [0, 0, 0, 0, 0, 0, 0, 0, 0, 0]], "27048.sol": [0, [0, 0, 0, 0, 0, 0, 0, 0, 0, 0]], "155.sol": [0, [0, 0, 0, 0, 0, 0, 0, 0, 0, 0]], "25493.sol": [0, [0, 0, 0, 0, 0, 0, 0, 0, 0, 0]], "33414.sol": [0, [0, 0, 0, 0, 0, 0, 0, 0, 0, 0]], "26575.sol": [0, [0, 0, 0, 0, 0, 0, 0, 0, 0, 0]], "12008.sol": [0, [0, 0, 0, 0, 0, 0, 0, 0, 0, 0]], "27862.sol": [0, [0, 0, 0, 0, 0, 0, 0, 0, 0, 0]], "15333.sol": [0, [0, 0, 0, 0, 0, 0, 0, 0, 0, 0]], "17808.sol": [0, [0, 0, 0, 0, 0, 0, 0, 0, 0, 0]], "30497.sol": [0, [0, 0, 0, 0, 0, 0, 0, 0, 0, 0]], "39447.sol": [0, [0, 0, 0, 0, 0, 0, 0, 0, 0, 0]], "507.sol": [0, [0, 0, 0, 0, 0, 0, 0, 0, 0, 0]], "16531.sol": [0, [0, 0, 0, 0, 0, 0, 0, 0, 0, 0]], "11224.sol": [0, [0, 0, 0, 0, 0, 0, 0, 0, 0, 0]], "1242.sol": [0, [0, 0, 0, 0, 0, 0, 0, 0, 0, 0]], "24976.sol": [0, [0, 0, 0, 0, 0, 0, 0, 0, 0, 0]], "3521.sol": [0, [0, 0, 0, 0, 0, 0, 0, 0, 0, 0]], "12022.sol": [0, [0, 0, 0, 0, 0, 0, 0, 0, 0, 0]], "13441.sol": [0, [0, 0, 0, 0, 0, 0, 0, 0, 0, 0]], "12868.sol": [0, [0, 0, 0, 0, 0, 0, 0, 0, 0, 0]], "21616.sol": [0, [0, 0, 0, 0, 0, 0, 0, 0, 0, 0]], "9257.sol": [0, [0, 0, 0, 0, 0, 0, 0, 0, 0, 0]], "12805.sol": [0, [0, 0, 0, 0, 0, 0, 0, 0, 0, 0]], "1766.sol": [0, [0, 0, 0, 0, 0, 0, 0, 0, 0, 0]], "5340.sol": [0, [0, 0, 0, 0, 0, 0, 0, 0, 0, 0]], "15589.sol": [0, [0, 0, 0, 0, 0, 0, 0, 0, 0, 0]], "19698.sol": [0, [0, 0, 0, 0, 0, 0, 0, 0, 0, 0]], "29361.sol": [0, [0, 0, 0, 0, 0, 0, 0, 0, 0, 0]], "37567.sol": [0, [0, 0, 0, 0, 0, 0, 0, 0, 0, 0]], "39064.sol": [1, [1, 0, 0, 0, 0, 0, 0, 0, 0, 0]], "6637.sol": [0, [0, 0, 0, 0, 0, 0, 0, 0, 0, 0]], "13128.sol": [0, [0, 0, 0, 0, 0, 0, 0, 0, 0, 0]], "14359.sol": [0, [0, 0, 0, 0, 0, 0, 0, 0, 0, 0]], "19918.sol": [0, [0, 0, 0, 0, 0, 0, 0, 0, 0, 0]], "17743.sol": [0, [0, 0, 0, 0, 0, 0, 0, 0, 0, 0]], "16092.sol": [1, [1, 1, 0, 0, 0, 0, 0, 1, 1, 0]], "23021.sol": [0, [0, 0, 0, 0, 0, 0, 0, 0, 0, 0]], "22532.sol": [0, [0, 0, 0, 0, 0, 0, 0, 0, 0, 0]], "1422.sol": [0, [0, 0, 0, 0, 0, 0, 0, 0, 0, 0]], "24221.sol": [0, [0, 0, 0, 0, 0, 0, 0, 0, 0, 0]], "8925.sol": [0, [0, 0, 0, 0, 0, 0, 0, 0, 0, 0]], "19708.sol": [0, [0, 0, 0, 0, 0, 0, 0, 0, 0, 0]], "679.sol": [0, [0, 0, 0, 0, 0, 0, 0, 0, 0, 0]], "24447.sol": [0, [0, 0, 0, 0, 0, 0, 0, 0, 0, 0]], "14659.sol": [0, [0, 0, 0, 0, 0, 0, 0, 0, 0, 0]], "38939.sol": [0, [0, 0, 0, 0, 0, 0, 0, 0, 0, 0]], "24184.sol": [0, [0, 0, 0, 0, 0, 0, 0, 0, 0, 0]], "207.sol": [0, [0, 0, 0, 0, 0, 0, 0, 0, 0, 0]], "21799.sol": [0, [0, 0, 0, 0, 0, 0, 0, 0, 0, 0]], "23682.sol": [0, [0, 0, 0, 0, 0, 0, 0, 0, 0, 0]], "8850.sol": [0, [0, 0, 0, 0, 0, 0, 0, 0, 0, 0]], "22674.sol": [0, [0, 0, 0, 0, 0, 0, 0, 0, 0, 0]], "16708.sol": [0, [0, 0, 0, 0, 0, 0, 0, 0, 0, 0]], "33067.sol": [0, [0, 0, 0, 0, 0, 0, 0, 0, 0, 0]], "4529.sol": [0, [0, 0, 0, 0, 0, 0, 0, 0, 0, 0]], "20546.sol": [0, [0, 0, 0, 0, 0, 0, 0, 0, 0, 0]], "18499.sol": [0, [0, 0, 0, 0, 0, 0, 0, 0, 0, 0]], "17414.sol": [0, [0, 0, 0, 0, 0, 0, 0, 0, 0, 0]], "10326.sol": [0, [0, 0, 0, 0, 0, 0, 0, 0, 0, 0]], "14022.sol": [0, [0, 0, 0, 0, 0, 0, 0, 0, 0, 0]], "38701.sol": [0, [0, 0, 0, 0, 0, 0, 0, 0, 0, 0]], "8987.sol": [0, [0, 0, 0, 0, 0, 0, 0, 0, 0, 0]], "4288.sol": [0, [0, 0, 0, 0, 0, 0, 0, 0, 0, 0]], "9743.sol": [0, [0, 0, 0, 0, 0, 0, 0, 0, 0, 0]], "7595.sol": [0, [0, 0, 0, 0, 0, 0, 0, 0, 0, 0]], "16037.sol": [0, [0, 0, 0, 0, 0, 0, 0, 0, 0, 0]], "35062.sol": [0, [0, 0, 0, 0, 0, 0, 0, 0, 0, 0]], "29821.sol": [0, [0, 0, 0, 0, 0, 0, 0, 0, 0, 0]], "22755.sol": [0, [0, 0, 0, 0, 0, 0, 0, 0, 0, 0]], "17377.sol": [0, [0, 0, 0, 0, 0, 0, 0, 0, 0, 0]], "24360.sol": [0, [0, 0, 0, 0, 0, 0, 0, 0, 0, 0]], "38805.sol": [0, [0, 0, 0, 0, 0, 0, 0, 0, 0, 0]], "9885.sol": [1, [0, 0, 0, 0, 0, 0, 0, 0, 1, 1]], "40686.sol": [1, [1, 1, 1, 1, 1, 0, 1, 1, 0, 0]], "40321.sol": [1, [0, 0, 0, 0, 1, 0, 0, 0, 0, 0]], "17880.sol": [0, [0, 0, 0, 0, 0, 0, 0, 0, 0, 0]], "40567.sol": [0, [0, 0, 0, 0, 0, 0, 0, 0, 0, 0]], "40718.sol": [0, [0, 0, 0, 0, 0, 0, 0, 0, 0, 0]], "40357.sol": [1, [1, 1, 0, 0, 0, 0, 0, 0, 0, 0]], "30663.sol": [1, [1, 0, 0, 0, 0, 0, 0, 0, 0, 0]], "40575.sol": [0, [0, 0, 0, 0, 0, 0, 0, 0, 0, 0]], "39877.sol": [1, [1, 0, 0, 0, 0, 0, 0, 0, 1, 0]], "39294.sol": [1, [1, 1, 0, 0, 0, 0, 0, 0, 0]], "22865.sol": [1, [1, 0, 0, 1, 0, 0, 0, 0, 0, 0]], "36286.sol": [1, [1, 1, 1, 0, 1, 0, 1, 0, 0, 1]], "39404.sol": [1, [0, 0, 0, 0, 1, 0, 1, 0, 0, 1]], "36029.sol": [1, [1, 1, 0, 0, 0, 0, 0, 0, 0, 0]], "40314.sol": [1, [0, 0, 0, 0, 1, 0, 0, 0, 0, 0]], "40272.sol": [1, [0, 0, 0, 0, 1, 0, 0, 0, 0, 0]], "3053.sol": [1, [1, 0, 1, 0, 0, 0, 0, 0, 0, 0]], "29371.sol": [1, [0, 0, 0, 0, 1, 0, 1, 0, 0, 0]], "6830.sol": [1, [0, 0, 0, 0, 0, 0, 0, 0, 1, 1]], "40290.sol": [1, [0, 0, 0, 0, 1, 0, 0, 0, 0, 0]], "40624.sol": [1, [1, 1, 1, 1, 1, 1, 1, 1, 1, 1]], "22458.sol": [1, [1, 1, 0, 1, 0, 1, 0, 0, 0, 0]], "35989.sol": [1, [1, 0, 0, 0, 0, 1, 1, 0, 1, 0]], "38044.sol": [1, [0, 0, 1, 0, 0, 0, 0, 0, 1, 0]], "40729.sol": [1, [1, 0, 1, 0, 1, 1, 1, 1, 1, 0]], "40278.sol": [1, [0, 0, 0, 0, 1, 0, 0, 0, 0, 0]], "38812.sol": [0, [0, 0, 0, 0, 0, 0, 0, 0, 0, 0]], "36083.sol": [1, [1, 1, 0, 0, 0, 0, 0, 0, 0, 0]], "2317.sol": [1, [1, 1, 1, 1, 1, 1, 1, 1, 1, 1]], "32628.sol": [0, [0, 0, 0, 0, 0, 0, 0, 0, 0, 0]], "4354.sol": [1, [0, 0, 1, 0, 0, 0, 0, 0, 1, 0]], "16270.sol": [1, [1, 1, 0, 0, 1, 0, 0, 0, 0, 1]], "24689.sol": [0, [0, 0, 0, 0, 0, 0, 0, 0, 0, 0]], "27021.sol": [1, [1, 1, 0, 0, 0, 0, 0, 1, 1, 1]], "7384.sol": [1, [0, 0, 1, 0, 0, 1, 0, 0, 0, 0]], "29103.sol": [0, [0, 0, 0, 0, 0, 0, 0, 0, 0, 0]], "40322.sol": [1, [0, 0, 0, 0, 1, 0, 0, 0, 0, 0]], "40304.sol": [1, [0, 0, 0, 0, 1, 0, 0, 0, 0, 0]], "40539.sol": [1, [0, 0, 0, 0, 0, 0, 0, 0, 0, 1]], "8485.sol": [0, [0, 0, 0, 0, 0, 0, 0, 0, 0, 0]], "36285.sol": [1, [0, 1, 1, 1, 1, 1, 1, 0, 0, 0]], "27719.sol": [0, [0, 0, 0, 0, 0, 0, 0, 0, 0, 0]], "30358.sol": [1, [1, 0, 0, 0, 0, 0, 0, 0, 0, 0]], "39803.sol": [1, [0, 0, 1, 0, 1, 1, 0, 0, 0, 1]], "40187.sol": [1, [1, 1, 0, 0, 0, 0, 0, 0, 0, 0]], "39846.sol": [1, [1, 1, 1, 1, 0, 0, 0, 0, 0, 0]], "33914.sol": [0, [0, 0, 0, 0, 0, 0, 0, 0, 0, 0]], "23577.sol": [1, [1, 0, 0, 0, 0, 0, 0, 0, 0, 0]], "32401.sol": [1, [1, 1, 1, 0, 1, 1, 0, 1, 0, 0]], "39684.sol": [1, [0, 1, 0, 1, 1, 1, 0, 1, 0, 1]], "40531.sol": [1, [1, 1, 1, 1, 0, 1, 1, 1, 0, 1]], "26142.sol": [0, [0, 0, 0, 0, 0, 0, 0, 0, 0, 0]], "35387.sol": [0, [0, 0, 0, 0, 0, 0, 0, 0, 0, 0]], "5918.sol": [1, [0, 0, 1, 0, 0, 1, 0, 0, 0, 0]], "40007.sol": [1, [1, 0, 1, 1, 0, 0, 0, 1, 0, 0]], "36492.sol": [1, [0, 1, 0, 0, 0, 0, 0, 0, 0, 0]], "10998.sol": [0, [0, 0, 0, 0, 0, 0, 0, 0, 0, 0]], "40313.sol": [1, [0, 0, 0, 0, 1, 0, 0, 0, 0, 0]], "40274.sol": [1, [0, 0, 0, 0, 1, 0, 0, 0, 0, 0]], "39573.sol": [1, [1, 1, 1, 1, 0, 0, 0, 0, 0, 0]], "40324.sol": [1, [0, 0, 0, 0, 1, 0, 0, 0, 0, 0]], "35327.sol": [0, [0, 0, 0, 0, 0, 0, 0, 0, 0, 0]], "30375.sol": [1, [1, 0, 1, 0, 0, 0, 0, 0, 0, 0]], "27713.sol": [1, [0, 1, 1, 1, 1, 0, 0, 1, 0, 0]], "18916.sol": [1, [0, 0, 0, 1, 0, 0, 0, 0, 0, 1]], "30548.sol": [0, [0, 0, 0, 0, 0, 0, 0, 0, 0, 0]], "36872.sol": [1, [1, 1, 0, 0, 0, 0, 0, 0, 0, 0]], "22099.sol": [0, [0, 0, 0, 0, 0, 0, 0, 0, 0, 0]], "40625.sol": [1, [1, 1, 1, 1, 1, 1, 1, 1, 1, 1]], "15297.sol": [1, [0, 0, 0, 1, 0, 0, 0, 0, 0, 1]], "35847.sol": [1, [1, 0, 0, 0, 0, 0, 0, 0]], "40275.sol": [1, [0, 0, 0, 0, 1, 0, 0, 0, 0, 0]], "40364.sol": [1, [1, 1, 1, 1, 0, 0, 0, 0, 0, 0]], "30428.sol": [1, [0, 0, 0, 1, 0, 0, 0, 0, 0, 0]], "36030.sol": [1, [1, 1, 0, 1, 0, 0, 0, 0, 0, 0]], "33148.sol": [1, [1, 1, 0, 0, 0, 0, 0, 0, 0, 0]], "40511.sol": [1, [1, 1, 0, 0, 0, 0, 0, 0, 0, 0]], "35764.sol": [1, [0, 0, 0, 1, 0, 0, 0, 0, 1, 0]], "40134.sol": [1, [1, 1, 1, 1, 0, 0, 0, 0, 0, 0]], "35900.sol": [1, [1, 0, 0, 0, 0, 0, 0, 0, 0, 0]], "7584.sol": [1, [0, 0, 0, 1, 0, 0, 0, 0, 0, 1]], "39835.sol": [1, [0, 0, 1, 0, 0, 0, 1, 1, 1, 0]], "40288.sol": [1, [0, 0, 0, 0, 1, 0, 0, 0, 0, 0]], "2705.sol": [0, [0, 0, 0, 0, 0, 0, 0, 0, 0, 0]], "30543.sol": [1, [1, 1, 1, 1, 1, 0, 0, 0, 0, 0]], "36136.sol": [1, [0, 0, 0, 0, 1, 1, 1, 1, 0, 0]], "9658.sol": [1, [0, 0, 0, 0, 0, 1, 1, 1, 1, 1]], "40286.sol": [1, [0, 0, 0, 0, 1, 0, 0, 0, 0, 0]], "33145.sol": [1, [1, 1, 0, 0, 0, 0, 0, 0, 0, 0]], "31429.sol": [0, [0, 0, 0, 0, 0, 0, 0, 0, 0, 0]], "36576.sol": [0, [0, 0, 0, 0, 0, 0, 0, 0, 0, 0]], "40521.sol": [0, [0, 0, 0, 0, 0, 0, 0, 0, 0, 0]], "32994.sol": [1, [1, 0, 0, 1, 0, 0, 0, 0, 0, 0]]}