{"34516.sol": [0, [0, 0, 0, 0, 0, 0, 0, 0, 0, 0]], "39704.sol": [0, [0, 0, 0, 0, 0, 0, 0, 0, 0, 0]], "18906.sol": [0, [0, 0, 0, 0, 0, 0, 0, 0, 0, 0]], "24231.sol": [0, [0, 0, 0, 0, 0, 0, 0, 0, 0, 0]], "3550.sol": [0, [0, 0, 0, 0, 0, 0, 0, 0, 0, 0]], "22451.sol": [0, [0, 0, 0, 0, 0, 0, 0, 0, 0, 0]], "12649.sol": [0, [0, 0, 0, 0, 0, 0, 0, 0, 0, 0]], "23141.sol": [0, [0, 0, 0, 0, 0, 0, 0, 0, 0, 0]], "3844.sol": [0, [0, 0, 0, 0, 0, 0, 0, 0, 0, 0]], "40076.sol": [0, [0, 0, 0, 0, 0, 0, 0, 0, 0, 0]], "2852.sol": [0, [0, 0, 0, 0, 0, 0, 0, 0, 0, 0]], "8221.sol": [0, [0, 0, 0, 0, 0, 0, 0, 0, 0, 0]], "29805.sol": [0, [0, 0, 0, 0, 0, 0, 0, 0, 0, 0]], "6844.sol": [0, [0, 0, 0, 0, 0, 0, 0, 0, 0, 0]], "36447.sol": [1, [0, 0, 1, 0, 1, 0, 1, 0, 0, 0]], "11349.sol": [0, [0, 0, 0, 0, 0, 0, 0, 0, 0, 0]], "25291.sol": [0, [0, 0, 0, 0, 0, 0, 0, 0, 0, 0]], "16815.sol": [0, [0, 0, 0, 0, 0, 0, 0, 0, 0, 0]], "9679.sol": [0, [0, 0, 0, 0, 0, 0, 0, 0, 0, 0]], "24589.sol": [0, [0, 0, 0, 0, 0, 0, 0, 0, 0, 0]], "5489.sol": [0, [0, 0, 0, 0, 0, 0, 0, 0, 0, 0]], "28181.sol": [0, [0, 0, 0, 0, 0, 0, 0, 0, 0, 0]], "40066.sol": [0, [0, 0, 0, 0, 0, 0, 0, 0, 0, 0]], "36106.sol": [0, [0, 0, 0, 0, 0, 0, 0, 0, 0, 0]], "4253.sol": [0, [0, 0, 0, 0, 0, 0, 0, 0, 0, 0]], "19834.sol": [0, [0, 0, 0, 0, 0, 0, 0, 0, 0, 0]], "19415.sol": [0, [0, 0, 0, 0, 0, 0, 0, 0, 0, 0]], "22482.sol": [1, [1, 0, 1, 1, 1, 1, 1, 1, 1, 1]], "34816.sol": [1, [1, 1, 1, 1, 1, 1, 1, 0, 0, 0]], "17333.sol": [0, [0, 0, 0, 0, 0, 0, 0, 0, 0, 0]], "21538.sol": [1, [1, 1, 0, 1, 0, 0, 0, 0, 0, 0]], "31112.sol": [0, [0, 0, 0, 0, 0, 0, 0, 0, 0, 0]], "32847.sol": [0, [0, 0, 0, 0, 0, 0, 0, 0, 0, 0]], "24965.sol": [0, [0, 0, 0, 0, 0, 0, 0, 0, 0, 0]], "1967.sol": [0, [0, 0, 0, 0, 0, 0, 0, 0, 0, 0]], "32269.sol": [0, [0, 0, 0, 0, 0, 0, 0, 0, 0, 0]], "34101.sol": [0, [0, 0, 0, 0, 0, 0, 0, 0, 0, 0]], "36428.sol": [1, [1, 1, 1, 1, 1, 1, 0, 1, 0, 1]], "910.sol": [0, [0, 0, 0, 0, 0, 0, 0, 0, 0, 0]], "10010.sol": [0, [0, 0, 0, 0, 0, 0, 0, 0, 0, 0]], "11387.sol": [0, [0, 0, 0, 0, 0, 0, 0, 0, 0, 0]], "21503.sol": [0, [0, 0, 0, 0, 0, 0, 0, 0, 0, 0]], "7771.sol": [1, [1, 1, 1, 1, 1, 1, 1, 1, 1, 1]], "27569.sol": [0, [0, 0, 0, 0, 0, 0, 0, 0, 0, 0]], "34077.sol": [0, [0, 0, 0, 0, 0, 0, 0, 0, 0, 0]], "25811.sol": [0, [0, 0, 0, 0, 0, 0, 0, 0, 0, 0]], "8082.sol": [0, [0, 0, 0, 0, 0, 0, 0, 0, 0, 0]], "23859.sol": [0, [0, 0, 0, 0, 0, 0, 0, 0, 0, 0]], "8206.sol": [0, [0, 0, 0, 0, 0, 0, 0, 0, 0, 0]], "30723.sol": [0, [0, 0, 0, 0, 0, 0, 0, 0, 0, 0]], "12790.sol": [0, [0, 0, 0, 0, 0, 0, 0, 0, 0, 0]], "3552.sol": [0, [0, 0, 0, 0, 0, 0, 0, 0, 0, 0]], "35786.sol": [0, [0, 0, 0, 0, 0, 0, 0, 0, 0, 0]], "33985.sol": [0, [0, 0, 0, 0, 0, 0, 0, 0, 0, 0]], "26301.sol": [0, [0, 0, 0, 0, 0, 0, 0, 0, 0, 0]], "23909.sol": [0, [0, 0, 0, 0, 0, 0, 0, 0, 0, 0]], "28307.sol": [0, [0, 0, 0, 0, 0, 0, 0, 0, 0, 0]], "13757.sol": [0, [0, 0, 0, 0, 0, 0, 0, 0, 0, 0]], "699.sol": [0, [0, 0, 0, 0, 0, 0, 0, 0, 0, 0]], "16253.sol": [0, [0, 0, 0, 0, 0, 0, 0, 0, 0, 0]], "2300.sol": [0, [0, 0, 0, 0, 0, 0, 0, 0, 0, 0]], "21338.sol": [0, [0, 0, 0, 0, 0, 0, 0, 0, 0, 0]], "33309.sol": [0, [0, 0, 0, 0, 0, 0, 0, 0, 0, 0]], "21211.sol": [0, [0, 0, 0, 0, 0, 0, 0, 0, 0, 0]], "7995.sol": [0, [0, 0, 0, 0, 0, 0, 0, 0, 0, 0]], "5035.sol": [0, [0, 0, 0, 0, 0, 0, 0, 0, 0, 0]], "2213.sol": [0, [0, 0, 0, 0, 0, 0, 0, 0, 0, 0]], "34819.sol": [1, [0, 0, 0, 0, 0, 1, 0, 1, 1, 0]], "30776.sol": [0, [0, 0, 0, 0, 0, 0, 0, 0, 0, 0]], "1603.sol": [0, [0, 0, 0, 0, 0, 0, 0, 0, 0, 0]], "33740.sol": [0, [0, 0, 0, 0, 0, 0, 0, 0, 0, 0]], "6357.sol": [0, [0, 0, 0, 0, 0, 0, 0, 0, 0, 0]], "1130.sol": [0, [0, 0, 0, 0, 0, 0, 0, 0, 0, 0]], "13009.sol": [0, [0, 0, 0, 0, 0, 0, 0, 0, 0, 0]], "4211.sol": [0, [0, 0, 0, 0, 0, 0, 0, 0, 0, 0]], "36198.sol": [1, [0, 0, 1, 1, 0, 0, 1, 1, 0, 1]], "17155.sol": [0, [0, 0, 0, 0, 0, 0, 0, 0, 0, 0]], "20219.sol": [0, [0, 0, 0, 0, 0, 0, 0, 0, 0, 0]], "14238.sol": [0, [0, 0, 0, 0, 0, 0, 0, 0, 0, 0]], "34002.sol": [1, [0, 0, 0, 0, 0, 1, 0, 0, 0, 0]], "36781.sol": [1, [1, 1, 1, 1, 1, 1, 1, 1, 1, 1]], "2032.sol": [0, [0, 0, 0, 0, 0, 0, 0, 0, 0, 0]], "10867.sol": [0, [0, 0, 0, 0, 0, 0, 0, 0, 0, 0]], "8582.sol": [0, [0, 0, 0, 0, 0, 0, 0, 0, 0, 0]], "30642.sol": [0, [0, 0, 0, 0, 0, 0, 0, 0, 0, 0]], "26636.sol": [0, [0, 0, 0, 0, 0, 0, 0, 0, 0, 0]], "2156.sol": [0, [0, 0, 0, 0, 0, 0, 0, 0, 0, 0]], "27194.sol": [0, [0, 0, 0, 0, 0, 0, 0, 0, 0, 0]], "22399.sol": [0, [0, 0, 0, 0, 0, 0, 0, 0, 0, 0]], "17810.sol": [1, [1, 1, 1, 1, 1, 1, 1, 1, 1, 1]], "35103.sol": [0, [0, 0, 0, 0, 0, 0, 0, 0, 0, 0]], "13681.sol": [0, [0, 0, 0, 0, 0, 0, 0, 0, 0, 0]], "33573.sol": [0, [0, 0, 0, 0, 0, 0, 0, 0, 0, 0]], "26285.sol": [0, [0, 0, 0, 0, 0, 0, 0, 0, 0, 0]], "25374.sol": [0, [0, 0, 0, 0, 0, 0, 0, 0, 0, 0]], "30808.sol": [0, [0, 0, 0, 0, 0, 0, 0, 0, 0, 0]], "36163.sol": [0, [0, 0, 0, 0, 0, 0, 0, 0, 0, 0]], "19964.sol": [0, [0, 0, 0, 0, 0, 0, 0, 0, 0, 0]], "22080.sol": [1, [0, 0, 0, 0, 1, 0, 0, 1, 0, 0]], "17296.sol": [0, [0, 0, 0, 0, 0, 0, 0, 0, 0, 0]], "26549.sol": [0, [0, 0, 0, 0, 0, 0, 0, 0, 0, 0]], "23905.sol": [0, [0, 0, 0, 0, 0, 0, 0, 0, 0, 0]], "23143.sol": [1, [1, 1, 1, 0, 0, 0, 1, 0, 0, 0]], "4385.sol": [0, [0, 0, 0, 0, 0, 0, 0, 0, 0, 0]], "35812.sol": [1, [0, 0, 0, 0, 1, 0, 0, 1, 0, 0]], "39642.sol": [1, [0, 0, 0, 0, 0, 0, 0, 1, 1, 1]], "20677.sol": [0, [0, 0, 0, 0, 0, 0, 0, 0, 0, 0]], "25001.sol": [0, [0, 0, 0, 0, 0, 0, 0, 0, 0, 0]], "23659.sol": [0, [0, 0, 0, 0, 0, 0, 0, 0, 0, 0]], "25712.sol": [0, [0, 0, 0, 0, 0, 0, 0, 0, 0, 0]], "36923.sol": [0, [0, 0, 0, 0, 0, 0, 0, 0, 0, 0]], "22755.sol": [1, [1, 1, 1, 1, 1, 1, 1, 0, 1, 1]], "3964.sol": [0, [0, 0, 0, 0, 0, 0, 0, 0, 0, 0]], "16266.sol": [0, [0, 0, 0, 0, 0, 0, 0, 0, 0, 0]], "10037.sol": [0, [0, 0, 0, 0, 0, 0, 0, 0, 0, 0]], "13561.sol": [0, [0, 0, 0, 0, 0, 0, 0, 0, 0, 0]], "18248.sol": [0, [0, 0, 0, 0, 0, 0, 0, 0, 0, 0]], "35226.sol": [0, [0, 0, 0, 0, 0, 0, 0, 0, 0, 0]], "21056.sol": [0, [0, 0, 0, 0, 0, 0, 0, 0, 0, 0]], "31434.sol": [0, [0, 0, 0, 0, 0, 0, 0, 0, 0, 0]], "26084.sol": [0, [0, 0, 0, 0, 0, 0, 0, 0, 0, 0]], "5866.sol": [0, [0, 0, 0, 0, 0, 0, 0, 0, 0, 0]], "2528.sol": [0, [0, 0, 0, 0, 0, 0, 0, 0, 0, 0]], "17612.sol": [0, [0, 0, 0, 0, 0, 0, 0, 0, 0, 0]], "31038.sol": [0, [0, 0, 0, 0, 0, 0, 0, 0, 0, 0]], "17289.sol": [0, [0, 0, 0, 0, 0, 0, 0, 0, 0, 0]], "32273.sol": [0, [0, 0, 0, 0, 0, 0, 0, 0, 0, 0]], "1411.sol": [0, [0, 0, 0, 0, 0, 0, 0, 0, 0, 0]], "29720.sol": [1, [0, 1, 1, 1, 1, 1, 1, 1, 1, 1]], "34625.sol": [0, [0, 0, 0, 0, 0, 0, 0, 0, 0, 0]], "17623.sol": [1, [0, 0, 0, 0, 0, 0, 0, 0, 1, 0]], "15866.sol": [0, [0, 0, 0, 0, 0, 0, 0, 0, 0, 0]], "37968.sol": [0, [0, 0, 0, 0, 0, 0, 0, 0, 0, 0]], "9461.sol": [0, [0, 0, 0, 0, 0, 0, 0, 0, 0, 0]], "2905.sol": [1, [0, 0, 0, 0, 1, 1, 0, 0, 0, 0]], "38585.sol": [0, [0, 0, 0, 0, 0, 0, 0, 0, 0, 0]], "31700.sol": [0, [0, 0, 0, 0, 0, 0, 0, 0, 0, 0]], "37570.sol": [0, [0, 0, 0, 0, 0, 0, 0, 0, 0, 0]], "33010.sol": [0, [0, 0, 0, 0, 0, 0, 0, 0, 0, 0]], "29128.sol": [0, [0, 0, 0, 0, 0, 0, 0, 0, 0, 0]], "28026.sol": [1, [1, 1, 1, 1, 1, 0, 0, 1, 1, 0]], "8791.sol": [0, [0, 0, 0, 0, 0, 0, 0, 0, 0, 0]], "16567.sol": [0, [0, 0, 0, 0, 0, 0, 0, 0, 0, 0]], "20956.sol": [0, [0, 0, 0, 0, 0, 0, 0, 0, 0, 0]], "29435.sol": [0, [0, 0, 0, 0, 0, 0, 0, 0, 0, 0]], "28114.sol": [0, [0, 0, 0, 0, 0, 0, 0, 0, 0, 0]], "33480.sol": [0, [0, 0, 0, 0, 0, 0, 0, 0, 0, 0]], "19683.sol": [0, [0, 0, 0, 0, 0, 0, 0, 0, 0, 0]], "7492.sol": [0, [0, 0, 0, 0, 0, 0, 0, 0, 0, 0]], "5552.sol": [1, [1, 0, 0, 1, 0, 0, 0, 0, 1, 1]], "33489.sol": [0, [0, 0, 0, 0, 0, 0, 0, 0, 0, 0]], "13904.sol": [0, [0, 0, 0, 0, 0, 0, 0, 0, 0, 0]], "19580.sol": [0, [0, 0, 0, 0, 0, 0, 0, 0, 0, 0]], "28224.sol": [0, [0, 0, 0, 0, 0, 0, 0, 0, 0, 0]], "18578.sol": [0, [0, 0, 0, 0, 0, 0, 0, 0, 0, 0]], "21475.sol": [0, [0, 0, 0, 0, 0, 0, 0, 0, 0, 0]], "31270.sol": [0, [0, 0, 0, 0, 0, 0, 0, 0, 0, 0]], "22416.sol": [0, [0, 0, 0, 0, 0, 0, 0, 0, 0, 0]], "14327.sol": [0, [0, 0, 0, 0, 0, 0, 0, 0, 0, 0]], "12456.sol": [0, [0, 0, 0, 0, 0, 0, 0, 0, 0, 0]], "36268.sol": [0, [0, 0, 0, 0, 0, 0, 0, 0, 0, 0]], "12314.sol": [0, [0, 0, 0, 0, 0, 0, 0, 0, 0, 0]], "577.sol": [0, [0, 0, 0, 0, 0, 0, 0, 0, 0, 0]], "31311.sol": [0, [0, 0, 0, 0, 0, 0, 0, 0, 0, 0]], "24012.sol": [0, [0, 0, 0, 0, 0, 0, 0, 0, 0, 0]], "30750.sol": [0, [0, 0, 0, 0, 0, 0, 0, 0, 0, 0]], "33672.sol": [0, [0, 0, 0, 0, 0, 0, 0, 0, 0, 0]], "4827.sol": [0, [0, 0, 0, 0, 0, 0, 0, 0, 0, 0]], "38428.sol": [0, [0, 0, 0, 0, 0, 0, 0, 0, 0, 0]], "27989.sol": [0, [0, 0, 0, 0, 0, 0, 0, 0, 0, 0]], "11680.sol": [0, [0, 0, 0, 0, 0, 0, 0, 0, 0, 0]], "39535.sol": [0, [0, 0, 0, 0, 0, 0, 0, 0, 0, 0]], "5266.sol": [0, [0, 0, 0, 0, 0, 0, 0, 0, 0, 0]], "7888.sol": [0, [0, 0, 0, 0, 0, 0, 0, 0, 0, 0]], "20592.sol": [0, [0, 0, 0, 0, 0, 0, 0, 0, 0, 0]], "35138.sol": [0, [0, 0, 0, 0, 0, 0, 0, 0, 0, 0]], "19365.sol": [0, [0, 0, 0, 0, 0, 0, 0, 0, 0, 0]], "32855.sol": [0, [0, 0, 0, 0, 0, 0, 0, 0, 0, 0]], "28312.sol": [1, [1, 1, 1, 1, 1, 1, 1, 1, 0, 1]], "29668.sol": [0, [0, 0, 0, 0, 0, 0, 0, 0, 0, 0]], "33971.sol": [1, [0, 1, 1, 0, 0, 1, 1, 1, 1, 1]], "26856.sol": [0, [0, 0, 0, 0, 0, 0, 0, 0, 0, 0]], "35553.sol": [1, [1, 0, 1, 1, 1, 1, 1, 1, 1, 0]], "27428.sol": [0, [0, 0, 0, 0, 0, 0, 0, 0, 0, 0]], "26049.sol": [0, [0, 0, 0, 0, 0, 0, 0, 0, 0, 0]], "7107.sol": [0, [0, 0, 0, 0, 0, 0, 0, 0, 0, 0]], "9482.sol": [1, [1, 1, 1, 1, 1, 1, 1, 1, 1, 1]], "39371.sol": [1, [0, 0, 1, 0, 0, 0, 0, 0, 0, 0]], "13163.sol": [0, [0, 0, 0, 0, 0, 0, 0, 0, 0, 0]], "38273.sol": [0, [0, 0, 0, 0, 0, 0, 0, 0, 0, 0]], "8563.sol": [0, [0, 0, 0, 0, 0, 0, 0, 0, 0, 0]], "23309.sol": [0, [0, 0, 0, 0, 0, 0, 0, 0, 0, 0]], "40036.sol": [0, [0, 0, 0, 0, 0, 0, 0, 0, 0, 0]], "35561.sol": [0, [0, 0, 0, 0, 0, 0, 0, 0, 0, 0]], "1200.sol": [0, [0, 0, 0, 0, 0, 0, 0, 0, 0, 0]], "4957.sol": [0, [0, 0, 0, 0, 0, 0, 0, 0, 0, 0]], "31558.sol": [0, [0, 0, 0, 0, 0, 0, 0, 0, 0, 0]], "36398.sol": [0, [0, 0, 0, 0, 0, 0, 0, 0, 0, 0]], "20398.sol": [1, [0, 0, 0, 1, 0, 0, 0, 0, 0, 0]], "21506.sol": [1, [0, 0, 0, 0, 0, 0, 0, 0, 1, 1]], "18775.sol": [0, [0, 0, 0, 0, 0, 0, 0, 0, 0, 0]], "34388.sol": [0, [0, 0, 0, 0, 0, 0, 0, 0, 0, 0]], "28351.sol": [0, [0, 0, 0, 0, 0, 0, 0, 0, 0, 0]], "3237.sol": [0, [0, 0, 0, 0, 0, 0, 0, 0, 0, 0]], "15519.sol": [0, [0, 0, 0, 0, 0, 0, 0, 0, 0, 0]], "13133.sol": [0, [0, 0, 0, 0, 0, 0, 0, 0, 0, 0]], "21555.sol": [0, [0, 0, 0, 0, 0, 0, 0, 0, 0, 0]], "2048.sol": [0, [0, 0, 0, 0, 0, 0, 0, 0, 0, 0]], "35397.sol": [1, [0, 0, 0, 0, 0, 1, 0, 0, 0, 1]], "17837.sol": [0, [0, 0, 0, 0, 0, 0, 0, 0, 0, 0]], "33668.sol": [0, [0, 0, 0, 0, 0, 0, 0, 0, 0, 0]], "9938.sol": [0, [0, 0, 0, 0, 0, 0, 0, 0, 0, 0]], "23381.sol": [0, [0, 0, 0, 0, 0, 0, 0, 0, 0, 0]], "30147.sol": [0, [0, 0, 0, 0, 0, 0, 0, 0, 0, 0]], "26368.sol": [0, [0, 0, 0, 0, 0, 0, 0, 0, 0, 0]], "248.sol": [1, [0, 1, 1, 1, 1, 1, 0, 0, 0, 0]], "39666.sol": [1, [0, 0, 0, 0, 0, 0, 0, 1, 0, 0]], "17656.sol": [0, [0, 0, 0, 0, 0, 0, 0, 0, 0, 0]], "15285.sol": [0, [0, 0, 0, 0, 0, 0, 0, 0, 0, 0]], "29030.sol": [0, [0, 0, 0, 0, 0, 0, 0, 0, 0, 0]], "32139.sol": [1, [1, 1, 1, 0, 0, 0, 0, 0, 0, 0]], "33927.sol": [0, [0, 0, 0, 0, 0, 0, 0, 0, 0, 0]], "29055.sol": [0, [0, 0, 0, 0, 0, 0, 0, 0, 0, 0]], "17652.sol": [0, [0, 0, 0, 0, 0, 0, 0, 0, 0, 0]], "30647.sol": [0, [0, 0, 0, 0, 0, 0, 0, 0, 0, 0]], "15370.sol": [1, [0, 0, 1, 0, 0, 0, 0, 1, 0, 0]], "15348.sol": [0, [0, 0, 0, 0, 0, 0, 0, 0, 0, 0]], "31274.sol": [0, [0, 0, 0, 0, 0, 0, 0, 0, 0, 0]], "36481.sol": [0, [0, 0, 0, 0, 0, 0, 0, 0, 0, 0]], "29254.sol": [0, [0, 0, 0, 0, 0, 0, 0, 0, 0, 0]], "103.sol": [0, [0, 0, 0, 0, 0, 0, 0, 0, 0, 0]], "5854.sol": [0, [0, 0, 0, 0, 0, 0, 0, 0, 0, 0]], "33482.sol": [0, [0, 0, 0, 0, 0, 0, 0, 0, 0, 0]], "6220.sol": [0, [0, 0, 0, 0, 0, 0, 0, 0, 0, 0]], "20964.sol": [0, [0, 0, 0, 0, 0, 0, 0, 0, 0, 0]], "13797.sol": [0, [0, 0, 0, 0, 0, 0, 0, 0, 0, 0]], "20610.sol": [0, [0, 0, 0, 0, 0, 0, 0, 0, 0, 0]], "35179.sol": [0, [0, 0, 0, 0, 0, 0, 0, 0, 0, 0]], "35896.sol": [0, [0, 0, 0, 0, 0, 0, 0, 0, 0, 0]], "18335.sol": [0, [0, 0, 0, 0, 0, 0, 0, 0, 0, 0]], "33596.sol": [0, [0, 0, 0, 0, 0, 0, 0, 0, 0, 0]], "38736.sol": [1, [0, 1, 0, 0, 1, 1, 0, 1, 0, 1]], "2214.sol": [0, [0, 0, 0, 0, 0, 0, 0, 0, 0, 0]], "11896.sol": [0, [0, 0, 0, 0, 0, 0, 0, 0, 0, 0]], "35057.sol": [0, [0, 0, 0, 0, 0, 0, 0, 0, 0, 0]], "39257.sol": [0, [0, 0, 0, 0, 0, 0, 0, 0, 0, 0]], "19396.sol": [0, [0, 0, 0, 0, 0, 0, 0, 0, 0, 0]], "33517.sol": [0, [0, 0, 0, 0, 0, 0, 0, 0, 0, 0]], "13899.sol": [0, [0, 0, 0, 0, 0, 0, 0, 0, 0, 0]], "34643.sol": [0, [0, 0, 0, 0, 0, 0, 0, 0, 0, 0]], "22506.sol": [0, [0, 0, 0, 0, 0, 0, 0, 0, 0, 0]], "11286.sol": [0, [0, 0, 0, 0, 0, 0, 0, 0, 0, 0]], "20759.sol": [0, [0, 0, 0, 0, 0, 0, 0, 0, 0, 0]], "40335.sol": [0, [0, 0, 0, 0, 0, 0, 0, 0, 0, 0]], "36556.sol": [0, [0, 0, 0, 0, 0, 0, 0, 0, 0, 0]], "21345.sol": [0, [0, 0, 0, 0, 0, 0, 0, 0, 0, 0]], "15458.sol": [0, [0, 0, 0, 0, 0, 0, 0, 0, 0, 0]], "20701.sol": [0, [0, 0, 0, 0, 0, 0, 0, 0, 0, 0]], "23393.sol": [0, [0, 0, 0, 0, 0, 0, 0, 0, 0, 0]], "33923.sol": [0, [0, 0, 0, 0, 0, 0, 0, 0, 0, 0]], "13809.sol": [0, [0, 0, 0, 0, 0, 0, 0, 0, 0, 0]], "32704.sol": [0, [0, 0, 0, 0, 0, 0, 0, 0, 0, 0]], "23882.sol": [0, [0, 0, 0, 0, 0, 0, 0, 0, 0, 0]], "4413.sol": [0, [0, 0, 0, 0, 0, 0, 0, 0, 0, 0]], "15091.sol": [0, [0, 0, 0, 0, 0, 0, 0, 0, 0, 0]], "21271.sol": [0, [0, 0, 0, 0, 0, 0, 0, 0, 0, 0]], "39889.sol": [0, [0, 0, 0, 0, 0, 0, 0, 0, 0, 0]], "25154.sol": [0, [0, 0, 0, 0, 0, 0, 0, 0, 0, 0]], "38131.sol": [1, [0, 0, 0, 0, 0, 0, 0, 1, 0, 1]], "4138.sol": [0, [0, 0, 0, 0, 0, 0, 0, 0, 0, 0]], "12688.sol": [0, [0, 0, 0, 0, 0, 0, 0, 0, 0, 0]], "27024.sol": [0, [0, 0, 0, 0, 0, 0, 0, 0, 0, 0]], "23664.sol": [0, [0, 0, 0, 0, 0, 0, 0, 0, 0, 0]], "10827.sol": [0, [0, 0, 0, 0, 0, 0, 0, 0, 0, 0]], "720.sol": [1, [0, 0, 0, 0, 0, 0, 1, 0, 0, 0]], "33787.sol": [0, [0, 0, 0, 0, 0, 0, 0, 0, 0, 0]], "28064.sol": [0, [0, 0, 0, 0, 0, 0, 0, 0, 0, 0]], "15522.sol": [0, [0, 0, 0, 0, 0, 0, 0, 0, 0, 0]], "26750.sol": [0, [0, 0, 0, 0, 0, 0, 0, 0, 0, 0]], "13448.sol": [0, [0, 0, 0, 0, 0, 0, 0, 0, 0, 0]], "30254.sol": [0, [0, 0, 0, 0, 0, 0, 0, 0, 0, 0]], "16140.sol": [0, [0, 0, 0, 0, 0, 0, 0, 0, 0, 0]], "19847.sol": [1, [0, 0, 0, 0, 1, 1, 0, 0, 0, 0]], "15440.sol": [0, [0, 0, 0, 0, 0, 0, 0, 0, 0, 0]], "10062.sol": [0, [0, 0, 0, 0, 0, 0, 0, 0, 0, 0]], "21358.sol": [0, [0, 0, 0, 0, 0, 0, 0, 0, 0, 0]], "27104.sol": [0, [0, 0, 0, 0, 0, 0, 0, 0, 0, 0]], "30707.sol": [0, [0, 0, 0, 0, 0, 0, 0, 0, 0, 0]], "28313.sol": [0, [0, 0, 0, 0, 0, 0, 0, 0, 0, 0]], "18510.sol": [0, [0, 0, 0, 0, 0, 0, 0, 0, 0, 0]], "28051.sol": [0, [0, 0, 0, 0, 0, 0, 0, 0, 0, 0]], "17624.sol": [0, [0, 0, 0, 0, 0, 0, 0, 0, 0, 0]], "38847.sol": [1, [0, 0, 1, 0, 1, 0, 0, 0, 1, 0]], "17241.sol": [1, [1, 1, 1, 1, 1, 1, 1, 1, 1, 1]], "21412.sol": [1, [0, 0, 0, 0, 0, 0, 0, 0, 1, 0]], "16759.sol": [0, [0, 0, 0, 0, 0, 0, 0, 0, 0, 0]], "32353.sol": [0, [0, 0, 0, 0, 0, 0, 0, 0, 0, 0]], "4110.sol": [0, [0, 0, 0, 0, 0, 0, 0, 0, 0, 0]], "36139.sol": [0, [0, 0, 0, 0, 0, 0, 0, 0, 0, 0]], "19656.sol": [0, [0, 0, 0, 0, 0, 0, 0, 0, 0, 0]], "8693.sol": [0, [0, 0, 0, 0, 0, 0, 0, 0, 0, 0]], "16667.sol": [0, [0, 0, 0, 0, 0, 0, 0, 0, 0, 0]], "449.sol": [0, [0, 0, 0, 0, 0, 0, 0, 0, 0, 0]], "36825.sol": [0, [0, 0, 0, 0, 0, 0, 0, 0, 0, 0]], "38836.sol": [0, [0, 0, 0, 0, 0, 0, 0, 0, 0, 0]], "5301.sol": [1, [0, 0, 0, 0, 0, 0, 0, 1, 0, 1]], "32408.sol": [1, [0, 0, 0, 0, 1, 0, 0, 1, 0, 0]], "2325.sol": [1, [1, 1, 0, 0, 0, 1, 1, 1, 1, 0]], "33316.sol": [0, [0, 0, 0, 0, 0, 0, 0, 0, 0, 0]], "19812.sol": [0, [0, 0, 0, 0, 0, 0, 0, 0, 0, 0]], "37409.sol": [0, [0, 0, 0, 0, 0, 0, 0, 0, 0, 0]], "22698.sol": [1, [1, 1, 1, 1, 1, 0, 0, 1, 1, 0]], "38125.sol": [0, [0, 0, 0, 0, 0, 0, 0, 0, 0, 0]], "13329.sol": [1, [1, 1, 1, 1, 1, 1, 0, 0, 0, 1]], "5355.sol": [0, [0, 0, 0, 0, 0, 0, 0, 0, 0, 0]], "25188.sol": [0, [0, 0, 0, 0, 0, 0, 0, 0, 0, 0]], "1440.sol": [0, [0, 0, 0, 0, 0, 0, 0, 0, 0, 0]], "9175.sol": [0, [0, 0, 0, 0, 0, 0, 0, 0, 0, 0]], "37425.sol": [0, [0, 0, 0, 0, 0, 0, 0, 0, 0, 0]], "649.sol": [0, [0, 0, 0, 0, 0, 0, 0, 0, 0, 0]], "11557.sol": [0, [0, 0, 0, 0, 0, 0, 0, 0, 0, 0]], "36266.sol": [0, [0, 0, 0, 0, 0, 0, 0, 0, 0, 0]], "29151.sol": [0, [0, 0, 0, 0, 0, 0, 0, 0, 0, 0]], "15982.sol": [0, [0, 0, 0, 0, 0, 0, 0, 0, 0, 0]], "13588.sol": [0, [0, 0, 0, 0, 0, 0, 0, 0, 0, 0]], "12458.sol": [0, [0, 0, 0, 0, 0, 0, 0, 0, 0, 0]], "25767.sol": [0, [0, 0, 0, 0, 0, 0, 0, 0, 0, 0]], "7779.sol": [0, [0, 0, 0, 0, 0, 0, 0, 0, 0, 0]], "39012.sol": [0, [0, 0, 0, 0, 0, 0, 0, 0, 0, 0]], "26152.sol": [0, [0, 0, 0, 0, 0, 0, 0, 0, 0, 0]], "17236.sol": [0, [0, 0, 0, 0, 0, 0, 0, 0, 0, 0]], "33375.sol": [0, [0, 0, 0, 0, 0, 0, 0, 0, 0, 0]], "8177.sol": [1, [0, 0, 0, 0, 0, 1, 0, 0, 0, 0]], "29962.sol": [0, [0, 0, 0, 0, 0, 0, 0, 0, 0, 0]], "31856.sol": [0, [0, 0, 0, 0, 0, 0, 0, 0, 0, 0]], "20309.sol": [0, [0, 0, 0, 0, 0, 0, 0, 0, 0, 0]], "19547.sol": [0, [0, 0, 0, 0, 0, 0, 0, 0, 0, 0]], "19576.sol": [0, [0, 0, 0, 0, 0, 0, 0, 0, 0, 0]], "39807.sol": [0, [0, 0, 0, 0, 0, 0, 0, 0, 0, 0]], "37841.sol": [0, [0, 0, 0, 0, 0, 0, 0, 0, 0, 0]], "506.sol": [0, [0, 0, 0, 0, 0, 0, 0, 0, 0, 0]], "1901.sol": [0, [0, 0, 0, 0, 0, 0, 0, 0, 0, 0]], "24456.sol": [0, [0, 0, 0, 0, 0, 0, 0, 0, 0, 0]], "20981.sol": [0, [0, 0, 0, 0, 0, 0, 0, 0, 0, 0]], "38617.sol": [0, [0, 0, 0, 0, 0, 0, 0, 0, 0, 0]], "6157.sol": [0, [0, 0, 0, 0, 0, 0, 0, 0, 0, 0]], "18643.sol": [0, [0, 0, 0, 0, 0, 0, 0, 0, 0, 0]], "406.sol": [0, [0, 0, 0, 0, 0, 0, 0, 0, 0, 0]], "20842.sol": [0, [0, 0, 0, 0, 0, 0, 0, 0, 0, 0]], "26304.sol": [0, [0, 0, 0, 0, 0, 0, 0, 0, 0, 0]], "29145.sol": [0, [0, 0, 0, 0, 0, 0, 0, 0, 0, 0]], "39383.sol": [0, [0, 0, 0, 0, 0, 0, 0, 0, 0, 0]], "23116.sol": [0, [0, 0, 0, 0, 0, 0, 0, 0, 0, 0]], "17890.sol": [0, [0, 0, 0, 0, 0, 0, 0, 0, 0, 0]], "8337.sol": [0, [0, 0, 0, 0, 0, 0, 0, 0, 0, 0]], "4384.sol": [0, [0, 0, 0, 0, 0, 0, 0, 0, 0, 0]], "34636.sol": [0, [0, 0, 0, 0, 0, 0, 0, 0, 0, 0]], "25793.sol": [0, [0, 0, 0, 0, 0, 0, 0, 0, 0, 0]], "34633.sol": [0, [0, 0, 0, 0, 0, 0, 0, 0, 0, 0]], "29957.sol": [0, [0, 0, 0, 0, 0, 0, 0, 0, 0, 0]], "24481.sol": [0, [0, 0, 0, 0, 0, 0, 0, 0, 0, 0]], "34799.sol": [0, [0, 0, 0, 0, 0, 0, 0, 0, 0, 0]], "22213.sol": [0, [0, 0, 0, 0, 0, 0, 0, 0, 0, 0]], "4353.sol": [0, [0, 0, 0, 0, 0, 0, 0, 0, 0, 0]], "8865.sol": [0, [0, 0, 0, 0, 0, 0, 0, 0, 0, 0]], "13428.sol": [0, [0, 0, 0, 0, 0, 0, 0, 0, 0, 0]], "8505.sol": [0, [0, 0, 0, 0, 0, 0, 0, 0, 0, 0]], "22378.sol": [1, [0, 1, 0, 0, 0, 0, 1, 0, 0, 0]], "22117.sol": [0, [0, 0, 0, 0, 0, 0, 0, 0, 0, 0]], "15345.sol": [0, [0, 0, 0, 0, 0, 0, 0, 0, 0, 0]], "28137.sol": [0, [0, 0, 0, 0, 0, 0, 0, 0, 0, 0]], "27752.sol": [1, [0, 0, 1, 1, 1, 1, 0, 1, 1, 1]], "15260.sol": [0, [0, 0, 0, 0, 0, 0, 0, 0, 0, 0]], "30959.sol": [0, [0, 0, 0, 0, 0, 0, 0, 0, 0, 0]], "2163.sol": [0, [0, 0, 0, 0, 0, 0, 0, 0, 0, 0]], "34564.sol": [0, [0, 0, 0, 0, 0, 0, 0, 0, 0, 0]], "24844.sol": [0, [0, 0, 0, 0, 0, 0, 0, 0, 0, 0]], "2227.sol": [0, [0, 0, 0, 0, 0, 0, 0, 0, 0, 0]], "27970.sol": [0, [0, 0, 0, 0, 0, 0, 0, 0, 0, 0]], "14143.sol": [1, [1, 1, 0, 0, 1, 0, 1, 0, 0, 0]], "40003.sol": [1, [0, 0, 0, 0, 0, 0, 0, 0, 1, 0]], "37700.sol": [0, [0, 0, 0, 0, 0, 0, 0, 0, 0, 0]], "18965.sol": [0, [0, 0, 0, 0, 0, 0, 0, 0, 0, 0]], "10895.sol": [0, [0, 0, 0, 0, 0, 0, 0, 0, 0, 0]], "9819.sol": [1, [1, 1, 1, 1, 1, 0, 0, 1, 1, 0]], "13851.sol": [0, [0, 0, 0, 0, 0, 0, 0, 0, 0, 0]], "3037.sol": [0, [0, 0, 0, 0, 0, 0, 0, 0, 0, 0]], "23960.sol": [0, [0, 0, 0, 0, 0, 0, 0, 0, 0, 0]], "35047.sol": [0, [0, 0, 0, 0, 0, 0, 0, 0, 0, 0]], "20583.sol": [0, [0, 0, 0, 0, 0, 0, 0, 0, 0, 0]], "34145.sol": [0, [0, 0, 0, 0, 0, 0, 0, 0, 0, 0]], "25013.sol": [1, [0, 1, 1, 1, 1, 1, 0, 1, 0, 0]], "10233.sol": [1, [1, 1, 1, 1, 1, 1, 1, 1, 1, 1]], "21436.sol": [1, [1, 0, 0, 0, 0, 0, 0, 0, 0, 0]], "33538.sol": [0, [0, 0, 0, 0, 0, 0, 0, 0, 0, 0]], "39388.sol": [1, [1, 0, 0, 0, 0, 0, 0, 0, 0, 0]], "8711.sol": [0, [0, 0, 0, 0, 0, 0, 0, 0, 0, 0]], "34425.sol": [1, [0, 0, 0, 0, 1, 1, 1, 0, 0, 1]], "23011.sol": [0, [0, 0, 0, 0, 0, 0, 0, 0, 0, 0]], "7079.sol": [0, [0, 0, 0, 0, 0, 0, 0, 0, 0, 0]], "20657.sol": [0, [0, 0, 0, 0, 0, 0, 0, 0, 0, 0]], "2554.sol": [0, [0, 0, 0, 0, 0, 0, 0, 0, 0, 0]], "12886.sol": [0, [0, 0, 0, 0, 0, 0, 0, 0, 0, 0]], "32385.sol": [0, [0, 0, 0, 0, 0, 0, 0, 0, 0, 0]], "34114.sol": [0, [0, 0, 0, 0, 0, 0, 0, 0, 0, 0]], "8131.sol": [0, [0, 0, 0, 0, 0, 0, 0, 0, 0, 0]], "20433.sol": [0, [0, 0, 0, 0, 0, 0, 0, 0, 0, 0]], "7341.sol": [0, [0, 0, 0, 0, 0, 0, 0, 0, 0, 0]], "15183.sol": [0, [0, 0, 0, 0, 0, 0, 0, 0, 0, 0]], "14824.sol": [0, [0, 0, 0, 0, 0, 0, 0, 0, 0, 0]], "17302.sol": [0, [0, 0, 0, 0, 0, 0, 0, 0, 0, 0]], "3251.sol": [0, [0, 0, 0, 0, 0, 0, 0, 0, 0, 0]], "945.sol": [0, [0, 0, 0, 0, 0, 0, 0, 0, 0, 0]], "29760.sol": [0, [0, 0, 0, 0, 0, 0, 0, 0, 0, 0]], "24650.sol": [0, [0, 0, 0, 0, 0, 0, 0, 0, 0, 0]], "2696.sol": [0, [0, 0, 0, 0, 0, 0, 0, 0, 0, 0]], "5600.sol": [0, [0, 0, 0, 0, 0, 0, 0, 0, 0, 0]], "15021.sol": [0, [0, 0, 0, 0, 0, 0, 0, 0, 0, 0]], "40110.sol": [1, [1, 1, 1, 1, 1, 1, 1, 1, 1, 0]], "3959.sol": [0, [0, 0, 0, 0, 0, 0, 0, 0, 0, 0]], "23799.sol": [0, [0, 0, 0, 0, 0, 0, 0, 0, 0, 0]], "26769.sol": [0, [0, 0, 0, 0, 0, 0, 0, 0, 0, 0]], "37947.sol": [0, [0, 0, 0, 0, 0, 0, 0, 0, 0, 0]], "3295.sol": [0, [0, 0, 0, 0, 0, 0, 0, 0, 0, 0]], "37690.sol": [0, [0, 0, 0, 0, 0, 0, 0, 0, 0, 0]], "13912.sol": [0, [0, 0, 0, 0, 0, 0, 0, 0, 0, 0]], "14719.sol": [0, [0, 0, 0, 0, 0, 0, 0, 0, 0, 0]], "33103.sol": [0, [0, 0, 0, 0, 0, 0, 0, 0, 0, 0]], "34541.sol": [0, [0, 0, 0, 0, 0, 0, 0, 0, 0, 0]], "15862.sol": [1, [1, 1, 1, 1, 1, 0, 0, 0, 0, 0]], "20404.sol": [0, [0, 0, 0, 0, 0, 0, 0, 0, 0, 0]], "22810.sol": [0, [0, 0, 0, 0, 0, 0, 0, 0, 0, 0]], "28492.sol": [0, [0, 0, 0, 0, 0, 0, 0, 0, 0, 0]], "10603.sol": [0, [0, 0, 0, 0, 0, 0, 0, 0, 0, 0]], "25285.sol": [0, [0, 0, 0, 0, 0, 0, 0, 0, 0, 0]], "10145.sol": [0, [0, 0, 0, 0, 0, 0, 0, 0, 0, 0]], "11461.sol": [0, [0, 0, 0, 0, 0, 0, 0, 0, 0, 0]], "15677.sol": [0, [0, 0, 0, 0, 0, 0, 0, 0, 0, 0]], "28257.sol": [0, [0, 0, 0, 0, 0, 0, 0, 0, 0, 0]], "37337.sol": [0, [0, 0, 0, 0, 0, 0, 0, 0, 0, 0]], "28738.sol": [0, [0, 0, 0, 0, 0, 0, 0, 0, 0, 0]], "31544.sol": [0, [0, 0, 0, 0, 0, 0, 0, 0, 0, 0]], "29218.sol": [0, [0, 0, 0, 0, 0, 0, 0, 0, 0, 0]], "19035.sol": [0, [0, 0, 0, 0, 0, 0, 0, 0, 0, 0]], "13585.sol": [0, [0, 0, 0, 0, 0, 0, 0, 0, 0, 0]], "30974.sol": [1, [0, 0, 0, 0, 1, 0, 1, 0, 0, 0]], "24360.sol": [0, [0, 0, 0, 0, 0, 0, 0, 0, 0, 0]], "5159.sol": [0, [0, 0, 0, 0, 0, 0, 0, 0, 0, 0]], "3845.sol": [0, [0, 0, 0, 0, 0, 0, 0, 0, 0, 0]], "1642.sol": [0, [0, 0, 0, 0, 0, 0, 0, 0, 0, 0]], "18369.sol": [0, [0, 0, 0, 0, 0, 0, 0, 0, 0, 0]], "3920.sol": [1, [1, 1, 1, 1, 0, 0, 0, 0, 0, 0]], "39727.sol": [0, [0, 0, 0, 0, 0, 0, 0, 0, 0, 0]], "35638.sol": [1, [0, 0, 0, 0, 0, 0, 0, 1, 0, 0]], "19457.sol": [0, [0, 0, 0, 0, 0, 0, 0, 0, 0, 0]], "30626.sol": [0, [0, 0, 0, 0, 0, 0, 0, 0, 0, 0]], "5084.sol": [0, [0, 0, 0, 0, 0, 0, 0, 0, 0, 0]], "4333.sol": [0, [0, 0, 0, 0, 0, 0, 0, 0, 0, 0]], "12637.sol": [0, [0, 0, 0, 0, 0, 0, 0, 0, 0, 0]], "16843.sol": [0, [0, 0, 0, 0, 0, 0, 0, 0, 0, 0]], "23421.sol": [1, [0, 0, 0, 0, 0, 0, 0, 0, 0, 1]], "18260.sol": [0, [0, 0, 0, 0, 0, 0, 0, 0, 0, 0]], "6013.sol": [0, [0, 0, 0, 0, 0, 0, 0, 0, 0, 0]], "36238.sol": [0, [0, 0, 0, 0, 0, 0, 0, 0, 0, 0]], "23242.sol": [0, [0, 0, 0, 0, 0, 0, 0, 0, 0, 0]], "23260.sol": [0, [0, 0, 0, 0, 0, 0, 0, 0, 0, 0]], "30258.sol": [0, [0, 0, 0, 0, 0, 0, 0, 0, 0, 0]], "22152.sol": [0, [0, 0, 0, 0, 0, 0, 0, 0, 0, 0]], "9999.sol": [0, [0, 0, 0, 0, 0, 0, 0, 0, 0, 0]], "10035.sol": [0, [0, 0, 0, 0, 0, 0, 0, 0, 0, 0]], "23391.sol": [0, [0, 0, 0, 0, 0, 0, 0, 0, 0, 0]], "29373.sol": [0, [0, 0, 0, 0, 0, 0, 0, 0, 0, 0]], "9322.sol": [0, [0, 0, 0, 0, 0, 0, 0, 0, 0, 0]], "37187.sol": [0, [0, 0, 0, 0, 0, 0, 0, 0, 0, 0]], "10662.sol": [0, [0, 0, 0, 0, 0, 0, 0, 0, 0, 0]], "14134.sol": [1, [0, 0, 1, 1, 0, 0, 0, 0, 0, 0]], "23151.sol": [0, [0, 0, 0, 0, 0, 0, 0, 0, 0, 0]], "17647.sol": [0, [0, 0, 0, 0, 0, 0, 0, 0, 0, 0]], "15746.sol": [0, [0, 0, 0, 0, 0, 0, 0, 0, 0, 0]], "30338.sol": [0, [0, 0, 0, 0, 0, 0, 0, 0, 0, 0]], "27925.sol": [0, [0, 0, 0, 0, 0, 0, 0, 0, 0, 0]], "16420.sol": [0, [0, 0, 0, 0, 0, 0, 0, 0, 0, 0]], "61.sol": [0, [0, 0, 0, 0, 0, 0, 0, 0, 0, 0]], "37040.sol": [0, [0, 0, 0, 0, 0, 0, 0, 0, 0, 0]], "39663.sol": [0, [0, 0, 0, 0, 0, 0, 0, 0, 0, 0]], "24600.sol": [0, [0, 0, 0, 0, 0, 0, 0, 0, 0, 0]], "30573.sol": [0, [0, 0, 0, 0, 0, 0, 0, 0, 0, 0]], "1531.sol": [0, [0, 0, 0, 0, 0, 0, 0, 0, 0, 0]], "39483.sol": [0, [0, 0, 0, 0, 0, 0, 0, 0, 0, 0]], "9511.sol": [0, [0, 0, 0, 0, 0, 0, 0, 0, 0, 0]], "648.sol": [0, [0, 0, 0, 0, 0, 0, 0, 0, 0, 0]], "12597.sol": [0, [0, 0, 0, 0, 0, 0, 0, 0, 0, 0]], "8261.sol": [0, [0, 0, 0, 0, 0, 0, 0, 0, 0, 0]], "15892.sol": [0, [0, 0, 0, 0, 0, 0, 0, 0, 0, 0]], "26078.sol": [0, [0, 0, 0, 0, 0, 0, 0, 0, 0, 0]], "6264.sol": [0, [0, 0, 0, 0, 0, 0, 0, 0, 0, 0]], "11256.sol": [0, [0, 0, 0, 0, 0, 0, 0, 0, 0, 0]], "6619.sol": [0, [0, 0, 0, 0, 0, 0, 0, 0, 0, 0]], "8591.sol": [0, [0, 0, 0, 0, 0, 0, 0, 0, 0, 0]], "37099.sol": [0, [0, 0, 0, 0, 0, 0, 0, 0, 0, 0]], "5730.sol": [0, [0, 0, 0, 0, 0, 0, 0, 0, 0, 0]], "36823.sol": [0, [0, 0, 0, 0, 0, 0, 0, 0, 0, 0]], "12518.sol": [0, [0, 0, 0, 0, 0, 0, 0, 0, 0, 0]], "13084.sol": [0, [0, 0, 0, 0, 0, 0, 0, 0, 0, 0]], "27424.sol": [0, [0, 0, 0, 0, 0, 0, 0, 0, 0, 0]], "20073.sol": [0, [0, 0, 0, 0, 0, 0, 0, 0, 0, 0]], "18978.sol": [1, [0, 0, 0, 0, 0, 0, 1, 0, 1, 1]], "11438.sol": [0, [0, 0, 0, 0, 0, 0, 0, 0, 0, 0]], "17906.sol": [0, [0, 0, 0, 0, 0, 0, 0, 0, 0, 0]], "35797.sol": [0, [0, 0, 0, 0, 0, 0, 0, 0, 0, 0]], "12884.sol": [0, [0, 0, 0, 0, 0, 0, 0, 0, 0, 0]], "624.sol": [0, [0, 0, 0, 0, 0, 0, 0, 0, 0, 0]], "264.sol": [0, [0, 0, 0, 0, 0, 0, 0, 0, 0, 0]], "22151.sol": [0, [0, 0, 0, 0, 0, 0, 0, 0, 0, 0]], "25342.sol": [1, [0, 1, 1, 0, 1, 1, 0, 0, 1, 0]], "8665.sol": [0, [0, 0, 0, 0, 0, 0, 0, 0, 0, 0]], "15269.sol": [0, [0, 0, 0, 0, 0, 0, 0, 0, 0, 0]], "25709.sol": [1, [0, 0, 1, 0, 0, 0, 0, 0, 0, 0]], "3645.sol": [0, [0, 0, 0, 0, 0, 0, 0, 0, 0, 0]], "24253.sol": [0, [0, 0, 0, 0, 0, 0, 0, 0, 0, 0]], "10740.sol": [0, [0, 0, 0, 0, 0, 0, 0, 0, 0, 0]], "3689.sol": [0, [0, 0, 0, 0, 0, 0, 0, 0, 0, 0]], "71.sol": [1, [1, 0, 0, 0, 0, 0, 0, 0, 1, 1]], "7427.sol": [0, [0, 0, 0, 0, 0, 0, 0, 0, 0, 0]], "21639.sol": [0, [0, 0, 0, 0, 0, 0, 0, 0, 0, 0]], "12643.sol": [0, [0, 0, 0, 0, 0, 0, 0, 0, 0, 0]], "1910.sol": [0, [0, 0, 0, 0, 0, 0, 0, 0, 0, 0]], "21717.sol": [0, [0, 0, 0, 0, 0, 0, 0, 0, 0, 0]], "38037.sol": [0, [0, 0, 0, 0, 0, 0, 0, 0, 0, 0]], "3027.sol": [0, [0, 0, 0, 0, 0, 0, 0, 0, 0, 0]], "20809.sol": [0, [0, 0, 0, 0, 0, 0, 0, 0, 0, 0]], "11630.sol": [0, [0, 0, 0, 0, 0, 0, 0, 0, 0, 0]], "11791.sol": [0, [0, 0, 0, 0, 0, 0, 0, 0, 0, 0]], "35758.sol": [1, [0, 0, 0, 0, 0, 0, 0, 0, 1, 1]], "38404.sol": [0, [0, 0, 0, 0, 0, 0, 0, 0, 0, 0]], "18537.sol": [0, [0, 0, 0, 0, 0, 0, 0, 0, 0, 0]], "39073.sol": [0, [0, 0, 0, 0, 0, 0, 0, 0, 0, 0]], "6066.sol": [0, [0, 0, 0, 0, 0, 0, 0, 0, 0, 0]], "8802.sol": [0, [0, 0, 0, 0, 0, 0, 0, 0, 0, 0]], "10497.sol": [0, [0, 0, 0, 0, 0, 0, 0, 0, 0, 0]], "29570.sol": [1, [1, 1, 1, 1, 1, 1, 1, 1, 0, 1]], "34403.sol": [0, [0, 0, 0, 0, 0, 0, 0, 0, 0, 0]], "20963.sol": [1, [0, 0, 0, 0, 0, 0, 0, 0, 0, 1]], "7584.sol": [0, [0, 0, 0, 0, 0, 0, 0, 0, 0, 0]], "21237.sol": [0, [0, 0, 0, 0, 0, 0, 0, 0, 0, 0]], "13342.sol": [0, [0, 0, 0, 0, 0, 0, 0, 0, 0, 0]], "26927.sol": [0, [0, 0, 0, 0, 0, 0, 0, 0, 0, 0]], "30793.sol": [0, [0, 0, 0, 0, 0, 0, 0, 0, 0, 0]], "14826.sol": [0, [0, 0, 0, 0, 0, 0, 0, 0, 0, 0]], "9515.sol": [0, [0, 0, 0, 0, 0, 0, 0, 0, 0, 0]], "3005.sol": [1, [0, 0, 0, 0, 1, 0, 0, 0, 0, 0]], "28910.sol": [0, [0, 0, 0, 0, 0, 0, 0, 0, 0, 0]], "8158.sol": [0, [0, 0, 0, 0, 0, 0, 0, 0, 0, 0]], "35001.sol": [1, [0, 0, 0, 1, 0, 0, 0, 0, 1, 0]], "26165.sol": [0, [0, 0, 0, 0, 0, 0, 0, 0, 0, 0]], "24558.sol": [0, [0, 0, 0, 0, 0, 0, 0, 0, 0, 0]], "12570.sol": [0, [0, 0, 0, 0, 0, 0, 0, 0, 0, 0]], "9755.sol": [0, [0, 0, 0, 0, 0, 0, 0, 0, 0, 0]], "8156.sol": [0, [0, 0, 0, 0, 0, 0, 0, 0, 0, 0]], "6228.sol": [1, [1, 1, 1, 1, 1, 1, 0, 0, 0, 0]], "10938.sol": [0, [0, 0, 0, 0, 0, 0, 0, 0, 0, 0]], "24305.sol": [0, [0, 0, 0, 0, 0, 0, 0, 0, 0, 0]], "35487.sol": [0, [0, 0, 0, 0, 0, 0, 0, 0, 0, 0]], "22186.sol": [0, [0, 0, 0, 0, 0, 0, 0, 0, 0, 0]], "36493.sol": [1, [1, 1, 0, 0, 0, 0, 0, 0, 0, 0]], "3047.sol": [0, [0, 0, 0, 0, 0, 0, 0, 0, 0, 0]], "36536.sol": [1, [1, 1, 1, 1, 1, 1, 1, 1, 1, 1]], "33866.sol": [0, [0, 0, 0, 0, 0, 0, 0, 0, 0, 0]], "7976.sol": [0, [0, 0, 0, 0, 0, 0, 0, 0, 0, 0]], "24967.sol": [0, [0, 0, 0, 0, 0, 0, 0, 0, 0, 0]], "35779.sol": [0, [0, 0, 0, 0, 0, 0, 0, 0, 0, 0]], "39133.sol": [0, [0, 0, 0, 0, 0, 0, 0, 0, 0, 0]], "14383.sol": [0, [0, 0, 0, 0, 0, 0, 0, 0, 0, 0]], "37218.sol": [1, [1, 1, 1, 1, 1, 1, 1, 1, 1, 1]], "19556.sol": [0, [0, 0, 0, 0, 0, 0, 0, 0, 0, 0]], "35488.sol": [0, [0, 0, 0, 0, 0, 0, 0, 0, 0, 0]], "34008.sol": [0, [0, 0, 0, 0, 0, 0, 0, 0, 0, 0]], "9226.sol": [0, [0, 0, 0, 0, 0, 0, 0, 0, 0, 0]], "31634.sol": [1, [0, 0, 0, 0, 0, 0, 0, 0, 1, 0]], "32313.sol": [1, [1, 1, 1, 1, 1, 1, 0, 0, 0, 0]], "17151.sol": [0, [0, 0, 0, 0, 0, 0, 0, 0, 0, 0]], "13784.sol": [0, [0, 0, 0, 0, 0, 0, 0, 0, 0, 0]], "19142.sol": [0, [0, 0, 0, 0, 0, 0, 0, 0, 0, 0]], "24010.sol": [0, [0, 0, 0, 0, 0, 0, 0, 0, 0, 0]], "34841.sol": [0, [0, 0, 0, 0, 0, 0, 0, 0, 0, 0]], "32132.sol": [0, [0, 0, 0, 0, 0, 0, 0, 0, 0, 0]], "18904.sol": [0, [0, 0, 0, 0, 0, 0, 0, 0, 0, 0]], "23784.sol": [0, [0, 0, 0, 0, 0, 0, 0, 0, 0, 0]], "40004.sol": [1, [0, 0, 0, 0, 0, 0, 1, 1, 0, 0]], "17550.sol": [0, [0, 0, 0, 0, 0, 0, 0, 0, 0, 0]], "29802.sol": [0, [0, 0, 0, 0, 0, 0, 0, 0, 0, 0]], "2117.sol": [0, [0, 0, 0, 0, 0, 0, 0, 0, 0, 0]], "10873.sol": [0, [0, 0, 0, 0, 0, 0, 0, 0, 0, 0]], "27207.sol": [1, [0, 0, 0, 1, 1, 0, 0, 0, 0, 0]], "27596.sol": [1, [1, 1, 0, 0, 0, 0, 0, 0, 0, 0]], "32304.sol": [1, [0, 0, 0, 0, 0, 1, 1, 0, 1, 1]], "19251.sol": [1, [0, 0, 0, 1, 1, 1, 0, 0, 0, 0]], "24780.sol": [1, [1, 1, 1, 0, 0, 0, 1, 0, 0, 0]], "7201.sol": [1, [1, 0, 0, 0, 0, 1, 1, 0, 1, 1]], "17095.sol": [0, [0, 0, 0, 0, 0, 0, 0, 0, 0, 0]], "34928.sol": [0, [0, 0, 0, 0, 0, 0, 0, 0, 0, 0]], "11715.sol": [1, [0, 1, 1, 1, 1, 0, 0, 0, 0, 0]], "13403.sol": [1, [0, 0, 1, 1, 0, 0, 1, 0, 1, 0]], "38608.sol": [0, [0, 0, 0, 0, 0, 0, 0, 0, 0, 0]], "26982.sol": [0, [0, 0, 0, 0, 0, 0, 0, 0, 0, 0]], "1968.sol": [1, [0, 0, 0, 0, 1, 1, 1, 1, 1, 1]], "29015.sol": [1, [0, 0, 0, 1, 0, 1, 0, 0, 1, 1]], "2607.sol": [1, [0, 0, 0, 0, 1, 0, 0, 0, 0, 0]], "1450.sol": [1, [0, 1, 0, 0, 0, 0, 0, 0, 0, 0]], "7509.sol": [1, [0, 0, 0, 0, 1, 1, 0, 0, 1, 0]], "8200.sol": [1, [0, 0, 1, 0, 0, 0, 0, 0, 0, 0]], "13318.sol": [1, [0, 0, 0, 0, 0, 1, 1, 0, 0, 0]], "7786.sol": [1, [1, 1, 0, 1, 0, 0, 0, 1, 0, 0]], "11097.sol": [1, [0, 0, 0, 0, 0, 1, 0, 0, 0, 0]], "22756.sol": [1, [0, 0, 0, 1, 1, 1, 0, 0, 0, 1]], "27401.sol": [1, [0, 0, 1, 1, 1, 0, 0, 0, 1, 1]], "18198.sol": [1, [0, 0, 0, 0, 0, 1, 0, 0, 0, 0]], "23440.sol": [1, [1, 1, 0, 1, 1, 0, 0, 1, 0, 0]], "5403.sol": [1, [0, 0, 0, 0, 0, 1, 0, 0, 0, 0]], "24951.sol": [1, [1, 0, 0, 0, 0, 0, 1, 0, 1, 1]], "20370.sol": [1, [1, 0, 0, 0, 1, 1, 0, 0, 0, 0]], "34840.sol": [1, [1, 1, 1, 1, 1, 0, 1, 0, 0, 0]], "38386.sol": [1, [1, 1, 0, 0, 1, 1, 0, 0, 0, 0]], "18062.sol": [1, [0, 0, 0, 0, 1, 1, 0, 1, 1, 1]], "2705.sol": [1, [0, 0, 0, 0, 1, 1, 0, 0, 0, 0]], "27458.sol": [1, [0, 0, 1, 0, 1, 0, 0, 0, 0, 0]], "20198.sol": [1, [0, 0, 0, 0, 1, 0, 1, 0, 0, 0]], "1595.sol": [1, [1, 1, 0, 0, 0, 0, 1, 0, 1, 0]], "28938.sol": [0, [0, 0, 0, 0, 0, 0, 0, 0, 0, 0]], "22237.sol": [1, [0, 0, 0, 0, 0, 0, 0, 1, 0, 0]], "24603.sol": [0, [0, 0, 0, 0, 0, 0, 0, 0, 0, 0]], "15078.sol": [0, [0, 0, 0, 0, 0, 0, 0, 0, 0, 0]], "19222.sol": [1, [0, 0, 0, 1, 0, 0, 0, 0, 0, 0]], "31026.sol": [1, [0, 0, 0, 0, 0, 0, 1, 1, 1, 0]], "2416.sol": [1, [0, 0, 0, 1, 0, 1, 1, 0, 0, 1]], "35275.sol": [1, [1, 1, 1, 1, 0, 1, 1, 1, 1, 1]], "1770.sol": [0, [0, 0, 0, 0, 0, 0, 0, 0, 0, 0]], "7317.sol": [1, [0, 0, 0, 0, 0, 0, 0, 1, 1, 1]], "11587.sol": [1, [0, 0, 0, 0, 0, 0, 1, 0, 1, 1]], "8141.sol": [1, [0, 0, 0, 0, 0, 0, 0, 0, 1, 1]], "784.sol": [1, [1, 1, 1, 1, 1, 1, 0, 0, 1, 0]], "6474.sol": [1, [1, 1, 1, 1, 1, 1, 1, 1, 1, 1]], "25537.sol": [1, [0, 0, 0, 0, 0, 0, 1, 1, 0, 1]], "24911.sol": [1, [1, 1, 1, 1, 0, 0, 0, 0, 1, 0]], "35257.sol": [0, [0, 0, 0, 0, 0, 0, 0, 0, 0, 0]], "23987.sol": [1, [1, 1, 1, 1, 1, 1, 1, 1, 1, 0]], "6209.sol": [1, [1, 1, 1, 1, 1, 1, 1, 1, 1, 1]], "33957.sol": [1, [1, 1, 1, 1, 1, 1, 0, 1, 0, 0]], "20888.sol": [1, [0, 0, 0, 0, 0, 0, 0, 1, 0, 0]], "3069.sol": [1, [0, 0, 0, 0, 1, 1, 0, 0, 0, 0]], "4878.sol": [1, [1, 1, 1, 1, 1, 1, 1, 1, 0, 0]], "17172.sol": [1, [1, 1, 0, 0, 0, 0, 0, 0, 0, 0]], "37995.sol": [1, [1, 1, 1, 1, 1, 1, 1, 1, 1, 1]], "23291.sol": [1, [1, 1, 1, 1, 0, 1, 0, 0, 0, 0]], "17728.sol": [1, [1, 1, 0, 0, 1, 1, 1, 0, 0, 0]], "22233.sol": [0, [0, 0, 0, 0, 0, 0, 0, 0, 0, 0]], "36156.sol": [1, [0, 0, 1, 0, 0, 0, 0, 0, 0, 0]], "22496.sol": [1, [1, 0, 0, 0, 0, 1, 1, 1, 0, 0]], "32930.sol": [1, [1, 1, 1, 1, 1, 1, 1, 1, 1, 1]], "25559.sol": [1, [1, 1, 0, 1, 0, 1, 1, 0, 1, 0]], "8630.sol": [1, [1, 1, 0, 0, 0, 0, 0, 1, 1, 0]], "16444.sol": [1, [0, 0, 1, 0, 0, 0, 1, 0, 0, 0]], "13437.sol": [1, [0, 0, 1, 0, 0, 0, 1, 0, 0, 0]], "18316.sol": [1, [0, 0, 0, 0, 1, 0, 0, 1, 0, 0]], "29013.sol": [1, [0, 0, 0, 1, 0, 1, 0, 0, 1, 1]], "29181.sol": [1, [0, 0, 0, 1, 0, 1, 0, 0, 1, 1]], "18047.sol": [0, [0, 0, 0, 0, 0, 0, 0, 0, 0, 0]], "32482.sol": [1, [0, 0, 0, 0, 0, 0, 1, 0, 0, 0]], "2727.sol": [1, [0, 0, 0, 0, 0, 1, 0, 0, 0, 0]], "33195.sol": [0, [0, 0, 0, 0, 0, 0, 0, 0, 0, 0]], "32837.sol": [1, [1, 1, 0, 1, 0, 1, 1, 0, 1, 0]], "31039.sol": [1, [0, 0, 0, 0, 0, 0, 1, 1, 1, 0]], "1149.sol": [1, [1, 1, 1, 1, 0, 0, 0, 0, 0, 0]], "25075.sol": [1, [1, 1, 1, 1, 1, 1, 1, 1, 1, 1]], "16168.sol": [0, [0, 0, 0, 0, 0, 0, 0, 0, 0, 0]], "37391.sol": [1, [0, 0, 0, 0, 0, 1, 0, 0, 1, 1]], "33716.sol": [1, [1, 0, 0, 0, 0, 1, 0, 0, 0, 1]], "13402.sol": [1, [0, 0, 1, 1, 0, 0, 1, 0, 1, 0]], "40648.sol": [1, [1, 1, 1, 1, 1, 1, 1, 1, 1, 1]], "37464.sol": [1, [0, 0, 0, 0, 0, 0, 0, 0, 1, 0]], "17880.sol": [1, [0, 0, 0, 1, 1, 0, 1, 1, 1, 0]], "40651.sol": [1, [1, 1, 1, 1, 1, 1, 1, 1, 1, 1]], "33545.sol": [1, [0, 0, 0, 0, 0, 1, 0, 0, 1, 0]], "40226.sol": [1, [1, 1, 1, 1, 0, 1, 0, 0, 0, 0]], "26531.sol": [1, [0, 0, 1, 0, 1, 1, 0, 0, 1, 1]], "6905.sol": [1, [0, 1, 0, 0, 0, 1, 0, 0, 0, 0]], "24715.sol": [1, [0, 1, 1, 0, 1, 0, 1, 1, 1, 0]], "4662.sol": [1, [0, 1, 1, 1, 1, 1, 0, 1, 0, 0]], "39269.sol": [0, [0, 0, 0, 0, 0, 0, 0, 0, 0, 0]], "9225.sol": [0, [0, 0, 0, 0, 0, 0, 0, 0, 0, 0]], "23694.sol": [1, [1, 1, 1, 1, 1, 1, 1, 1, 1, 1]], "19137.sol": [0, [0, 0, 0, 0, 0, 0, 0, 0, 0, 0]], "3704.sol": [1, [0, 1, 0, 1, 1, 0, 1, 0, 0, 0]], "1753.sol": [1, [0, 0, 0, 0, 1, 0, 0, 0, 0, 0]], "17251.sol": [1, [0, 0, 0, 0, 0, 0, 0, 1, 0, 0]], "31471.sol": [1, [1, 1, 1, 1, 1, 1, 0, 1, 0, 1]], "38014.sol": [1, [0, 0, 0, 0, 0, 0, 0, 1, 0, 1]], "20392.sol": [1, [1, 0, 0, 0, 1, 1, 0, 0, 0, 0]], "16554.sol": [1, [0, 0, 0, 1, 1, 0, 0, 1, 1, 1]], "2338.sol": [1, [0, 0, 0, 1, 1, 0, 0, 0, 0, 1]], "27659.sol": [1, [1, 1, 1, 1, 1, 1, 1, 1, 1, 1]], "28011.sol": [1, [1, 1, 1, 1, 1, 0, 1, 0, 0, 1]], "20035.sol": [1, [1, 1, 1, 1, 1, 1, 1, 1, 1, 1]], "18896.sol": [1, [1, 1, 1, 0, 0, 0, 0, 0, 0, 0]], "16152.sol": [1, [0, 1, 0, 1, 1, 1, 1, 1, 1, 1]], "13954.sol": [1, [1, 0, 0, 1, 1, 1, 1, 1, 1, 1]], "17133.sol": [1, [1, 0, 0, 0, 0, 0, 0, 1, 1, 1]], "22019.sol": [0, [0, 0, 0, 0, 0, 0, 0, 0, 0, 0]], "27273.sol": [1, [0, 0, 0, 1, 1, 0, 0, 0, 0, 1]], "2746.sol": [1, [0, 0, 1, 0, 0, 0, 0, 0, 0, 1]], "518.sol": [1, [0, 0, 0, 0, 0, 1, 1, 0, 0, 0]], "22206.sol": [1, [1, 1, 0, 0, 0, 0, 0, 0, 0, 0]], "33509.sol": [1, [1, 1, 1, 1, 1, 1, 1, 1, 1, 1]], "14437.sol": [1, [0, 0, 1, 1, 0, 0, 1, 1, 0, 1]], "17219.sol": [1, [1, 0, 0, 0, 0, 0, 0, 0, 0, 0]], "30187.sol": [0, [0, 0, 0, 0, 0, 0, 0, 0, 0, 0]], "18916.sol": [0, [0, 0, 0, 0, 0, 0, 0, 0, 0, 0]], "27603.sol": [1, [0, 0, 1, 1, 1, 0, 0, 0, 1, 1]], "17501.sol": [1, [0, 0, 0, 0, 0, 1, 0, 0, 1, 0]], "31009.sol": [1, [0, 0, 0, 0, 0, 0, 1, 1, 1, 0]], "5400.sol": [1, [0, 0, 0, 0, 0, 1, 1, 1, 0, 1]], "13928.sol": [1, [0, 0, 0, 0, 1, 1, 0, 0, 0, 1]], "6757.sol": [1, [0, 0, 0, 0, 0, 0, 0, 1, 0, 0]], "24920.sol": [1, [0, 0, 0, 0, 0, 0, 1, 0, 0, 0]], "13337.sol": [1, [0, 0, 1, 0, 0, 0, 1, 0, 0, 1]], "39419.sol": [1, [0, 0, 1, 0, 1, 0, 1, 0, 0, 0]], "6578.sol": [0, [0, 0, 0, 0, 0, 0, 0, 0, 0, 0]], "34790.sol": [1, [0, 0, 1, 0, 1, 0, 0, 0, 0, 0]], "31015.sol": [1, [0, 0, 0, 0, 0, 0, 1, 1, 1, 0]], "19604.sol": [1, [1, 1, 1, 1, 0, 1, 1, 0, 0, 0]], "33808.sol": [1, [1, 0, 1, 1, 1, 1, 0, 0, 0, 1]], "6712.sol": [1, [0, 0, 0, 0, 1, 0, 1, 1, 0, 1]], "11732.sol": [1, [0, 0, 0, 0, 1, 0, 0, 0, 0, 1]], "28734.sol": [0, [0, 0, 0, 0, 0, 0, 0, 0, 0, 0]], "27363.sol": [1, [0, 0, 1, 0, 1, 0, 0, 0, 1, 1]], "15010.sol": [1, [1, 0, 0, 0, 1, 0, 0, 0, 0, 0]], "23219.sol": [1, [0, 1, 1, 1, 1, 1, 0, 0, 1, 1]], "5374.sol": [1, [0, 0, 0, 0, 0, 1, 0, 0, 0, 0]], "19539.sol": [1, [1, 1, 1, 1, 0, 0, 0, 0, 0, 0]], "24714.sol": [1, [0, 1, 1, 0, 1, 0, 1, 1, 1, 0]], "27134.sol": [1, [1, 1, 1, 1, 1, 1, 0, 0, 0, 0]], "237.sol": [0, [0, 0, 0, 0, 0, 0, 0, 0, 0, 0]], "1628.sol": [0, [0, 0, 0, 0, 0, 0, 0, 0, 0, 0]], "19292.sol": [1, [0, 0, 0, 0, 0, 0, 1, 1, 0, 0]], "16798.sol": [0, [0, 0, 0, 0, 0, 0, 0, 0, 0, 0]], "12605.sol": [1, [0, 0, 0, 1, 1, 1, 1, 0, 0, 0]], "18282.sol": [1, [0, 0, 0, 0, 1, 0, 0, 1, 0, 0]], "34733.sol": [1, [1, 1, 1, 1, 0, 0, 0, 0, 0, 0]], "25274.sol": [1, [0, 0, 0, 1, 0, 1, 1, 0, 1, 1]], "13694.sol": [0, [0, 0, 0, 0, 0, 0, 0, 0, 0, 0]], "25761.sol": [1, [1, 1, 1, 0, 1, 1, 1, 0, 1, 1]], "39108.sol": [0, [0, 0, 0, 0, 0, 0, 0, 0, 0, 0]], "40013.sol": [1, [0, 1, 1, 1, 1, 1, 1, 1, 1, 1]], "12578.sol": [0, [0, 0, 0, 0, 0, 0, 0, 0, 0, 0]], "25566.sol": [1, [0, 1, 1, 0, 1, 0, 1, 0, 1, 0]], "2825.sol": [1, [0, 1, 0, 1, 1, 0, 1, 0, 0, 0]], "31010.sol": [1, [0, 0, 0, 0, 0, 0, 1, 1, 1, 0]], "1916.sol": [0, [0, 0, 0, 0, 0, 0, 0, 0, 0, 0]], "15711.sol": [1, [0, 1, 0, 1, 1, 1, 1, 1, 1, 1]], "33804.sol": [1, [1, 0, 1, 1, 1, 1, 0, 0, 0, 1]], "21703.sol": [1, [1, 1, 1, 1, 0, 1, 1, 1, 1, 1]], "29342.sol": [1, [1, 1, 0, 1, 1, 0, 0, 0, 0, 0]], "1762.sol": [1, [0, 0, 0, 0, 1, 0, 0, 0, 0, 0]], "27498.sol": [1, [1, 1, 1, 1, 0, 0, 0, 1, 1, 0]], "19726.sol": [1, [0, 1, 0, 1, 1, 0, 0, 0, 1, 1]], "12250.sol": [1, [1, 1, 1, 0, 0, 0, 0, 0, 1, 0]], "24721.sol": [1, [0, 1, 0, 0, 1, 0, 0, 0, 0, 0]], "18294.sol": [1, [1, 1, 1, 1, 1, 1, 1, 1, 1, 1]], "26459.sol": [1, [0, 0, 0, 1, 0, 0, 0, 0, 0, 0]], "2287.sol": [1, [1, 1, 1, 1, 1, 0, 0, 1, 1, 0]], "21505.sol": [1, [0, 1, 1, 0, 1, 0, 1, 1, 1, 0]], "33550.sol": [1, [0, 0, 0, 0, 0, 0, 0, 1, 1, 1]], "35858.sol": [1, [0, 0, 0, 0, 1, 0, 1, 1, 0, 1]], "38501.sol": [1, [1, 1, 1, 1, 1, 1, 1, 1, 1, 1]], "19331.sol": [1, [1, 1, 1, 1, 1, 1, 1, 1, 1, 1]], "25892.sol": [1, [1, 0, 1, 1, 1, 1, 0, 0, 1, 0]], "34117.sol": [1, [1, 1, 1, 1, 0, 0, 0, 0, 0, 0]], "1654.sol": [1, [0, 0, 0, 0, 0, 1, 1, 0, 0, 0]], "34129.sol": [1, [0, 1, 1, 1, 1, 1, 1, 1, 1, 1]], "18981.sol": [0, [0, 0, 0, 0, 0, 0, 0, 0, 0, 0]], "18107.sol": [1, [0, 0, 0, 0, 1, 0, 0, 1, 0, 0]], "23435.sol": [1, [1, 1, 0, 1, 1, 0, 0, 1, 0, 0]], "32255.sol": [1, [0, 0, 0, 1, 0, 0, 0, 0, 0, 0]], "24738.sol": [1, [0, 0, 0, 0, 0, 0, 0, 1, 0, 1]], "31052.sol": [1, [0, 0, 0, 0, 0, 0, 1, 1, 1, 1]], "1944.sol": [1, [0, 0, 0, 0, 0, 1, 1, 1, 1, 0]], "37412.sol": [1, [1, 1, 1, 1, 0, 0, 0, 0, 0, 0]], "60.sol": [1, [0, 0, 0, 0, 0, 1, 1, 1, 1, 0]], "27168.sol": [1, [1, 1, 1, 1, 1, 1, 1, 0, 0, 1]], "24818.sol": [1, [0, 1, 1, 1, 0, 1, 1, 1, 1, 1]], "1295.sol": [1, [0, 0, 0, 0, 1, 0, 1, 0, 0, 0]], "27601.sol": [0, [0, 0, 0, 0, 0, 0, 0, 0, 0, 0]], "13608.sol": [1, [1, 1, 1, 0, 1, 0, 0, 0, 1, 0]], "10711.sol": [1, [1, 1, 1, 1, 1, 0, 0, 0, 1, 1]], "25153.sol": [1, [0, 1, 0, 1, 1, 1, 0, 0, 0, 0]], "25616.sol": [1, [1, 1, 1, 1, 1, 1, 1, 0, 1, 0]], "33598.sol": [1, [0, 0, 1, 1, 0, 1, 0, 1, 0, 1]], "16433.sol": [1, [0, 0, 1, 0, 0, 0, 1, 0, 0, 0]], "2324.sol": [1, [0, 0, 0, 0, 1, 0, 0, 0, 0, 0]], "29182.sol": [1, [0, 0, 0, 1, 0, 1, 0, 0, 1, 1]], "13285.sol": [1, [0, 1, 1, 1, 0, 1, 1, 1, 1, 1]], "1871.sol": [0, [0, 0, 0, 0, 0, 0, 0, 0, 0, 0]], "12078.sol": [1, [1, 1, 1, 1, 1, 0, 0, 1, 1, 1]], "36496.sol": [1, [1, 1, 1, 0, 0, 0, 0, 0, 0, 0]], "6212.sol": [1, [1, 1, 1, 1, 1, 1, 1, 1, 1, 1]], "37449.sol": [0, [0, 0, 0, 0, 0, 0, 0, 0, 0, 0]], "25439.sol": [1, [0, 0, 0, 0, 0, 0, 0, 0, 1, 0]], "2658.sol": [1, [1, 1, 1, 1, 0, 0, 0, 0, 0, 0]], "3540.sol": [1, [0, 0, 0, 0, 1, 1, 0, 0, 0, 0]], "4678.sol": [1, [1, 1, 1, 1, 1, 1, 1, 1, 1, 1]], "17169.sol": [0, [0, 0, 0, 0, 0, 0, 0, 0, 0, 0]], "18430.sol": [1, [1, 1, 1, 1, 1, 1, 1, 1, 1, 0]], "17395.sol": [1, [0, 0, 0, 0, 0, 0, 0, 1, 0, 1]], "29228.sol": [1, [0, 0, 1, 0, 0, 0, 0, 1, 0, 0]], "5379.sol": [1, [0, 0, 0, 0, 1, 1, 0, 1, 0, 0]], "20324.sol": [1, [0, 0, 0, 0, 0, 1, 0, 1, 0, 1]], "2638.sol": [1, [1, 1, 1, 1, 0, 0, 0, 0, 0, 0]], "8307.sol": [1, [0, 1, 0, 0, 0, 1, 0, 0, 0, 0]], "27707.sol": [1, [1, 1, 1, 1, 1, 0, 0, 1, 0, 0]], "17392.sol": [1, [0, 0, 0, 1, 1, 1, 0, 0, 0, 1]], "22066.sol": [1, [0, 0, 1, 1, 1, 1, 1, 1, 1, 1]], "21483.sol": [1, [1, 0, 1, 0, 0, 0, 0, 0, 0, 0]], "27468.sol": [1, [0, 0, 0, 0, 0, 0, 0, 0, 1, 1]], "21398.sol": [1, [1, 1, 1, 1, 1, 1, 1, 1, 1, 1]], "2879.sol": [1, [0, 1, 0, 0, 0, 1, 1, 1, 1, 1]], "2203.sol": [1, [0, 1, 0, 0, 0, 1, 1, 1, 1, 1]], "31016.sol": [1, [0, 0, 0, 0, 0, 0, 1, 1, 1, 0]], "496.sol": [0, [0, 0, 0, 0, 0, 0, 0, 0, 0, 0]], "38496.sol": [1, [0, 0, 0, 0, 0, 0, 0, 0, 0, 1]], "18429.sol": [1, [1, 1, 1, 1, 1, 1, 1, 1, 1, 1]], "16958.sol": [1, [0, 0, 0, 0, 0, 0, 0, 1, 0, 1]], "31035.sol": [1, [0, 0, 0, 0, 0, 0, 1, 1, 1, 0]], "7033.sol": [1, [0, 0, 0, 0, 0, 0, 0, 1, 1, 1]], "31017.sol": [1, [0, 0, 0, 0, 0, 0, 1, 1, 1, 0]], "12151.sol": [1, [0, 0, 0, 1, 0, 1, 0, 0, 0, 0]], "4879.sol": [1, [1, 1, 1, 1, 1, 0, 0, 0, 0, 0]], "24909.sol": [1, [1, 1, 1, 1, 1, 1, 1, 1, 1, 1]], "25725.sol": [1, [1, 1, 0, 0, 0, 1, 0, 0, 1, 0]], "27455.sol": [1, [0, 0, 1, 0, 1, 0, 0, 0, 0, 0]], "33703.sol": [1, [0, 0, 0, 0, 1, 1, 1, 1, 1, 1]], "39291.sol": [1, [0, 0, 1, 1, 0, 0, 1, 1, 1, 0]], "26863.sol": [1, [0, 1, 1, 1, 1, 1, 0, 1, 0, 0]], "17907.sol": [1, [0, 0, 1, 1, 1, 1, 1, 1, 1, 1]], "3715.sol": [1, [0, 1, 0, 0, 0, 1, 1, 1, 1, 1]], "24826.sol": [1, [1, 1, 0, 0, 0, 0, 0, 0, 0, 0]], "40658.sol": [1, [1, 1, 1, 1, 1, 1, 1, 1, 1, 1]], "2755.sol": [1, [0, 0, 1, 0, 0, 0, 0, 0, 0, 0]], "1460.sol": [1, [0, 0, 0, 0, 0, 1, 1, 1, 1, 0]], "19067.sol": [1, [1, 1, 1, 1, 0, 0, 0, 0, 1, 0]], "39680.sol": [1, [0, 0, 1, 1, 0, 1, 0, 0, 1, 1]], "13331.sol": [1, [1, 1, 1, 0, 0, 0, 1, 1, 1, 0]], "26441.sol": [1, [0, 1, 1, 1, 0, 1, 0, 0, 0, 0]], "30663.sol": [1, [1, 0, 0, 0, 0, 0, 0, 0, 0, 0]], "35159.sol": [1, [0, 0, 0, 0, 1, 1, 1, 1, 1, 1]], "21802.sol": [1, [1, 1, 1, 1, 1, 1, 1, 1, 1, 1]], "37320.sol": [1, [0, 0, 0, 0, 1, 0, 0, 1, 0, 0]], "14725.sol": [1, [0, 0, 1, 0, 0, 0, 1, 0, 1, 0]], "2761.sol": [0, [0, 0, 0, 0, 0, 0, 0, 0, 0, 0]], "24699.sol": [1, [0, 1, 0, 0, 0, 1, 0, 0, 0, 1]], "27440.sol": [1, [0, 1, 0, 1, 0, 0, 1, 0, 1, 1]], "29034.sol": [1, [1, 1, 1, 0, 0, 1, 0, 1, 0, 1]], "28002.sol": [1, [1, 1, 1, 1, 1, 0, 1, 0, 0, 1]], "34349.sol": [0, [0, 0, 0, 0, 0, 0, 0, 0, 0, 0]], "6171.sol": [1, [1, 1, 1, 1, 0, 0, 0, 0, 1, 1]], "20074.sol": [0, [0, 0, 0, 0, 0, 0, 0, 0, 0, 0]], "22075.sol": [0, [0, 0, 0, 0, 0, 0, 0, 0, 0, 0]], "25473.sol": [1, [0, 0, 0, 1, 0, 1, 1, 0, 1, 1]], "27795.sol": [1, [0, 0, 1, 0, 1, 0, 0, 0, 1, 1]], "38221.sol": [1, [0, 0, 0, 0, 0, 0, 0, 1, 0, 0]], "20077.sol": [0, [0, 0, 0, 0, 0, 0, 0, 0, 0, 0]], "30692.sol": [1, [1, 1, 1, 0, 0, 0, 1, 0, 0, 0]], "36909.sol": [1, [0, 0, 0, 0, 0, 0, 0, 0, 1, 0]], "39771.sol": [0, [0, 0, 0, 0, 0, 0, 0, 0, 0, 0]], "22207.sol": [1, [0, 0, 0, 0, 0, 0, 0, 0, 1, 0]], "27102.sol": [1, [0, 0, 0, 0, 1, 1, 1, 1, 1, 1]], "39297.sol": [0, [0, 0, 0, 0, 0, 0, 0, 0, 0, 0]], "10944.sol": [1, [0, 0, 0, 0, 0, 1, 1, 1, 1, 1]], "25346.sol": [0, [0, 0, 0, 0, 0, 0, 0, 0, 0, 0]], "10692.sol": [1, [0, 0, 0, 1, 0, 1, 0, 0, 0, 0]], "25808.sol": [1, [0, 0, 0, 0, 0, 0, 0, 1, 1, 0]], "39892.sol": [1, [1, 1, 0, 1, 1, 1, 0, 0, 0, 0]], "31011.sol": [1, [0, 0, 0, 0, 0, 0, 1, 1, 1, 0]], "40238.sol": [1, [1, 0, 1, 0, 1, 0, 0, 1, 0, 0]], "6868.sol": [1, [0, 0, 0, 0, 0, 0, 0, 1, 0, 0]], "26613.sol": [1, [0, 1, 0, 0, 0, 0, 0, 0, 0, 0]], "12239.sol": [1, [0, 0, 1, 1, 0, 0, 0, 0, 0, 0]], "17489.sol": [0, [0, 0, 0, 0, 0, 0, 0, 0, 0, 0]], "24420.sol": [1, [0, 1, 1, 0, 1, 0, 1, 1, 1, 0]], "18138.sol": [1, [1, 1, 0, 0, 1, 0, 0, 0, 0, 0]], "29250.sol": [1, [1, 0, 1, 0, 1, 0, 0, 0, 0, 0]]}