{"14605.sol": [0, [0, 0, 0, 0, 0, 0, 0, 0, 0, 0]], "12492.sol": [0, [0, 0, 0, 0, 0, 0, 0, 0, 0, 0]], "29598.sol": [0, [0, 0, 0, 0, 0, 0, 0, 0, 0, 0]], "38681.sol": [0, [0, 0, 0, 0, 0, 0, 0, 0, 0, 0]], "19225.sol": [0, [0, 0, 0, 0, 0, 0, 0, 0, 0, 0]], "2548.sol": [0, [0, 0, 0, 0, 0, 0, 0, 0, 0, 0]], "37852.sol": [0, [0, 0, 0, 0, 0, 0, 0, 0, 0, 0]], "25080.sol": [0, [0, 0, 0, 0, 0, 0, 0, 0, 0, 0]], "1042.sol": [0, [0, 0, 0, 0, 0, 0, 0, 0, 0, 0]], "37153.sol": [0, [0, 0, 0, 0, 0, 0, 0, 0, 0, 0]], "29097.sol": [0, [0, 0, 0, 0, 0, 0, 0, 0, 0, 0]], "705.sol": [0, [0, 0, 0, 0, 0, 0, 0, 0, 0, 0]], "6472.sol": [1, [1, 0, 1, 1, 1, 0, 0, 1, 0, 1]], "25009.sol": [0, [0, 0, 0, 0, 0, 0, 0, 0, 0, 0]], "26173.sol": [0, [0, 0, 0, 0, 0, 0, 0, 0, 0, 0]], "35423.sol": [1, [0, 0, 0, 0, 1, 0, 0, 0, 0, 0]], "21500.sol": [0, [0, 0, 0, 0, 0, 0, 0, 0, 0, 0]], "9489.sol": [0, [0, 0, 0, 0, 0, 0, 0, 0, 0, 0]], "16620.sol": [0, [0, 0, 0, 0, 0, 0, 0, 0, 0, 0]], "31423.sol": [0, [0, 0, 0, 0, 0, 0, 0, 0, 0, 0]], "13096.sol": [0, [0, 0, 0, 0, 0, 0, 0, 0, 0, 0]], "23459.sol": [0, [0, 0, 0, 0, 0, 0, 0, 0, 0, 0]], "8504.sol": [0, [0, 0, 0, 0, 0, 0, 0, 0, 0, 0]], "21700.sol": [0, [0, 0, 0, 0, 0, 0, 0, 0, 0, 0]], "31331.sol": [0, [0, 0, 0, 0, 0, 0, 0, 0, 0, 0]], "22012.sol": [0, [0, 0, 0, 0, 0, 0, 0, 0, 0, 0]], "9704.sol": [0, [0, 0, 0, 0, 0, 0, 0, 0, 0, 0]], "16402.sol": [0, [0, 0, 0, 0, 0, 0, 0, 0, 0, 0]], "16013.sol": [0, [0, 0, 0, 0, 0, 0, 0, 0, 0, 0]], "37793.sol": [0, [0, 0, 0, 0, 0, 0, 0, 0, 0, 0]], "36692.sol": [0, [0, 0, 0, 0, 0, 0, 0, 0, 0, 0]], "29761.sol": [0, [0, 0, 0, 0, 0, 0, 0, 0, 0, 0]], "19557.sol": [0, [0, 0, 0, 0, 0, 0, 0, 0, 0, 0]], "8648.sol": [0, [0, 0, 0, 0, 0, 0, 0, 0, 0, 0]], "20586.sol": [0, [0, 0, 0, 0, 0, 0, 0, 0, 0, 0]], "11281.sol": [0, [0, 0, 0, 0, 0, 0, 0, 0, 0, 0]], "34491.sol": [0, [0, 0, 0, 0, 0, 0, 0, 0, 0, 0]], "7522.sol": [0, [0, 0, 0, 0, 0, 0, 0, 0, 0, 0]], "39391.sol": [0, [0, 0, 0, 0, 0, 0, 0, 0, 0, 0]], "674.sol": [0, [0, 0, 0, 0, 0, 0, 0, 0, 0, 0]], "9309.sol": [0, [0, 0, 0, 0, 0, 0, 0, 0, 0, 0]], "9992.sol": [0, [0, 0, 0, 0, 0, 0, 0, 0, 0, 0]], "7817.sol": [0, [0, 0, 0, 0, 0, 0, 0, 0, 0, 0]], "25300.sol": [0, [0, 0, 0, 0, 0, 0, 0, 0, 0, 0]], "12782.sol": [0, [0, 0, 0, 0, 0, 0, 0, 0, 0, 0]], "20964.sol": [0, [0, 0, 0, 0, 0, 0, 0, 0, 0, 0]], "835.sol": [0, [0, 0, 0, 0, 0, 0, 0, 0, 0, 0]], "10632.sol": [1, [0, 0, 0, 0, 0, 1, 0, 1, 1, 1]], "30924.sol": [0, [0, 0, 0, 0, 0, 0, 0, 0, 0, 0]], "18290.sol": [0, [0, 0, 0, 0, 0, 0, 0, 0, 0, 0]], "18.sol": [0, [0, 0, 0, 0, 0, 0, 0, 0, 0, 0]], "8323.sol": [0, [0, 0, 0, 0, 0, 0, 0, 0, 0, 0]], "4777.sol": [0, [0, 0, 0, 0, 0, 0, 0, 0, 0, 0]], "14478.sol": [0, [0, 0, 0, 0, 0, 0, 0, 0, 0, 0]], "31628.sol": [0, [0, 0, 0, 0, 0, 0, 0, 0, 0, 0]], "30053.sol": [0, [0, 0, 0, 0, 0, 0, 0, 0, 0, 0]], "18230.sol": [1, [0, 0, 0, 0, 1, 0, 0, 0, 0, 0]], "12076.sol": [0, [0, 0, 0, 0, 0, 0, 0, 0, 0, 0]], "26349.sol": [1, [0, 0, 0, 0, 0, 0, 1, 0, 0, 0]], "19414.sol": [0, [0, 0, 0, 0, 0, 0, 0, 0, 0, 0]], "37990.sol": [0, [0, 0, 0, 0, 0, 0, 0, 0, 0, 0]], "35301.sol": [0, [0, 0, 0, 0, 0, 0, 0, 0, 0, 0]], "33610.sol": [0, [0, 0, 0, 0, 0, 0, 0, 0, 0, 0]], "18905.sol": [0, [0, 0, 0, 0, 0, 0, 0, 0, 0, 0]], "16255.sol": [0, [0, 0, 0, 0, 0, 0, 0, 0, 0, 0]], "34291.sol": [0, [0, 0, 0, 0, 0, 0, 0, 0, 0, 0]], "5768.sol": [0, [0, 0, 0, 0, 0, 0, 0, 0, 0, 0]], "19857.sol": [0, [0, 0, 0, 0, 0, 0, 0, 0, 0, 0]], "13639.sol": [0, [0, 0, 0, 0, 0, 0, 0, 0, 0, 0]], "12308.sol": [0, [0, 0, 0, 0, 0, 0, 0, 0, 0, 0]], "35707.sol": [0, [0, 0, 0, 0, 0, 0, 0, 0, 0, 0]], "31137.sol": [0, [0, 0, 0, 0, 0, 0, 0, 0, 0, 0]], "6268.sol": [0, [0, 0, 0, 0, 0, 0, 0, 0, 0, 0]], "33379.sol": [0, [0, 0, 0, 0, 0, 0, 0, 0, 0, 0]], "6610.sol": [0, [0, 0, 0, 0, 0, 0, 0, 0, 0, 0]], "20409.sol": [0, [0, 0, 0, 0, 0, 0, 0, 0, 0, 0]], "9978.sol": [0, [0, 0, 0, 0, 0, 0, 0, 0, 0, 0]], "17235.sol": [0, [0, 0, 0, 0, 0, 0, 0, 0, 0, 0]], "24889.sol": [0, [0, 0, 0, 0, 0, 0, 0, 0, 0, 0]], "25278.sol": [0, [0, 0, 0, 0, 0, 0, 0, 0, 0, 0]], "8437.sol": [0, [0, 0, 0, 0, 0, 0, 0, 0, 0, 0]], "30656.sol": [0, [0, 0, 0, 0, 0, 0, 0, 0, 0, 0]], "4800.sol": [0, [0, 0, 0, 0, 0, 0, 0, 0, 0, 0]], "14130.sol": [0, [0, 0, 0, 0, 0, 0, 0, 0, 0, 0]], "11039.sol": [0, [0, 0, 0, 0, 0, 0, 0, 0, 0, 0]], "9215.sol": [0, [0, 0, 0, 0, 0, 0, 0, 0, 0, 0]], "24092.sol": [0, [0, 0, 0, 0, 0, 0, 0, 0, 0, 0]], "9175.sol": [0, [0, 0, 0, 0, 0, 0, 0, 0, 0, 0]], "7995.sol": [0, [0, 0, 0, 0, 0, 0, 0, 0, 0, 0]], "30524.sol": [0, [0, 0, 0, 0, 0, 0, 0, 0, 0, 0]], "4903.sol": [0, [0, 0, 0, 0, 0, 0, 0, 0, 0, 0]], "30687.sol": [0, [0, 0, 0, 0, 0, 0, 0, 0, 0, 0]], "16171.sol": [0, [0, 0, 0, 0, 0, 0, 0, 0, 0, 0]], "25744.sol": [0, [0, 0, 0, 0, 0, 0, 0, 0, 0, 0]], "1275.sol": [0, [0, 0, 0, 0, 0, 0, 0, 0, 0, 0]], "3837.sol": [0, [0, 0, 0, 0, 0, 0, 0, 0, 0, 0]], "18276.sol": [0, [0, 0, 0, 0, 0, 0, 0, 0, 0, 0]], "12679.sol": [0, [0, 0, 0, 0, 0, 0, 0, 0, 0, 0]], "27972.sol": [0, [0, 0, 0, 0, 0, 0, 0, 0, 0, 0]], "29381.sol": [0, [0, 0, 0, 0, 0, 0, 0, 0, 0, 0]], "25746.sol": [0, [0, 0, 0, 0, 0, 0, 0, 0, 0, 0]], "37737.sol": [0, [0, 0, 0, 0, 0, 0, 0, 0, 0, 0]], "118.sol": [0, [0, 0, 0, 0, 0, 0, 0, 0, 0, 0]], "13744.sol": [0, [0, 0, 0, 0, 0, 0, 0, 0, 0, 0]], "38733.sol": [0, [0, 0, 0, 0, 0, 0, 0, 0, 0, 0]], "30027.sol": [0, [0, 0, 0, 0, 0, 0, 0, 0, 0, 0]], "16915.sol": [0, [0, 0, 0, 0, 0, 0, 0, 0, 0, 0]], "12170.sol": [1, [0, 0, 0, 0, 0, 1, 0, 0, 0, 1]], "7783.sol": [1, [0, 0, 0, 0, 0, 0, 1, 0, 0, 1]], "25479.sol": [0, [0, 0, 0, 0, 0, 0, 0, 0, 0, 0]], "19062.sol": [0, [0, 0, 0, 0, 0, 0, 0, 0, 0, 0]], "16065.sol": [0, [0, 0, 0, 0, 0, 0, 0, 0, 0, 0]], "3169.sol": [0, [0, 0, 0, 0, 0, 0, 0, 0, 0, 0]], "6430.sol": [0, [0, 0, 0, 0, 0, 0, 0, 0, 0, 0]], "27948.sol": [0, [0, 0, 0, 0, 0, 0, 0, 0, 0, 0]], "11936.sol": [0, [0, 0, 0, 0, 0, 0, 0, 0, 0, 0]], "3306.sol": [0, [0, 0, 0, 0, 0, 0, 0, 0, 0, 0]], "36804.sol": [0, [0, 0, 0, 0, 0, 0, 0, 0, 0, 0]], "36111.sol": [0, [0, 0, 0, 0, 0, 0, 0, 0, 0, 0]], "5829.sol": [0, [0, 0, 0, 0, 0, 0, 0, 0, 0, 0]], "11299.sol": [0, [0, 0, 0, 0, 0, 0, 0, 0, 0, 0]], "3474.sol": [0, [0, 0, 0, 0, 0, 0, 0, 0, 0, 0]], "21733.sol": [0, [0, 0, 0, 0, 0, 0, 0, 0, 0, 0]], "4147.sol": [1, [0, 0, 0, 0, 1, 0, 0, 0, 0, 0]], "28329.sol": [0, [0, 0, 0, 0, 0, 0, 0, 0, 0, 0]], "11632.sol": [0, [0, 0, 0, 0, 0, 0, 0, 0, 0, 0]], "27598.sol": [1, [0, 0, 0, 0, 0, 0, 0, 1, 0, 0]], "28403.sol": [0, [0, 0, 0, 0, 0, 0, 0, 0, 0, 0]], "17628.sol": [0, [0, 0, 0, 0, 0, 0, 0, 0, 0, 0]], "9348.sol": [0, [0, 0, 0, 0, 0, 0, 0, 0, 0, 0]], "4754.sol": [0, [0, 0, 0, 0, 0, 0, 0, 0, 0, 0]], "21109.sol": [0, [0, 0, 0, 0, 0, 0, 0, 0, 0, 0]], "37344.sol": [0, [0, 0, 0, 0, 0, 0, 0, 0, 0, 0]], "14307.sol": [0, [0, 0, 0, 0, 0, 0, 0, 0, 0, 0]], "18592.sol": [0, [0, 0, 0, 0, 0, 0, 0, 0, 0, 0]], "18964.sol": [0, [0, 0, 0, 0, 0, 0, 0, 0, 0, 0]], "334.sol": [0, [0, 0, 0, 0, 0, 0, 0, 0, 0, 0]], "1102.sol": [0, [0, 0, 0, 0, 0, 0, 0, 0, 0, 0]], "13823.sol": [0, [0, 0, 0, 0, 0, 0, 0, 0, 0, 0]], "26756.sol": [0, [0, 0, 0, 0, 0, 0, 0, 0, 0, 0]], "6080.sol": [0, [0, 0, 0, 0, 0, 0, 0, 0, 0, 0]], "34030.sol": [0, [0, 0, 0, 0, 0, 0, 0, 0, 0, 0]], "17510.sol": [0, [0, 0, 0, 0, 0, 0, 0, 0, 0, 0]], "21015.sol": [0, [0, 0, 0, 0, 0, 0, 0, 0, 0, 0]], "23331.sol": [0, [0, 0, 0, 0, 0, 0, 0, 0, 0, 0]], "24775.sol": [0, [0, 0, 0, 0, 0, 0, 0, 0, 0, 0]], "13187.sol": [0, [0, 0, 0, 0, 0, 0, 0, 0, 0, 0]], "33392.sol": [0, [0, 0, 0, 0, 0, 0, 0, 0, 0, 0]], "10592.sol": [0, [0, 0, 0, 0, 0, 0, 0, 0, 0, 0]], "33966.sol": [0, [0, 0, 0, 0, 0, 0, 0, 0, 0, 0]], "38631.sol": [0, [0, 0, 0, 0, 0, 0, 0, 0, 0, 0]], "30441.sol": [0, [0, 0, 0, 0, 0, 0, 0, 0, 0, 0]], "35475.sol": [1, [0, 0, 0, 0, 1, 1, 1, 0, 0, 1]], "39340.sol": [1, [0, 0, 0, 0, 0, 1, 0, 1, 0, 0]], "7088.sol": [0, [0, 0, 0, 0, 0, 0, 0, 0, 0, 0]], "12508.sol": [0, [0, 0, 0, 0, 0, 0, 0, 0, 0, 0]], "3119.sol": [0, [0, 0, 0, 0, 0, 0, 0, 0, 0, 0]], "30856.sol": [0, [0, 0, 0, 0, 0, 0, 0, 0, 0, 0]], "2603.sol": [0, [0, 0, 0, 0, 0, 0, 0, 0, 0, 0]], "30273.sol": [0, [0, 0, 0, 0, 0, 0, 0, 0, 0, 0]], "546.sol": [0, [0, 0, 0, 0, 0, 0, 0, 0, 0, 0]], "1844.sol": [0, [0, 0, 0, 0, 0, 0, 0, 0, 0, 0]], "29540.sol": [0, [0, 0, 0, 0, 0, 0, 0, 0, 0, 0]], "39961.sol": [0, [0, 0, 0, 0, 0, 0, 0, 0, 0, 0]], "21343.sol": [0, [0, 0, 0, 0, 0, 0, 0, 0, 0, 0]], "29747.sol": [0, [0, 0, 0, 0, 0, 0, 0, 0, 0, 0]], "27808.sol": [0, [0, 0, 0, 0, 0, 0, 0, 0, 0, 0]], "10552.sol": [0, [0, 0, 0, 0, 0, 0, 0, 0, 0, 0]], "11793.sol": [0, [0, 0, 0, 0, 0, 0, 0, 0, 0, 0]], "6325.sol": [1, [1, 1, 1, 1, 0, 1, 1, 1, 1, 1]], "5670.sol": [0, [0, 0, 0, 0, 0, 0, 0, 0, 0, 0]], "2441.sol": [0, [0, 0, 0, 0, 0, 0, 0, 0, 0, 0]], "38153.sol": [0, [0, 0, 0, 0, 0, 0, 0, 0, 0, 0]], "33713.sol": [0, [0, 0, 0, 0, 0, 0, 0, 0, 0, 0]], "11866.sol": [0, [0, 0, 0, 0, 0, 0, 0, 0, 0, 0]], "30092.sol": [0, [0, 0, 0, 0, 0, 0, 0, 0, 0, 0]], "8421.sol": [0, [0, 0, 0, 0, 0, 0, 0, 0, 0, 0]], "13765.sol": [1, [1, 1, 1, 0, 0, 1, 0, 0, 1, 0]], "9737.sol": [0, [0, 0, 0, 0, 0, 0, 0, 0, 0, 0]], "5638.sol": [0, [0, 0, 0, 0, 0, 0, 0, 0, 0, 0]], "10146.sol": [0, [0, 0, 0, 0, 0, 0, 0, 0, 0, 0]], "240.sol": [0, [0, 0, 0, 0, 0, 0, 0, 0, 0, 0]], "9648.sol": [0, [0, 0, 0, 0, 0, 0, 0, 0, 0, 0]], "34521.sol": [0, [0, 0, 0, 0, 0, 0, 0, 0, 0, 0]], "37970.sol": [0, [0, 0, 0, 0, 0, 0, 0, 0, 0, 0]], "11391.sol": [0, [0, 0, 0, 0, 0, 0, 0, 0, 0, 0]], "27248.sol": [0, [0, 0, 0, 0, 0, 0, 0, 0, 0, 0]], "25797.sol": [0, [0, 0, 0, 0, 0, 0, 0, 0, 0, 0]], "3068.sol": [1, [0, 1, 0, 0, 0, 1, 1, 1, 1, 1]], "24475.sol": [0, [0, 0, 0, 0, 0, 0, 0, 0, 0, 0]], "6998.sol": [0, [0, 0, 0, 0, 0, 0, 0, 0, 0, 0]], "19624.sol": [0, [0, 0, 0, 0, 0, 0, 0, 0, 0, 0]], "20999.sol": [0, [0, 0, 0, 0, 0, 0, 0, 0, 0, 0]], "20661.sol": [0, [0, 0, 0, 0, 0, 0, 0, 0, 0, 0]], "25705.sol": [1, [0, 1, 1, 1, 0, 0, 0, 0, 0, 0]], "10667.sol": [0, [0, 0, 0, 0, 0, 0, 0, 0, 0, 0]], "18541.sol": [0, [0, 0, 0, 0, 0, 0, 0, 0, 0, 0]], "12592.sol": [0, [0, 0, 0, 0, 0, 0, 0, 0, 0, 0]], "4877.sol": [0, [0, 0, 0, 0, 0, 0, 0, 0, 0, 0]], "7313.sol": [0, [0, 0, 0, 0, 0, 0, 0, 0, 0, 0]], "386.sol": [0, [0, 0, 0, 0, 0, 0, 0, 0, 0, 0]], "36410.sol": [0, [0, 0, 0, 0, 0, 0, 0, 0, 0, 0]], "27903.sol": [0, [0, 0, 0, 0, 0, 0, 0, 0, 0, 0]], "22976.sol": [0, [0, 0, 0, 0, 0, 0, 0, 0, 0, 0]], "13063.sol": [0, [0, 0, 0, 0, 0, 0, 0, 0, 0, 0]], "34621.sol": [0, [0, 0, 0, 0, 0, 0, 0, 0, 0, 0]], "12043.sol": [0, [0, 0, 0, 0, 0, 0, 0, 0, 0, 0]], "33428.sol": [0, [0, 0, 0, 0, 0, 0, 0, 0, 0, 0]], "22626.sol": [0, [0, 0, 0, 0, 0, 0, 0, 0, 0, 0]], "2911.sol": [0, [0, 0, 0, 0, 0, 0, 0, 0, 0, 0]], "27867.sol": [0, [0, 0, 0, 0, 0, 0, 0, 0, 0, 0]], "33452.sol": [0, [0, 0, 0, 0, 0, 0, 0, 0, 0, 0]], "20456.sol": [0, [0, 0, 0, 0, 0, 0, 0, 0, 0, 0]], "7455.sol": [0, [0, 0, 0, 0, 0, 0, 0, 0, 0, 0]], "9037.sol": [0, [0, 0, 0, 0, 0, 0, 0, 0, 0, 0]], "5626.sol": [0, [0, 0, 0, 0, 0, 0, 0, 0, 0, 0]], "22767.sol": [0, [0, 0, 0, 0, 0, 0, 0, 0, 0, 0]], "2147.sol": [0, [0, 0, 0, 0, 0, 0, 0, 0, 0, 0]], "2142.sol": [0, [0, 0, 0, 0, 0, 0, 0, 0, 0, 0]], "23509.sol": [0, [0, 0, 0, 0, 0, 0, 0, 0, 0, 0]], "16378.sol": [0, [0, 0, 0, 0, 0, 0, 0, 0, 0, 0]], "23888.sol": [0, [0, 0, 0, 0, 0, 0, 0, 0, 0, 0]], "31668.sol": [0, [0, 0, 0, 0, 0, 0, 0, 0, 0, 0]], "24676.sol": [0, [0, 0, 0, 0, 0, 0, 0, 0, 0, 0]], "23327.sol": [0, [0, 0, 0, 0, 0, 0, 0, 0, 0, 0]], "10865.sol": [0, [0, 0, 0, 0, 0, 0, 0, 0, 0, 0]], "17443.sol": [0, [0, 0, 0, 0, 0, 0, 0, 0, 0, 0]], "37086.sol": [0, [0, 0, 0, 0, 0, 0, 0, 0, 0, 0]], "3752.sol": [0, [0, 0, 0, 0, 0, 0, 0, 0, 0, 0]], "31513.sol": [0, [0, 0, 0, 0, 0, 0, 0, 0, 0, 0]], "18247.sol": [0, [0, 0, 0, 0, 0, 0, 0, 0, 0, 0]], "8980.sol": [0, [0, 0, 0, 0, 0, 0, 0, 0, 0, 0]], "6427.sol": [0, [0, 0, 0, 0, 0, 0, 0, 0, 0, 0]], "1407.sol": [0, [0, 0, 0, 0, 0, 0, 0, 0, 0, 0]], "30751.sol": [0, [0, 0, 0, 0, 0, 0, 0, 0, 0, 0]], "13043.sol": [0, [0, 0, 0, 0, 0, 0, 0, 0, 0, 0]], "24980.sol": [0, [0, 0, 0, 0, 0, 0, 0, 0, 0, 0]], "26638.sol": [0, [0, 0, 0, 0, 0, 0, 0, 0, 0, 0]], "491.sol": [0, [0, 0, 0, 0, 0, 0, 0, 0, 0, 0]], "2207.sol": [0, [0, 0, 0, 0, 0, 0, 0, 0, 0, 0]], "13067.sol": [0, [0, 0, 0, 0, 0, 0, 0, 0, 0, 0]], "27464.sol": [0, [0, 0, 0, 0, 0, 0, 0, 0, 0, 0]], "653.sol": [0, [0, 0, 0, 0, 0, 0, 0, 0, 0, 0]], "7453.sol": [0, [0, 0, 0, 0, 0, 0, 0, 0, 0, 0]], "4163.sol": [0, [0, 0, 0, 0, 0, 0, 0, 0, 0, 0]], "32907.sol": [0, [0, 0, 0, 0, 0, 0, 0, 0, 0, 0]], "22795.sol": [1, [0, 0, 1, 1, 0, 0, 0, 0, 0, 0]], "31492.sol": [0, [0, 0, 0, 0, 0, 0, 0, 0, 0, 0]], "38435.sol": [0, [0, 0, 0, 0, 0, 0, 0, 0, 0, 0]], "32625.sol": [0, [0, 0, 0, 0, 0, 0, 0, 0, 0, 0]], "30015.sol": [0, [0, 0, 0, 0, 0, 0, 0, 0, 0, 0]], "16383.sol": [0, [0, 0, 0, 0, 0, 0, 0, 0, 0, 0]], "30379.sol": [0, [0, 0, 0, 0, 0, 0, 0, 0, 0, 0]], "11323.sol": [0, [0, 0, 0, 0, 0, 0, 0, 0, 0, 0]], "19750.sol": [0, [0, 0, 0, 0, 0, 0, 0, 0, 0, 0]], "34288.sol": [0, [0, 0, 0, 0, 0, 0, 0, 0, 0, 0]], "10520.sol": [0, [0, 0, 0, 0, 0, 0, 0, 0, 0, 0]], "32887.sol": [0, [0, 0, 0, 0, 0, 0, 0, 0, 0, 0]], "35660.sol": [0, [0, 0, 0, 0, 0, 0, 0, 0, 0, 0]], "18049.sol": [0, [0, 0, 0, 0, 0, 0, 0, 0, 0, 0]], "26524.sol": [0, [0, 0, 0, 0, 0, 0, 0, 0, 0, 0]], "19353.sol": [0, [0, 0, 0, 0, 0, 0, 0, 0, 0, 0]], "28042.sol": [0, [0, 0, 0, 0, 0, 0, 0, 0, 0, 0]], "7138.sol": [0, [0, 0, 0, 0, 0, 0, 0, 0, 0, 0]], "11339.sol": [0, [0, 0, 0, 0, 0, 0, 0, 0, 0, 0]], "20980.sol": [0, [0, 0, 0, 0, 0, 0, 0, 0, 0, 0]], "31633.sol": [0, [0, 0, 0, 0, 0, 0, 0, 0, 0, 0]], "35519.sol": [0, [0, 0, 0, 0, 0, 0, 0, 0, 0, 0]], "18595.sol": [0, [0, 0, 0, 0, 0, 0, 0, 0, 0, 0]], "27071.sol": [0, [0, 0, 0, 0, 0, 0, 0, 0, 0, 0]], "30440.sol": [0, [0, 0, 0, 0, 0, 0, 0, 0, 0, 0]], "7003.sol": [1, [0, 0, 0, 0, 0, 0, 0, 0, 0, 1]], "37546.sol": [0, [0, 0, 0, 0, 0, 0, 0, 0, 0, 0]], "20761.sol": [0, [0, 0, 0, 0, 0, 0, 0, 0, 0, 0]], "11078.sol": [1, [0, 1, 0, 0, 0, 0, 1, 0, 1, 0]], "31211.sol": [0, [0, 0, 0, 0, 0, 0, 0, 0, 0, 0]], "35141.sol": [0, [0, 0, 0, 0, 0, 0, 0, 0, 0, 0]], "22286.sol": [1, [1, 1, 1, 1, 1, 1, 1, 0, 1, 1]], "19507.sol": [1, [1, 1, 0, 1, 0, 0, 1, 0, 1, 0]], "3172.sol": [1, [1, 0, 0, 0, 0, 0, 1, 0, 1, 0]], "37848.sol": [0, [0, 0, 0, 0, 0, 0, 0, 0, 0, 0]], "22448.sol": [0, [0, 0, 0, 0, 0, 0, 0, 0, 0, 0]], "1002.sol": [0, [0, 0, 0, 0, 0, 0, 0, 0, 0, 0]], "9938.sol": [0, [0, 0, 0, 0, 0, 0, 0, 0, 0, 0]], "21073.sol": [0, [0, 0, 0, 0, 0, 0, 0, 0, 0, 0]], "35453.sol": [0, [0, 0, 0, 0, 0, 0, 0, 0, 0, 0]], "32070.sol": [1, [0, 1, 0, 0, 0, 0, 0, 0, 0, 0]], "19358.sol": [0, [0, 0, 0, 0, 0, 0, 0, 0, 0, 0]], "32032.sol": [0, [0, 0, 0, 0, 0, 0, 0, 0, 0, 0]], "28691.sol": [0, [0, 0, 0, 0, 0, 0, 0, 0, 0, 0]], "27305.sol": [0, [0, 0, 0, 0, 0, 0, 0, 0, 0, 0]], "40729.sol": [1, [0, 0, 0, 0, 0, 0, 1, 0, 1, 0]], "33675.sol": [0, [0, 0, 0, 0, 0, 0, 0, 0, 0, 0]], "7791.sol": [0, [0, 0, 0, 0, 0, 0, 0, 0, 0, 0]], "1913.sol": [1, [0, 0, 0, 0, 1, 0, 0, 0, 0, 1]], "32382.sol": [0, [0, 0, 0, 0, 0, 0, 0, 0, 0, 0]], "101.sol": [0, [0, 0, 0, 0, 0, 0, 0, 0, 0, 0]], "4317.sol": [0, [0, 0, 0, 0, 0, 0, 0, 0, 0, 0]], "8992.sol": [0, [0, 0, 0, 0, 0, 0, 0, 0, 0, 0]], "40449.sol": [0, [0, 0, 0, 0, 0, 0, 0, 0, 0, 0]], "32023.sol": [0, [0, 0, 0, 0, 0, 0, 0, 0, 0, 0]], "22885.sol": [0, [0, 0, 0, 0, 0, 0, 0, 0, 0, 0]], "21504.sol": [0, [0, 0, 0, 0, 0, 0, 0, 0, 0, 0]], "20973.sol": [0, [0, 0, 0, 0, 0, 0, 0, 0, 0, 0]], "13834.sol": [0, [0, 0, 0, 0, 0, 0, 0, 0, 0, 0]], "19986.sol": [0, [0, 0, 0, 0, 0, 0, 0, 0, 0, 0]], "40087.sol": [1, [0, 0, 0, 0, 0, 0, 1, 1, 1, 0]], "28369.sol": [0, [0, 0, 0, 0, 0, 0, 0, 0, 0, 0]], "35085.sol": [0, [0, 0, 0, 0, 0, 0, 0, 0, 0, 0]], "3418.sol": [0, [0, 0, 0, 0, 0, 0, 0, 0, 0, 0]], "10004.sol": [0, [0, 0, 0, 0, 0, 0, 0, 0, 0, 0]], "16675.sol": [0, [0, 0, 0, 0, 0, 0, 0, 0, 0, 0]], "15609.sol": [0, [0, 0, 0, 0, 0, 0, 0, 0, 0, 0]], "8499.sol": [0, [0, 0, 0, 0, 0, 0, 0, 0, 0, 0]], "8419.sol": [0, [0, 0, 0, 0, 0, 0, 0, 0, 0, 0]], "9701.sol": [0, [0, 0, 0, 0, 0, 0, 0, 0, 0, 0]], "15082.sol": [0, [0, 0, 0, 0, 0, 0, 0, 0, 0, 0]], "3451.sol": [0, [0, 0, 0, 0, 0, 0, 0, 0, 0, 0]], "36627.sol": [0, [0, 0, 0, 0, 0, 0, 0, 0, 0, 0]], "39445.sol": [0, [0, 0, 0, 0, 0, 0, 0, 0, 0, 0]], "28824.sol": [0, [0, 0, 0, 0, 0, 0, 0, 0, 0, 0]], "38688.sol": [1, [0, 0, 0, 0, 0, 0, 0, 0, 1, 0]], "1358.sol": [0, [0, 0, 0, 0, 0, 0, 0, 0, 0, 0]], "12720.sol": [0, [0, 0, 0, 0, 0, 0, 0, 0, 0, 0]], "13084.sol": [1, [0, 0, 0, 0, 1, 0, 0, 0, 0, 0]], "7568.sol": [0, [0, 0, 0, 0, 0, 0, 0, 0, 0, 0]], "12790.sol": [0, [0, 0, 0, 0, 0, 0, 0, 0, 0, 0]], "28183.sol": [0, [0, 0, 0, 0, 0, 0, 0, 0, 0, 0]], "25407.sol": [0, [0, 0, 0, 0, 0, 0, 0, 0, 0, 0]], "14158.sol": [0, [0, 0, 0, 0, 0, 0, 0, 0, 0, 0]], "9429.sol": [0, [0, 0, 0, 0, 0, 0, 0, 0, 0, 0]], "17571.sol": [0, [0, 0, 0, 0, 0, 0, 0, 0, 0, 0]], "6417.sol": [0, [0, 0, 0, 0, 0, 0, 0, 0, 0, 0]], "5948.sol": [1, [0, 0, 0, 0, 0, 1, 1, 1, 1, 0]], "25127.sol": [0, [0, 0, 0, 0, 0, 0, 0, 0, 0, 0]], "6561.sol": [0, [0, 0, 0, 0, 0, 0, 0, 0, 0, 0]], "24654.sol": [0, [0, 0, 0, 0, 0, 0, 0, 0, 0, 0]], "4540.sol": [0, [0, 0, 0, 0, 0, 0, 0, 0, 0, 0]], "24393.sol": [0, [0, 0, 0, 0, 0, 0, 0, 0, 0, 0]], "2162.sol": [0, [0, 0, 0, 0, 0, 0, 0, 0, 0, 0]], "36375.sol": [0, [0, 0, 0, 0, 0, 0, 0, 0, 0, 0]], "33853.sol": [0, [0, 0, 0, 0, 0, 0, 0, 0, 0, 0]], "20187.sol": [0, [0, 0, 0, 0, 0, 0, 0, 0, 0, 0]], "34016.sol": [0, [0, 0, 0, 0, 0, 0, 0, 0, 0, 0]], "20730.sol": [0, [0, 0, 0, 0, 0, 0, 0, 0, 0, 0]], "19873.sol": [0, [0, 0, 0, 0, 0, 0, 0, 0, 0, 0]], "21487.sol": [1, [1, 1, 1, 1, 1, 1, 1, 1, 1, 1]], "19697.sol": [0, [0, 0, 0, 0, 0, 0, 0, 0, 0, 0]], "9124.sol": [0, [0, 0, 0, 0, 0, 0, 0, 0, 0, 0]], "23658.sol": [0, [0, 0, 0, 0, 0, 0, 0, 0, 0, 0]], "30153.sol": [0, [0, 0, 0, 0, 0, 0, 0, 0, 0, 0]], "27748.sol": [0, [0, 0, 0, 0, 0, 0, 0, 0, 0, 0]], "31889.sol": [0, [0, 0, 0, 0, 0, 0, 0, 0, 0, 0]], "31288.sol": [0, [0, 0, 0, 0, 0, 0, 0, 0, 0, 0]], "29074.sol": [0, [0, 0, 0, 0, 0, 0, 0, 0, 0, 0]], "10950.sol": [0, [0, 0, 0, 0, 0, 0, 0, 0, 0, 0]], "18108.sol": [1, [0, 0, 0, 0, 0, 1, 1, 0, 0, 1]], "24297.sol": [1, [0, 0, 0, 0, 1, 0, 0, 0, 0, 0]], "28556.sol": [0, [0, 0, 0, 0, 0, 0, 0, 0, 0, 0]], "18741.sol": [0, [0, 0, 0, 0, 0, 0, 0, 0, 0, 0]], "33764.sol": [0, [0, 0, 0, 0, 0, 0, 0, 0, 0, 0]], "24499.sol": [0, [0, 0, 0, 0, 0, 0, 0, 0, 0, 0]], "17005.sol": [0, [0, 0, 0, 0, 0, 0, 0, 0, 0, 0]], "4078.sol": [0, [0, 0, 0, 0, 0, 0, 0, 0, 0, 0]], "24787.sol": [0, [0, 0, 0, 0, 0, 0, 0, 0, 0, 0]], "16618.sol": [0, [0, 0, 0, 0, 0, 0, 0, 0, 0, 0]], "16166.sol": [0, [0, 0, 0, 0, 0, 0, 0, 0, 0, 0]], "17367.sol": [0, [0, 0, 0, 0, 0, 0, 0, 0, 0, 0]], "2479.sol": [0, [0, 0, 0, 0, 0, 0, 0, 0, 0, 0]], "25961.sol": [0, [0, 0, 0, 0, 0, 0, 0, 0, 0, 0]], "28728.sol": [0, [0, 0, 0, 0, 0, 0, 0, 0, 0, 0]], "13951.sol": [0, [0, 0, 0, 0, 0, 0, 0, 0, 0, 0]], "13432.sol": [0, [0, 0, 0, 0, 0, 0, 0, 0, 0, 0]], "25469.sol": [0, [0, 0, 0, 0, 0, 0, 0, 0, 0, 0]], "36394.sol": [0, [0, 0, 0, 0, 0, 0, 0, 0, 0, 0]], "20722.sol": [0, [0, 0, 0, 0, 0, 0, 0, 0, 0, 0]], "1975.sol": [0, [0, 0, 0, 0, 0, 0, 0, 0, 0, 0]], "6679.sol": [0, [0, 0, 0, 0, 0, 0, 0, 0, 0, 0]], "28961.sol": [0, [0, 0, 0, 0, 0, 0, 0, 0, 0, 0]], "6113.sol": [0, [0, 0, 0, 0, 0, 0, 0, 0, 0, 0]], "28499.sol": [0, [0, 0, 0, 0, 0, 0, 0, 0, 0, 0]], "23226.sol": [0, [0, 0, 0, 0, 0, 0, 0, 0, 0, 0]], "26326.sol": [0, [0, 0, 0, 0, 0, 0, 0, 0, 0, 0]], "25512.sol": [0, [0, 0, 0, 0, 0, 0, 0, 0, 0, 0]], "22003.sol": [0, [0, 0, 0, 0, 0, 0, 0, 0, 0, 0]], "29032.sol": [0, [0, 0, 0, 0, 0, 0, 0, 0, 0, 0]], "2704.sol": [0, [0, 0, 0, 0, 0, 0, 0, 0, 0, 0]], "28886.sol": [0, [0, 0, 0, 0, 0, 0, 0, 0, 0, 0]], "18688.sol": [0, [0, 0, 0, 0, 0, 0, 0, 0, 0, 0]], "18082.sol": [0, [0, 0, 0, 0, 0, 0, 0, 0, 0, 0]], "17396.sol": [1, [0, 0, 1, 1, 0, 0, 1, 0, 1, 0]], "8488.sol": [0, [0, 0, 0, 0, 0, 0, 0, 0, 0, 0]], "15923.sol": [0, [0, 0, 0, 0, 0, 0, 0, 0, 0, 0]], "11423.sol": [0, [0, 0, 0, 0, 0, 0, 0, 0, 0, 0]], "36781.sol": [0, [0, 0, 0, 0, 0, 0, 0, 0, 0, 0]], "6386.sol": [0, [0, 0, 0, 0, 0, 0, 0, 0, 0, 0]], "17769.sol": [0, [0, 0, 0, 0, 0, 0, 0, 0, 0, 0]], "12829.sol": [0, [0, 0, 0, 0, 0, 0, 0, 0, 0, 0]], "34269.sol": [0, [0, 0, 0, 0, 0, 0, 0, 0, 0, 0]], "40360.sol": [1, [1, 1, 0, 0, 0, 0, 0, 0, 0, 0]], "33514.sol": [0, [0, 0, 0, 0, 0, 0, 0, 0, 0, 0]], "31854.sol": [0, [0, 0, 0, 0, 0, 0, 0, 0, 0, 0]], "34356.sol": [0, [0, 0, 0, 0, 0, 0, 0, 0, 0, 0]], "13805.sol": [0, [0, 0, 0, 0, 0, 0, 0, 0, 0, 0]], "13118.sol": [0, [0, 0, 0, 0, 0, 0, 0, 0, 0, 0]], "8328.sol": [0, [0, 0, 0, 0, 0, 0, 0, 0, 0, 0]], "25840.sol": [0, [0, 0, 0, 0, 0, 0, 0, 0, 0, 0]], "17631.sol": [0, [0, 0, 0, 0, 0, 0, 0, 0, 0, 0]], "7818.sol": [0, [0, 0, 0, 0, 0, 0, 0, 0, 0, 0]], "14326.sol": [0, [0, 0, 0, 0, 0, 0, 0, 0, 0, 0]], "24300.sol": [0, [0, 0, 0, 0, 0, 0, 0, 0, 0, 0]], "35611.sol": [0, [0, 0, 0, 0, 0, 0, 0, 0, 0, 0]], "19411.sol": [0, [0, 0, 0, 0, 0, 0, 0, 0, 0, 0]], "29057.sol": [0, [0, 0, 0, 0, 0, 0, 0, 0, 0, 0]], "719.sol": [0, [0, 0, 0, 0, 0, 0, 0, 0, 0, 0]], "4573.sol": [0, [0, 0, 0, 0, 0, 0, 0, 0, 0, 0]], "30597.sol": [0, [0, 0, 0, 0, 0, 0, 0, 0, 0, 0]], "36350.sol": [0, [0, 0, 0, 0, 0, 0, 0, 0, 0, 0]], "21856.sol": [0, [0, 0, 0, 0, 0, 0, 0, 0, 0, 0]], "13808.sol": [0, [0, 0, 0, 0, 0, 0, 0, 0, 0, 0]], "5598.sol": [0, [0, 0, 0, 0, 0, 0, 0, 0, 0, 0]], "11107.sol": [0, [0, 0, 0, 0, 0, 0, 0, 0, 0, 0]], "7365.sol": [0, [0, 0, 0, 0, 0, 0, 0, 0, 0, 0]], "10156.sol": [0, [0, 0, 0, 0, 0, 0, 0, 0, 0, 0]], "6264.sol": [0, [0, 0, 0, 0, 0, 0, 0, 0, 0, 0]], "8009.sol": [0, [0, 0, 0, 0, 0, 0, 0, 0, 0, 0]], "15694.sol": [0, [0, 0, 0, 0, 0, 0, 0, 0, 0, 0]], "20998.sol": [0, [0, 0, 0, 0, 0, 0, 0, 0, 0, 0]], "26111.sol": [0, [0, 0, 0, 0, 0, 0, 0, 0, 0, 0]], "23378.sol": [0, [0, 0, 0, 0, 0, 0, 0, 0, 0, 0]], "23390.sol": [0, [0, 0, 0, 0, 0, 0, 0, 0, 0, 0]], "13052.sol": [0, [0, 0, 0, 0, 0, 0, 0, 0, 0, 0]], "12571.sol": [0, [0, 0, 0, 0, 0, 0, 0, 0, 0, 0]], "4639.sol": [0, [0, 0, 0, 0, 0, 0, 0, 0, 0, 0]], "9364.sol": [0, [0, 0, 0, 0, 0, 0, 0, 0, 0, 0]], "31375.sol": [0, [0, 0, 0, 0, 0, 0, 0, 0, 0, 0]], "30868.sol": [0, [0, 0, 0, 0, 0, 0, 0, 0, 0, 0]], "26729.sol": [0, [0, 0, 0, 0, 0, 0, 0, 0, 0, 0]], "10726.sol": [0, [0, 0, 0, 0, 0, 0, 0, 0, 0, 0]], "807.sol": [0, [0, 0, 0, 0, 0, 0, 0, 0, 0, 0]], "29235.sol": [0, [0, 0, 0, 0, 0, 0, 0, 0, 0, 0]], "19477.sol": [0, [0, 0, 0, 0, 0, 0, 0, 0, 0, 0]], "19001.sol": [0, [0, 0, 0, 0, 0, 0, 0, 0, 0, 0]], "20126.sol": [0, [0, 0, 0, 0, 0, 0, 0, 0, 0, 0]], "24311.sol": [0, [0, 0, 0, 0, 0, 0, 0, 0, 0, 0]], "18144.sol": [0, [0, 0, 0, 0, 0, 0, 0, 0, 0, 0]], "32885.sol": [0, [0, 0, 0, 0, 0, 0, 0, 0, 0, 0]], "23343.sol": [0, [0, 0, 0, 0, 0, 0, 0, 0, 0, 0]], "6815.sol": [0, [0, 0, 0, 0, 0, 0, 0, 0, 0, 0]], "10946.sol": [0, [0, 0, 0, 0, 0, 0, 0, 0, 0, 0]], "14645.sol": [0, [0, 0, 0, 0, 0, 0, 0, 0, 0, 0]], "5005.sol": [0, [0, 0, 0, 0, 0, 0, 0, 0, 0, 0]], "32593.sol": [0, [0, 0, 0, 0, 0, 0, 0, 0, 0, 0]], "20440.sol": [0, [0, 0, 0, 0, 0, 0, 0, 0, 0, 0]], "31964.sol": [0, [0, 0, 0, 0, 0, 0, 0, 0, 0, 0]], "13592.sol": [0, [0, 0, 0, 0, 0, 0, 0, 0, 0, 0]], "27139.sol": [0, [0, 0, 0, 0, 0, 0, 0, 0, 0, 0]], "13340.sol": [0, [0, 0, 0, 0, 0, 0, 0, 0, 0, 0]], "20180.sol": [0, [0, 0, 0, 0, 0, 0, 0, 0, 0, 0]], "33268.sol": [0, [0, 0, 0, 0, 0, 0, 0, 0, 0, 0]], "1410.sol": [0, [0, 0, 0, 0, 0, 0, 0, 0, 0, 0]], "13094.sol": [0, [0, 0, 0, 0, 0, 0, 0, 0, 0, 0]], "38443.sol": [0, [0, 0, 0, 0, 0, 0, 0, 0, 0, 0]], "27520.sol": [0, [0, 0, 0, 0, 0, 0, 0, 0, 0, 0]], "22055.sol": [0, [0, 0, 0, 0, 0, 0, 0, 0, 0, 0]], "23228.sol": [0, [0, 0, 0, 0, 0, 0, 0, 0, 0, 0]], "6406.sol": [0, [0, 0, 0, 0, 0, 0, 0, 0, 0, 0]], "23985.sol": [0, [0, 0, 0, 0, 0, 0, 0, 0, 0, 0]], "36856.sol": [0, [0, 0, 0, 0, 0, 0, 0, 0, 0, 0]], "28033.sol": [0, [0, 0, 0, 0, 0, 0, 0, 0, 0, 0]], "18995.sol": [0, [0, 0, 0, 0, 0, 0, 0, 0, 0, 0]], "11045.sol": [0, [0, 0, 0, 0, 0, 0, 0, 0, 0, 0]], "37293.sol": [1, [1, 1, 1, 1, 1, 1, 1, 1, 1, 1]], "39949.sol": [0, [0, 0, 0, 0, 0, 0, 0, 0, 0, 0]], "2952.sol": [0, [0, 0, 0, 0, 0, 0, 0, 0, 0, 0]], "4054.sol": [0, [0, 0, 0, 0, 0, 0, 0, 0, 0, 0]], "27450.sol": [0, [0, 0, 0, 0, 0, 0, 0, 0, 0, 0]], "22593.sol": [0, [0, 0, 0, 0, 0, 0, 0, 0, 0, 0]], "11295.sol": [0, [0, 0, 0, 0, 0, 0, 0, 0, 0, 0]], "11084.sol": [0, [0, 0, 0, 0, 0, 0, 0, 0, 0, 0]], "6583.sol": [0, [0, 0, 0, 0, 0, 0, 0, 0, 0, 0]], "8344.sol": [0, [0, 0, 0, 0, 0, 0, 0, 0, 0, 0]], "25782.sol": [0, [0, 0, 0, 0, 0, 0, 0, 0, 0, 0]], "17127.sol": [0, [0, 0, 0, 0, 0, 0, 0, 0, 0, 0]], "30382.sol": [0, [0, 0, 0, 0, 0, 0, 0, 0, 0, 0]], "21991.sol": [0, [0, 0, 0, 0, 0, 0, 0, 0, 0, 0]], "6974.sol": [0, [0, 0, 0, 0, 0, 0, 0, 0, 0, 0]], "14135.sol": [0, [0, 0, 0, 0, 0, 0, 0, 0, 0, 0]], "34512.sol": [0, [0, 0, 0, 0, 0, 0, 0, 0, 0, 0]], "16766.sol": [0, [0, 0, 0, 0, 0, 0, 0, 0, 0, 0]], "3438.sol": [0, [0, 0, 0, 0, 0, 0, 0, 0, 0, 0]], "29539.sol": [0, [0, 0, 0, 0, 0, 0, 0, 0, 0, 0]], "1946.sol": [0, [0, 0, 0, 0, 0, 0, 0, 0, 0, 0]], "33068.sol": [1, [0, 0, 0, 0, 1, 0, 1, 0, 0, 0]], "5387.sol": [0, [0, 0, 0, 0, 0, 0, 0, 0, 0, 0]], "14029.sol": [0, [0, 0, 0, 0, 0, 0, 0, 0, 0, 0]], "18132.sol": [1, [0, 0, 0, 1, 0, 0, 0, 0, 0, 0]], "26443.sol": [0, [0, 0, 0, 0, 0, 0, 0, 0, 0, 0]], "627.sol": [0, [0, 0, 0, 0, 0, 0, 0, 0, 0, 0]], "30578.sol": [0, [0, 0, 0, 0, 0, 0, 0, 0, 0, 0]], "39108.sol": [0, [0, 0, 0, 0, 0, 0, 0, 0, 0, 0]], "32042.sol": [0, [0, 0, 0, 0, 0, 0, 0, 0, 0, 0]], "25943.sol": [0, [0, 0, 0, 0, 0, 0, 0, 0, 0, 0]], "15816.sol": [1, [0, 0, 0, 0, 0, 0, 1, 0, 0, 0]], "7683.sol": [0, [0, 0, 0, 0, 0, 0, 0, 0, 0, 0]], "10670.sol": [0, [0, 0, 0, 0, 0, 0, 0, 0, 0, 0]], "38133.sol": [0, [0, 0, 0, 0, 0, 0, 0, 0, 0, 0]], "17272.sol": [0, [0, 0, 0, 0, 0, 0, 0, 0, 0, 0]], "33471.sol": [0, [0, 0, 0, 0, 0, 0, 0, 0, 0, 0]], "30462.sol": [0, [0, 0, 0, 0, 0, 0, 0, 0, 0, 0]], "20140.sol": [0, [0, 0, 0, 0, 0, 0, 0, 0, 0, 0]], "6905.sol": [0, [0, 0, 0, 0, 0, 0, 0, 0, 0, 0]], "20032.sol": [0, [0, 0, 0, 0, 0, 0, 0, 0, 0, 0]], "15149.sol": [0, [0, 0, 0, 0, 0, 0, 0, 0, 0, 0]], "39326.sol": [0, [0, 0, 0, 0, 0, 0, 0, 0, 0, 0]], "8834.sol": [0, [0, 0, 0, 0, 0, 0, 0, 0, 0, 0]], "1463.sol": [0, [0, 0, 0, 0, 0, 0, 0, 0, 0, 0]], "18346.sol": [1, [0, 0, 0, 0, 0, 1, 0, 0, 0, 0]], "22590.sol": [0, [0, 0, 0, 0, 0, 0, 0, 0, 0, 0]], "25552.sol": [0, [0, 0, 0, 0, 0, 0, 0, 0, 0, 0]], "37746.sol": [0, [0, 0, 0, 0, 0, 0, 0, 0, 0, 0]], "7969.sol": [0, [0, 0, 0, 0, 0, 0, 0, 0, 0, 0]], "3019.sol": [0, [0, 0, 0, 0, 0, 0, 0, 0, 0, 0]], "29336.sol": [0, [0, 0, 0, 0, 0, 0, 0, 0, 0, 0]], "31023.sol": [0, [0, 0, 0, 0, 0, 0, 0, 0, 0, 0]], "32909.sol": [0, [0, 0, 0, 0, 0, 0, 0, 0, 0, 0]], "32861.sol": [1, [1, 1, 1, 1, 0, 0, 0, 0, 1, 1]], "1580.sol": [0, [0, 0, 0, 0, 0, 0, 0, 0, 0, 0]], "4711.sol": [0, [0, 0, 0, 0, 0, 0, 0, 0, 0, 0]], "21340.sol": [0, [0, 0, 0, 0, 0, 0, 0, 0, 0, 0]], "1821.sol": [0, [0, 0, 0, 0, 0, 0, 0, 0, 0, 0]], "5180.sol": [0, [0, 0, 0, 0, 0, 0, 0, 0, 0, 0]], "6482.sol": [0, [0, 0, 0, 0, 0, 0, 0, 0, 0, 0]], "1619.sol": [0, [0, 0, 0, 0, 0, 0, 0, 0, 0, 0]], "12967.sol": [0, [0, 0, 0, 0, 0, 0, 0, 0, 0, 0]], "22388.sol": [1, [1, 1, 0, 0, 0, 0, 0, 0, 0, 0]], "7662.sol": [0, [0, 0, 0, 0, 0, 0, 0, 0, 0, 0]], "15758.sol": [0, [0, 0, 0, 0, 0, 0, 0, 0, 0, 0]], "35578.sol": [1, [0, 1, 1, 0, 0, 0, 0, 0, 0, 0]], "7725.sol": [0, [0, 0, 0, 0, 0, 0, 0, 0, 0, 0]], "16724.sol": [0, [0, 0, 0, 0, 0, 0, 0, 0, 0, 0]], "20363.sol": [0, [0, 0, 0, 0, 0, 0, 0, 0, 0, 0]], "11903.sol": [0, [0, 0, 0, 0, 0, 0, 0, 0, 0, 0]], "16905.sol": [0, [0, 0, 0, 0, 0, 0, 0, 0, 0, 0]], "23529.sol": [0, [0, 0, 0, 0, 0, 0, 0, 0, 0, 0]], "30827.sol": [0, [0, 0, 0, 0, 0, 0, 0, 0, 0, 0]], "30693.sol": [0, [0, 0, 0, 0, 0, 0, 0, 0, 0, 0]], "2714.sol": [0, [0, 0, 0, 0, 0, 0, 0, 0, 0, 0]], "6782.sol": [0, [0, 0, 0, 0, 0, 0, 0, 0, 0, 0]], "29469.sol": [1, [0, 0, 0, 0, 0, 1, 0, 0, 0, 0]], "10505.sol": [0, [0, 0, 0, 0, 0, 0, 0, 0, 0, 0]], "27849.sol": [0, [0, 0, 0, 0, 0, 0, 0, 0, 0, 0]], "36611.sol": [0, [0, 0, 0, 0, 0, 0, 0, 0, 0, 0]], "21205.sol": [1, [0, 0, 0, 0, 0, 0, 0, 0, 1, 1]], "38365.sol": [0, [0, 0, 0, 0, 0, 0, 0, 0, 0, 0]], "26508.sol": [0, [0, 0, 0, 0, 0, 0, 0, 0, 0, 0]], "26158.sol": [0, [0, 0, 0, 0, 0, 0, 0, 0, 0, 0]], "40302.sol": [0, [0, 0, 0, 0, 0, 0, 0, 0, 0, 0]], "30612.sol": [0, [0, 0, 0, 0, 0, 0, 0, 0, 0, 0]], "39386.sol": [0, [0, 0, 0, 0, 0, 0, 0, 0, 0, 0]], "30149.sol": [0, [0, 0, 0, 0, 0, 0, 0, 0, 0, 0]], "12296.sol": [0, [0, 0, 0, 0, 0, 0, 0, 0, 0, 0]], "8569.sol": [0, [0, 0, 0, 0, 0, 0, 0, 0, 0, 0]], "33070.sol": [0, [0, 0, 0, 0, 0, 0, 0, 0, 0, 0]], "27300.sol": [0, [0, 0, 0, 0, 0, 0, 0, 0, 0, 0]], "37936.sol": [0, [0, 0, 0, 0, 0, 0, 0, 0, 0, 0]], "3713.sol": [0, [0, 0, 0, 0, 0, 0, 0, 0, 0, 0]], "34261.sol": [0, [0, 0, 0, 0, 0, 0, 0, 0, 0, 0]], "26520.sol": [0, [0, 0, 0, 0, 0, 0, 0, 0, 0, 0]], "34173.sol": [0, [0, 0, 0, 0, 0, 0, 0, 0, 0, 0]], "6670.sol": [0, [0, 0, 0, 0, 0, 0, 0, 0, 0, 0]], "7001.sol": [0, [0, 0, 0, 0, 0, 0, 0, 0, 0, 0]], "28302.sol": [0, [0, 0, 0, 0, 0, 0, 0, 0, 0, 0]], "3356.sol": [0, [0, 0, 0, 0, 0, 0, 0, 0, 0, 0]], "10042.sol": [0, [0, 0, 0, 0, 0, 0, 0, 0, 0, 0]], "24830.sol": [0, [0, 0, 0, 0, 0, 0, 0, 0, 0, 0]], "9651.sol": [0, [0, 0, 0, 0, 0, 0, 0, 0, 0, 0]], "27356.sol": [0, [0, 0, 0, 0, 0, 0, 0, 0, 0, 0]], "22722.sol": [0, [0, 0, 0, 0, 0, 0, 0, 0, 0, 0]], "24936.sol": [0, [0, 0, 0, 0, 0, 0, 0, 0, 0, 0]], "22087.sol": [0, [0, 0, 0, 0, 0, 0, 0, 0, 0, 0]], "8012.sol": [0, [0, 0, 0, 0, 0, 0, 0, 0, 0, 0]], "16078.sol": [0, [0, 0, 0, 0, 0, 0, 0, 0, 0, 0]], "33419.sol": [0, [0, 0, 0, 0, 0, 0, 0, 0, 0, 0]], "25863.sol": [0, [0, 0, 0, 0, 0, 0, 0, 0, 0, 0]], "39214.sol": [0, [0, 0, 0, 0, 0, 0, 0, 0, 0, 0]], "14020.sol": [0, [0, 0, 0, 0, 0, 0, 0, 0, 0, 0]], "38920.sol": [0, [0, 0, 0, 0, 0, 0, 0, 0, 0, 0]], "10695.sol": [0, [0, 0, 0, 0, 0, 0, 0, 0, 0, 0]], "27346.sol": [0, [0, 0, 0, 0, 0, 0, 0, 0, 0, 0]], "3003.sol": [0, [0, 0, 0, 0, 0, 0, 0, 0, 0, 0]], "22888.sol": [0, [0, 0, 0, 0, 0, 0, 0, 0, 0, 0]], "28161.sol": [0, [0, 0, 0, 0, 0, 0, 0, 0, 0, 0]], "20362.sol": [0, [0, 0, 0, 0, 0, 0, 0, 0, 0, 0]], "22588.sol": [0, [0, 0, 0, 0, 0, 0, 0, 0, 0, 0]], "7312.sol": [0, [0, 0, 0, 0, 0, 0, 0, 0, 0, 0]], "4782.sol": [0, [0, 0, 0, 0, 0, 0, 0, 0, 0, 0]], "32508.sol": [0, [0, 0, 0, 0, 0, 0, 0, 0, 0, 0]], "4416.sol": [0, [0, 0, 0, 0, 0, 0, 0, 0, 0, 0]], "16891.sol": [0, [0, 0, 0, 0, 0, 0, 0, 0, 0, 0]], "32534.sol": [0, [0, 0, 0, 0, 0, 0, 0, 0, 0, 0]], "37423.sol": [0, [0, 0, 0, 0, 0, 0, 0, 0, 0, 0]], "24797.sol": [0, [0, 0, 0, 0, 0, 0, 0, 0, 0, 0]], "6922.sol": [0, [0, 0, 0, 0, 0, 0, 0, 0, 0, 0]], "20244.sol": [0, [0, 0, 0, 0, 0, 0, 0, 0, 0, 0]], "36791.sol": [0, [0, 0, 0, 0, 0, 0, 0, 0, 0, 0]], "37898.sol": [0, [0, 0, 0, 0, 0, 0, 0, 0, 0, 0]], "953.sol": [0, [0, 0, 0, 0, 0, 0, 0, 0, 0, 0]], "2958.sol": [0, [0, 0, 0, 0, 0, 0, 0, 0, 0, 0]], "37769.sol": [0, [0, 0, 0, 0, 0, 0, 0, 0, 0, 0]], "32343.sol": [0, [0, 0, 0, 0, 0, 0, 0, 0, 0, 0]], "27423.sol": [0, [0, 0, 0, 0, 0, 0, 0, 0, 0, 0]], "10687.sol": [0, [0, 0, 0, 0, 0, 0, 0, 0, 0, 0]], "25189.sol": [0, [0, 0, 0, 0, 0, 0, 0, 0, 0, 0]], "7339.sol": [0, [0, 0, 0, 0, 0, 0, 0, 0, 0, 0]], "6858.sol": [1, [1, 1, 1, 1, 1, 1, 1, 1, 1, 1]], "9854.sol": [0, [0, 0, 0, 0, 0, 0, 0, 0, 0, 0]], "150.sol": [0, [0, 0, 0, 0, 0, 0, 0, 0, 0, 0]], "13874.sol": [0, [0, 0, 0, 0, 0, 0, 0, 0, 0, 0]], "7590.sol": [0, [0, 0, 0, 0, 0, 0, 0, 0, 0, 0]], "14484.sol": [0, [0, 0, 0, 0, 0, 0, 0, 0, 0, 0]], "5300.sol": [0, [0, 0, 0, 0, 0, 0, 0, 0, 0, 0]], "30744.sol": [0, [0, 0, 0, 0, 0, 0, 0, 0, 0, 0]], "604.sol": [0, [0, 0, 0, 0, 0, 0, 0, 0, 0, 0]], "19601.sol": [1, [0, 0, 0, 1, 1, 1, 0, 0, 0, 0]], "808.sol": [0, [0, 0, 0, 0, 0, 0, 0, 0, 0, 0]], "33071.sol": [0, [0, 0, 0, 0, 0, 0, 0, 0, 0, 0]], "24565.sol": [0, [0, 0, 0, 0, 0, 0, 0, 0, 0, 0]], "34165.sol": [0, [0, 0, 0, 0, 0, 0, 0, 0, 0, 0]], "25393.sol": [0, [0, 0, 0, 0, 0, 0, 0, 0, 0, 0]], "5671.sol": [0, [0, 0, 0, 0, 0, 0, 0, 0, 0, 0]], "17946.sol": [1, [0, 1, 0, 1, 1, 0, 1, 0, 1, 0]], "1008.sol": [0, [0, 0, 0, 0, 0, 0, 0, 0, 0, 0]], "31051.sol": [0, [0, 0, 0, 0, 0, 0, 0, 0, 0, 0]], "8966.sol": [0, [0, 0, 0, 0, 0, 0, 0, 0, 0, 0]], "5995.sol": [0, [0, 0, 0, 0, 0, 0, 0, 0, 0, 0]], "7311.sol": [0, [0, 0, 0, 0, 0, 0, 0, 0, 0, 0]], "30755.sol": [0, [0, 0, 0, 0, 0, 0, 0, 0, 0, 0]], "8666.sol": [0, [0, 0, 0, 0, 0, 0, 0, 0, 0, 0]], "28374.sol": [0, [0, 0, 0, 0, 0, 0, 0, 0, 0, 0]], "22115.sol": [0, [0, 0, 0, 0, 0, 0, 0, 0, 0, 0]], "37140.sol": [0, [0, 0, 0, 0, 0, 0, 0, 0, 0, 0]], "9785.sol": [0, [0, 0, 0, 0, 0, 0, 0, 0, 0, 0]], "28806.sol": [0, [0, 0, 0, 0, 0, 0, 0, 0, 0, 0]], "39148.sol": [0, [0, 0, 0, 0, 0, 0, 0, 0, 0, 0]], "11982.sol": [0, [0, 0, 0, 0, 0, 0, 0, 0, 0, 0]], "31523.sol": [0, [0, 0, 0, 0, 0, 0, 0, 0, 0, 0]], "4153.sol": [1, [0, 0, 1, 1, 0, 0, 0, 0, 0, 0]], "21758.sol": [0, [0, 0, 0, 0, 0, 0, 0, 0, 0, 0]], "32176.sol": [0, [0, 0, 0, 0, 0, 0, 0, 0, 0, 0]], "10857.sol": [0, [0, 0, 0, 0, 0, 0, 0, 0, 0, 0]], "22764.sol": [0, [0, 0, 0, 0, 0, 0, 0, 0, 0, 0]], "22911.sol": [1, [0, 0, 0, 1, 0, 0, 1, 0, 0, 0]], "21423.sol": [0, [0, 0, 0, 0, 0, 0, 0, 0, 0, 0]], "38888.sol": [0, [0, 0, 0, 0, 0, 0, 0, 0, 0, 0]], "27344.sol": [0, [0, 0, 0, 0, 0, 0, 0, 0, 0, 0]], "1947.sol": [0, [0, 0, 0, 0, 0, 0, 0, 0, 0, 0]], "19716.sol": [0, [0, 0, 0, 0, 0, 0, 0, 0, 0, 0]], "28320.sol": [0, [0, 0, 0, 0, 0, 0, 0, 0, 0, 0]], "16536.sol": [0, [0, 0, 0, 0, 0, 0, 0, 0, 0, 0]], "13647.sol": [0, [0, 0, 0, 0, 0, 0, 0, 0, 0, 0]], "21443.sol": [0, [0, 0, 0, 0, 0, 0, 0, 0, 0, 0]], "16788.sol": [0, [0, 0, 0, 0, 0, 0, 0, 0, 0, 0]], "29416.sol": [0, [0, 0, 0, 0, 0, 0, 0, 0, 0, 0]], "14371.sol": [0, [0, 0, 0, 0, 0, 0, 0, 0, 0, 0]], "13226.sol": [0, [0, 0, 0, 0, 0, 0, 0, 0, 0, 0]], "12435.sol": [0, [0, 0, 0, 0, 0, 0, 0, 0, 0, 0]], "21007.sol": [0, [0, 0, 0, 0, 0, 0, 0, 0, 0, 0]], "17816.sol": [0, [0, 0, 0, 0, 0, 0, 0, 0, 0, 0]], "37824.sol": [0, [0, 0, 0, 0, 0, 0, 0, 0, 0, 0]], "28049.sol": [0, [0, 0, 0, 0, 0, 0, 0, 0, 0, 0]], "19838.sol": [0, [0, 0, 0, 0, 0, 0, 0, 0, 0, 0]], "15245.sol": [0, [0, 0, 0, 0, 0, 0, 0, 0, 0, 0]], "19954.sol": [0, [0, 0, 0, 0, 0, 0, 0, 0, 0, 0]], "19798.sol": [0, [0, 0, 0, 0, 0, 0, 0, 0, 0, 0]], "36677.sol": [0, [0, 0, 0, 0, 0, 0, 0, 0, 0, 0]], "19711.sol": [0, [0, 0, 0, 0, 0, 0, 0, 0, 0, 0]], "28158.sol": [0, [0, 0, 0, 0, 0, 0, 0, 0, 0, 0]], "9906.sol": [0, [0, 0, 0, 0, 0, 0, 0, 0, 0, 0]], "19060.sol": [0, [0, 0, 0, 0, 0, 0, 0, 0, 0, 0]], "502.sol": [0, [0, 0, 0, 0, 0, 0, 0, 0, 0, 0]], "26654.sol": [0, [0, 0, 0, 0, 0, 0, 0, 0, 0, 0]], "16184.sol": [0, [0, 0, 0, 0, 0, 0, 0, 0, 0, 0]], "22029.sol": [0, [0, 0, 0, 0, 0, 0, 0, 0, 0, 0]], "13002.sol": [0, [0, 0, 0, 0, 0, 0, 0, 0, 0, 0]], "14583.sol": [0, [0, 0, 0, 0, 0, 0, 0, 0, 0, 0]], "20358.sol": [0, [0, 0, 0, 0, 0, 0, 0, 0, 0, 0]], "79.sol": [0, [0, 0, 0, 0, 0, 0, 0, 0, 0, 0]], "38210.sol": [0, [0, 0, 0, 0, 0, 0, 0, 0, 0, 0]], "21330.sol": [0, [0, 0, 0, 0, 0, 0, 0, 0, 0, 0]], "5522.sol": [0, [0, 0, 0, 0, 0, 0, 0, 0, 0, 0]], "9286.sol": [0, [0, 0, 0, 0, 0, 0, 0, 0, 0, 0]], "22825.sol": [0, [0, 0, 0, 0, 0, 0, 0, 0, 0, 0]], "368.sol": [0, [0, 0, 0, 0, 0, 0, 0, 0, 0, 0]], "1970.sol": [0, [0, 0, 0, 0, 0, 0, 0, 0, 0, 0]], "21164.sol": [0, [0, 0, 0, 0, 0, 0, 0, 0, 0, 0]], "26596.sol": [0, [0, 0, 0, 0, 0, 0, 0, 0, 0, 0]], "31916.sol": [0, [0, 0, 0, 0, 0, 0, 0, 0, 0, 0]], "14844.sol": [0, [0, 0, 0, 0, 0, 0, 0, 0, 0, 0]], "38833.sol": [0, [0, 0, 0, 0, 0, 0, 0, 0, 0, 0]], "36986.sol": [0, [0, 0, 0, 0, 0, 0, 0, 0, 0, 0]], "14280.sol": [0, [0, 0, 0, 0, 0, 0, 0, 0, 0, 0]], "9945.sol": [0, [0, 0, 0, 0, 0, 0, 0, 0, 0, 0]], "22004.sol": [0, [0, 0, 0, 0, 0, 0, 0, 0, 0, 0]], "925.sol": [0, [0, 0, 0, 0, 0, 0, 0, 0, 0, 0]], "24258.sol": [0, [0, 0, 0, 0, 0, 0, 0, 0, 0, 0]], "34211.sol": [0, [0, 0, 0, 0, 0, 0, 0, 0, 0, 0]], "27929.sol": [0, [0, 0, 0, 0, 0, 0, 0, 0, 0, 0]], "22023.sol": [0, [0, 0, 0, 0, 0, 0, 0, 0, 0, 0]], "34283.sol": [0, [0, 0, 0, 0, 0, 0, 0, 0, 0, 0]], "31144.sol": [0, [0, 0, 0, 0, 0, 0, 0, 0, 0, 0]], "29889.sol": [0, [0, 0, 0, 0, 0, 0, 0, 0, 0, 0]], "30387.sol": [0, [0, 0, 0, 0, 0, 0, 0, 0, 0, 0]], "22007.sol": [0, [0, 0, 0, 0, 0, 0, 0, 0, 0, 0]], "942.sol": [0, [0, 0, 0, 0, 0, 0, 0, 0, 0, 0]], "22923.sol": [0, [0, 0, 0, 0, 0, 0, 0, 0, 0, 0]], "21386.sol": [0, [0, 0, 0, 0, 0, 0, 0, 0, 0, 0]], "17180.sol": [0, [0, 0, 0, 0, 0, 0, 0, 0, 0, 0]], "9193.sol": [0, [0, 0, 0, 0, 0, 0, 0, 0, 0, 0]], "32491.sol": [0, [0, 0, 0, 0, 0, 0, 0, 0, 0, 0]], "20832.sol": [0, [0, 0, 0, 0, 0, 0, 0, 0, 0, 0]], "23298.sol": [0, [0, 0, 0, 0, 0, 0, 0, 0, 0, 0]], "16918.sol": [0, [0, 0, 0, 0, 0, 0, 0, 0, 0, 0]], "22022.sol": [0, [0, 0, 0, 0, 0, 0, 0, 0, 0, 0]], "10519.sol": [0, [0, 0, 0, 0, 0, 0, 0, 0, 0, 0]], "335.sol": [0, [0, 0, 0, 0, 0, 0, 0, 0, 0, 0]], "24460.sol": [0, [0, 0, 0, 0, 0, 0, 0, 0, 0, 0]], "27983.sol": [0, [0, 0, 0, 0, 0, 0, 0, 0, 0, 0]], "698.sol": [0, [0, 0, 0, 0, 0, 0, 0, 0, 0, 0]], "23927.sol": [0, [0, 0, 0, 0, 0, 0, 0, 0, 0, 0]], "26751.sol": [0, [0, 0, 0, 0, 0, 0, 0, 0, 0, 0]], "27655.sol": [0, [0, 0, 0, 0, 0, 0, 0, 0, 0, 0]], "7304.sol": [0, [0, 0, 0, 0, 0, 0, 0, 0, 0, 0]], "24266.sol": [0, [0, 0, 0, 0, 0, 0, 0, 0, 0, 0]], "4434.sol": [0, [0, 0, 0, 0, 0, 0, 0, 0, 0, 0]], "30290.sol": [0, [0, 0, 0, 0, 0, 0, 0, 0, 0, 0]], "4897.sol": [0, [0, 0, 0, 0, 0, 0, 0, 0, 0, 0]], "6709.sol": [0, [0, 0, 0, 0, 0, 0, 0, 0, 0, 0]], "37050.sol": [0, [0, 0, 0, 0, 0, 0, 0, 0, 0, 0]], "5898.sol": [0, [0, 0, 0, 0, 0, 0, 0, 0, 0, 0]], "26450.sol": [0, [0, 0, 0, 0, 0, 0, 0, 0, 0, 0]], "37358.sol": [0, [0, 0, 0, 0, 0, 0, 0, 0, 0, 0]], "2408.sol": [0, [0, 0, 0, 0, 0, 0, 0, 0, 0, 0]], "27588.sol": [0, [0, 0, 0, 0, 0, 0, 0, 0, 0, 0]], "4483.sol": [0, [0, 0, 0, 0, 0, 0, 0, 0, 0, 0]], "7215.sol": [0, [0, 0, 0, 0, 0, 0, 0, 0, 0, 0]], "16988.sol": [0, [0, 0, 0, 0, 0, 0, 0, 0, 0, 0]], "26784.sol": [0, [0, 0, 0, 0, 0, 0, 0, 0, 0, 0]], "9064.sol": [0, [0, 0, 0, 0, 0, 0, 0, 0, 0, 0]], "5542.sol": [0, [0, 0, 0, 0, 0, 0, 0, 0, 0, 0]], "34844.sol": [0, [0, 0, 0, 0, 0, 0, 0, 0, 0, 0]], "21229.sol": [0, [0, 0, 0, 0, 0, 0, 0, 0, 0, 0]], "7716.sol": [0, [0, 0, 0, 0, 0, 0, 0, 0, 0, 0]], "23654.sol": [1, [1, 1, 1, 1, 1, 1, 1, 0, 0, 0]], "38308.sol": [0, [0, 0, 0, 0, 0, 0, 0, 0, 0, 0]], "36496.sol": [1, [0, 0, 0, 1, 0, 1, 1, 1, 0, 1]], "17190.sol": [0, [0, 0, 0, 0, 0, 0, 0, 0, 0, 0]], "5682.sol": [0, [0, 0, 0, 0, 0, 0, 0, 0, 0, 0]], "5802.sol": [0, [0, 0, 0, 0, 0, 0, 0, 0, 0, 0]], "28319.sol": [0, [0, 0, 0, 0, 0, 0, 0, 0, 0, 0]], "36209.sol": [0, [0, 0, 0, 0, 0, 0, 0, 0, 0, 0]], "23106.sol": [0, [0, 0, 0, 0, 0, 0, 0, 0, 0, 0]], "23578.sol": [0, [0, 0, 0, 0, 0, 0, 0, 0, 0, 0]], "15220.sol": [0, [0, 0, 0, 0, 0, 0, 0, 0, 0, 0]], "1098.sol": [0, [0, 0, 0, 0, 0, 0, 0, 0, 0, 0]], "12688.sol": [0, [0, 0, 0, 0, 0, 0, 0, 0, 0, 0]], "24579.sol": [0, [0, 0, 0, 0, 0, 0, 0, 0, 0, 0]], "6131.sol": [0, [0, 0, 0, 0, 0, 0, 0, 0, 0, 0]], "32021.sol": [0, [0, 0, 0, 0, 0, 0, 0, 0, 0, 0]], "36556.sol": [0, [0, 0, 0, 0, 0, 0, 0, 0, 0, 0]], "8622.sol": [0, [0, 0, 0, 0, 0, 0, 0, 0, 0, 0]], "21151.sol": [0, [0, 0, 0, 0, 0, 0, 0, 0, 0, 0]], "37682.sol": [0, [0, 0, 0, 0, 0, 0, 0, 0, 0, 0]], "28679.sol": [0, [0, 0, 0, 0, 0, 0, 0, 0, 0, 0]], "17616.sol": [0, [0, 0, 0, 0, 0, 0, 0, 0, 0, 0]], "39691.sol": [0, [0, 0, 0, 0, 0, 0, 0, 0, 0, 0]], "12817.sol": [0, [0, 0, 0, 0, 0, 0, 0, 0, 0, 0]], "21052.sol": [0, [0, 0, 0, 0, 0, 0, 0, 0, 0, 0]], "1979.sol": [0, [0, 0, 0, 0, 0, 0, 0, 0, 0, 0]], "27189.sol": [0, [0, 0, 0, 0, 0, 0, 0, 0, 0, 0]], "20632.sol": [0, [0, 0, 0, 0, 0, 0, 0, 0, 0, 0]], "341.sol": [0, [0, 0, 0, 0, 0, 0, 0, 0, 0, 0]], "34586.sol": [0, [0, 0, 0, 0, 0, 0, 0, 0, 0, 0]], "8207.sol": [0, [0, 0, 0, 0, 0, 0, 0, 0, 0, 0]], "14408.sol": [0, [0, 0, 0, 0, 0, 0, 0, 0, 0, 0]], "7222.sol": [0, [0, 0, 0, 0, 0, 0, 0, 0, 0, 0]], "21661.sol": [0, [0, 0, 0, 0, 0, 0, 0, 0, 0, 0]], "14290.sol": [0, [0, 0, 0, 0, 0, 0, 0, 0, 0, 0]], "6955.sol": [0, [0, 0, 0, 0, 0, 0, 0, 0, 0, 0]], "25835.sol": [0, [0, 0, 0, 0, 0, 0, 0, 0, 0, 0]], "870.sol": [0, [0, 0, 0, 0, 0, 0, 0, 0, 0, 0]], "13541.sol": [0, [0, 0, 0, 0, 0, 0, 0, 0, 0, 0]], "16944.sol": [0, [0, 0, 0, 0, 0, 0, 0, 0, 0, 0]], "39021.sol": [0, [0, 0, 0, 0, 0, 0, 0, 0, 0, 0]], "39208.sol": [1, [0, 0, 0, 0, 0, 0, 1, 0, 0, 0]], "5692.sol": [0, [0, 0, 0, 0, 0, 0, 0, 0, 0, 0]], "7142.sol": [0, [0, 0, 0, 0, 0, 0, 0, 0, 0, 0]], "23211.sol": [0, [0, 0, 0, 0, 0, 0, 0, 0, 0, 0]], "2334.sol": [0, [0, 0, 0, 0, 0, 0, 0, 0, 0, 0]], "1086.sol": [0, [0, 0, 0, 0, 0, 0, 0, 0, 0, 0]], "14950.sol": [0, [0, 0, 0, 0, 0, 0, 0, 0, 0, 0]], "16664.sol": [0, [0, 0, 0, 0, 0, 0, 0, 0, 0, 0]], "40082.sol": [0, [0, 0, 0, 0, 0, 0, 0, 0, 0, 0]], "28145.sol": [0, [0, 0, 0, 0, 0, 0, 0, 0, 0, 0]], "36770.sol": [0, [0, 0, 0, 0, 0, 0, 0, 0, 0, 0]], "30422.sol": [0, [0, 0, 0, 0, 0, 0, 0, 0, 0, 0]], "37971.sol": [0, [0, 0, 0, 0, 0, 0, 0, 0, 0, 0]], "36589.sol": [0, [0, 0, 0, 0, 0, 0, 0, 0, 0, 0]], "35517.sol": [0, [0, 0, 0, 0, 0, 0, 0, 0, 0, 0]], "38385.sol": [0, [0, 0, 0, 0, 0, 0, 0, 0, 0, 0]], "12716.sol": [0, [0, 0, 0, 0, 0, 0, 0, 0, 0, 0]], "11608.sol": [0, [0, 0, 0, 0, 0, 0, 0, 0, 0, 0]], "25240.sol": [0, [0, 0, 0, 0, 0, 0, 0, 0, 0, 0]], "23711.sol": [0, [0, 0, 0, 0, 0, 0, 0, 0, 0, 0]], "4846.sol": [0, [0, 0, 0, 0, 0, 0, 0, 0, 0, 0]], "15574.sol": [0, [0, 0, 0, 0, 0, 0, 0, 0, 0, 0]], "22745.sol": [0, [0, 0, 0, 0, 0, 0, 0, 0, 0, 0]], "25115.sol": [0, [0, 0, 0, 0, 0, 0, 0, 0, 0, 0]], "21925.sol": [0, [0, 0, 0, 0, 0, 0, 0, 0, 0, 0]], "34878.sol": [0, [0, 0, 0, 0, 0, 0, 0, 0, 0, 0]], "13375.sol": [0, [0, 0, 0, 0, 0, 0, 0, 0, 0, 0]], "37686.sol": [0, [0, 0, 0, 0, 0, 0, 0, 0, 0, 0]], "7784.sol": [0, [0, 0, 0, 0, 0, 0, 0, 0, 0, 0]], "8510.sol": [0, [0, 0, 0, 0, 0, 0, 0, 0, 0, 0]], "11297.sol": [0, [0, 0, 0, 0, 0, 0, 0, 0, 0, 0]], "38048.sol": [0, [0, 0, 0, 0, 0, 0, 0, 0, 0, 0]], "34596.sol": [0, [0, 0, 0, 0, 0, 0, 0, 0, 0, 0]], "32126.sol": [0, [0, 0, 0, 0, 0, 0, 0, 0, 0, 0]], "28926.sol": [0, [0, 0, 0, 0, 0, 0, 0, 0, 0, 0]], "4603.sol": [0, [0, 0, 0, 0, 0, 0, 0, 0, 0, 0]], "8840.sol": [0, [0, 0, 0, 0, 0, 0, 0, 0, 0, 0]], "19879.sol": [0, [0, 0, 0, 0, 0, 0, 0, 0, 0, 0]], "32755.sol": [0, [0, 0, 0, 0, 0, 0, 0, 0, 0, 0]], "31115.sol": [0, [0, 0, 0, 0, 0, 0, 0, 0, 0, 0]], "23937.sol": [0, [0, 0, 0, 0, 0, 0, 0, 0, 0, 0]], "12836.sol": [0, [0, 0, 0, 0, 0, 0, 0, 0, 0, 0]], "5997.sol": [0, [0, 0, 0, 0, 0, 0, 0, 0, 0, 0]], "7009.sol": [0, [0, 0, 0, 0, 0, 0, 0, 0, 0, 0]], "9636.sol": [0, [0, 0, 0, 0, 0, 0, 0, 0, 0, 0]], "14473.sol": [0, [0, 0, 0, 0, 0, 0, 0, 0, 0, 0]], "24232.sol": [0, [0, 0, 0, 0, 0, 0, 0, 0, 0, 0]], "7376.sol": [0, [0, 0, 0, 0, 0, 0, 0, 0, 0, 0]], "22909.sol": [1, [0, 0, 1, 0, 1, 0, 0, 0, 0, 0]], "20493.sol": [0, [0, 0, 0, 0, 0, 0, 0, 0, 0, 0]], "6539.sol": [0, [0, 0, 0, 0, 0, 0, 0, 0, 0, 0]], "16858.sol": [0, [0, 0, 0, 0, 0, 0, 0, 0, 0, 0]], "8180.sol": [0, [0, 0, 0, 0, 0, 0, 0, 0, 0, 0]], "25497.sol": [0, [0, 0, 0, 0, 0, 0, 0, 0, 0, 0]], "27086.sol": [1, [1, 0, 1, 1, 0, 1, 1, 1, 1, 1]], "30037.sol": [0, [0, 0, 0, 0, 0, 0, 0, 0, 0, 0]], "27765.sol": [0, [0, 0, 0, 0, 0, 0, 0, 0, 0, 0]], "29753.sol": [0, [0, 0, 0, 0, 0, 0, 0, 0, 0, 0]], "31421.sol": [0, [0, 0, 0, 0, 0, 0, 0, 0, 0, 0]], "21010.sol": [0, [0, 0, 0, 0, 0, 0, 0, 0, 0, 0]], "28922.sol": [0, [0, 0, 0, 0, 0, 0, 0, 0, 0, 0]], "13243.sol": [0, [0, 0, 0, 0, 0, 0, 0, 0, 0, 0]], "21690.sol": [0, [0, 0, 0, 0, 0, 0, 0, 0, 0, 0]], "12283.sol": [0, [0, 0, 0, 0, 0, 0, 0, 0, 0, 0]], "9684.sol": [0, [0, 0, 0, 0, 0, 0, 0, 0, 0, 0]], "7300.sol": [0, [0, 0, 0, 0, 0, 0, 0, 0, 0, 0]], "703.sol": [0, [0, 0, 0, 0, 0, 0, 0, 0, 0, 0]], "7246.sol": [0, [0, 0, 0, 0, 0, 0, 0, 0, 0, 0]], "31971.sol": [0, [0, 0, 0, 0, 0, 0, 0, 0, 0, 0]], "8915.sol": [0, [0, 0, 0, 0, 0, 0, 0, 0, 0, 0]], "38480.sol": [0, [0, 0, 0, 0, 0, 0, 0, 0, 0, 0]], "22420.sol": [0, [0, 0, 0, 0, 0, 0, 0, 0, 0, 0]], "2617.sol": [0, [0, 0, 0, 0, 0, 0, 0, 0, 0, 0]], "10833.sol": [0, [0, 0, 0, 0, 0, 0, 0, 0, 0, 0]], "1414.sol": [0, [0, 0, 0, 0, 0, 0, 0, 0, 0, 0]], "35724.sol": [0, [0, 0, 0, 0, 0, 0, 0, 0, 0, 0]], "20715.sol": [0, [0, 0, 0, 0, 0, 0, 0, 0, 0, 0]], "9845.sol": [0, [0, 0, 0, 0, 0, 0, 0, 0, 0, 0]], "22972.sol": [0, [0, 0, 0, 0, 0, 0, 0, 0, 0, 0]], "12933.sol": [0, [0, 0, 0, 0, 0, 0, 0, 0, 0, 0]], "8821.sol": [0, [0, 0, 0, 0, 0, 0, 0, 0, 0, 0]], "794.sol": [0, [0, 0, 0, 0, 0, 0, 0, 0, 0, 0]], "12330.sol": [0, [0, 0, 0, 0, 0, 0, 0, 0, 0, 0]], "39801.sol": [1, [1, 1, 1, 1, 1, 1, 1, 1, 1, 1]], "39073.sol": [0, [0, 0, 0, 0, 0, 0, 0, 0, 0, 0]], "40332.sol": [0, [0, 0, 0, 0, 0, 0, 0, 0, 0, 0]], "37459.sol": [1, [0, 0, 0, 0, 0, 0, 0, 0, 0, 1]], "28110.sol": [1, [1, 1, 1, 1, 1, 1, 0, 0, 0, 0]], "6147.sol": [1, [0, 0, 1, 0, 0, 1, 0, 0, 1, 0]], "36538.sol": [1, [1, 1, 1, 1, 1, 1, 1, 1, 1, 1]], "2377.sol": [1, [0, 0, 0, 0, 0, 1, 1, 1, 1, 1]], "12408.sol": [0, [0, 0, 0, 0, 0, 0, 0, 0, 0, 0]], "18437.sol": [1, [0, 0, 0, 1, 0, 0, 0, 0, 0, 0]], "34011.sol": [1, [1, 1, 1, 1, 0, 0, 0, 0, 0, 0]], "14763.sol": [0, [0, 0, 0, 0, 0, 0, 0, 0, 0, 0]], "1399.sol": [1, [0, 0, 0, 0, 0, 1, 0, 1, 1, 0]], "313.sol": [0, [0, 0, 0, 0, 0, 0, 0, 0, 0, 0]], "20387.sol": [0, [0, 0, 0, 0, 0, 0, 0, 0, 0, 0]], "3097.sol": [1, [0, 1, 1, 1, 1, 1, 0, 0, 1, 1]], "3722.sol": [1, [1, 1, 0, 0, 0, 1, 1, 1, 1, 1]], "9584.sol": [1, [1, 1, 1, 1, 0, 0, 1, 0, 0, 0]], "7786.sol": [0, [0, 0, 0, 0, 0, 0, 0, 0, 0, 0]], "34453.sol": [1, [1, 1, 1, 1, 1, 1, 1, 1, 1, 1]], "24443.sol": [1, [0, 0, 0, 0, 0, 0, 1, 0, 1, 1]], "3811.sol": [1, [1, 1, 0, 0, 0, 1, 1, 1, 1, 1]], "30936.sol": [0, [0, 0, 0, 0, 0, 0, 0, 0, 0, 0]], "38860.sol": [0, [0, 0, 0, 0, 0, 0, 0, 0, 0, 0]], "38774.sol": [0, [0, 0, 0, 0, 0, 0, 0, 0, 0, 0]], "10926.sol": [1, [1, 1, 1, 0, 0, 0, 1, 0, 0, 1]], "217.sol": [1, [0, 0, 1, 0, 0, 0, 1, 0, 1, 0]], "29238.sol": [1, [1, 1, 1, 1, 1, 1, 1, 1, 1, 1]], "38739.sol": [1, [0, 0, 1, 0, 0, 0, 0, 0, 0, 0]], "38394.sol": [1, [1, 1, 1, 0, 1, 1, 1, 0, 0, 0]], "2329.sol": [1, [0, 0, 0, 0, 0, 1, 1, 1, 1, 1]], "32026.sol": [0, [0, 0, 0, 0, 0, 0, 0, 0, 0, 0]], "11062.sol": [1, [1, 0, 0, 0, 0, 0, 0, 0, 1, 0]], "14742.sol": [1, [0, 0, 0, 0, 0, 0, 0, 1, 0, 0]], "23019.sol": [1, [1, 1, 1, 1, 1, 1, 1, 1, 0, 0]], "37429.sol": [0, [0, 0, 0, 0, 0, 0, 0, 0, 0, 0]], "3743.sol": [1, [1, 1, 0, 0, 0, 1, 1, 1, 1, 1]], "29511.sol": [0, [0, 0, 0, 0, 0, 0, 0, 0, 0, 0]], "785.sol": [1, [1, 1, 0, 0, 0, 1, 1, 1, 1, 1]], "710.sol": [1, [1, 1, 1, 1, 1, 1, 1, 1, 1, 1]], "26928.sol": [0, [0, 0, 0, 0, 0, 0, 0, 0, 0, 0]], "36562.sol": [0, [0, 0, 0, 0, 0, 0, 0, 0, 0, 0]], "23675.sol": [0, [0, 0, 0, 0, 0, 0, 0, 0, 0, 0]], "2222.sol": [1, [1, 1, 0, 0, 0, 1, 1, 1, 1, 1]], "2821.sol": [1, [1, 1, 0, 0, 0, 1, 1, 1, 1, 1]], "21641.sol": [1, [1, 1, 1, 1, 1, 1, 1, 1, 1, 1]], "16216.sol": [0, [0, 0, 0, 0, 0, 0, 0, 0, 0, 0]], "34310.sol": [1, [0, 1, 1, 1, 1, 1, 0, 1, 1, 0]], "36021.sol": [0, [0, 0, 0, 0, 0, 0, 0, 0, 0, 0]], "12998.sol": [0, [0, 0, 0, 0, 0, 0, 0, 0, 0, 0]], "32401.sol": [1, [1, 1, 1, 0, 0, 1, 0, 1, 0, 0]], "21678.sol": [0, [0, 0, 0, 0, 0, 0, 0, 0, 0, 0]], "16786.sol": [0, [0, 0, 0, 0, 0, 0, 0, 0, 0, 0]], "22755.sol": [1, [1, 0, 1, 0, 1, 0, 0, 0, 0, 0]], "39974.sol": [1, [1, 1, 1, 1, 1, 0, 0, 0, 0, 0]], "36858.sol": [1, [1, 1, 1, 1, 1, 1, 1, 1, 1, 1]], "6262.sol": [1, [0, 0, 0, 0, 1, 1, 0, 0, 0, 0]], "11952.sol": [1, [0, 0, 0, 0, 0, 0, 0, 0, 0, 1]], "16963.sol": [1, [0, 0, 0, 0, 1, 0, 1, 1, 0, 0]], "11128.sol": [1, [1, 1, 1, 1, 1, 1, 1, 1, 1, 1]], "3363.sol": [1, [1, 1, 0, 0, 0, 1, 1, 1, 1, 1]], "2777.sol": [1, [1, 1, 0, 0, 0, 1, 1, 1, 1, 1]], "20034.sol": [1, [1, 1, 1, 1, 0, 1, 1, 0, 1, 1]], "8844.sol": [1, [0, 0, 0, 1, 1, 1, 0, 0, 1, 0]], "1385.sol": [1, [0, 0, 0, 0, 0, 1, 0, 0, 1, 1]], "29363.sol": [1, [1, 1, 1, 1, 0, 0, 0, 0, 0, 0]], "1362.sol": [1, [0, 0, 0, 0, 1, 0, 0, 1, 0, 0]], "7790.sol": [0, [0, 0, 0, 0, 0, 0, 0, 0, 0, 0]], "38772.sol": [1, [1, 0, 0, 0, 1, 0, 1, 0, 1, 0]], "11366.sol": [1, [0, 0, 0, 0, 1, 0, 1, 0, 0, 1]], "3770.sol": [1, [0, 0, 0, 0, 0, 1, 0, 0, 1, 0]], "39822.sol": [0, [0, 0, 0, 0, 0, 0, 0, 0, 0, 0]], "12056.sol": [0, [0, 0, 0, 0, 0, 0, 0, 0, 0, 0]], "8358.sol": [1, [1, 1, 1, 1, 1, 1, 1, 0, 1, 1]], "32138.sol": [1, [1, 1, 0, 1, 1, 1, 1, 1, 1, 0]], "28218.sol": [1, [1, 0, 0, 1, 1, 1, 1, 1, 1, 1]], "21292.sol": [1, [1, 1, 1, 1, 1, 1, 1, 1, 1, 1]], "34785.sol": [0, [0, 0, 0, 0, 0, 0, 0, 0, 0, 0]], "39975.sol": [1, [1, 1, 1, 1, 1, 0, 0, 0, 0, 0]], "36866.sol": [1, [0, 0, 0, 0, 0, 0, 0, 0, 1, 0]], "29303.sol": [0, [0, 0, 0, 0, 0, 0, 0, 0, 0, 0]], "5808.sol": [1, [0, 0, 0, 1, 1, 1, 0, 0, 1, 0]], "36091.sol": [1, [0, 0, 0, 0, 1, 0, 0, 0, 0, 0]], "16808.sol": [1, [1, 0, 1, 0, 1, 1, 1, 1, 1, 1]], "25245.sol": [1, [0, 0, 0, 1, 1, 0, 0, 0, 0, 0]], "3761.sol": [1, [1, 1, 0, 0, 0, 1, 1, 1, 1, 1]], "40010.sol": [1, [1, 1, 1, 1, 0, 0, 0, 0, 0, 0]], "20543.sol": [1, [0, 0, 0, 0, 0, 0, 1, 0, 1, 1]], "32033.sol": [0, [0, 0, 0, 0, 0, 0, 0, 0, 0, 0]], "35837.sol": [1, [0, 0, 1, 1, 0, 0, 0, 0, 1, 1]], "25768.sol": [0, [0, 0, 0, 0, 0, 0, 0, 0, 0, 0]], "5735.sol": [1, [1, 0, 0, 1, 1, 1, 1, 1, 1, 1]], "11657.sol": [1, [0, 1, 1, 0, 0, 0, 0, 0, 0, 0]], "1781.sol": [1, [1, 1, 0, 0, 0, 1, 1, 1, 1, 1]], "36503.sol": [1, [0, 0, 0, 0, 1, 0, 0, 0, 0, 0]], "29723.sol": [1, [0, 0, 0, 1, 1, 0, 0, 0, 0, 0]], "18724.sol": [1, [1, 0, 1, 0, 1, 1, 1, 1, 1, 1]], "18692.sol": [1, [0, 0, 0, 1, 0, 0, 0, 1, 0, 1]], "25561.sol": [1, [1, 0, 0, 0, 0, 0, 1, 1, 1, 0]], "6195.sol": [1, [1, 1, 0, 1, 1, 0, 0, 0, 0, 0]], "37202.sol": [1, [0, 0, 0, 0, 0, 0, 0, 0, 0, 1]], "6615.sol": [1, [0, 0, 0, 0, 1, 1, 0, 0, 0, 0]], "38306.sol": [0, [0, 0, 0, 0, 0, 0, 0, 0, 0, 0]], "16057.sol": [1, [0, 0, 1, 0, 0, 1, 0, 0, 0, 1]], "26971.sol": [1, [1, 1, 1, 1, 1, 0, 0, 1, 0, 1]], "30777.sol": [1, [0, 0, 0, 0, 0, 0, 0, 0, 1, 0]], "35102.sol": [1, [0, 0, 1, 1, 1, 1, 1, 0, 0, 0]], "21416.sol": [1, [0, 0, 1, 0, 0, 0, 1, 0, 0, 0]], "34677.sol": [1, [1, 0, 0, 1, 1, 1, 1, 1, 1, 1]], "28793.sol": [0, [0, 0, 0, 0, 0, 0, 0, 0, 0, 0]], "25075.sol": [1, [1, 1, 1, 1, 1, 1, 1, 1, 1, 1]], "1966.sol": [0, [0, 0, 0, 0, 0, 0, 0, 0, 0, 0]], "34432.sol": [1, [1, 0, 1, 1, 0, 0, 1, 0, 1, 0]], "29369.sol": [1, [1, 1, 1, 1, 0, 0, 0, 0, 0, 0]], "2599.sol": [1, [1, 1, 0, 0, 0, 1, 1, 1, 1, 1]], "32481.sol": [1, [1, 0, 1, 0, 0, 0, 1, 0, 0, 0]], "9147.sol": [1, [0, 0, 0, 0, 1, 1, 1, 1, 1, 1]], "38242.sol": [1, [0, 1, 1, 1, 1, 1, 0, 0, 1, 1]], "3555.sol": [1, [1, 1, 0, 0, 0, 1, 1, 1, 1, 1]], "3533.sol": [1, [1, 1, 0, 0, 0, 1, 1, 1, 1, 1]], "34254.sol": [1, [0, 0, 0, 0, 0, 0, 1, 0, 1, 1]], "38722.sol": [1, [1, 1, 1, 1, 1, 1, 1, 1, 1, 1]], "22678.sol": [0, [0, 0, 0, 0, 0, 0, 0, 0, 0, 0]], "26556.sol": [1, [0, 0, 0, 0, 0, 0, 1, 0, 1, 0]], "25604.sol": [1, [0, 0, 0, 1, 1, 0, 0, 0, 0, 0]], "24038.sol": [1, [0, 0, 0, 0, 0, 1, 0, 1, 1, 1]], "15847.sol": [0, [0, 0, 0, 0, 0, 0, 0, 0, 0, 0]], "25126.sol": [1, [1, 1, 1, 1, 1, 1, 1, 1, 1, 1]], "13460.sol": [1, [1, 1, 1, 1, 0, 0, 0, 0, 0, 0]], "2805.sol": [1, [0, 0, 0, 0, 0, 0, 1, 0, 1, 1]], "1567.sol": [0, [0, 0, 0, 0, 0, 0, 0, 0, 0, 0]], "39668.sol": [1, [1, 0, 0, 0, 0, 0, 0, 0, 0, 1]], "30682.sol": [1, [1, 1, 1, 1, 1, 1, 1, 1, 1, 0]], "23777.sol": [1, [1, 0, 0, 0, 0, 1, 1, 0, 0, 0]], "15497.sol": [1, [0, 0, 0, 0, 1, 1, 0, 0, 0, 0]], "3071.sol": [1, [1, 1, 0, 0, 0, 1, 1, 1, 1, 1]], "30812.sol": [1, [0, 0, 0, 0, 1, 0, 0, 0, 0, 0]], "20773.sol": [0, [0, 0, 0, 0, 0, 0, 0, 0, 0, 0]], "28734.sol": [1, [1, 0, 0, 1, 1, 1, 1, 1, 1, 1]], "37042.sol": [1, [0, 0, 0, 0, 1, 1, 1, 1, 1, 0]], "2071.sol": [1, [1, 1, 0, 0, 0, 1, 1, 1, 1, 1]], "28490.sol": [0, [0, 0, 0, 0, 0, 0, 0, 0, 0, 0]], "6203.sol": [1, [0, 0, 0, 0, 0, 0, 0, 0, 0, 1]], "18235.sol": [0, [0, 0, 0, 0, 0, 0, 0, 0, 0, 0]], "27669.sol": [1, [1, 0, 0, 1, 0, 0, 0, 0, 0, 0]], "31333.sol": [1, [1, 1, 1, 1, 1, 1, 1, 1, 0, 1]], "39947.sol": [1, [1, 1, 1, 1, 1, 1, 1, 0, 0, 1]], "15630.sol": [1, [0, 0, 0, 0, 0, 1, 0, 0, 1, 0]], "37477.sol": [1, [0, 1, 1, 1, 1, 1, 0, 0, 1, 1]], "32038.sol": [1, [1, 1, 1, 0, 0, 0, 0, 0, 0, 0]], "33487.sol": [1, [0, 0, 0, 0, 0, 1, 1, 1, 1, 1]], "16407.sol": [0, [0, 0, 0, 0, 0, 0, 0, 0, 0, 0]], "26985.sol": [1, [0, 1, 1, 1, 1, 1, 0, 0, 1, 1]], "3649.sol": [1, [1, 1, 0, 0, 0, 1, 1, 1, 1, 1]], "33851.sol": [0, [0, 0, 0, 0, 0, 0, 0, 0, 0, 0]], "19533.sol": [0, [0, 0, 0, 0, 0, 0, 0, 0, 0, 0]], "38683.sol": [1, [0, 0, 0, 0, 1, 1, 1, 1, 0, 0]], "19796.sol": [1, [1, 1, 1, 1, 1, 0, 1, 0, 0, 0]], "34195.sol": [0, [0, 0, 0, 0, 0, 0, 0, 0, 0, 0]], "23496.sol": [1, [0, 0, 0, 0, 0, 1, 0, 0, 0, 0]], "39018.sol": [1, [0, 0, 0, 0, 1, 0, 1, 0, 0, 0]], "27546.sol": [1, [0, 0, 0, 0, 0, 0, 1, 0, 1, 1]], "36396.sol": [1, [1, 1, 1, 1, 1, 1, 0, 1, 0, 0]], "25893.sol": [1, [1, 1, 1, 1, 1, 1, 1, 1, 1, 1]], "2754.sol": [1, [0, 0, 0, 0, 0, 1, 1, 1, 1, 1]], "36319.sol": [1, [0, 0, 0, 0, 0, 0, 1, 0, 0, 0]], "30164.sol": [1, [1, 0, 0, 1, 1, 1, 1, 1, 1, 1]], "12032.sol": [1, [1, 0, 0, 0, 0, 0, 0, 1, 0, 0]], "35639.sol": [0, [0, 0, 0, 0, 0, 0, 0, 0, 0, 0]], "20001.sol": [0, [0, 0, 0, 0, 0, 0, 0, 0, 0, 0]], "21902.sol": [0, [0, 0, 0, 0, 0, 0, 0, 0, 0, 0]], "11251.sol": [1, [1, 0, 0, 1, 1, 1, 1, 1, 1, 1]], "22685.sol": [1, [1, 1, 1, 1, 1, 1, 1, 1, 1, 1]], "24965.sol": [1, [1, 0, 0, 1, 1, 1, 1, 1, 1, 1]], "25064.sol": [1, [1, 1, 1, 1, 1, 1, 1, 1, 1, 1]], "2757.sol": [1, [0, 1, 0, 0, 0, 1, 0, 0, 0, 0]], "3696.sol": [1, [1, 1, 0, 0, 0, 1, 1, 1, 1, 1]], "36578.sol": [0, [0, 0, 0, 0, 0, 0, 0, 0, 0, 0]], "12762.sol": [0, [0, 0, 0, 0, 0, 0, 0, 0, 0, 0]], "38104.sol": [1, [0, 0, 0, 0, 0, 0, 0, 1, 0, 0]], "2989.sol": [1, [1, 1, 0, 0, 0, 1, 1, 1, 1, 1]], "6183.sol": [1, [0, 0, 0, 0, 0, 0, 1, 0, 1, 1]], "37224.sol": [1, [0, 0, 0, 0, 0, 1, 0, 0, 0, 0]], "7747.sol": [1, [1, 1, 1, 1, 1, 1, 1, 0, 1, 0]], "10569.sol": [0, [0, 0, 0, 0, 0, 0, 0, 0, 0, 0]], "39115.sol": [0, [0, 0, 0, 0, 0, 0, 0, 0, 0, 0]], "22076.sol": [1, [0, 1, 0, 0, 0, 0, 0, 0, 0, 0]], "26346.sol": [1, [0, 0, 0, 0, 0, 0, 1, 0, 1, 0]], "40106.sol": [1, [1, 1, 1, 1, 1, 1, 1, 1, 0, 1]], "18987.sol": [1, [1, 1, 1, 1, 1, 1, 1, 1, 1, 1]], "37933.sol": [0, [0, 0, 0, 0, 0, 0, 0, 0, 0, 0]], "29179.sol": [1, [0, 0, 0, 0, 0, 0, 0, 0, 1, 1]], "37207.sol": [1, [0, 0, 0, 1, 1, 0, 0, 1, 1, 0]], "39831.sol": [1, [1, 1, 1, 1, 1, 1, 1, 1, 1, 1]], "2794.sol": [1, [1, 0, 1, 0, 0, 0, 0, 0, 1, 0]], "27273.sol": [1, [0, 0, 0, 1, 0, 0, 0, 0, 0, 1]], "25385.sol": [1, [1, 0, 1, 0, 1, 0, 0, 0, 0, 0]], "40448.sol": [0, [0, 0, 0, 0, 0, 0, 0, 0, 0, 0]], "39870.sol": [1, [1, 1, 1, 1, 1, 1, 1, 0, 0, 1]], "24621.sol": [1, [1, 1, 1, 1, 1, 1, 1, 1, 1, 1]], "2995.sol": [1, [0, 0, 0, 0, 0, 1, 1, 1, 1, 1]], "34536.sol": [1, [1, 1, 1, 1, 1, 1, 1, 1, 1, 1]], "3724.sol": [1, [0, 0, 0, 0, 0, 1, 1, 1, 1, 1]], "29182.sol": [1, [0, 0, 0, 0, 0, 0, 0, 0, 1, 1]], "39653.sol": [0, [0, 0, 0, 0, 0, 0, 0, 0, 0, 0]], "23597.sol": [1, [0, 0, 0, 0, 0, 0, 0, 0, 0, 1]], "2531.sol": [1, [1, 1, 0, 0, 0, 1, 1, 1, 1, 1]], "6432.sol": [1, [0, 0, 0, 0, 1, 1, 1, 1, 1, 1]], "29237.sol": [1, [1, 1, 1, 1, 1, 1, 1, 1, 1, 1]], "17511.sol": [1, [1, 0, 0, 1, 1, 1, 1, 1, 1, 1]], "21970.sol": [0, [0, 0, 0, 0, 0, 0, 0, 0, 0, 0]], "39047.sol": [1, [0, 0, 0, 0, 0, 0, 0, 0, 0, 1]], "26296.sol": [1, [0, 0, 1, 1, 0, 0, 0, 1, 0, 0]], "15628.sol": [1, [0, 0, 0, 0, 0, 1, 0, 0, 1, 0]], "4900.sol": [1, [0, 0, 0, 0, 1, 1, 1, 1, 1, 1]], "17075.sol": [1, [1, 1, 1, 1, 1, 1, 1, 1, 1, 1]], "33545.sol": [1, [0, 0, 0, 0, 0, 1, 0, 0, 0, 0]], "39934.sol": [0, [0, 0, 0, 0, 0, 0, 0, 0, 0, 0]], "23216.sol": [0, [0, 0, 0, 0, 0, 0, 0, 0, 0, 0]], "32634.sol": [1, [1, 0, 0, 0, 0, 1, 0, 0, 0, 0]], "21408.sol": [1, [1, 1, 1, 1, 0, 0, 0, 0, 0, 0]], "11337.sol": [0, [0, 0, 0, 0, 0, 0, 0, 0, 0, 0]], "21723.sol": [1, [0, 0, 0, 1, 1, 0, 0, 1, 0, 0]], "35036.sol": [1, [0, 1, 0, 0, 0, 0, 0, 1, 0, 0]], "34415.sol": [1, [1, 1, 1, 1, 1, 1, 1, 1, 1, 1]], "26777.sol": [1, [1, 0, 0, 0, 0, 0, 0, 0, 0, 0]], "40410.sol": [0, [0, 0, 0, 0, 0, 0, 0, 0, 0, 0]], "23309.sol": [1, [0, 0, 0, 1, 0, 0, 0, 0, 0, 0]], "35001.sol": [1, [1, 1, 1, 1, 1, 1, 0, 0, 1, 0]], "28598.sol": [1, [0, 1, 0, 0, 1, 1, 0, 1, 0, 0]], "238.sol": [1, [0, 0, 0, 0, 1, 0, 1, 0, 0, 0]], "3125.sol": [0, [0, 0, 0, 0, 0, 0, 0, 0, 0, 0]], "19604.sol": [1, [1, 0, 0, 0, 1, 0, 0, 1, 0, 0]], "22040.sol": [1, [0, 0, 1, 1, 0, 0, 1, 0, 1, 0]], "2400.sol": [1, [1, 1, 0, 0, 0, 1, 1, 1, 1, 1]], "38317.sol": [1, [1, 1, 1, 1, 0, 0, 0, 0, 0, 0]], "7323.sol": [1, [1, 1, 1, 1, 0, 1, 1, 0, 1, 0]], "1015.sol": [0, [0, 0, 0, 0, 0, 0, 0, 0, 0, 0]], "20897.sol": [1, [1, 0, 0, 1, 1, 1, 1, 1, 1, 1]], "6152.sol": [1, [0, 0, 0, 0, 0, 0, 1, 0, 1, 1]], "22329.sol": [0, [0, 0, 0, 0, 0, 0, 0, 0, 0, 0]], "35881.sol": [1, [0, 0, 0, 0, 0, 1, 1, 0, 0, 0]], "11861.sol": [0, [0, 0, 0, 0, 0, 0, 0, 0, 0, 0]], "26034.sol": [1, [1, 0, 1, 0, 1, 0, 0, 0, 0, 0]], "37398.sol": [1, [0, 0, 0, 0, 1, 1, 0, 0, 0, 0]], "39810.sol": [0, [0, 0, 0, 0, 0, 0, 0, 0, 0, 0]], "14764.sol": [0, [0, 0, 0, 0, 0, 0, 0, 0, 0, 0]], "3096.sol": [1, [0, 0, 1, 0, 1, 1, 1, 1, 1, 1]], "36510.sol": [0, [0, 0, 0, 0, 0, 0, 0, 0, 0, 0]], "30984.sol": [1, [0, 1, 1, 1, 1, 1, 1, 1, 0, 1]], "35243.sol": [1, [0, 0, 0, 0, 1, 1, 0, 0, 0, 0]], "39067.sol": [1, [1, 1, 1, 0, 0, 0, 0, 0, 0, 0]], "2205.sol": [1, [1, 1, 0, 0, 0, 1, 1, 1, 1, 1]], "12073.sol": [1, [0, 0, 0, 0, 0, 0, 0, 1, 0, 1]], "2110.sol": [0, [0, 0, 0, 0, 0, 0, 0, 0, 0, 0]], "5564.sol": [1, [0, 1, 1, 1, 1, 1, 0, 0, 1, 1]], "37607.sol": [1, [0, 1, 1, 1, 1, 0, 1, 1, 1, 0]], "31595.sol": [1, [1, 1, 0, 1, 1, 1, 1, 1, 1, 0]], "21295.sol": [1, [1, 1, 1, 1, 1, 1, 1, 1, 1, 1]], "39560.sol": [0, [0, 0, 0, 0, 0, 0, 0, 0, 0, 0]], "22370.sol": [0, [0, 0, 0, 0, 0, 0, 0, 0, 0, 0]], "21797.sol": [1, [1, 1, 1, 1, 1, 1, 1, 1, 1, 1]], "2633.sol": [1, [0, 0, 0, 0, 1, 0, 0, 0, 0, 1]], "37845.sol": [1, [0, 1, 1, 1, 1, 1, 0, 0, 1, 1]], "31120.sol": [0, [0, 0, 0, 0, 0, 0, 0, 0, 0, 0]], "2991.sol": [1, [0, 0, 1, 0, 1, 1, 1, 1, 1, 1]], "24568.sol": [1, [0, 0, 0, 1, 0, 0, 0, 0, 0, 0]], "36526.sol": [1, [1, 1, 1, 1, 1, 1, 1, 1, 1, 1]], "4230.sol": [1, [0, 1, 1, 0, 0, 0, 0, 1, 0, 0]], "3708.sol": [1, [0, 0, 0, 0, 1, 1, 1, 0, 0, 1]], "30058.sol": [1, [1, 1, 1, 0, 0, 0, 0, 0, 0, 0]], "37595.sol": [1, [1, 1, 1, 0, 0, 0, 0, 0, 0, 0]], "18512.sol": [1, [0, 0, 0, 0, 0, 1, 0, 0, 0, 0]], "38620.sol": [1, [1, 1, 1, 0, 0, 0, 0, 0, 0, 0]], "26645.sol": [0, [0, 0, 0, 0, 0, 0, 0, 0, 0, 0]], "37302.sol": [1, [0, 0, 0, 0, 0, 1, 0, 0, 0, 0]], "4765.sol": [1, [1, 1, 0, 0, 1, 0, 0, 0, 0, 0]], "35700.sol": [1, [0, 0, 0, 0, 0, 1, 1, 0, 0, 0]], "18780.sol": [1, [0, 1, 0, 0, 0, 0, 0, 0, 0, 0]], "38431.sol": [0, [0, 0, 0, 0, 0, 0, 0, 0, 0, 0]], "3670.sol": [1, [0, 0, 0, 0, 0, 1, 1, 1, 1, 1]], "35541.sol": [1, [0, 0, 0, 0, 0, 0, 0, 0, 0, 1]], "5551.sol": [1, [1, 1, 1, 1, 1, 1, 1, 1, 1, 1]], "22126.sol": [1, [1, 0, 0, 0, 0, 0, 0, 0, 0, 0]], "30640.sol": [1, [1, 1, 1, 1, 1, 1, 1, 1, 1, 1]], "36996.sol": [1, [1, 1, 1, 1, 1, 1, 1, 1, 0, 0]], "35790.sol": [1, [0, 0, 1, 0, 1, 0, 1, 1, 0, 1]], "16360.sol": [1, [1, 1, 1, 1, 1, 1, 1, 1, 1, 1]], "36422.sol": [0, [0, 0, 0, 0, 0, 0, 0, 0, 0, 0]], "35337.sol": [1, [0, 0, 1, 1, 0, 0, 0, 0, 0, 0]], "19076.sol": [0, [0, 0, 0, 0, 0, 0, 0, 0, 0, 0]], "6307.sol": [1, [0, 0, 0, 0, 1, 1, 1, 1, 1, 1]], "3656.sol": [1, [1, 1, 0, 0, 0, 1, 1, 1, 1, 1]], "36540.sol": [1, [1, 1, 1, 1, 1, 1, 1, 1, 1, 1]], "1968.sol": [0, [0, 0, 0, 0, 0, 0, 0, 0, 0, 0]], "24086.sol": [0, [0, 0, 0, 0, 0, 0, 0, 0, 0, 0]], "11870.sol": [1, [1, 0, 0, 0, 0, 0, 0, 1, 0, 0]], "3790.sol": [1, [1, 1, 0, 0, 0, 1, 1, 1, 1, 1]], "3090.sol": [1, [1, 1, 0, 0, 0, 1, 1, 1, 1, 1]], "9610.sol": [1, [0, 1, 0, 0, 0, 0, 0, 0, 0, 0]], "38029.sol": [1, [1, 0, 0, 0, 0, 0, 0, 0, 0, 0]], "3201.sol": [0, [0, 0, 0, 0, 0, 0, 0, 0, 0, 0]], "37621.sol": [1, [0, 0, 1, 0, 0, 1, 0, 0, 0, 0]], "16521.sol": [1, [0, 0, 0, 0, 0, 1, 1, 0, 0, 0]], "24900.sol": [1, [1, 0, 0, 1, 1, 1, 1, 1, 1, 1]], "22643.sol": [1, [0, 0, 0, 0, 1, 1, 1, 1, 0, 0]], "27724.sol": [0, [0, 0, 0, 0, 0, 0, 0, 0, 0, 0]], "2746.sol": [1, [0, 1, 0, 0, 0, 1, 0, 0, 0, 0]], "21120.sol": [1, [0, 1, 0, 0, 0, 1, 1, 1, 0, 0]], "11745.sol": [0, [0, 0, 0, 0, 0, 0, 0, 0, 0, 0]], "36383.sol": [1, [0, 0, 0, 0, 1, 0, 0, 0, 0, 0]], "3556.sol": [1, [1, 1, 0, 0, 0, 1, 1, 1, 1, 1]], "36969.sol": [1, [0, 0, 0, 0, 0, 0, 0, 1, 1, 0]], "37706.sol": [1, [0, 0, 0, 0, 0, 0, 0, 1, 0, 0]], "28952.sol": [0, [0, 0, 0, 0, 0, 0, 0, 0, 0, 0]], "29181.sol": [1, [0, 0, 0, 0, 0, 0, 0, 0, 1, 1]], "3685.sol": [1, [1, 1, 0, 0, 0, 1, 1, 1, 1, 1]], "37828.sol": [1, [1, 1, 1, 1, 1, 1, 1, 1, 1, 1]], "34368.sol": [1, [0, 0, 0, 0, 0, 0, 1, 0, 1, 1]], "35873.sol": [0, [0, 0, 0, 0, 0, 0, 0, 0, 0, 0]], "39542.sol": [1, [1, 1, 1, 1, 0, 1, 0, 1, 1, 1]], "2949.sol": [1, [1, 1, 0, 0, 0, 1, 1, 1, 1, 1]], "39809.sol": [1, [1, 1, 1, 1, 1, 1, 1, 1, 1, 1]], "37345.sol": [0, [0, 0, 0, 0, 0, 0, 0, 0, 0, 0]], "20323.sol": [1, [0, 0, 0, 1, 0, 1, 0, 0, 0, 0]], "32453.sol": [1, [1, 1, 0, 0, 0, 1, 0, 1, 1, 1]], "33784.sol": [1, [1, 1, 1, 1, 1, 1, 0, 0, 0, 1]], "7032.sol": [1, [0, 1, 0, 1, 0, 1, 0, 1, 0, 0]], "1030.sol": [0, [0, 0, 0, 0, 0, 0, 0, 0, 0, 0]], "36945.sol": [1, [0, 0, 0, 1, 1, 0, 0, 1, 0, 0]], "38641.sol": [1, [0, 0, 1, 0, 0, 0, 0, 0, 0, 0]], "40007.sol": [1, [0, 1, 0, 1, 1, 0, 0, 1, 0, 0]], "3773.sol": [1, [1, 1, 0, 0, 0, 1, 1, 1, 1, 1]], "27191.sol": [0, [0, 0, 0, 0, 0, 0, 0, 0, 0, 0]], "34232.sol": [1, [0, 0, 0, 0, 0, 0, 1, 0, 1, 1]], "31000.sol": [1, [1, 0, 0, 0, 0, 0, 0, 0, 0, 0]], "27555.sol": [1, [0, 0, 0, 0, 0, 0, 0, 0, 0, 1]], "34452.sol": [1, [1, 1, 1, 1, 1, 1, 1, 1, 1, 1]], "35839.sol": [1, [0, 0, 0, 1, 0, 1, 0, 1, 1, 0]], "3488.sol": [1, [0, 0, 0, 0, 0, 1, 1, 1, 1, 1]], "16805.sol": [1, [1, 0, 1, 0, 1, 1, 1, 1, 1, 1]], "27133.sol": [1, [1, 1, 1, 0, 0, 1, 1, 1, 0, 0]], "37551.sol": [0, [0, 0, 0, 0, 0, 0, 0, 0, 0, 0]], "27468.sol": [1, [0, 0, 0, 0, 0, 0, 0, 0, 0, 1]], "6173.sol": [0, [0, 0, 0, 0, 0, 0, 0, 0, 0, 0]], "6242.sol": [1, [1, 0, 0, 1, 0, 0, 1, 0, 0, 0]], "10189.sol": [0, [0, 0, 0, 0, 0, 0, 0, 0, 0, 0]], "36828.sol": [1, [1, 1, 1, 1, 1, 1, 1, 1, 1, 1]], "39058.sol": [1, [0, 0, 0, 0, 0, 0, 0, 0, 0, 1]], "20883.sol": [0, [0, 0, 0, 0, 0, 0, 0, 0, 0, 0]], "20354.sol": [1, [1, 0, 0, 0, 0, 0, 0, 0, 0, 0]], "39376.sol": [1, [0, 0, 1, 0, 0, 0, 0, 0, 0, 0]], "32102.sol": [0, [0, 0, 0, 0, 0, 0, 0, 0, 0, 0]], "11243.sol": [0, [0, 0, 0, 0, 0, 0, 0, 0, 0, 0]], "34899.sol": [1, [0, 0, 0, 0, 0, 0, 0, 0, 1, 1]], "16147.sol": [1, [0, 0, 0, 0, 0, 0, 1, 0, 0, 1]], "37613.sol": [1, [0, 1, 1, 1, 1, 1, 0, 1, 1, 1]], "3934.sol": [1, [1, 1, 0, 0, 0, 1, 1, 1, 1, 1]], "29703.sol": [0, [0, 0, 0, 0, 0, 0, 0, 0, 0, 0]], "13088.sol": [1, [1, 0, 1, 0, 0, 1, 1, 0, 1, 1]], "1123.sol": [1, [0, 1, 0, 0, 0, 1, 1, 1, 1, 1]], "5078.sol": [1, [0, 1, 0, 0, 0, 0, 1, 1, 1, 1]], "1965.sol": [1, [1, 1, 0, 0, 0, 1, 1, 1, 1, 1]], "27099.sol": [1, [1, 1, 1, 1, 1, 1, 0, 0, 0, 0]], "31040.sol": [1, [1, 0, 0, 0, 1, 0, 1, 1, 1, 1]], "927.sol": [0, [0, 0, 0, 0, 0, 0, 0, 0, 0, 0]], "39028.sol": [1, [0, 1, 1, 0, 0, 1, 0, 0, 1, 1]], "39673.sol": [0, [0, 0, 0, 0, 0, 0, 0, 0, 0, 0]], "23588.sol": [1, [1, 0, 1, 0, 1, 0, 0, 0, 0, 0]], "38440.sol": [0, [0, 0, 0, 0, 0, 0, 0, 0, 0, 0]], "18100.sol": [0, [0, 0, 0, 0, 0, 0, 0, 0, 0, 0]], "40725.sol": [1, [0, 0, 0, 0, 0, 0, 0, 0, 1, 1]], "1673.sol": [1, [0, 1, 0, 0, 0, 0, 0, 0, 0, 0]], "21988.sol": [0, [0, 0, 0, 0, 0, 0, 0, 0, 0, 0]], "5439.sol": [1, [0, 0, 0, 0, 1, 0, 0, 0, 0, 0]], "39791.sol": [1, [1, 1, 1, 1, 1, 1, 1, 1, 1, 1]], "11555.sol": [0, [0, 0, 0, 0, 0, 0, 0, 0, 0, 0]], "20274.sol": [1, [0, 0, 0, 1, 0, 0, 1, 1, 1, 1]], "39765.sol": [1, [1, 1, 1, 1, 1, 1, 1, 1, 1, 1]], "39964.sol": [0, [0, 0, 0, 0, 0, 0, 0, 0, 0, 0]], "20266.sol": [1, [0, 1, 0, 0, 0, 0, 0, 0, 0, 1]], "10300.sol": [0, [0, 0, 0, 0, 0, 0, 0, 0, 0, 0]], "11245.sol": [1, [1, 1, 1, 1, 1, 1, 1, 0, 0, 1]], "4148.sol": [0, [0, 0, 0, 0, 0, 0, 0, 0, 0, 0]], "7317.sol": [1, [1, 1, 1, 1, 1, 1, 1, 1, 1, 1]], "17286.sol": [1, [1, 1, 0, 0, 0, 0, 0, 0, 0, 0]], "31112.sol": [1, [1, 1, 0, 0, 1, 0, 0, 1, 1, 1]], "34038.sol": [0, [0, 0, 0, 0, 0, 0, 0, 0, 0, 0]], "39793.sol": [1, [1, 1, 1, 1, 1, 1, 1, 1, 1, 1]], "24912.sol": [1, [0, 0, 0, 0, 0, 0, 0, 0, 0, 1]], "39794.sol": [1, [1, 1, 1, 1, 1, 1, 1, 1, 1, 1]], "12101.sol": [0, [0, 0, 0, 0, 0, 0, 0, 0, 0, 0]], "10915.sol": [1, [1, 0, 0, 0, 0, 0, 0, 0, 0, 0]], "24964.sol": [1, [1, 0, 0, 1, 1, 1, 1, 1, 1, 1]], "40385.sol": [1, [1, 1, 0, 0, 0, 0, 0, 0, 0, 0]], "8311.sol": [1, [1, 0, 1, 1, 0, 0, 0, 0, 0, 0]], "38946.sol": [1, [0, 0, 0, 0, 0, 0, 0, 0, 0, 1]], "38907.sol": [1, [0, 0, 1, 1, 1, 1, 1, 1, 1, 1]], "10218.sol": [1, [0, 0, 1, 0, 0, 0, 0, 0, 0, 0]], "22952.sol": [1, [1, 1, 1, 1, 1, 1, 1, 1, 1, 1]], "15846.sol": [0, [0, 0, 0, 0, 0, 0, 0, 0, 0, 0]], "7528.sol": [1, [0, 0, 1, 1, 1, 1, 1, 1, 1, 0]], "32567.sol": [1, [1, 1, 1, 1, 1, 1, 1, 0, 1, 1]], "25488.sol": [1, [0, 1, 0, 0, 0, 0, 0, 0]], "37490.sol": [1, [0, 0, 1, 1, 1, 1, 1, 1, 1, 1]], "29258.sol": [1, [1, 1, 1, 1, 1, 1, 1, 1, 1, 1]], "13025.sol": [1, [0, 0, 0, 1, 0, 0, 0, 0, 0, 0]], "40374.sol": [1, [1, 1, 0, 0, 0, 0, 0, 0, 0, 0]], "26126.sol": [1, [0, 0, 0, 0, 1, 1, 1, 1, 1, 1]], "37213.sol": [0, [0, 0, 0, 0, 0, 0, 0, 0, 0, 0]], "27009.sol": [1, [1, 0, 0, 0, 0, 1, 0, 1, 0, 1]], "18558.sol": [1, [1, 0, 0, 0, 1, 1, 1, 1, 1, 0]], "38740.sol": [1, [0, 0, 1, 0, 0, 0, 0, 0, 0, 0]], "970.sol": [1, [0, 0, 0, 1, 0, 1, 0, 0, 0, 0]], "5878.sol": [0, [0, 0, 0, 0, 0, 0, 0, 0, 0, 0]], "36524.sol": [0, [0, 0, 0, 0, 0, 0, 0, 0, 0, 0]], "27495.sol": [1, [1, 1, 1, 0, 1, 1, 0, 1, 1, 1]], "29585.sol": [1, [0, 0, 0, 0, 0, 0, 0, 0, 0, 1]], "12963.sol": [1, [0, 0, 1, 0, 1, 1, 1, 1, 1, 1]], "38543.sol": [1, [1, 1, 1, 1, 1, 1, 1, 1, 0, 1]], "37488.sol": [1, [1, 1, 1, 1, 1, 1, 1, 0, 0, 1]], "39039.sol": [1, [1, 1, 1, 1, 1, 1, 1, 1, 1, 0]], "36416.sol": [1, [1, 1, 1, 1, 0, 0, 0, 0, 1, 0]], "35684.sol": [1, [1, 1, 0, 0, 0, 0, 0, 0, 0, 0]], "6204.sol": [1, [1, 1, 1, 1, 0, 0, 0, 0, 0, 0]], "39799.sol": [1, [1, 1, 1, 1, 1, 1, 1, 1, 1, 1]], "12426.sol": [1, [0, 0, 0, 1, 0, 0, 0, 0, 0, 0]], "654.sol": [1, [1, 1, 1, 1, 1, 1, 1, 1, 1, 1]], "3341.sol": [1, [1, 1, 1, 1, 1, 1, 1, 1, 1, 1]], "13891.sol": [1, [0, 0, 0, 0, 0, 0, 0, 1, 1, 1]], "4370.sol": [1, [0, 0, 0, 0, 0, 0, 0, 0, 1, 0]], "201.sol": [1, [1, 1, 0, 0, 0, 1, 1, 1, 1, 1]], "21626.sol": [1, [0, 0, 0, 1, 1, 1, 0, 0, 0, 0]], "34891.sol": [1, [0, 0, 0, 0, 0, 0, 0, 0, 0, 1]], "36288.sol": [1, [0, 0, 0, 0, 0, 0, 1, 0, 1, 1]], "24508.sol": [1, [1, 0, 0, 0, 0, 0, 0, 0, 0, 0]], "37361.sol": [1, [1, 1, 1, 1, 1, 1, 1, 1, 1, 1]], "11330.sol": [1, [0, 1, 0, 0, 0, 0, 0, 0, 0, 0]]}