{"32536.sol": [0, [0, 0, 0, 0, 0, 0, 0, 0, 0, 0]], "13188.sol": [0, [0, 0, 0, 0, 0, 0, 0, 0, 0, 0]], "26745.sol": [0, [0, 0, 0, 0, 0, 0, 0, 0, 0, 0]], "28799.sol": [0, [0, 0, 0, 0, 0, 0, 0, 0, 0, 0]], "25330.sol": [0, [0, 0, 0, 0, 0, 0, 0, 0, 0, 0]], "8636.sol": [0, [0, 0, 0, 0, 0, 0, 0, 0, 0, 0]], "34503.sol": [0, [0, 0, 0, 0, 0, 0, 0, 0, 0, 0]], "39235.sol": [0, [0, 0, 0, 0, 0, 0, 0, 0, 0, 0]], "27376.sol": [0, [0, 0, 0, 0, 0, 0, 0, 0, 0, 0]], "29186.sol": [0, [0, 0, 0, 0, 0, 0, 0, 0, 0, 0]], "2617.sol": [0, [0, 0, 0, 0, 0, 0, 0, 0, 0, 0]], "23562.sol": [0, [0, 0, 0, 0, 0, 0, 0, 0, 0, 0]], "13815.sol": [1, [1, 0, 0, 0, 0, 0, 0, 0, 0, 0]], "22000.sol": [0, [0, 0, 0, 0, 0, 0, 0, 0, 0, 0]], "7418.sol": [0, [0, 0, 0, 0, 0, 0, 0, 0, 0, 0]], "6884.sol": [0, [0, 0, 0, 0, 0, 0, 0, 0, 0, 0]], "10647.sol": [0, [0, 0, 0, 0, 0, 0, 0, 0, 0, 0]], "31654.sol": [0, [0, 0, 0, 0, 0, 0, 0, 0, 0, 0]], "19140.sol": [0, [0, 0, 0, 0, 0, 0, 0, 0, 0, 0]], "6500.sol": [0, [0, 0, 0, 0, 0, 0, 0, 0, 0, 0]], "11288.sol": [0, [0, 0, 0, 0, 0, 0, 0, 0, 0, 0]], "20914.sol": [0, [0, 0, 0, 0, 0, 0, 0, 0, 0, 0]], "38736.sol": [0, [0, 0, 0, 0, 0, 0, 0, 0, 0, 0]], "24859.sol": [0, [0, 0, 0, 0, 0, 0, 0, 0, 0, 0]], "5426.sol": [0, [0, 0, 0, 0, 0, 0, 0, 0, 0, 0]], "3959.sol": [0, [0, 0, 0, 0, 0, 0, 0, 0, 0, 0]], "34251.sol": [0, [0, 0, 0, 0, 0, 0, 0, 0, 0, 0]], "39340.sol": [0, [0, 0, 0, 0, 0, 0, 0, 0, 0, 0]], "37362.sol": [0, [0, 0, 0, 0, 0, 0, 0, 0, 0, 0]], "19973.sol": [0, [0, 0, 0, 0, 0, 0, 0, 0, 0, 0]], "12917.sol": [0, [0, 0, 0, 0, 0, 0, 0, 0, 0, 0]], "11760.sol": [0, [0, 0, 0, 0, 0, 0, 0, 0, 0, 0]], "14525.sol": [0, [0, 0, 0, 0, 0, 0, 0, 0, 0, 0]], "36204.sol": [0, [0, 0, 0, 0, 0, 0, 0, 0, 0, 0]], "25302.sol": [0, [0, 0, 0, 0, 0, 0, 0, 0, 0, 0]], "17374.sol": [0, [0, 0, 0, 0, 0, 0, 0, 0, 0, 0]], "13534.sol": [0, [0, 0, 0, 0, 0, 0, 0, 0, 0, 0]], "31634.sol": [0, [0, 0, 0, 0, 0, 0, 0, 0, 0, 0]], "31926.sol": [0, [0, 0, 0, 0, 0, 0, 0, 0, 0, 0]], "5496.sol": [0, [0, 0, 0, 0, 0, 0, 0, 0, 0, 0]], "22246.sol": [0, [0, 0, 0, 0, 0, 0, 0, 0, 0, 0]], "7208.sol": [0, [0, 0, 0, 0, 0, 0, 0, 0, 0, 0]], "30617.sol": [0, [0, 0, 0, 0, 0, 0, 0, 0, 0, 0]], "23863.sol": [0, [0, 0, 0, 0, 0, 0, 0, 0, 0, 0]], "24132.sol": [0, [0, 0, 0, 0, 0, 0, 0, 0, 0, 0]], "5229.sol": [0, [0, 0, 0, 0, 0, 0, 0, 0, 0, 0]], "29937.sol": [0, [0, 0, 0, 0, 0, 0, 0, 0, 0, 0]], "25907.sol": [0, [0, 0, 0, 0, 0, 0, 0, 0, 0, 0]], "9027.sol": [0, [0, 0, 0, 0, 0, 0, 0, 0, 0, 0]], "22280.sol": [0, [0, 0, 0, 0, 0, 0, 0, 0, 0, 0]], "14165.sol": [0, [0, 0, 0, 0, 0, 0, 0, 0, 0, 0]], "21471.sol": [0, [0, 0, 0, 0, 0, 0, 0, 0, 0, 0]], "7498.sol": [0, [0, 0, 0, 0, 0, 0, 0, 0, 0, 0]], "35736.sol": [0, [0, 0, 0, 0, 0, 0, 0, 0, 0, 0]], "1360.sol": [0, [0, 0, 0, 0, 0, 0, 0, 0, 0, 0]], "16353.sol": [0, [0, 0, 0, 0, 0, 0, 0, 0, 0, 0]], "37933.sol": [0, [0, 0, 0, 0, 0, 0, 0, 0, 0, 0]], "10245.sol": [0, [0, 0, 0, 0, 0, 0, 0, 0, 0, 0]], "35956.sol": [0, [0, 0, 0, 0, 0, 0, 0, 0, 0, 0]], "24892.sol": [0, [0, 0, 0, 0, 0, 0, 0, 0, 0, 0]], "8309.sol": [0, [0, 0, 0, 0, 0, 0, 0, 0, 0, 0]], "9686.sol": [0, [0, 0, 0, 0, 0, 0, 0, 0, 0, 0]], "4342.sol": [0, [0, 0, 0, 0, 0, 0, 0, 0, 0, 0]], "19445.sol": [0, [0, 0, 0, 0, 0, 0, 0, 0, 0, 0]], "30329.sol": [0, [0, 0, 0, 0, 0, 0, 0, 0, 0, 0]], "5757.sol": [0, [0, 0, 0, 0, 0, 0, 0, 0, 0, 0]], "13675.sol": [0, [0, 0, 0, 0, 0, 0, 0, 0, 0, 0]], "15567.sol": [0, [0, 0, 0, 0, 0, 0, 0, 0, 0, 0]], "17401.sol": [0, [0, 0, 0, 0, 0, 0, 0, 0, 0, 0]], "38349.sol": [0, [0, 0, 0, 0, 0, 0, 0, 0, 0, 0]], "3954.sol": [0, [0, 0, 0, 0, 0, 0, 0, 0, 0, 0]], "14654.sol": [0, [0, 0, 0, 0, 0, 0, 0, 0, 0, 0]], "10070.sol": [0, [0, 0, 0, 0, 0, 0, 0, 0, 0, 0]], "1950.sol": [0, [0, 0, 0, 0, 0, 0, 0, 0, 0, 0]], "9595.sol": [0, [0, 0, 0, 0, 0, 0, 0, 0, 0, 0]], "15887.sol": [0, [0, 0, 0, 0, 0, 0, 0, 0, 0, 0]], "27159.sol": [0, [0, 0, 0, 0, 0, 0, 0, 0, 0, 0]], "35127.sol": [0, [0, 0, 0, 0, 0, 0, 0, 0, 0, 0]], "4027.sol": [0, [0, 0, 0, 0, 0, 0, 0, 0, 0, 0]], "10096.sol": [1, [1, 0, 0, 0, 0, 0, 0, 0, 0, 0]], "28448.sol": [1, [0, 0, 1, 0, 0, 0, 1, 0, 1, 0]], "4681.sol": [0, [0, 0, 0, 0, 0, 0, 0, 0, 0, 0]], "5339.sol": [0, [0, 0, 0, 0, 0, 0, 0, 0, 0, 0]], "16773.sol": [0, [0, 0, 0, 0, 0, 0, 0, 0, 0, 0]], "27421.sol": [0, [0, 0, 0, 0, 0, 0, 0, 0, 0, 0]], "13781.sol": [0, [0, 0, 0, 0, 0, 0, 0, 0, 0, 0]], "34348.sol": [0, [0, 0, 0, 0, 0, 0, 0, 0, 0, 0]], "25884.sol": [0, [0, 0, 0, 0, 0, 0, 0, 0, 0, 0]], "16553.sol": [0, [0, 0, 0, 0, 0, 0, 0, 0, 0, 0]], "23915.sol": [0, [0, 0, 0, 0, 0, 0, 0, 0, 0, 0]], "33093.sol": [0, [0, 0, 0, 0, 0, 0, 0, 0, 0, 0]], "28032.sol": [0, [0, 0, 0, 0, 0, 0, 0, 0, 0, 0]], "17728.sol": [1, [1, 1, 0, 0, 1, 1, 1, 0, 0, 0]], "13338.sol": [0, [0, 0, 0, 0, 0, 0, 0, 0, 0, 0]], "1100.sol": [0, [0, 0, 0, 0, 0, 0, 0, 0, 0, 0]], "29463.sol": [0, [0, 0, 0, 0, 0, 0, 0, 0, 0, 0]], "39965.sol": [0, [0, 0, 0, 0, 0, 0, 0, 0, 0, 0]], "38603.sol": [0, [0, 0, 0, 0, 0, 0, 0, 0, 0, 0]], "13866.sol": [0, [0, 0, 0, 0, 0, 0, 0, 0, 0, 0]], "19081.sol": [0, [0, 0, 0, 0, 0, 0, 0, 0, 0, 0]], "1183.sol": [0, [0, 0, 0, 0, 0, 0, 0, 0, 0, 0]], "6069.sol": [0, [0, 0, 0, 0, 0, 0, 0, 0, 0, 0]], "14749.sol": [0, [0, 0, 0, 0, 0, 0, 0, 0, 0, 0]], "9621.sol": [0, [0, 0, 0, 0, 0, 0, 0, 0, 0, 0]], "9249.sol": [0, [0, 0, 0, 0, 0, 0, 0, 0, 0, 0]], "35760.sol": [0, [0, 0, 0, 0, 0, 0, 0, 0, 0, 0]], "22404.sol": [0, [0, 0, 0, 0, 0, 0, 0, 0, 0, 0]], "31399.sol": [1, [0, 0, 0, 0, 0, 0, 1, 1, 1, 1]], "27023.sol": [0, [0, 0, 0, 0, 0, 0, 0, 0, 0, 0]], "27323.sol": [0, [0, 0, 0, 0, 0, 0, 0, 0, 0, 0]], "28285.sol": [0, [0, 0, 0, 0, 0, 0, 0, 0, 0, 0]], "28341.sol": [1, [0, 1, 0, 0, 0, 0, 0, 0, 0, 0]], "6716.sol": [0, [0, 0, 0, 0, 0, 0, 0, 0, 0, 0]], "25840.sol": [0, [0, 0, 0, 0, 0, 0, 0, 0, 0, 0]], "30813.sol": [0, [0, 0, 0, 0, 0, 0, 0, 0, 0, 0]], "22939.sol": [0, [0, 0, 0, 0, 0, 0, 0, 0, 0, 0]], "18814.sol": [0, [0, 0, 0, 0, 0, 0, 0, 0, 0, 0]], "28750.sol": [0, [0, 0, 0, 0, 0, 0, 0, 0, 0, 0]], "13728.sol": [0, [0, 0, 0, 0, 0, 0, 0, 0, 0, 0]], "18278.sol": [1, [1, 0, 0, 0, 0, 0, 0, 0, 0, 0]], "28525.sol": [0, [0, 0, 0, 0, 0, 0, 0, 0, 0, 0]], "38798.sol": [0, [0, 0, 0, 0, 0, 0, 0, 0, 0, 0]], "6381.sol": [0, [0, 0, 0, 0, 0, 0, 0, 0, 0, 0]], "21374.sol": [0, [0, 0, 0, 0, 0, 0, 0, 0, 0, 0]], "4763.sol": [0, [0, 0, 0, 0, 0, 0, 0, 0, 0, 0]], "22224.sol": [0, [0, 0, 0, 0, 0, 0, 0, 0, 0, 0]], "26040.sol": [0, [0, 0, 0, 0, 0, 0, 0, 0, 0, 0]], "10710.sol": [0, [0, 0, 0, 0, 0, 0, 0, 0, 0, 0]], "25418.sol": [0, [0, 0, 0, 0, 0, 0, 0, 0, 0, 0]], "22087.sol": [0, [0, 0, 0, 0, 0, 0, 0, 0, 0, 0]], "32504.sol": [0, [0, 0, 0, 0, 0, 0, 0, 0, 0, 0]], "14186.sol": [0, [0, 0, 0, 0, 0, 0, 0, 0, 0, 0]], "27106.sol": [0, [0, 0, 0, 0, 0, 0, 0, 0, 0, 0]], "25109.sol": [0, [0, 0, 0, 0, 0, 0, 0, 0, 0, 0]], "18907.sol": [0, [0, 0, 0, 0, 0, 0, 0, 0, 0, 0]], "13286.sol": [0, [0, 0, 0, 0, 0, 0, 0, 0, 0, 0]], "35424.sol": [0, [0, 0, 0, 0, 0, 0, 0, 0, 0, 0]], "15007.sol": [0, [0, 0, 0, 0, 0, 0, 0, 0, 0, 0]], "1931.sol": [1, [0, 0, 1, 0, 0, 0, 0, 0, 0, 0]], "19204.sol": [0, [0, 0, 0, 0, 0, 0, 0, 0, 0, 0]], "16839.sol": [0, [0, 0, 0, 0, 0, 0, 0, 0, 0, 0]], "39730.sol": [0, [0, 0, 0, 0, 0, 0, 0, 0, 0, 0]], "36035.sol": [0, [0, 0, 0, 0, 0, 0, 0, 0, 0, 0]], "14206.sol": [0, [0, 0, 0, 0, 0, 0, 0, 0, 0, 0]], "17781.sol": [0, [0, 0, 0, 0, 0, 0, 0, 0, 0, 0]], "15040.sol": [0, [0, 0, 0, 0, 0, 0, 0, 0, 0, 0]], "28124.sol": [0, [0, 0, 0, 0, 0, 0, 0, 0, 0, 0]], "39159.sol": [0, [0, 0, 0, 0, 0, 0, 0, 0, 0, 0]], "17241.sol": [0, [0, 0, 0, 0, 0, 0, 0, 0, 0, 0]], "28626.sol": [0, [0, 0, 0, 0, 0, 0, 0, 0, 0, 0]], "23864.sol": [0, [0, 0, 0, 0, 0, 0, 0, 0, 0, 0]], "7362.sol": [0, [0, 0, 0, 0, 0, 0, 0, 0, 0, 0]], "33100.sol": [0, [0, 0, 0, 0, 0, 0, 0, 0, 0, 0]], "23246.sol": [0, [0, 0, 0, 0, 0, 0, 0, 0, 0, 0]], "29202.sol": [0, [0, 0, 0, 0, 0, 0, 0, 0, 0, 0]], "38948.sol": [0, [0, 0, 0, 0, 0, 0, 0, 0, 0, 0]], "11671.sol": [0, [0, 0, 0, 0, 0, 0, 0, 0, 0, 0]], "25170.sol": [0, [0, 0, 0, 0, 0, 0, 0, 0, 0, 0]], "29024.sol": [0, [0, 0, 0, 0, 0, 0, 0, 0, 0, 0]], "22382.sol": [0, [0, 0, 0, 0, 0, 0, 0, 0, 0, 0]], "28862.sol": [0, [0, 0, 0, 0, 0, 0, 0, 0, 0, 0]], "29780.sol": [0, [0, 0, 0, 0, 0, 0, 0, 0, 0, 0]], "19336.sol": [0, [0, 0, 0, 0, 0, 0, 0, 0, 0, 0]], "13212.sol": [0, [0, 0, 0, 0, 0, 0, 0, 0, 0, 0]], "21546.sol": [0, [0, 0, 0, 0, 0, 0, 0, 0, 0, 0]], "22904.sol": [0, [0, 0, 0, 0, 0, 0, 0, 0, 0, 0]], "30649.sol": [0, [0, 0, 0, 0, 0, 0, 0, 0, 0, 0]], "15103.sol": [1, [1, 0, 0, 0, 0, 0, 1, 0, 0, 0]], "14570.sol": [0, [0, 0, 0, 0, 0, 0, 0, 0, 0, 0]], "35094.sol": [0, [0, 0, 0, 0, 0, 0, 0, 0, 0, 0]], "2870.sol": [0, [0, 0, 0, 0, 0, 0, 0, 0, 0, 0]], "20014.sol": [0, [0, 0, 0, 0, 0, 0, 0, 0, 0, 0]], "8215.sol": [0, [0, 0, 0, 0, 0, 0, 0, 0, 0, 0]], "11708.sol": [0, [0, 0, 0, 0, 0, 0, 0, 0, 0, 0]], "14840.sol": [0, [0, 0, 0, 0, 0, 0, 0, 0, 0, 0]], "11293.sol": [0, [0, 0, 0, 0, 0, 0, 0, 0, 0, 0]], "12166.sol": [0, [0, 0, 0, 0, 0, 0, 0, 0, 0, 0]], "26620.sol": [0, [0, 0, 0, 0, 0, 0, 0, 0, 0, 0]], "21768.sol": [0, [0, 0, 0, 0, 0, 0, 0, 0, 0, 0]], "12635.sol": [0, [0, 0, 0, 0, 0, 0, 0, 0, 0, 0]], "29570.sol": [1, [1, 1, 1, 1, 1, 1, 1, 1, 1, 1]], "2002.sol": [0, [0, 0, 0, 0, 0, 0, 0, 0, 0, 0]], "17896.sol": [0, [0, 0, 0, 0, 0, 0, 0, 0, 0, 0]], "2096.sol": [0, [0, 0, 0, 0, 0, 0, 0, 0, 0, 0]], "11004.sol": [0, [0, 0, 0, 0, 0, 0, 0, 0, 0, 0]], "31299.sol": [0, [0, 0, 0, 0, 0, 0, 0, 0, 0, 0]], "1532.sol": [1, [0, 0, 1, 0, 0, 0, 0, 0, 0, 0]], "11081.sol": [0, [0, 0, 0, 0, 0, 0, 0, 0, 0, 0]], "36051.sol": [0, [0, 0, 0, 0, 0, 0, 0, 0, 0, 0]], "32090.sol": [0, [0, 0, 0, 0, 0, 0, 0, 0, 0, 0]], "6565.sol": [0, [0, 0, 0, 0, 0, 0, 0, 0, 0, 0]], "10933.sol": [0, [0, 0, 0, 0, 0, 0, 0, 0, 0, 0]], "17488.sol": [0, [0, 0, 0, 0, 0, 0, 0, 0, 0, 0]], "20836.sol": [0, [0, 0, 0, 0, 0, 0, 0, 0, 0, 0]], "35978.sol": [0, [0, 0, 0, 0, 0, 0, 0, 0, 0, 0]], "12233.sol": [0, [0, 0, 0, 0, 0, 0, 0, 0, 0, 0]], "30492.sol": [0, [0, 0, 0, 0, 0, 0, 0, 0, 0, 0]], "12745.sol": [0, [0, 0, 0, 0, 0, 0, 0, 0, 0, 0]], "6456.sol": [0, [0, 0, 0, 0, 0, 0, 0, 0, 0, 0]], "27015.sol": [0, [0, 0, 0, 0, 0, 0, 0, 0, 0, 0]], "35118.sol": [0, [0, 0, 0, 0, 0, 0, 0, 0, 0, 0]], "22612.sol": [1, [1, 0, 0, 0, 0, 0, 0, 0, 0, 0]], "1596.sol": [0, [0, 0, 0, 0, 0, 0, 0, 0, 0, 0]], "32628.sol": [1, [0, 0, 1, 0, 1, 1, 1, 1, 1, 0]], "4535.sol": [0, [0, 0, 0, 0, 0, 0, 0, 0, 0, 0]], "1140.sol": [0, [0, 0, 0, 0, 0, 0, 0, 0, 0, 0]], "37086.sol": [0, [0, 0, 0, 0, 0, 0, 0, 0, 0, 0]], "28239.sol": [0, [0, 0, 0, 0, 0, 0, 0, 0, 0, 0]], "7540.sol": [0, [0, 0, 0, 0, 0, 0, 0, 0, 0, 0]], "2217.sol": [1, [0, 0, 0, 0, 0, 0, 1, 0, 0, 1]], "21753.sol": [0, [0, 0, 0, 0, 0, 0, 0, 0, 0, 0]], "31631.sol": [0, [0, 0, 0, 0, 0, 0, 0, 0, 0, 0]], "6846.sol": [0, [0, 0, 0, 0, 0, 0, 0, 0, 0, 0]], "35810.sol": [0, [0, 0, 0, 0, 0, 0, 0, 0, 0, 0]], "7952.sol": [0, [0, 0, 0, 0, 0, 0, 0, 0, 0, 0]], "22194.sol": [1, [0, 0, 0, 0, 0, 0, 0, 0, 1, 0]], "35390.sol": [0, [0, 0, 0, 0, 0, 0, 0, 0, 0, 0]], "5326.sol": [0, [0, 0, 0, 0, 0, 0, 0, 0, 0, 0]], "26400.sol": [0, [0, 0, 0, 0, 0, 0, 0, 0, 0, 0]], "6043.sol": [0, [0, 0, 0, 0, 0, 0, 0, 0, 0, 0]], "29343.sol": [0, [0, 0, 0, 0, 0, 0, 0, 0, 0, 0]], "66.sol": [0, [0, 0, 0, 0, 0, 0, 0, 0, 0, 0]], "19584.sol": [0, [0, 0, 0, 0, 0, 0, 0, 0, 0, 0]], "123.sol": [0, [0, 0, 0, 0, 0, 0, 0, 0, 0, 0]], "40272.sol": [0, [0, 0, 0, 0, 0, 0, 0, 0, 0, 0]], "34148.sol": [0, [0, 0, 0, 0, 0, 0, 0, 0, 0, 0]], "36944.sol": [0, [0, 0, 0, 0, 0, 0, 0, 0, 0, 0]], "4652.sol": [0, [0, 0, 0, 0, 0, 0, 0, 0, 0, 0]], "19613.sol": [0, [0, 0, 0, 0, 0, 0, 0, 0, 0, 0]], "25007.sol": [0, [0, 0, 0, 0, 0, 0, 0, 0, 0, 0]], "19976.sol": [0, [0, 0, 0, 0, 0, 0, 0, 0, 0, 0]], "3493.sol": [0, [0, 0, 0, 0, 0, 0, 0, 0, 0, 0]], "12965.sol": [0, [0, 0, 0, 0, 0, 0, 0, 0, 0, 0]], "24184.sol": [0, [0, 0, 0, 0, 0, 0, 0, 0, 0, 0]], "1332.sol": [0, [0, 0, 0, 0, 0, 0, 0, 0, 0, 0]], "16712.sol": [0, [0, 0, 0, 0, 0, 0, 0, 0, 0, 0]], "29266.sol": [0, [0, 0, 0, 0, 0, 0, 0, 0, 0, 0]], "29724.sol": [0, [0, 0, 0, 0, 0, 0, 0, 0, 0, 0]], "4631.sol": [0, [0, 0, 0, 0, 0, 0, 0, 0, 0, 0]], "28491.sol": [0, [0, 0, 0, 0, 0, 0, 0, 0, 0, 0]], "35173.sol": [0, [0, 0, 0, 0, 0, 0, 0, 0, 0, 0]], "25045.sol": [0, [0, 0, 0, 0, 0, 0, 0, 0, 0, 0]], "32526.sol": [0, [0, 0, 0, 0, 0, 0, 0, 0, 0, 0]], "25755.sol": [0, [0, 0, 0, 0, 0, 0, 0, 0, 0, 0]], "19927.sol": [0, [0, 0, 0, 0, 0, 0, 0, 0, 0, 0]], "29300.sol": [0, [0, 0, 0, 0, 0, 0, 0, 0, 0, 0]], "1682.sol": [0, [0, 0, 0, 0, 0, 0, 0, 0, 0, 0]], "39395.sol": [0, [0, 0, 0, 0, 0, 0, 0, 0, 0, 0]], "17779.sol": [0, [0, 0, 0, 0, 0, 0, 0, 0, 0, 0]], "15912.sol": [0, [0, 0, 0, 0, 0, 0, 0, 0, 0, 0]], "1734.sol": [0, [0, 0, 0, 0, 0, 0, 0, 0, 0, 0]], "8664.sol": [0, [0, 0, 0, 0, 0, 0, 0, 0, 0, 0]], "21280.sol": [0, [0, 0, 0, 0, 0, 0, 0, 0, 0, 0]], "23335.sol": [0, [0, 0, 0, 0, 0, 0, 0, 0, 0, 0]], "24275.sol": [0, [0, 0, 0, 0, 0, 0, 0, 0, 0, 0]], "35091.sol": [0, [0, 0, 0, 0, 0, 0, 0, 0, 0, 0]], "39358.sol": [0, [0, 0, 0, 0, 0, 0, 0, 0, 0, 0]], "29279.sol": [0, [0, 0, 0, 0, 0, 0, 0, 0, 0, 0]], "951.sol": [0, [0, 0, 0, 0, 0, 0, 0, 0, 0, 0]], "11009.sol": [0, [0, 0, 0, 0, 0, 0, 0, 0, 0, 0]], "22800.sol": [0, [0, 0, 0, 0, 0, 0, 0, 0, 0, 0]], "15099.sol": [1, [0, 0, 0, 0, 0, 1, 0, 0, 0, 0]], "33484.sol": [0, [0, 0, 0, 0, 0, 0, 0, 0, 0, 0]], "9109.sol": [0, [0, 0, 0, 0, 0, 0, 0, 0, 0, 0]], "34268.sol": [0, [0, 0, 0, 0, 0, 0, 0, 0, 0, 0]], "32537.sol": [0, [0, 0, 0, 0, 0, 0, 0, 0, 0, 0]], "33182.sol": [0, [0, 0, 0, 0, 0, 0, 0, 0, 0, 0]], "12750.sol": [0, [0, 0, 0, 0, 0, 0, 0, 0, 0, 0]], "30297.sol": [0, [0, 0, 0, 0, 0, 0, 0, 0, 0, 0]], "20778.sol": [0, [0, 0, 0, 0, 0, 0, 0, 0, 0, 0]], "23672.sol": [0, [0, 0, 0, 0, 0, 0, 0, 0, 0, 0]], "4304.sol": [0, [0, 0, 0, 0, 0, 0, 0, 0, 0, 0]], "33121.sol": [0, [0, 0, 0, 0, 0, 0, 0, 0, 0, 0]], "29464.sol": [0, [0, 0, 0, 0, 0, 0, 0, 0, 0, 0]], "11595.sol": [0, [0, 0, 0, 0, 0, 0, 0, 0, 0, 0]], "28012.sol": [0, [0, 0, 0, 0, 0, 0, 0, 0, 0, 0]], "17447.sol": [0, [0, 0, 0, 0, 0, 0, 0, 0, 0, 0]], "5806.sol": [0, [0, 0, 0, 0, 0, 0, 0, 0, 0, 0]], "29916.sol": [1, [0, 1, 0, 0, 0, 0, 0, 0, 0, 0]], "27943.sol": [0, [0, 0, 0, 0, 0, 0, 0, 0, 0, 0]], "10384.sol": [0, [0, 0, 0, 0, 0, 0, 0, 0, 0, 0]], "8388.sol": [0, [0, 0, 0, 0, 0, 0, 0, 0, 0, 0]], "34044.sol": [0, [0, 0, 0, 0, 0, 0, 0, 0, 0, 0]], "10327.sol": [0, [0, 0, 0, 0, 0, 0, 0, 0, 0, 0]], "13077.sol": [0, [0, 0, 0, 0, 0, 0, 0, 0, 0, 0]], "10821.sol": [0, [0, 0, 0, 0, 0, 0, 0, 0, 0, 0]], "7837.sol": [0, [0, 0, 0, 0, 0, 0, 0, 0, 0, 0]], "7650.sol": [0, [0, 0, 0, 0, 0, 0, 0, 0, 0, 0]], "26467.sol": [0, [0, 0, 0, 0, 0, 0, 0, 0, 0, 0]], "9321.sol": [1, [0, 0, 1, 1, 1, 1, 1, 1, 1, 1]], "29151.sol": [0, [0, 0, 0, 0, 0, 0, 0, 0, 0, 0]], "16566.sol": [0, [0, 0, 0, 0, 0, 0, 0, 0, 0, 0]], "36050.sol": [0, [0, 0, 0, 0, 0, 0, 0, 0, 0, 0]], "3211.sol": [0, [0, 0, 0, 0, 0, 0, 0, 0, 0, 0]], "32614.sol": [0, [0, 0, 0, 0, 0, 0, 0, 0, 0, 0]], "13234.sol": [0, [0, 0, 0, 0, 0, 0, 0, 0, 0, 0]], "19334.sol": [0, [0, 0, 0, 0, 0, 0, 0, 0, 0, 0]], "19929.sol": [0, [0, 0, 0, 0, 0, 0, 0, 0, 0, 0]], "9439.sol": [0, [0, 0, 0, 0, 0, 0, 0, 0, 0, 0]], "22058.sol": [0, [0, 0, 0, 0, 0, 0, 0, 0, 0, 0]], "11459.sol": [1, [0, 1, 0, 0, 0, 0, 0, 0, 0, 0]], "18595.sol": [0, [0, 0, 0, 0, 0, 0, 0, 0, 0, 0]], "29683.sol": [0, [0, 0, 0, 0, 0, 0, 0, 0, 0, 0]], "2784.sol": [0, [0, 0, 0, 0, 0, 0, 0, 0, 0, 0]], "26742.sol": [0, [0, 0, 0, 0, 0, 0, 0, 0, 0, 0]], "36491.sol": [0, [0, 0, 0, 0, 0, 0, 0, 0, 0, 0]], "18289.sol": [0, [0, 0, 0, 0, 0, 0, 0, 0, 0, 0]], "1190.sol": [0, [0, 0, 0, 0, 0, 0, 0, 0, 0, 0]], "26864.sol": [0, [0, 0, 0, 0, 0, 0, 0, 0, 0, 0]], "39202.sol": [1, [1, 1, 1, 0, 1, 0, 0, 0, 0, 0]], "30785.sol": [0, [0, 0, 0, 0, 0, 0, 0, 0, 0, 0]], "1528.sol": [0, [0, 0, 0, 0, 0, 0, 0, 0, 0, 0]], "28390.sol": [0, [0, 0, 0, 0, 0, 0, 0, 0, 0, 0]], "9007.sol": [0, [0, 0, 0, 0, 0, 0, 0, 0, 0, 0]], "22681.sol": [0, [0, 0, 0, 0, 0, 0, 0, 0, 0, 0]], "4134.sol": [0, [0, 0, 0, 0, 0, 0, 0, 0, 0, 0]], "19983.sol": [0, [0, 0, 0, 0, 0, 0, 0, 0, 0, 0]], "22693.sol": [0, [0, 0, 0, 0, 0, 0, 0, 0, 0, 0]], "4835.sol": [0, [0, 0, 0, 0, 0, 0, 0, 0, 0, 0]], "30819.sol": [0, [0, 0, 0, 0, 0, 0, 0, 0, 0, 0]], "7623.sol": [0, [0, 0, 0, 0, 0, 0, 0, 0, 0, 0]], "8976.sol": [0, [0, 0, 0, 0, 0, 0, 0, 0, 0, 0]], "7483.sol": [0, [0, 0, 0, 0, 0, 0, 0, 0, 0, 0]], "12508.sol": [0, [0, 0, 0, 0, 0, 0, 0, 0, 0, 0]], "16935.sol": [0, [0, 0, 0, 0, 0, 0, 0, 0, 0, 0]], "2439.sol": [0, [0, 0, 0, 0, 0, 0, 0, 0, 0, 0]], "12279.sol": [0, [0, 0, 0, 0, 0, 0, 0, 0, 0, 0]], "34544.sol": [0, [0, 0, 0, 0, 0, 0, 0, 0, 0, 0]], "13324.sol": [0, [0, 0, 0, 0, 0, 0, 0, 0, 0, 0]], "31410.sol": [0, [0, 0, 0, 0, 0, 0, 0, 0, 0, 0]], "31825.sol": [0, [0, 0, 0, 0, 0, 0, 0, 0, 0, 0]], "2812.sol": [0, [0, 0, 0, 0, 0, 0, 0, 0, 0, 0]], "5318.sol": [0, [0, 0, 0, 0, 0, 0, 0, 0, 0, 0]], "2737.sol": [0, [0, 0, 0, 0, 0, 0, 0, 0, 0, 0]], "1728.sol": [0, [0, 0, 0, 0, 0, 0, 0, 0, 0, 0]], "39309.sol": [0, [0, 0, 0, 0, 0, 0, 0, 0, 0, 0]], "23460.sol": [1, [1, 0, 0, 0, 0, 0, 0, 0, 0, 0]], "13072.sol": [0, [0, 0, 0, 0, 0, 0, 0, 0, 0, 0]], "16343.sol": [0, [0, 0, 0, 0, 0, 0, 0, 0, 0, 0]], "12613.sol": [0, [0, 0, 0, 0, 0, 0, 0, 0, 0, 0]], "9846.sol": [0, [0, 0, 0, 0, 0, 0, 0, 0, 0, 0]], "12291.sol": [0, [0, 0, 0, 0, 0, 0, 0, 0, 0, 0]], "24159.sol": [0, [0, 0, 0, 0, 0, 0, 0, 0, 0, 0]], "25278.sol": [0, [0, 0, 0, 0, 0, 0, 0, 0, 0, 0]], "29877.sol": [0, [0, 0, 0, 0, 0, 0, 0, 0, 0, 0]], "14870.sol": [0, [0, 0, 0, 0, 0, 0, 0, 0, 0, 0]], "32219.sol": [0, [0, 0, 0, 0, 0, 0, 0, 0, 0, 0]], "2000.sol": [1, [1, 0, 0, 0, 0, 0, 0, 0, 0, 0]], "16603.sol": [0, [0, 0, 0, 0, 0, 0, 0, 0, 0, 0]], "2254.sol": [0, [0, 0, 0, 0, 0, 0, 0, 0, 0, 0]], "5982.sol": [0, [0, 0, 0, 0, 0, 0, 0, 0, 0, 0]], "1349.sol": [0, [0, 0, 0, 0, 0, 0, 0, 0, 0, 0]], "35199.sol": [0, [0, 0, 0, 0, 0, 0, 0, 0, 0, 0]], "14097.sol": [0, [0, 0, 0, 0, 0, 0, 0, 0, 0, 0]], "35704.sol": [0, [0, 0, 0, 0, 0, 0, 0, 0, 0, 0]], "35552.sol": [1, [0, 1, 0, 0, 0, 0, 0, 0, 0, 0]], "29966.sol": [0, [0, 0, 0, 0, 0, 0, 0, 0, 0, 0]], "37569.sol": [0, [0, 0, 0, 0, 0, 0, 0, 0, 0, 0]], "14209.sol": [0, [0, 0, 0, 0, 0, 0, 0, 0, 0, 0]], "3529.sol": [0, [0, 0, 0, 0, 0, 0, 0, 0, 0, 0]], "32906.sol": [0, [0, 0, 0, 0, 0, 0, 0, 0, 0, 0]], "26407.sol": [0, [0, 0, 0, 0, 0, 0, 0, 0, 0, 0]], "11404.sol": [0, [0, 0, 0, 0, 0, 0, 0, 0, 0, 0]], "4950.sol": [0, [0, 0, 0, 0, 0, 0, 0, 0, 0, 0]], "22017.sol": [0, [0, 0, 0, 0, 0, 0, 0, 0, 0, 0]], "32945.sol": [0, [0, 0, 0, 0, 0, 0, 0, 0, 0, 0]], "4859.sol": [0, [0, 0, 0, 0, 0, 0, 0, 0, 0, 0]], "6557.sol": [0, [0, 0, 0, 0, 0, 0, 0, 0, 0, 0]], "9723.sol": [0, [0, 0, 0, 0, 0, 0, 0, 0, 0, 0]], "31013.sol": [0, [0, 0, 0, 0, 0, 0, 0, 0, 0, 0]], "32801.sol": [1, [0, 1, 0, 0, 0, 0, 0, 0, 0, 0]], "32919.sol": [0, [0, 0, 0, 0, 0, 0, 0, 0, 0, 0]], "499.sol": [0, [0, 0, 0, 0, 0, 0, 0, 0, 0, 0]], "31936.sol": [0, [0, 0, 0, 0, 0, 0, 0, 0, 0, 0]], "27924.sol": [0, [0, 0, 0, 0, 0, 0, 0, 0, 0, 0]], "27297.sol": [0, [0, 0, 0, 0, 0, 0]], "25396.sol": [1, [1, 0, 0, 0, 0, 0, 0, 0, 0, 0]], "34758.sol": [1, [0, 0, 0, 0, 0, 0, 0, 0, 1, 0]], "22790.sol": [0, [0, 0, 0, 0, 0, 0, 0, 0, 0, 0]], "12824.sol": [0, [0, 0, 0, 0, 0, 0, 0, 0, 0, 0]], "10704.sol": [0, [0, 0, 0, 0, 0, 0, 0, 0, 0, 0]], "24319.sol": [0, [0, 0, 0, 0, 0, 0, 0, 0, 0, 0]], "18402.sol": [0, [0, 0, 0, 0, 0, 0, 0, 0, 0, 0]], "30358.sol": [0, [0, 0, 0, 0, 0, 0, 0, 0, 0, 0]], "40007.sol": [0, [0, 0, 0, 0, 0, 0, 0, 0, 0, 0]], "39857.sol": [0, [0, 0, 0, 0, 0, 0, 0, 0, 0, 0]], "20255.sol": [0, [0, 0, 0, 0, 0, 0, 0, 0, 0, 0]], "889.sol": [0, [0, 0, 0, 0, 0, 0, 0, 0, 0, 0]], "11926.sol": [0, [0, 0, 0, 0, 0, 0, 0, 0, 0, 0]], "36327.sol": [0, [0, 0, 0, 0, 0, 0, 0, 0, 0, 0]], "9550.sol": [0, [0, 0, 0, 0, 0, 0, 0, 0, 0, 0]], "20565.sol": [0, [0, 0, 0, 0, 0, 0, 0, 0, 0, 0]], "37777.sol": [0, [0, 0, 0, 0, 0, 0, 0, 0, 0, 0]], "21551.sol": [0, [0, 0, 0, 0, 0, 0, 0, 0, 0, 0]], "27530.sol": [0, [0, 0, 0, 0, 0, 0, 0, 0, 0, 0]], "4170.sol": [0, [0, 0, 0, 0, 0, 0, 0, 0, 0, 0]], "12619.sol": [0, [0, 0, 0, 0, 0, 0, 0, 0, 0, 0]], "28588.sol": [0, [0, 0, 0, 0, 0, 0, 0, 0, 0, 0]], "29280.sol": [0, [0, 0, 0, 0, 0, 0, 0, 0, 0, 0]], "37164.sol": [0, [0, 0, 0, 0, 0, 0, 0, 0, 0, 0]], "32048.sol": [0, [0, 0, 0, 0, 0, 0, 0, 0, 0, 0]], "14982.sol": [0, [0, 0, 0, 0, 0, 0, 0, 0, 0, 0]], "21467.sol": [0, [0, 0, 0, 0, 0, 0, 0, 0, 0, 0]], "10135.sol": [0, [0, 0, 0, 0, 0, 0, 0, 0, 0, 0]], "34214.sol": [0, [0, 0, 0, 0, 0, 0, 0, 0, 0, 0]], "13012.sol": [1, [0, 0, 1, 0, 0, 0, 0, 0, 1, 0]], "27967.sol": [0, [0, 0, 0, 0, 0, 0, 0, 0, 0, 0]], "1086.sol": [0, [0, 0, 0, 0, 0, 0, 0, 0, 0, 0]], "37633.sol": [0, [0, 0, 0, 0, 0, 0, 0, 0, 0, 0]], "12420.sol": [0, [0, 0, 0, 0, 0, 0, 0, 0, 0, 0]], "12224.sol": [0, [0, 0, 0, 0, 0, 0, 0, 0, 0, 0]], "22260.sol": [0, [0, 0, 0, 0, 0, 0, 0, 0, 0, 0]], "25564.sol": [0, [0, 0, 0, 0, 0, 0, 0, 0, 0, 0]], "236.sol": [0, [0, 0, 0, 0, 0, 0, 0, 0, 0, 0]], "27234.sol": [1, [1, 0, 1, 1, 1, 0, 1, 1, 1, 1]], "25806.sol": [0, [0, 0, 0, 0, 0, 0, 0, 0, 0, 0]], "14148.sol": [0, [0, 0, 0, 0, 0, 0, 0, 0, 0, 0]], "36131.sol": [1, [1, 1, 1, 0, 0, 0, 0, 0, 0, 0]], "18808.sol": [0, [0, 0, 0, 0, 0, 0, 0, 0, 0, 0]], "33574.sol": [0, [0, 0, 0, 0, 0, 0, 0, 0, 0, 0]], "35365.sol": [0, [0, 0, 0, 0, 0, 0, 0, 0, 0, 0]], "36584.sol": [0, [0, 0, 0, 0, 0, 0, 0, 0, 0, 0]], "31238.sol": [0, [0, 0, 0, 0, 0, 0, 0, 0, 0, 0]], "1723.sol": [0, [0, 0, 0, 0, 0, 0, 0, 0, 0, 0]], "10539.sol": [0, [0, 0, 0, 0, 0, 0, 0, 0, 0, 0]], "34824.sol": [0, [0, 0, 0, 0, 0, 0, 0, 0, 0, 0]], "16428.sol": [0, [0, 0, 0, 0, 0, 0, 0, 0, 0, 0]], "10116.sol": [0, [0, 0, 0, 0, 0, 0, 0, 0, 0, 0]], "21515.sol": [0, [0, 0, 0, 0, 0, 0, 0, 0, 0, 0]], "542.sol": [0, [0, 0, 0, 0, 0, 0, 0, 0, 0, 0]], "36143.sol": [0, [0, 0, 0, 0, 0, 0, 0, 0, 0, 0]], "10014.sol": [0, [0, 0, 0, 0, 0, 0, 0, 0, 0, 0]], "23570.sol": [0, [0, 0, 0, 0, 0, 0, 0, 0, 0, 0]], "14380.sol": [0, [0, 0, 0, 0, 0, 0, 0, 0, 0, 0]], "28575.sol": [0, [0, 0, 0, 0, 0, 0, 0, 0, 0, 0]], "12281.sol": [0, [0, 0, 0, 0, 0, 0, 0, 0, 0, 0]], "36862.sol": [0, [0, 0, 0, 0, 0, 0, 0, 0, 0, 0]], "20984.sol": [0, [0, 0, 0, 0, 0, 0, 0, 0, 0, 0]], "26728.sol": [0, [0, 0, 0, 0, 0, 0, 0, 0, 0, 0]], "21964.sol": [0, [0, 0, 0, 0, 0, 0, 0, 0, 0, 0]], "32698.sol": [0, [0, 0, 0, 0, 0, 0, 0, 0, 0, 0]], "8403.sol": [0, [0, 0, 0, 0, 0, 0, 0, 0, 0, 0]], "9437.sol": [0, [0, 0, 0, 0, 0, 0, 0, 0, 0, 0]], "575.sol": [0, [0, 0, 0, 0, 0, 0, 0, 0, 0, 0]], "4123.sol": [0, [0, 0, 0, 0, 0, 0, 0, 0, 0, 0]], "1327.sol": [0, [0, 0, 0, 0, 0, 0, 0, 0, 0, 0]], "26962.sol": [0, [0, 0, 0, 0, 0, 0, 0, 0, 0, 0]], "24867.sol": [0, [0, 0, 0, 0, 0, 0, 0, 0, 0, 0]], "37929.sol": [0, [0, 0, 0, 0, 0, 0, 0, 0, 0, 0]], "30638.sol": [0, [0, 0, 0, 0, 0, 0, 0, 0, 0, 0]], "13411.sol": [0, [0, 0, 0, 0, 0, 0, 0, 0, 0, 0]], "11991.sol": [0, [0, 0, 0, 0, 0, 0, 0, 0, 0, 0]], "27619.sol": [0, [0, 0, 0, 0, 0, 0, 0, 0, 0, 0]], "24478.sol": [0, [0, 0, 0, 0, 0, 0, 0, 0, 0, 0]], "20239.sol": [0, [0, 0, 0, 0, 0, 0, 0, 0, 0, 0]], "27275.sol": [0, [0, 0, 0, 0, 0, 0, 0, 0, 0, 0]], "22684.sol": [0, [0, 0, 0, 0, 0, 0, 0, 0, 0, 0]], "21392.sol": [0, [0, 0, 0, 0, 0, 0, 0, 0, 0, 0]], "25996.sol": [0, [0, 0, 0, 0, 0, 0, 0, 0, 0, 0]], "30006.sol": [0, [0, 0, 0, 0, 0, 0, 0, 0, 0, 0]], "15161.sol": [0, [0, 0, 0, 0, 0, 0, 0, 0, 0, 0]], "26952.sol": [0, [0, 0, 0, 0, 0, 0, 0, 0, 0, 0]], "20827.sol": [0, [0, 0, 0, 0, 0, 0, 0, 0, 0, 0]], "31284.sol": [0, [0, 0, 0, 0, 0, 0, 0, 0, 0, 0]], "37737.sol": [0, [0, 0, 0, 0, 0, 0, 0, 0, 0, 0]], "15381.sol": [0, [0, 0, 0, 0, 0, 0, 0, 0, 0, 0]], "16945.sol": [0, [0, 0, 0, 0, 0, 0, 0, 0, 0, 0]], "23753.sol": [0, [0, 0, 0, 0, 0, 0, 0, 0, 0, 0]], "7198.sol": [0, [0, 0, 0, 0, 0, 0, 0, 0, 0, 0]], "19899.sol": [0, [0, 0, 0, 0, 0, 0, 0, 0, 0, 0]], "1110.sol": [0, [0, 0, 0, 0, 0, 0, 0, 0, 0, 0]], "13102.sol": [0, [0, 0, 0, 0, 0, 0, 0, 0, 0, 0]], "190.sol": [0, [0, 0, 0, 0, 0, 0, 0, 0, 0, 0]], "12645.sol": [0, [0, 0, 0, 0, 0, 0, 0, 0, 0, 0]], "17601.sol": [0, [0, 0, 0, 0, 0, 0, 0, 0, 0, 0]], "8254.sol": [1, [1, 1, 1, 1, 1, 0, 0, 1, 0, 0]], "8942.sol": [0, [0, 0, 0, 0, 0, 0, 0, 0, 0, 0]], "10341.sol": [0, [0, 0, 0, 0, 0, 0, 0, 0, 0, 0]], "38239.sol": [0, [0, 0, 0, 0, 0, 0, 0, 0, 0, 0]], "32858.sol": [0, [0, 0, 0, 0, 0, 0, 0, 0, 0, 0]], "13546.sol": [0, [0, 0, 0, 0, 0, 0, 0, 0, 0, 0]], "34248.sol": [0, [0, 0, 0, 0, 0, 0, 0, 0, 0, 0]], "15960.sol": [0, [0, 0, 0, 0, 0, 0, 0, 0, 0, 0]], "16946.sol": [0, [0, 0, 0, 0, 0, 0, 0, 0, 0, 0]], "27409.sol": [0, [0, 0, 0, 0, 0, 0, 0, 0, 0, 0]], "14343.sol": [1, [1, 0, 0, 0, 0, 0, 0, 0, 1, 0]], "36707.sol": [0, [0, 0, 0, 0, 0, 0, 0, 0, 0, 0]], "23339.sol": [0, [0, 0, 0, 0, 0, 0, 0, 0, 0, 0]], "10264.sol": [0, [0, 0, 0, 0, 0, 0, 0, 0, 0, 0]], "16931.sol": [0, [0, 0, 0, 0, 0, 0, 0, 0, 0, 0]], "18203.sol": [0, [0, 0, 0, 0, 0, 0, 0, 0, 0, 0]], "616.sol": [0, [0, 0, 0, 0, 0, 0, 0, 0, 0, 0]], "9179.sol": [0, [0, 0, 0, 0, 0, 0, 0, 0, 0, 0]], "25537.sol": [0, [0, 0, 0, 0, 0, 0, 0, 0, 0, 0]], "8353.sol": [0, [0, 0, 0, 0, 0, 0, 0, 0, 0, 0]], "26403.sol": [0, [0, 0, 0, 0, 0, 0, 0, 0, 0, 0]], "19065.sol": [0, [0, 0, 0, 0, 0, 0, 0, 0, 0, 0]], "31174.sol": [0, [0, 0, 0, 0, 0, 0, 0, 0, 0, 0]], "24667.sol": [0, [0, 0, 0, 0, 0, 0, 0, 0, 0, 0]], "33311.sol": [1, [1, 0, 1, 0, 0, 0, 0, 0, 0, 0]], "36581.sol": [0, [0, 0, 0, 0, 0, 0, 0, 0, 0, 0]], "1260.sol": [0, [0, 0, 0, 0, 0, 0, 0, 0, 0, 0]], "38965.sol": [0, [0, 0, 0, 0, 0, 0, 0, 0, 0, 0]], "19361.sol": [0, [0, 0, 0, 0, 0, 0, 0, 0, 0, 0]], "28546.sol": [0, [0, 0, 0, 0, 0, 0, 0, 0, 0, 0]], "8751.sol": [0, [0, 0, 0, 0, 0, 0, 0, 0, 0, 0]], "12926.sol": [0, [0, 0, 0, 0, 0, 0, 0, 0, 0, 0]], "9533.sol": [0, [0, 0, 0, 0, 0, 0, 0, 0, 0, 0]], "8932.sol": [0, [0, 0, 0, 0, 0, 0, 0, 0, 0, 0]], "33979.sol": [0, [0, 0, 0, 0, 0, 0, 0, 0, 0, 0]], "34919.sol": [0, [0, 0, 0, 0, 0, 0, 0, 0, 0, 0]], "8178.sol": [0, [0, 0, 0, 0, 0, 0, 0, 0, 0, 0]], "34397.sol": [0, [0, 0, 0, 0, 0, 0, 0, 0, 0, 0]], "38014.sol": [0, [0, 0, 0, 0, 0, 0, 0, 0, 0, 0]], "39348.sol": [0, [0, 0, 0, 0, 0, 0, 0, 0, 0, 0]], "17328.sol": [0, [0, 0, 0, 0, 0, 0, 0, 0, 0, 0]], "8970.sol": [0, [0, 0, 0, 0, 0, 0, 0, 0, 0, 0]], "12342.sol": [0, [0, 0, 0, 0, 0, 0, 0, 0, 0, 0]], "14836.sol": [0, [0, 0, 0, 0, 0, 0, 0, 0, 0, 0]], "3714.sol": [0, [0, 0, 0, 0, 0, 0, 0, 0, 0, 0]], "11680.sol": [0, [0, 0, 0, 0, 0, 0, 0, 0, 0, 0]], "4330.sol": [0, [0, 0, 0, 0, 0, 0, 0, 0, 0, 0]], "36298.sol": [0, [0, 0, 0, 0, 0, 0, 0, 0, 0, 0]], "36731.sol": [0, [0, 0, 0, 0, 0, 0, 0, 0, 0, 0]], "23500.sol": [0, [0, 0, 0, 0, 0, 0, 0, 0, 0, 0]], "13568.sol": [0, [0, 0, 0, 0, 0, 0, 0, 0, 0, 0]], "1080.sol": [0, [0, 0, 0, 0, 0, 0, 0, 0, 0, 0]], "16605.sol": [0, [0, 0, 0, 0, 0, 0, 0, 0, 0, 0]], "4540.sol": [0, [0, 0, 0, 0, 0, 0, 0, 0, 0, 0]], "11652.sol": [0, [0, 0, 0, 0, 0, 0, 0, 0, 0, 0]], "7556.sol": [0, [0, 0, 0, 0, 0, 0, 0, 0, 0, 0]], "37204.sol": [0, [0, 0, 0, 0, 0, 0, 0, 0, 0, 0]], "39648.sol": [0, [0, 0, 0, 0, 0, 0, 0, 0, 0, 0]], "37165.sol": [0, [0, 0, 0, 0, 0, 0, 0, 0, 0, 0]], "30820.sol": [0, [0, 0, 0, 0, 0, 0, 0, 0, 0, 0]], "5834.sol": [0, [0, 0, 0, 0, 0, 0, 0, 0, 0, 0]], "21764.sol": [0, [0, 0, 0, 0, 0, 0, 0, 0, 0, 0]], "29210.sol": [0, [0, 0, 0, 0, 0, 0, 0, 0, 0, 0]], "36381.sol": [0, [0, 0, 0, 0, 0, 0, 0, 0, 0, 0]], "27744.sol": [0, [0, 0, 0, 0, 0, 0, 0, 0, 0, 0]], "40601.sol": [0, [0, 0, 0, 0, 0, 0, 0, 0, 0, 0]], "29170.sol": [0, [0, 0, 0, 0, 0, 0, 0, 0, 0, 0]], "34945.sol": [0, [0, 0, 0, 0, 0, 0, 0, 0, 0, 0]], "32939.sol": [0, [0, 0, 0, 0, 0, 0, 0, 0, 0, 0]], "12151.sol": [0, [0, 0, 0, 0, 0, 0, 0, 0, 0, 0]], "5179.sol": [0, [0, 0, 0, 0, 0, 0, 0, 0, 0, 0]], "33351.sol": [0, [0, 0, 0, 0, 0, 0, 0, 0, 0, 0]], "30518.sol": [0, [0, 0, 0, 0, 0, 0, 0, 0, 0, 0]], "16884.sol": [1, [0, 0, 0, 0, 0, 0, 0, 0, 1, 0]], "36092.sol": [0, [0, 0, 0, 0, 0, 0, 0, 0, 0, 0]], "39964.sol": [0, [0, 0, 0, 0, 0, 0, 0, 0, 0, 0]], "9451.sol": [0, [0, 0, 0, 0, 0, 0, 0, 0, 0, 0]], "28267.sol": [0, [0, 0, 0, 0, 0, 0, 0, 0, 0, 0]], "5977.sol": [0, [0, 0, 0, 0, 0, 0, 0, 0, 0, 0]], "7574.sol": [0, [0, 0, 0, 0, 0, 0, 0, 0, 0, 0]], "14210.sol": [0, [0, 0, 0, 0, 0, 0, 0, 0, 0, 0]], "13275.sol": [1, [0, 0, 0, 0, 0, 0, 0, 1, 0, 0]], "31187.sol": [0, [0, 0, 0, 0, 0, 0, 0, 0, 0, 0]], "26663.sol": [0, [0, 0, 0, 0, 0, 0, 0, 0, 0, 0]], "27408.sol": [0, [0, 0, 0, 0, 0, 0, 0, 0, 0, 0]], "26837.sol": [0, [0, 0, 0, 0, 0, 0, 0, 0, 0, 0]], "12689.sol": [0, [0, 0, 0, 0, 0, 0, 0, 0, 0, 0]], "21556.sol": [0, [0, 0, 0, 0, 0, 0, 0, 0, 0, 0]], "2129.sol": [0, [0, 0, 0, 0, 0, 0, 0, 0, 0, 0]], "2871.sol": [0, [0, 0, 0, 0, 0, 0, 0, 0, 0, 0]], "26493.sol": [1, [0, 0, 0, 0, 0, 1, 0, 0, 0, 0]], "15681.sol": [0, [0, 0, 0, 0, 0, 0, 0, 0, 0, 0]], "29089.sol": [0, [0, 0, 0, 0, 0, 0, 0, 0, 0, 0]], "16101.sol": [0, [0, 0, 0, 0, 0, 0, 0, 0, 0, 0]], "35517.sol": [0, [0, 0, 0, 0, 0, 0, 0, 0, 0, 0]], "2146.sol": [0, [0, 0, 0, 0, 0, 0, 0, 0, 0, 0]], "30737.sol": [0, [0, 0, 0, 0, 0, 0, 0, 0, 0, 0]], "37575.sol": [0, [0, 0, 0, 0, 0, 0, 0, 0, 0, 0]], "35969.sol": [0, [0, 0, 0, 0, 0, 0, 0, 0, 0, 0]], "23729.sol": [0, [0, 0, 0, 0, 0, 0, 0, 0, 0, 0]], "18739.sol": [0, [0, 0, 0, 0, 0, 0, 0, 0, 0, 0]], "39984.sol": [0, [0, 0, 0, 0, 0, 0, 0, 0, 0, 0]], "1087.sol": [0, [0, 0, 0, 0, 0, 0, 0, 0, 0, 0]], "28461.sol": [0, [0, 0, 0, 0, 0, 0, 0, 0, 0, 0]], "24352.sol": [0, [0, 0, 0, 0, 0, 0, 0, 0, 0, 0]], "13955.sol": [0, [0, 0, 0, 0, 0, 0, 0, 0, 0, 0]], "15921.sol": [0, [0, 0, 0, 0, 0, 0, 0, 0, 0, 0]], "7843.sol": [0, [0, 0, 0, 0, 0, 0, 0, 0, 0, 0]], "38554.sol": [0, [0, 0, 0, 0, 0, 0, 0, 0, 0, 0]], "31772.sol": [0, [0, 0, 0, 0, 0, 0, 0, 0, 0, 0]], "8738.sol": [0, [0, 0, 0, 0, 0, 0, 0, 0, 0, 0]], "31339.sol": [0, [0, 0, 0, 0, 0, 0, 0, 0, 0, 0]], "20053.sol": [0, [0, 0, 0, 0, 0, 0, 0, 0, 0, 0]], "29330.sol": [0, [0, 0, 0, 0, 0, 0, 0, 0, 0, 0]], "9298.sol": [0, [0, 0, 0, 0, 0, 0, 0, 0, 0, 0]], "152.sol": [0, [0, 0, 0, 0, 0, 0, 0, 0, 0, 0]], "5402.sol": [1, [1, 0, 0, 1, 1, 1, 1, 1, 1, 1]], "16419.sol": [0, [0, 0, 0, 0, 0, 0, 0, 0, 0, 0]], "24989.sol": [0, [0, 0, 0, 0, 0, 0, 0, 0, 0, 0]], "6774.sol": [0, [0, 0, 0, 0, 0, 0, 0, 0, 0, 0]], "2728.sol": [1, [1, 0, 0, 1, 0, 0, 0, 1, 0, 0]], "31186.sol": [0, [0, 0, 0, 0, 0, 0, 0, 0, 0, 0]], "37742.sol": [0, [0, 0, 0, 0, 0, 0, 0, 0, 0, 0]], "15989.sol": [1, [1, 1, 0, 0, 0, 1, 1, 0, 0, 0]], "27956.sol": [0, [0, 0, 0, 0, 0, 0, 0, 0, 0, 0]], "24984.sol": [1, [0, 0, 1, 1, 0, 0, 0, 0, 0, 0]], "11473.sol": [0, [0, 0, 0, 0, 0, 0, 0, 0, 0, 0]], "7282.sol": [0, [0, 0, 0, 0, 0, 0, 0, 0, 0, 0]], "17493.sol": [0, [0, 0, 0, 0, 0, 0, 0, 0, 0, 0]], "9479.sol": [0, [0, 0, 0, 0, 0, 0, 0, 0, 0, 0]], "5176.sol": [0, [0, 0, 0, 0, 0, 0, 0, 0, 0, 0]], "28228.sol": [0, [0, 0, 0, 0, 0, 0, 0, 0, 0, 0]], "4107.sol": [0, [0, 0, 0, 0, 0, 0, 0, 0, 0, 0]], "10363.sol": [0, [0, 0, 0, 0, 0, 0, 0, 0, 0, 0]], "14641.sol": [0, [0, 0, 0, 0, 0, 0, 0, 0, 0, 0]], "3251.sol": [0, [0, 0, 0, 0, 0, 0, 0, 0, 0, 0]], "13147.sol": [0, [0, 0, 0, 0, 0, 0, 0, 0, 0, 0]], "12104.sol": [0, [0, 0, 0, 0, 0, 0, 0, 0, 0, 0]], "3084.sol": [0, [0, 0, 0, 0, 0, 0, 0, 0, 0, 0]], "29501.sol": [0, [0, 0, 0, 0, 0, 0, 0, 0, 0, 0]], "18354.sol": [0, [0, 0, 0, 0, 0, 0, 0, 0, 0, 0]], "36628.sol": [0, [0, 0, 0, 0, 0, 0, 0, 0, 0, 0]], "33953.sol": [1, [1, 1, 0, 0, 0, 1, 0, 0, 1, 0]], "12165.sol": [0, [0, 0, 0, 0, 0, 0, 0, 0, 0, 0]], "12521.sol": [0, [0, 0, 0, 0, 0, 0, 0, 0, 0, 0]], "17455.sol": [0, [0, 0, 0, 0, 0, 0, 0, 0, 0, 0]], "34840.sol": [0, [0, 0, 0, 0, 0, 0, 0, 0, 0, 0]], "9537.sol": [0, [0, 0, 0, 0, 0, 0, 0, 0, 0, 0]], "28258.sol": [1, [0, 0, 0, 0, 0, 0, 1, 0, 1, 0]], "14154.sol": [0, [0, 0, 0, 0, 0, 0, 0, 0, 0, 0]], "10045.sol": [0, [0, 0, 0, 0, 0, 0, 0, 0, 0, 0]], "23452.sol": [0, [0, 0, 0, 0, 0, 0, 0, 0, 0, 0]], "38871.sol": [0, [0, 0, 0, 0, 0, 0, 0, 0, 0, 0]], "22431.sol": [0, [0, 0, 0, 0, 0, 0, 0, 0, 0, 0]], "27815.sol": [0, [0, 0, 0, 0, 0, 0, 0, 0, 0, 0]], "5205.sol": [0, [0, 0, 0, 0, 0, 0, 0, 0, 0, 0]], "11631.sol": [0, [0, 0, 0, 0, 0, 0, 0, 0, 0, 0]], "8990.sol": [0, [0, 0, 0, 0, 0, 0, 0, 0, 0, 0]], "2229.sol": [0, [0, 0, 0, 0, 0, 0, 0, 0, 0, 0]], "11446.sol": [0, [0, 0, 0, 0, 0, 0, 0, 0, 0, 0]], "3625.sol": [0, [0, 0, 0, 0, 0, 0, 0, 0, 0, 0]], "25199.sol": [0, [0, 0, 0, 0, 0, 0, 0, 0, 0, 0]], "8382.sol": [0, [0, 0, 0, 0, 0, 0, 0, 0, 0, 0]], "2387.sol": [0, [0, 0, 0, 0, 0, 0, 0, 0, 0, 0]], "29820.sol": [0, [0, 0, 0, 0, 0, 0, 0, 0, 0, 0]], "7192.sol": [0, [0, 0, 0, 0, 0, 0, 0, 0, 0, 0]], "22286.sol": [1, [1, 0, 1, 1, 0, 0, 0, 0, 0, 0]], "20870.sol": [0, [0, 0, 0, 0, 0, 0, 0, 0, 0, 0]], "396.sol": [0, [0, 0, 0, 0, 0, 0, 0, 0, 0, 0]], "24563.sol": [0, [0, 0, 0, 0, 0, 0, 0, 0, 0, 0]], "6870.sol": [0, [0, 0, 0, 0, 0, 0, 0, 0, 0, 0]], "11611.sol": [0, [0, 0, 0, 0, 0, 0, 0, 0, 0, 0]], "38087.sol": [0, [0, 0, 0, 0, 0, 0, 0, 0, 0, 0]], "4606.sol": [0, [0, 0, 0, 0, 0, 0, 0, 0, 0, 0]], "16420.sol": [0, [0, 0, 0, 0, 0, 0, 0, 0, 0, 0]], "8029.sol": [0, [0, 0, 0, 0, 0, 0, 0, 0, 0, 0]], "2095.sol": [0, [0, 0, 0, 0, 0, 0, 0, 0, 0, 0]], "4721.sol": [0, [0, 0, 0, 0, 0, 0, 0, 0, 0, 0]], "39385.sol": [0, [0, 0, 0, 0, 0, 0, 0, 0, 0, 0]], "16410.sol": [0, [0, 0, 0, 0, 0, 0, 0, 0, 0, 0]], "31934.sol": [0, [0, 0, 0, 0, 0, 0, 0, 0, 0, 0]], "31455.sol": [0, [0, 0, 0, 0, 0, 0, 0, 0, 0, 0]], "10301.sol": [0, [0, 0, 0, 0, 0, 0, 0, 0, 0, 0]], "17525.sol": [0, [0, 0, 0, 0, 0, 0, 0, 0, 0, 0]], "32694.sol": [0, [0, 0, 0, 0, 0, 0, 0, 0, 0, 0]], "39169.sol": [0, [0, 0, 0, 0, 0, 0, 0, 0, 0, 0]], "9542.sol": [0, [0, 0, 0, 0, 0, 0, 0, 0, 0, 0]], "36008.sol": [0, [0, 0, 0, 0, 0, 0, 0, 0, 0, 0]], "22185.sol": [0, [0, 0, 0, 0, 0, 0, 0, 0, 0, 0]], "13923.sol": [0, [0, 0, 0, 0, 0, 0, 0, 0, 0, 0]], "18516.sol": [0, [0, 0, 0, 0, 0, 0, 0, 0, 0, 0]], "16470.sol": [0, [0, 0, 0, 0, 0, 0, 0, 0, 0, 0]], "26293.sol": [0, [0, 0, 0, 0, 0, 0, 0, 0, 0, 0]], "6736.sol": [0, [0, 0, 0, 0, 0, 0, 0, 0, 0, 0]], "19357.sol": [1, [1, 1, 0, 0, 0, 0, 0, 0, 0, 0]], "1425.sol": [0, [0, 0, 0, 0, 0, 0, 0, 0, 0, 0]], "9877.sol": [0, [0, 0, 0, 0, 0, 0, 0, 0, 0, 0]], "36056.sol": [1, [1, 1, 0, 0, 1, 0, 0, 0, 0, 0]], "15691.sol": [0, [0, 0, 0, 0, 0, 0, 0, 0, 0, 0]], "1230.sol": [0, [0, 0, 0, 0, 0, 0, 0, 0, 0, 0]], "11410.sol": [0, [0, 0, 0, 0, 0, 0, 0, 0, 0, 0]], "16392.sol": [0, [0, 0, 0, 0, 0, 0, 0, 0, 0, 0]], "31402.sol": [0, [0, 0, 0, 0, 0, 0, 0, 0, 0, 0]], "8546.sol": [0, [0, 0, 0, 0, 0, 0, 0, 0, 0, 0]], "26018.sol": [0, [0, 0, 0, 0, 0, 0, 0, 0, 0, 0]], "9336.sol": [0, [0, 0, 0, 0, 0, 0, 0, 0, 0, 0]], "14358.sol": [0, [0, 0, 0, 0, 0, 0, 0, 0, 0, 0]], "31163.sol": [0, [0, 0, 0, 0, 0, 0, 0, 0, 0, 0]], "9292.sol": [0, [0, 0, 0, 0, 0, 0, 0, 0, 0, 0]], "25653.sol": [0, [0, 0, 0, 0, 0, 0, 0, 0, 0, 0]], "3451.sol": [0, [0, 0, 0, 0, 0, 0, 0, 0, 0, 0]], "19598.sol": [0, [0, 0, 0, 0, 0, 0, 0, 0, 0, 0]], "34605.sol": [0, [0, 0, 0, 0, 0, 0, 0, 0, 0, 0]], "25352.sol": [1, [1, 1, 1, 1, 1, 1, 1, 1, 1, 1]], "676.sol": [0, [0, 0, 0, 0, 0, 0, 0, 0, 0, 0]], "39274.sol": [0, [0, 0, 0, 0, 0, 0, 0, 0, 0, 0]], "16423.sol": [0, [0, 0, 0, 0, 0, 0, 0, 0, 0, 0]], "10676.sol": [0, [0, 0, 0, 0, 0, 0, 0, 0, 0, 0]], "28639.sol": [0, [0, 0, 0, 0, 0, 0, 0, 0, 0, 0]], "38790.sol": [0, [0, 0, 0, 0, 0, 0, 0, 0, 0, 0]], "23718.sol": [0, [0, 0, 0, 0, 0, 0, 0, 0, 0, 0]], "34162.sol": [0, [0, 0, 0, 0, 0, 0, 0, 0, 0, 0]], "24932.sol": [0, [0, 0, 0, 0, 0, 0, 0, 0, 0, 0]], "4607.sol": [0, [0, 0, 0, 0, 0, 0, 0, 0, 0, 0]], "26119.sol": [0, [0, 0, 0, 0, 0, 0, 0, 0, 0, 0]], "16160.sol": [0, [0, 0, 0, 0, 0, 0, 0, 0, 0, 0]], "34844.sol": [0, [0, 0, 0, 0, 0, 0, 0, 0, 0, 0]], "39435.sol": [0, [0, 0, 0, 0, 0, 0, 0, 0, 0, 0]], "1235.sol": [0, [0, 0, 0, 0, 0, 0, 0, 0, 0, 0]], "12893.sol": [0, [0, 0, 0, 0, 0, 0, 0, 0, 0, 0]], "37934.sol": [0, [0, 0, 0, 0, 0, 0, 0, 0, 0, 0]], "3573.sol": [1, [1, 1, 0, 0, 0, 0, 0, 0, 0, 0]], "25488.sol": [0, [0, 0, 0, 0, 0, 0, 0, 0]], "21555.sol": [0, [0, 0, 0, 0, 0, 0, 0, 0, 0, 0]], "25204.sol": [0, [0, 0, 0, 0, 0, 0, 0, 0, 0, 0]], "31035.sol": [0, [0, 0, 0, 0, 0, 0, 0, 0, 0, 0]], "8145.sol": [0, [0, 0, 0, 0, 0, 0, 0, 0, 0, 0]], "1402.sol": [0, [0, 0, 0, 0, 0, 0, 0, 0, 0, 0]], "20363.sol": [0, [0, 0, 0, 0, 0, 0, 0, 0, 0, 0]], "4952.sol": [0, [0, 0, 0, 0, 0, 0, 0, 0, 0, 0]], "29261.sol": [0, [0, 0, 0, 0, 0, 0, 0, 0, 0, 0]], "8061.sol": [0, [0, 0, 0, 0, 0, 0, 0, 0, 0, 0]], "34530.sol": [0, [0, 0, 0, 0, 0, 0, 0, 0, 0, 0]], "6546.sol": [0, [0, 0, 0, 0, 0, 0, 0, 0, 0, 0]], "16104.sol": [0, [0, 0, 0, 0, 0, 0, 0, 0, 0, 0]], "36115.sol": [0, [0, 0, 0, 0, 0, 0, 0, 0, 0, 0]], "27886.sol": [0, [0, 0, 0, 0, 0, 0, 0, 0, 0, 0]], "30960.sol": [0, [0, 0, 0, 0, 0, 0, 0, 0, 0, 0]], "22308.sol": [0, [0, 0, 0, 0, 0, 0, 0, 0, 0, 0]], "15901.sol": [0, [0, 0, 0, 0, 0, 0, 0, 0, 0, 0]], "30767.sol": [0, [0, 0, 0, 0, 0, 0, 0, 0, 0, 0]], "21148.sol": [0, [0, 0, 0, 0, 0, 0, 0, 0, 0, 0]], "12603.sol": [0, [0, 0, 0, 0, 0, 0, 0, 0, 0, 0]], "33895.sol": [0, [0, 0, 0, 0, 0, 0, 0, 0, 0, 0]], "12804.sol": [0, [0, 0, 0, 0, 0, 0, 0, 0, 0, 0]], "10449.sol": [0, [0, 0, 0, 0, 0, 0, 0, 0, 0, 0]], "32824.sol": [0, [0, 0, 0, 0, 0, 0, 0, 0, 0, 0]], "35067.sol": [0, [0, 0, 0, 0, 0, 0, 0, 0, 0, 0]], "10802.sol": [0, [0, 0, 0, 0, 0, 0, 0, 0, 0, 0]], "4882.sol": [0, [0, 0, 0, 0, 0, 0, 0, 0, 0, 0]], "11754.sol": [0, [0, 0, 0, 0, 0, 0, 0, 0, 0, 0]], "63.sol": [0, [0, 0, 0, 0, 0, 0, 0, 0, 0, 0]], "29398.sol": [0, [0, 0, 0, 0, 0, 0, 0, 0, 0, 0]], "20690.sol": [0, [0, 0, 0, 0, 0, 0, 0, 0, 0, 0]], "18914.sol": [0, [0, 0, 0, 0, 0, 0, 0, 0, 0, 0]], "27774.sol": [0, [0, 0, 0, 0, 0, 0, 0, 0, 0, 0]], "4089.sol": [0, [0, 0, 0, 0, 0, 0, 0, 0, 0, 0]], "31162.sol": [0, [0, 0, 0, 0, 0, 0, 0, 0, 0, 0]], "36481.sol": [0, [0, 0, 0, 0, 0, 0, 0, 0, 0, 0]], "13392.sol": [0, [0, 0, 0, 0, 0, 0, 0, 0, 0, 0]], "28247.sol": [0, [0, 0, 0, 0, 0, 0, 0, 0, 0, 0]], "34870.sol": [0, [0, 0, 0, 0, 0, 0, 0, 0, 0, 0]], "31719.sol": [0, [0, 0, 0, 0, 0, 0, 0, 0, 0, 0]], "25846.sol": [0, [0, 0, 0, 0, 0, 0, 0, 0, 0, 0]], "39010.sol": [0, [0, 0, 0, 0, 0, 0, 0, 0, 0, 0]], "36937.sol": [0, [0, 0, 0, 0, 0, 0, 0, 0, 0, 0]], "17677.sol": [0, [0, 0, 0, 0, 0, 0, 0, 0, 0, 0]], "22785.sol": [0, [0, 0, 0, 0, 0, 0, 0, 0, 0, 0]], "34739.sol": [0, [0, 0, 0, 0, 0, 0, 0, 0, 0, 0]], "9123.sol": [0, [0, 0, 0, 0, 0, 0, 0, 0, 0, 0]], "26903.sol": [0, [0, 0, 0, 0, 0, 0, 0, 0, 0, 0]], "25116.sol": [0, [0, 0, 0, 0, 0, 0, 0, 0, 0, 0]], "17060.sol": [0, [0, 0, 0, 0, 0, 0, 0, 0, 0, 0]], "24603.sol": [0, [0, 0, 0, 0, 0, 0, 0, 0, 0, 0]], "31434.sol": [0, [0, 0, 0, 0, 0, 0, 0, 0, 0, 0]], "12575.sol": [0, [0, 0, 0, 0, 0, 0, 0, 0, 0, 0]], "28631.sol": [0, [0, 0, 0, 0, 0, 0, 0, 0, 0, 0]], "6088.sol": [0, [0, 0, 0, 0, 0, 0, 0, 0, 0, 0]], "34329.sol": [0, [0, 0, 0, 0, 0, 0, 0, 0, 0, 0]], "3832.sol": [0, [0, 0, 0, 0, 0, 0, 0, 0, 0, 0]], "24281.sol": [0, [0, 0, 0, 0, 0, 0, 0, 0, 0, 0]], "30482.sol": [0, [0, 0, 0, 0, 0, 0, 0, 0, 0, 0]], "21189.sol": [0, [0, 0, 0, 0, 0, 0, 0, 0, 0, 0]], "5009.sol": [0, [0, 0, 0, 0, 0, 0, 0, 0, 0, 0]], "16646.sol": [0, [0, 0, 0, 0, 0, 0, 0, 0, 0, 0]], "22479.sol": [0, [0, 0, 0, 0, 0, 0, 0, 0, 0, 0]], "20628.sol": [0, [0, 0, 0, 0, 0, 0, 0, 0, 0, 0]], "20381.sol": [0, [0, 0, 0, 0, 0, 0, 0, 0, 0, 0]], "19974.sol": [0, [0, 0, 0, 0, 0, 0, 0, 0, 0, 0]], "2156.sol": [0, [0, 0, 0, 0, 0, 0, 0, 0, 0, 0]], "9523.sol": [0, [0, 0, 0, 0, 0, 0, 0, 0, 0, 0]], "18783.sol": [0, [0, 0, 0, 0, 0, 0, 0, 0, 0, 0]], "17016.sol": [0, [0, 0, 0, 0, 0, 0, 0, 0, 0, 0]], "34401.sol": [0, [0, 0, 0, 0, 0, 0, 0, 0, 0, 0]], "7686.sol": [0, [0, 0, 0, 0, 0, 0, 0, 0, 0, 0]], "29324.sol": [0, [0, 0, 0, 0, 0, 0, 0, 0, 0, 0]], "8217.sol": [0, [0, 0, 0, 0, 0, 0, 0, 0, 0, 0]], "15539.sol": [0, [0, 0, 0, 0, 0, 0, 0, 0, 0, 0]], "7084.sol": [0, [0, 0, 0, 0, 0, 0, 0, 0, 0, 0]], "36553.sol": [0, [0, 0, 0, 0, 0, 0, 0, 0, 0, 0]], "16213.sol": [0, [0, 0, 0, 0, 0, 0, 0, 0, 0, 0]], "7378.sol": [0, [0, 0, 0, 0, 0, 0, 0, 0, 0, 0]], "7651.sol": [0, [0, 0, 0, 0, 0, 0, 0, 0, 0, 0]], "39917.sol": [0, [0, 0, 0, 0, 0, 0, 0, 0, 0, 0]], "26066.sol": [0, [0, 0, 0, 0, 0, 0, 0, 0, 0, 0]], "20383.sol": [0, [0, 0, 0, 0, 0, 0, 0, 0, 0, 0]], "29988.sol": [0, [0, 0, 0, 0, 0, 0, 0, 0, 0, 0]], "37844.sol": [0, [0, 0, 0, 0, 0, 0, 0, 0, 0, 0]], "8431.sol": [0, [0, 0, 0, 0, 0, 0, 0, 0, 0, 0]], "36852.sol": [0, [0, 0, 0, 0, 0, 0, 0, 0, 0, 0]], "10375.sol": [0, [0, 0, 0, 0, 0, 0, 0, 0, 0, 0]], "6460.sol": [0, [0, 0, 0, 0, 0, 0, 0, 0, 0, 0]], "6991.sol": [0, [0, 0, 0, 0, 0, 0, 0, 0, 0, 0]], "12716.sol": [0, [0, 0, 0, 0, 0, 0, 0, 0, 0, 0]], "11941.sol": [0, [0, 0, 0, 0, 0, 0, 0, 0, 0, 0]], "24447.sol": [0, [0, 0, 0, 0, 0, 0, 0, 0, 0, 0]], "1307.sol": [0, [0, 0, 0, 0, 0, 0, 0, 0, 0, 0]], "25153.sol": [1, [0, 0, 0, 0, 1, 0, 0, 0, 0, 0]], "18527.sol": [0, [0, 0, 0, 0, 0, 0, 0, 0, 0, 0]], "37813.sol": [1, [1, 0, 0, 0, 0, 0, 0, 0, 0, 0]], "3466.sol": [0, [0, 0, 0, 0, 0, 0, 0, 0, 0, 0]], "9678.sol": [0, [0, 0, 0, 0, 0, 0, 0, 0, 0, 0]], "24798.sol": [0, [0, 0, 0, 0, 0, 0, 0, 0, 0, 0]], "5654.sol": [0, [0, 0, 0, 0, 0, 0, 0, 0, 0, 0]], "27497.sol": [0, [0, 0, 0, 0, 0, 0, 0, 0, 0, 0]], "1887.sol": [0, [0, 0, 0, 0, 0, 0, 0, 0, 0, 0]], "11278.sol": [0, [0, 0, 0, 0, 0, 0, 0, 0, 0, 0]], "2040.sol": [0, [0, 0, 0, 0, 0, 0, 0, 0, 0, 0]], "34220.sol": [0, [0, 0, 0, 0, 0, 0, 0, 0, 0, 0]], "5673.sol": [0, [0, 0, 0, 0, 0, 0, 0, 0, 0, 0]], "37483.sol": [0, [0, 0, 0, 0, 0, 0, 0, 0, 0, 0]], "8702.sol": [0, [0, 0, 0, 0, 0, 0, 0, 0, 0, 0]], "11730.sol": [0, [0, 0, 0, 0, 0, 0, 0, 0, 0, 0]], "25461.sol": [1, [1, 0, 0, 0, 0, 0, 0, 0, 0, 0]], "24379.sol": [0, [0, 0, 0, 0, 0, 0, 0, 0, 0, 0]], "10408.sol": [0, [0, 0, 0, 0, 0, 0, 0, 0, 0, 0]], "36270.sol": [0, [0, 0, 0, 0, 0, 0, 0, 0, 0, 0]], "8249.sol": [0, [0, 0, 0, 0, 0, 0, 0, 0, 0, 0]], "18046.sol": [0, [0, 0, 0, 0, 0, 0, 0, 0, 0, 0]], "199.sol": [0, [0, 0, 0, 0, 0, 0, 0, 0, 0, 0]], "453.sol": [0, [0, 0, 0, 0, 0, 0, 0, 0, 0, 0]], "21811.sol": [0, [0, 0, 0, 0, 0, 0, 0, 0, 0, 0]], "22554.sol": [0, [0, 0, 0, 0, 0, 0, 0, 0, 0, 0]], "8802.sol": [0, [0, 0, 0, 0, 0, 0, 0, 0, 0, 0]], "10786.sol": [0, [0, 0, 0, 0, 0, 0, 0, 0, 0, 0]], "37939.sol": [0, [0, 0, 0, 0, 0, 0, 0, 0, 0, 0]], "23613.sol": [1, [1, 0, 0, 0, 1, 0, 0, 0, 0, 0]], "7829.sol": [0, [0, 0, 0, 0, 0, 0, 0, 0, 0, 0]], "16314.sol": [0, [0, 0, 0, 0, 0, 0, 0, 0, 0, 0]], "23633.sol": [0, [0, 0, 0, 0, 0, 0, 0, 0, 0, 0]], "14890.sol": [0, [0, 0, 0, 0, 0, 0, 0, 0, 0, 0]], "1343.sol": [0, [0, 0, 0, 0, 0, 0, 0, 0, 0, 0]], "26779.sol": [0, [0, 0, 0, 0, 0, 0, 0, 0, 0, 0]], "20496.sol": [1, [1, 0, 0, 0, 0, 0, 0, 0, 0, 0]], "7820.sol": [0, [0, 0, 0, 0, 0, 0, 0, 0, 0, 0]], "13884.sol": [0, [0, 0, 0, 0, 0, 0, 0, 0, 0, 0]], "27261.sol": [0, [0, 0, 0, 0, 0, 0, 0, 0, 0, 0]], "744.sol": [0, [0, 0, 0, 0, 0, 0, 0, 0, 0, 0]], "12477.sol": [0, [0, 0, 0, 0, 0, 0, 0, 0, 0, 0]], "9860.sol": [1, [1, 0, 0, 0, 0, 0, 0, 0, 0, 0]], "5835.sol": [0, [0, 0, 0, 0, 0, 0, 0, 0, 0, 0]], "31897.sol": [0, [0, 0, 0, 0, 0, 0, 0, 0, 0, 0]], "3578.sol": [0, [0, 0, 0, 0, 0, 0, 0, 0, 0, 0]], "23423.sol": [0, [0, 0, 0, 0, 0, 0, 0, 0, 0, 0]], "38206.sol": [0, [0, 0, 0, 0, 0, 0, 0, 0, 0, 0]], "18982.sol": [0, [0, 0, 0, 0, 0, 0, 0, 0, 0, 0]], "6678.sol": [0, [0, 0, 0, 0, 0, 0, 0, 0, 0, 0]], "8566.sol": [0, [0, 0, 0, 0, 0, 0, 0, 0, 0, 0]], "38338.sol": [0, [0, 0, 0, 0, 0, 0, 0, 0, 0, 0]], "1408.sol": [0, [0, 0, 0, 0, 0, 0, 0, 0, 0, 0]], "16240.sol": [0, [0, 0, 0, 0, 0, 0, 0, 0, 0, 0]], "10588.sol": [0, [0, 0, 0, 0, 0, 0, 0, 0, 0, 0]], "14814.sol": [0, [0, 0, 0, 0, 0, 0, 0, 0, 0, 0]], "12641.sol": [0, [0, 0, 0, 0, 0, 0, 0, 0, 0, 0]], "29339.sol": [0, [0, 0, 0, 0, 0, 0, 0, 0, 0, 0]], "11302.sol": [0, [0, 0, 0, 0, 0, 0, 0, 0, 0, 0]], "15152.sol": [0, [0, 0, 0, 0, 0, 0, 0, 0, 0, 0]], "13422.sol": [0, [0, 0, 0, 0, 0, 0, 0, 0, 0, 0]], "9893.sol": [1, [1, 0, 0, 0, 0, 0, 0, 0, 0, 0]], "675.sol": [0, [0, 0, 0, 0, 0, 0, 0, 0, 0, 0]], "33363.sol": [1, [0, 1, 0, 0, 0, 0, 0, 0, 0, 0]], "2920.sol": [0, [0, 0, 0, 0, 0, 0, 0, 0, 0, 0]], "28402.sol": [0, [0, 0, 0, 0, 0, 0, 0, 0, 0, 0]], "1936.sol": [0, [0, 0, 0, 0, 0, 0, 0, 0, 0, 0]], "7463.sol": [0, [0, 0, 0, 0, 0, 0, 0, 0, 0, 0]], "5499.sol": [0, [0, 0, 0, 0, 0, 0, 0, 0, 0, 0]], "5136.sol": [0, [0, 0, 0, 0, 0, 0, 0, 0, 0, 0]], "5967.sol": [0, [0, 0, 0, 0, 0, 0, 0, 0, 0, 0]], "37931.sol": [0, [0, 0, 0, 0, 0, 0, 0, 0, 0, 0]], "9696.sol": [0, [0, 0, 0, 0, 0, 0, 0, 0, 0, 0]], "29539.sol": [0, [0, 0, 0, 0, 0, 0, 0, 0, 0, 0]], "20637.sol": [0, [0, 0, 0, 0, 0, 0, 0, 0, 0, 0]], "1548.sol": [0, [0, 0, 0, 0, 0, 0, 0, 0, 0, 0]], "464.sol": [0, [0, 0, 0, 0, 0, 0, 0, 0, 0, 0]], "27079.sol": [0, [0, 0, 0, 0, 0, 0, 0, 0, 0, 0]], "35106.sol": [0, [0, 0, 0, 0, 0, 0, 0, 0, 0, 0]], "30834.sol": [0, [0, 0, 0, 0, 0, 0, 0, 0, 0, 0]], "36543.sol": [0, [0, 0, 0, 0, 0, 0, 0, 0, 0, 0]], "16682.sol": [0, [0, 0, 0, 0, 0, 0, 0, 0, 0, 0]], "22231.sol": [0, [0, 0, 0, 0, 0, 0, 0, 0, 0, 0]], "7242.sol": [0, [0, 0, 0, 0, 0, 0, 0, 0, 0, 0]], "11016.sol": [0, [0, 0, 0, 0, 0, 0, 0, 0, 0, 0]], "19721.sol": [0, [0, 0, 0, 0, 0, 0, 0, 0, 0, 0]], "11999.sol": [0, [0, 0, 0, 0, 0, 0, 0, 0, 0, 0]], "38260.sol": [1, [1, 0, 1, 1, 1, 1, 0, 1, 1, 1]], "2567.sol": [0, [0, 0, 0, 0, 0, 0, 0, 0, 0, 0]], "13311.sol": [0, [0, 0, 0, 0, 0, 0, 0, 0, 0, 0]], "7953.sol": [0, [0, 0, 0, 0, 0, 0, 0, 0, 0, 0]], "37754.sol": [0, [0, 0, 0, 0, 0, 0, 0, 0, 0, 0]], "5247.sol": [0, [0, 0, 0, 0, 0, 0, 0, 0, 0, 0]], "18040.sol": [0, [0, 0, 0, 0, 0, 0, 0, 0, 0, 0]], "33737.sol": [0, [0, 0, 0, 0, 0, 0, 0, 0, 0, 0]], "3441.sol": [0, [0, 0, 0, 0, 0, 0, 0, 0, 0, 0]], "26558.sol": [0, [0, 0, 0, 0, 0, 0, 0, 0, 0, 0]], "11795.sol": [0, [0, 0, 0, 0, 0, 0, 0, 0, 0, 0]], "29659.sol": [0, [0, 0, 0, 0, 0, 0, 0, 0, 0, 0]], "27207.sol": [0, [0, 0, 0, 0, 0, 0, 0, 0, 0, 0]], "37543.sol": [0, [0, 0, 0, 0, 0, 0, 0, 0, 0, 0]], "10714.sol": [0, [0, 0, 0, 0, 0, 0, 0, 0, 0, 0]], "5306.sol": [0, [0, 0, 0, 0, 0, 0, 0, 0, 0, 0]], "17081.sol": [0, [0, 0, 0, 0, 0, 0, 0, 0, 0, 0]], "2039.sol": [0, [0, 0, 0, 0, 0, 0, 0, 0, 0, 0]], "13455.sol": [0, [0, 0, 0, 0, 0, 0, 0, 0, 0, 0]], "5154.sol": [0, [0, 0, 0, 0, 0, 0, 0, 0, 0, 0]], "25592.sol": [0, [0, 0, 0, 0, 0, 0, 0, 0, 0, 0]], "27208.sol": [0, [0, 0, 0, 0, 0, 0, 0, 0, 0, 0]], "29982.sol": [0, [0, 0, 0, 0, 0, 0, 0, 0, 0, 0]], "2092.sol": [0, [0, 0, 0, 0, 0, 0, 0, 0, 0, 0]], "6931.sol": [0, [0, 0, 0, 0, 0, 0, 0, 0, 0, 0]], "33406.sol": [0, [0, 0, 0, 0, 0, 0, 0, 0, 0, 0]], "26606.sol": [0, [0, 0, 0, 0, 0, 0, 0, 0, 0, 0]], "6352.sol": [0, [0, 0, 0, 0, 0, 0, 0, 0, 0, 0]], "38691.sol": [0, [0, 0, 0, 0, 0, 0, 0, 0, 0, 0]], "23665.sol": [0, [0, 0, 0, 0, 0, 0, 0, 0, 0, 0]], "14423.sol": [0, [0, 0, 0, 0, 0, 0, 0, 0, 0, 0]], "17352.sol": [0, [0, 0, 0, 0, 0, 0, 0, 0, 0, 0]], "13822.sol": [1, [0, 0, 1, 0, 0, 0, 0, 0, 0, 0]], "40103.sol": [0, [0, 0, 0, 0, 0, 0, 0, 0, 0, 0]], "2540.sol": [0, [0, 0, 0, 0, 0, 0, 0, 0, 0, 0]], "26994.sol": [0, [0, 0, 0, 0, 0, 0, 0, 0, 0, 0]], "16506.sol": [1, [1, 1, 1, 1, 1, 1, 0, 0, 0, 0]], "24377.sol": [0, [0, 0, 0, 0, 0, 0, 0, 0, 0, 0]], "38688.sol": [0, [0, 0, 0, 0, 0, 0, 0, 0, 0, 0]], "11170.sol": [0, [0, 0, 0, 0, 0, 0, 0, 0, 0, 0]], "35362.sol": [0, [0, 0, 0, 0, 0, 0, 0, 0, 0, 0]], "24293.sol": [0, [0, 0, 0, 0, 0, 0, 0, 0, 0, 0]], "30631.sol": [0, [0, 0, 0, 0, 0, 0, 0, 0, 0, 0]], "38390.sol": [0, [0, 0, 0, 0, 0, 0, 0, 0, 0, 0]], "1444.sol": [0, [0, 0, 0, 0, 0, 0, 0, 0, 0, 0]], "35079.sol": [0, [0, 0, 0, 0, 0, 0, 0, 0, 0, 0]], "32577.sol": [0, [0, 0, 0, 0, 0, 0, 0, 0, 0, 0]], "35292.sol": [0, [0, 0, 0, 0, 0, 0, 0, 0, 0, 0]], "26821.sol": [0, [0, 0, 0, 0, 0, 0, 0, 0, 0, 0]], "28947.sol": [0, [0, 0, 0, 0, 0, 0, 0, 0, 0, 0]], "17667.sol": [0, [0, 0, 0, 0, 0, 0, 0, 0, 0, 0]], "26624.sol": [0, [0, 0, 0, 0, 0, 0, 0, 0, 0, 0]], "17434.sol": [0, [0, 0, 0, 0, 0, 0, 0, 0, 0, 0]], "28405.sol": [0, [0, 0, 0, 0, 0, 0, 0, 0, 0, 0]], "5808.sol": [0, [0, 0, 0, 0, 0, 0, 0, 0, 0, 0]], "24060.sol": [0, [0, 0, 0, 0, 0, 0, 0, 0, 0, 0]], "32866.sol": [1, [1, 0, 1, 1, 1, 0, 0, 0, 1, 1]], "160.sol": [0, [0, 0, 0, 0, 0, 0, 0, 0, 0, 0]], "32560.sol": [0, [0, 0, 0, 0, 0, 0, 0, 0, 0, 0]], "29904.sol": [0, [0, 0, 0, 0, 0, 0, 0, 0, 0, 0]], "2456.sol": [0, [0, 0, 0, 0, 0, 0, 0, 0, 0, 0]], "10476.sol": [0, [0, 0, 0, 0, 0, 0, 0, 0, 0, 0]], "23279.sol": [0, [0, 0, 0, 0, 0, 0, 0, 0, 0, 0]], "14045.sol": [0, [0, 0, 0, 0, 0, 0, 0, 0, 0, 0]], "5413.sol": [0, [0, 0, 0, 0, 0, 0, 0, 0, 0, 0]], "32740.sol": [0, [0, 0, 0, 0, 0, 0, 0, 0, 0, 0]], "24790.sol": [0, [0, 0, 0, 0, 0, 0, 0, 0, 0, 0]], "37406.sol": [0, [0, 0, 0, 0, 0, 0, 0, 0, 0, 0]], "245.sol": [0, [0, 0, 0, 0, 0, 0, 0, 0, 0, 0]], "19541.sol": [0, [0, 0, 0, 0, 0, 0, 0, 0, 0, 0]], "25965.sol": [0, [0, 0, 0, 0, 0, 0, 0, 0, 0, 0]], "35186.sol": [0, [0, 0, 0, 0, 0, 0, 0, 0, 0, 0]], "204.sol": [0, [0, 0, 0, 0, 0, 0, 0, 0, 0, 0]], "32210.sol": [0, [0, 0, 0, 0, 0, 0, 0, 0, 0, 0]], "24128.sol": [0, [0, 0, 0, 0, 0, 0, 0, 0, 0, 0]], "37137.sol": [0, [0, 0, 0, 0, 0, 0, 0, 0, 0, 0]], "13065.sol": [0, [0, 0, 0, 0, 0, 0, 0, 0, 0, 0]], "31526.sol": [0, [0, 0, 0, 0, 0, 0, 0, 0, 0, 0]], "16698.sol": [0, [0, 0, 0, 0, 0, 0, 0, 0, 0, 0]], "12924.sol": [0, [0, 0, 0, 0, 0, 0, 0, 0, 0, 0]], "23995.sol": [0, [0, 0, 0, 0, 0, 0, 0, 0, 0, 0]], "9224.sol": [0, [0, 0, 0, 0, 0, 0, 0, 0, 0, 0]], "3246.sol": [0, [0, 0, 0, 0, 0, 0, 0, 0, 0, 0]], "10860.sol": [0, [0, 0, 0, 0, 0, 0, 0, 0, 0, 0]], "21351.sol": [0, [0, 0, 0, 0, 0, 0, 0, 0, 0, 0]], "10008.sol": [0, [0, 0, 0, 0, 0, 0, 0, 0, 0, 0]], "16906.sol": [0, [0, 0, 0, 0, 0, 0, 0, 0, 0, 0]], "25422.sol": [0, [0, 0, 0, 0, 0, 0, 0, 0, 0, 0]], "14762.sol": [0, [0, 0, 0, 0, 0, 0, 0, 0, 0, 0]], "36272.sol": [0, [0, 0, 0, 0, 0, 0, 0, 0, 0, 0]], "9997.sol": [1, [0, 0, 0, 0, 1, 1, 0, 0, 0, 0]], "2045.sol": [0, [0, 0, 0, 0, 0, 0, 0, 0, 0, 0]], "39930.sol": [0, [0, 0, 0, 0, 0, 0, 0, 0, 0, 0]], "13963.sol": [0, [0, 0, 0, 0, 0, 0, 0, 0, 0, 0]], "8467.sol": [0, [0, 0, 0, 0, 0, 0, 0, 0, 0, 0]], "5478.sol": [0, [0, 0, 0, 0, 0, 0, 0, 0, 0, 0]], "30275.sol": [0, [0, 0, 0, 0, 0, 0, 0, 0, 0, 0]], "6618.sol": [0, [0, 0, 0, 0, 0, 0, 0, 0, 0, 0]], "10054.sol": [0, [0, 0, 0, 0, 0, 0, 0, 0, 0, 0]], "36505.sol": [0, [0, 0, 0, 0, 0, 0, 0, 0, 0, 0]], "23282.sol": [0, [0, 0, 0, 0, 0, 0, 0, 0, 0, 0]], "22908.sol": [0, [0, 0, 0, 0, 0, 0, 0, 0, 0, 0]], "38184.sol": [0, [0, 0, 0, 0, 0, 0, 0, 0, 0, 0]], "15096.sol": [0, [0, 0, 0, 0, 0, 0, 0, 0, 0, 0]], "23027.sol": [1, [0, 1, 1, 1, 0, 0, 0, 1, 1, 0]], "9059.sol": [0, [0, 0, 0, 0, 0, 0, 0, 0, 0, 0]], "17693.sol": [0, [0, 0, 0, 0, 0, 0, 0, 0, 0, 0]], "32427.sol": [0, [0, 0, 0, 0, 0, 0, 0, 0, 0, 0]], "28259.sol": [0, [0, 0, 0, 0, 0, 0, 0, 0, 0, 0]], "39906.sol": [0, [0, 0, 0, 0, 0, 0, 0, 0, 0, 0]], "28795.sol": [0, [0, 0, 0, 0, 0, 0, 0, 0, 0, 0]], "12069.sol": [0, [0, 0, 0, 0, 0, 0, 0, 0, 0, 0]], "2282.sol": [0, [0, 0, 0, 0, 0, 0, 0, 0, 0, 0]], "8042.sol": [0, [0, 0, 0, 0, 0, 0, 0, 0, 0, 0]], "33272.sol": [0, [0, 0, 0, 0, 0, 0, 0, 0, 0, 0]], "28571.sol": [0, [0, 0, 0, 0, 0, 0, 0, 0, 0, 0]], "5019.sol": [0, [0, 0, 0, 0, 0, 0, 0, 0, 0, 0]], "28733.sol": [1, [0, 1, 0, 0, 0, 0, 0, 0, 0, 0]], "10347.sol": [0, [0, 0, 0, 0, 0, 0, 0, 0, 0, 0]], "24418.sol": [0, [0, 0, 0, 0, 0, 0, 0, 0, 0, 0]], "27559.sol": [0, [0, 0, 0, 0, 0, 0, 0, 0, 0, 0]], "6663.sol": [0, [0, 0, 0, 0, 0, 0, 0, 0, 0, 0]], "34980.sol": [0, [0, 0, 0, 0, 0, 0, 0, 0, 0, 0]], "33322.sol": [0, [0, 0, 0, 0, 0, 0, 0, 0, 0, 0]], "6059.sol": [0, [0, 0, 0, 0, 0, 0, 0, 0, 0, 0]], "25336.sol": [0, [0, 0, 0, 0, 0, 0, 0, 0, 0, 0]], "444.sol": [0, [0, 0, 0, 0, 0, 0, 0, 0, 0, 0]], "26459.sol": [0, [0, 0, 0, 0, 0, 0, 0, 0, 0, 0]], "18388.sol": [0, [0, 0, 0, 0, 0, 0, 0, 0, 0, 0]], "8459.sol": [0, [0, 0, 0, 0, 0, 0, 0, 0, 0, 0]], "1417.sol": [0, [0, 0, 0, 0, 0, 0, 0, 0, 0, 0]], "17194.sol": [0, [0, 0, 0, 0, 0, 0, 0, 0, 0, 0]], "25856.sol": [0, [0, 0, 0, 0, 0, 0, 0, 0, 0, 0]], "5669.sol": [0, [0, 0, 0, 0, 0, 0, 0, 0, 0, 0]], "17872.sol": [0, [0, 0, 0, 0, 0, 0, 0, 0, 0, 0]], "37965.sol": [0, [0, 0, 0, 0, 0, 0, 0, 0, 0, 0]], "538.sol": [0, [0, 0, 0, 0, 0, 0, 0, 0, 0, 0]], "13910.sol": [0, [0, 0, 0, 0, 0, 0, 0, 0, 0, 0]], "26914.sol": [0, [0, 0, 0, 0, 0, 0, 0, 0, 0, 0]], "28735.sol": [1, [0, 1, 0, 0, 0, 0, 0, 0, 0, 0]], "37223.sol": [0, [0, 0, 0, 0, 0, 0, 0, 0, 0, 0]], "34985.sol": [0, [0, 0, 0, 0, 0, 0, 0, 0, 0, 0]], "26960.sol": [0, [0, 0, 0, 0, 0, 0, 0, 0, 0, 0]], "28970.sol": [0, [0, 0, 0, 0, 0, 0, 0, 0, 0, 0]], "24777.sol": [0, [0, 0, 0, 0, 0, 0, 0, 0, 0, 0]], "12268.sol": [0, [0, 0, 0, 0, 0, 0, 0, 0, 0, 0]], "25854.sol": [0, [0, 0, 0, 0, 0, 0, 0, 0, 0, 0]], "12868.sol": [0, [0, 0, 0, 0, 0, 0, 0, 0, 0, 0]], "13302.sol": [0, [0, 0, 0, 0, 0, 0, 0, 0, 0, 0]], "8143.sol": [0, [0, 0, 0, 0, 0, 0, 0, 0, 0, 0]], "39310.sol": [0, [0, 0, 0, 0, 0, 0, 0, 0, 0, 0]], "35559.sol": [0, [0, 0, 0, 0, 0, 0, 0, 0, 0, 0]], "29921.sol": [0, [0, 0, 0, 0, 0, 0, 0, 0, 0, 0]], "38085.sol": [0, [0, 0, 0, 0, 0, 0, 0, 0, 0, 0]], "13456.sol": [0, [0, 0, 0, 0, 0, 0, 0, 0, 0, 0]], "5262.sol": [0, [0, 0, 0, 0, 0, 0, 0, 0, 0, 0]], "16723.sol": [0, [0, 0, 0, 0, 0, 0, 0, 0, 0, 0]], "35189.sol": [0, [0, 0, 0, 0, 0, 0, 0, 0, 0, 0]], "6632.sol": [0, [0, 0, 0, 0, 0, 0, 0, 0, 0, 0]], "8283.sol": [0, [0, 0, 0, 0, 0, 0, 0, 0, 0, 0]], "4167.sol": [0, [0, 0, 0, 0, 0, 0, 0, 0, 0, 0]], "4078.sol": [0, [0, 0, 0, 0, 0, 0, 0, 0, 0, 0]], "18242.sol": [0, [0, 0, 0, 0, 0, 0, 0, 0, 0, 0]], "35226.sol": [1, [1, 0, 0, 0, 0, 0, 0, 0, 0, 0]], "27533.sol": [0, [0, 0, 0, 0, 0, 0, 0, 0, 0, 0]], "16845.sol": [0, [0, 0, 0, 0, 0, 0, 0, 0, 0, 0]], "782.sol": [0, [0, 0, 0, 0, 0, 0, 0, 0, 0, 0]], "37448.sol": [0, [0, 0, 0, 0, 0, 0, 0, 0, 0, 0]], "39208.sol": [0, [0, 0, 0, 0, 0, 0, 0, 0, 0, 0]], "12169.sol": [0, [0, 0, 0, 0, 0, 0, 0, 0, 0, 0]], "16344.sol": [0, [0, 0, 0, 0, 0, 0, 0, 0, 0, 0]], "35862.sol": [0, [0, 0, 0, 0, 0, 0, 0, 0, 0, 0]], "17873.sol": [0, [0, 0, 0, 0, 0, 0, 0, 0, 0, 0]], "15604.sol": [0, [0, 0, 0, 0, 0, 0, 0, 0, 0, 0]], "27190.sol": [0, [0, 0, 0, 0, 0, 0, 0, 0, 0, 0]], "25364.sol": [0, [0, 0, 0, 0, 0, 0, 0, 0, 0, 0]], "26598.sol": [0, [0, 0, 0, 0, 0, 0, 0, 0, 0, 0]], "35279.sol": [1, [0, 1, 1, 0, 0, 0, 0, 0, 0, 0]], "18894.sol": [0, [0, 0, 0, 0, 0, 0, 0, 0, 0, 0]], "15701.sol": [0, [0, 0, 0, 0, 0, 0, 0, 0, 0, 0]], "11174.sol": [1, [1, 1, 1, 1, 1, 1, 1, 1, 1, 1]], "33358.sol": [0, [0, 0, 0, 0, 0, 0, 0, 0, 0, 0]], "29727.sol": [0, [0, 0, 0, 0, 0, 0, 0, 0, 0, 0]], "10357.sol": [0, [0, 0, 0, 0, 0, 0, 0, 0, 0, 0]], "33614.sol": [1, [1, 0, 1, 0, 0, 0, 0, 0, 0, 0]], "18747.sol": [0, [0, 0, 0, 0, 0, 0, 0, 0, 0, 0]], "20674.sol": [0, [0, 0, 0, 0, 0, 0, 0, 0, 0, 0]], "6625.sol": [0, [0, 0, 0, 0, 0, 0, 0, 0, 0, 0]], "30047.sol": [0, [0, 0, 0, 0, 0, 0, 0, 0, 0, 0]], "28967.sol": [0, [0, 0, 0, 0, 0, 0, 0, 0, 0, 0]], "15601.sol": [0, [0, 0, 0, 0, 0, 0, 0, 0, 0, 0]], "12535.sol": [0, [0, 0, 0, 0, 0, 0, 0, 0, 0, 0]], "2594.sol": [0, [0, 0, 0, 0, 0, 0, 0, 0, 0, 0]], "40280.sol": [0, [0, 0, 0, 0, 0, 0, 0, 0, 0, 0]], "729.sol": [0, [0, 0, 0, 0, 0, 0, 0, 0, 0, 0]], "33400.sol": [0, [0, 0, 0, 0, 0, 0, 0, 0, 0, 0]], "33083.sol": [0, [0, 0, 0, 0, 0, 0, 0, 0, 0, 0]], "33759.sol": [0, [0, 0, 0, 0, 0, 0, 0, 0, 0, 0]], "16483.sol": [0, [0, 0, 0, 0, 0, 0, 0, 0, 0, 0]], "18712.sol": [0, [0, 0, 0, 0, 0, 0, 0, 0, 0, 0]], "32398.sol": [0, [0, 0, 0, 0, 0, 0, 0, 0, 0, 0]], "6484.sol": [0, [0, 0, 0, 0, 0, 0, 0, 0, 0, 0]], "22334.sol": [0, [0, 0, 0, 0, 0, 0, 0, 0, 0, 0]], "17914.sol": [0, [0, 0, 0, 0, 0, 0, 0, 0, 0, 0]], "5605.sol": [0, [0, 0, 0, 0, 0, 0, 0, 0, 0, 0]], "33638.sol": [0, [0, 0, 0, 0, 0, 0, 0, 0, 0, 0]], "15380.sol": [1, [1, 0, 0, 0, 0, 0, 0, 1, 0, 0]], "6797.sol": [0, [0, 0, 0, 0, 0, 0, 0, 0, 0, 0]], "6822.sol": [0, [0, 0, 0, 0, 0, 0, 0, 0, 0, 0]], "28151.sol": [0, [0, 0, 0, 0, 0, 0, 0, 0, 0, 0]], "7725.sol": [0, [0, 0, 0, 0, 0, 0, 0, 0, 0, 0]], "19915.sol": [0, [0, 0, 0, 0, 0, 0, 0, 0, 0, 0]], "27509.sol": [0, [0, 0, 0, 0, 0, 0, 0, 0, 0, 0]], "15900.sol": [1, [1, 0, 0, 0, 0, 0, 0, 0, 0, 0]], "34013.sol": [0, [0, 0, 0, 0, 0, 0, 0, 0, 0, 0]], "13492.sol": [0, [0, 0, 0, 0, 0, 0, 0, 0, 0, 0]], "39376.sol": [0, [0, 0, 0, 0, 0, 0, 0, 0, 0, 0]], "5290.sol": [0, [0, 0, 0, 0, 0, 0, 0, 0, 0, 0]], "11383.sol": [0, [0, 0, 0, 0, 0, 0, 0, 0, 0, 0]], "20603.sol": [0, [0, 0, 0, 0, 0, 0, 0, 0, 0, 0]], "38723.sol": [0, [0, 0, 0, 0, 0, 0, 0, 0, 0, 0]], "1643.sol": [0, [0, 0, 0, 0, 0, 0, 0, 0, 0, 0]], "37428.sol": [0, [0, 0, 0, 0, 0, 0, 0, 0, 0, 0]], "382.sol": [0, [0, 0, 0, 0, 0, 0, 0, 0, 0, 0]], "8735.sol": [0, [0, 0, 0, 0, 0, 0, 0, 0, 0, 0]], "30262.sol": [0, [0, 0, 0, 0, 0, 0, 0, 0, 0, 0]], "3783.sol": [0, [0, 0, 0, 0, 0, 0, 0, 0, 0, 0]], "19369.sol": [0, [0, 0, 0, 0, 0, 0, 0, 0, 0, 0]], "33032.sol": [0, [0, 0, 0, 0, 0, 0, 0, 0, 0, 0]], "3557.sol": [0, [0, 0, 0, 0, 0, 0, 0, 0, 0, 0]], "37088.sol": [0, [0, 0, 0, 0, 0, 0, 0, 0, 0, 0]], "1314.sol": [0, [0, 0, 0, 0, 0, 0, 0, 0, 0, 0]], "11347.sol": [0, [0, 0, 0, 0, 0, 0, 0, 0, 0, 0]], "34869.sol": [0, [0, 0, 0, 0, 0, 0, 0, 0, 0, 0]], "23347.sol": [0, [0, 0, 0, 0, 0, 0, 0, 0, 0, 0]], "6258.sol": [0, [0, 0, 0, 0, 0, 0, 0, 0, 0, 0]], "6338.sol": [0, [0, 0, 0, 0, 0, 0, 0, 0, 0, 0]], "11078.sol": [0, [0, 0, 0, 0, 0, 0, 0, 0, 0, 0]], "39193.sol": [0, [0, 0, 0, 0, 0, 0, 0, 0, 0, 0]], "7696.sol": [1, [1, 1, 1, 1, 1, 1, 0, 1, 0, 1]], "30030.sol": [0, [0, 0, 0, 0, 0, 0, 0, 0, 0, 0]], "32078.sol": [0, [0, 0, 0, 0, 0, 0, 0, 0, 0, 0]], "38163.sol": [0, [0, 0, 0, 0, 0, 0, 0, 0, 0, 0]], "13987.sol": [1, [1, 1, 1, 1, 1, 1, 0, 0, 1, 1]], "38843.sol": [0, [0, 0, 0, 0, 0, 0, 0, 0, 0, 0]], "23313.sol": [0, [0, 0, 0, 0, 0, 0, 0, 0, 0, 0]], "7638.sol": [0, [0, 0, 0, 0, 0, 0, 0, 0, 0, 0]], "33810.sol": [0, [0, 0, 0, 0, 0, 0, 0, 0, 0, 0]], "7322.sol": [1, [0, 0, 0, 0, 0, 0, 0, 0, 0, 1]], "2005.sol": [0, [0, 0, 0, 0, 0, 0, 0, 0, 0, 0]], "36242.sol": [0, [0, 0, 0, 0, 0, 0, 0, 0, 0, 0]], "27070.sol": [0, [0, 0, 0, 0, 0, 0, 0, 0, 0, 0]], "33452.sol": [0, [0, 0, 0, 0, 0, 0, 0, 0, 0, 0]], "12507.sol": [0, [0, 0, 0, 0, 0, 0, 0, 0, 0, 0]], "14955.sol": [0, [0, 0, 0, 0, 0, 0, 0, 0, 0, 0]], "29034.sol": [0, [0, 0, 0, 0, 0, 0, 0, 0, 0, 0]], "8814.sol": [0, [0, 0, 0, 0, 0, 0, 0, 0, 0, 0]], "6246.sol": [0, [0, 0, 0, 0, 0, 0, 0, 0, 0, 0]], "11054.sol": [0, [0, 0, 0, 0, 0, 0, 0, 0, 0, 0]], "17383.sol": [0, [0, 0, 0, 0, 0, 0, 0, 0, 0, 0]], "23706.sol": [0, [0, 0, 0, 0, 0, 0, 0, 0, 0, 0]], "31687.sol": [0, [0, 0, 0, 0, 0, 0, 0, 0, 0, 0]], "35519.sol": [0, [0, 0, 0, 0, 0, 0, 0, 0, 0, 0]], "36009.sol": [0, [0, 0, 0, 0, 0, 0, 0, 0, 0, 0]], "16130.sol": [0, [0, 0, 0, 0, 0, 0, 0, 0, 0, 0]], "15676.sol": [0, [0, 0, 0, 0, 0, 0, 0, 0, 0, 0]], "25704.sol": [0, [0, 0, 0, 0, 0, 0, 0, 0, 0, 0]], "33596.sol": [0, [0, 0, 0, 0, 0, 0, 0, 0, 0, 0]], "12828.sol": [1, [1, 1, 1, 1, 1, 1, 1, 1, 1, 1]], "27704.sol": [0, [0, 0, 0, 0, 0, 0, 0, 0, 0, 0]], "24210.sol": [1, [1, 1, 1, 1, 1, 1, 1, 1, 1, 1]], "34051.sol": [0, [0, 0, 0, 0, 0, 0, 0, 0, 0, 0]], "6494.sol": [1, [1, 1, 1, 0, 0, 0, 0, 0, 0, 1]], "21749.sol": [1, [0, 0, 0, 1, 0, 1, 0, 0, 0, 0]], "13805.sol": [1, [0, 0, 0, 1, 0, 1, 0, 0, 0, 0]], "23437.sol": [1, [1, 1, 1, 1, 1, 1, 1, 1, 1, 1]], "21751.sol": [1, [0, 0, 0, 0, 0, 0, 0, 0, 1, 1]], "14787.sol": [1, [0, 0, 0, 0, 0, 0, 0, 0, 1, 1]], "36100.sol": [1, [0, 0, 1, 1, 0, 0, 0, 0, 0, 0]], "15628.sol": [1, [1, 1, 1, 1, 1, 0, 1, 1, 0, 0]], "13779.sol": [1, [1, 1, 1, 0, 0, 0, 0, 0, 0, 0]], "21847.sol": [1, [1, 1, 0, 0, 0, 0, 0, 0, 0, 0]], "6459.sol": [1, [1, 1, 0, 0, 0, 0, 0, 0, 0, 0]], "40606.sol": [1, [1, 0, 0, 1, 1, 1, 1, 1, 1, 1]], "17437.sol": [1, [1, 0, 1, 0, 0, 0, 0, 0, 0, 0]], "12307.sol": [1, [1, 1, 0, 0, 0, 0, 0, 0, 0, 0]], "19607.sol": [1, [0, 0, 0, 1, 0, 1, 0, 0, 0, 0]], "3320.sol": [1, [0, 0, 0, 0, 0, 0, 0, 0, 1, 1]], "415.sol": [1, [1, 1, 1, 1, 1, 1, 0, 0, 0, 0]], "12182.sol": [0, [0, 0, 0, 0, 0, 0, 0, 0, 0, 0]], "39451.sol": [1, [1, 1, 0, 0, 1, 0, 1, 1, 0, 0]], "33704.sol": [1, [1, 1, 0, 0, 0, 0, 0, 0, 0, 0]], "1488.sol": [1, [0, 0, 1, 1, 0, 1, 0, 0, 1, 1]], "28194.sol": [1, [1, 1, 0, 0, 0, 0, 0, 0, 0, 0]], "25479.sol": [1, [0, 1, 1, 1, 0, 0, 0, 0, 0, 0]], "13402.sol": [1, [0, 0, 1, 1, 0, 0, 1, 0, 1, 0]], "2569.sol": [0, [0, 0, 0, 0, 0, 0, 0, 0, 0, 0]], "11955.sol": [1, [1, 1, 1, 1, 1, 1, 1, 1, 1, 1]], "17968.sol": [1, [1, 1, 1, 1, 1, 1, 1, 1, 1, 1]], "26323.sol": [1, [1, 1, 0, 0, 0, 0, 0, 0, 0, 0]], "29862.sol": [1, [1, 1, 1, 1, 1, 1, 1, 1, 1, 1]], "7581.sol": [1, [1, 1, 1, 1, 1, 0, 1, 0, 0, 1]], "7397.sol": [0, [0, 0, 0, 0, 0, 0, 0, 0, 0, 0]], "14704.sol": [1, [0, 0, 0, 0, 0, 0, 0, 0, 1, 1]], "30535.sol": [1, [0, 0, 0, 1, 0, 1, 0, 0, 0, 0]], "20729.sol": [1, [0, 0, 0, 1, 0, 1, 0, 0, 0, 0]], "6206.sol": [1, [1, 1, 1, 0, 0, 0, 0, 0, 0, 0]], "37549.sol": [0, [0, 0, 0, 0, 0, 0, 0, 0, 0, 0]], "26557.sol": [1, [0, 0, 0, 0, 0, 0, 0, 0, 0, 1]], "19378.sol": [1, [1, 1, 0, 0, 0, 0, 0, 0, 0, 0]], "40682.sol": [1, [1, 1, 0, 0, 1, 1, 0, 0, 0, 0]], "29997.sol": [1, [0, 0, 0, 0, 0, 1, 0, 0, 0, 0]], "2479.sol": [1, [1, 1, 1, 1, 1, 0, 0, 0, 1, 1]], "22852.sol": [1, [1, 1, 1, 1, 0, 1, 0, 0, 0, 1]], "2449.sol": [0, [0, 0, 0, 0, 0, 0, 0, 0, 0, 0]], "3282.sol": [1, [1, 1, 1, 0, 0, 0, 0, 0, 0, 0]], "25255.sol": [0, [0, 0, 0, 0, 0, 0, 0, 0, 0, 0]], "12277.sol": [1, [1, 1, 1, 1, 1, 1, 1, 1, 1, 1]], "17650.sol": [1, [0, 0, 1, 0, 0, 0, 0, 0, 0, 0]], "20770.sol": [1, [1, 1, 1, 1, 1, 1, 1, 1, 1, 1]], "19301.sol": [1, [1, 1, 1, 1, 1, 1, 1, 1, 1, 1]], "24617.sol": [1, [1, 1, 1, 1, 1, 1, 1, 1, 1, 1]], "11329.sol": [0, [0, 0, 0, 0, 0, 0, 0, 0, 0, 0]], "20659.sol": [1, [1, 1, 0, 0, 0, 0, 0, 0, 0, 0]], "26105.sol": [1, [0, 0, 0, 1, 1, 0, 0, 0, 0, 0]], "32076.sol": [1, [1, 1, 0, 0, 1, 0, 0, 0, 0, 0]], "34174.sol": [1, [1, 1, 1, 1, 1, 0, 0, 0, 0, 0]], "20869.sol": [0, [0, 0, 0, 0, 0, 0, 0, 0, 0, 0]], "25306.sol": [1, [0, 0, 0, 0, 0, 0, 0, 0, 1, 1]], "11886.sol": [1, [1, 1, 0, 0, 0, 1, 0, 0, 0, 0]], "23623.sol": [1, [1, 1, 1, 1, 1, 1, 1, 1, 1, 1]], "24488.sol": [1, [0, 0, 0, 0, 0, 0, 0, 0, 1, 1]], "29760.sol": [1, [0, 1, 0, 0, 0, 0, 0, 0, 0, 0]], "31157.sol": [1, [0, 0, 0, 1, 0, 0, 0, 0, 0, 0]], "16319.sol": [1, [0, 1, 1, 1, 0, 1, 1, 1, 0, 0]], "27795.sol": [1, [0, 0, 0, 1, 0, 1, 1, 1, 0, 0]], "25101.sol": [1, [0, 0, 0, 0, 0, 0, 0, 0, 1, 1]], "1991.sol": [1, [0, 0, 0, 1, 0, 1, 0, 1, 1, 1]], "18652.sol": [0, [0, 0, 0, 0, 0, 0, 0, 0, 0, 0]], "26758.sol": [1, [0, 0, 0, 0, 0, 0, 0, 0, 1, 1]], "15056.sol": [1, [1, 1, 0, 1, 0, 1, 0, 0, 1, 0]], "14155.sol": [1, [1, 1, 0, 0, 0, 0, 0, 0, 0, 0]], "6229.sol": [0, [0, 0, 0, 0, 0, 0, 0, 0, 0, 0]], "21802.sol": [1, [0, 1, 0, 0, 0, 1, 0, 1, 0, 1]], "7338.sol": [0, [0, 0, 0, 0, 0, 0, 0, 0, 0, 0]], "29135.sol": [1, [1, 1, 1, 1, 1, 1, 1, 1, 1, 1]], "19302.sol": [1, [0, 0, 0, 0, 0, 0, 0, 0, 1, 1]], "22943.sol": [0, [0, 0, 0, 0, 0, 0, 0, 0, 0, 0]], "39077.sol": [0, [0, 0, 0, 0, 0, 0, 0, 0, 0, 0]], "38854.sol": [1, [1, 1, 1, 1, 1, 1, 0, 0, 0, 0]], "28387.sol": [1, [1, 1, 1, 0, 1, 1, 1, 1, 1, 1]], "25646.sol": [1, [0, 0, 0, 1, 0, 1, 0, 0, 0, 0]], "3050.sol": [0, [0, 0, 0, 0, 0, 0, 0, 0, 0, 0]], "2072.sol": [1, [0, 0, 1, 1, 0, 0, 0, 0, 0, 0]], "1719.sol": [1, [0, 0, 0, 0, 1, 0, 0, 0, 0, 0]], "31185.sol": [1, [0, 0, 0, 1, 0, 0, 0, 0, 0, 0]], "13466.sol": [0, [0, 0, 0, 0, 0, 0, 0, 0, 0, 0]], "292.sol": [1, [1, 1, 1, 1, 1, 1, 1, 1, 1, 1]], "38944.sol": [1, [0, 0, 0, 0, 0, 0, 1, 0, 0, 0]], "11539.sol": [1, [0, 0, 1, 1, 0, 0, 1, 0, 1, 0]], "16391.sol": [1, [1, 1, 0, 0, 0, 0, 0, 0, 0, 0]], "2641.sol": [1, [1, 1, 1, 1, 1, 1, 1, 1, 1, 1]], "21109.sol": [1, [0, 1, 0, 0, 1, 0, 1, 0, 0, 0]], "13707.sol": [0, [0, 0, 0, 0, 0, 0, 0, 0, 0, 0]], "3660.sol": [1, [1, 1, 1, 0, 0, 0, 0, 0, 0, 0]], "32279.sol": [1, [0, 0, 1, 0, 1, 0, 0, 0, 0, 0]], "12302.sol": [1, [1, 1, 0, 0, 0, 0, 0, 0, 0, 0]], "10562.sol": [1, [1, 1, 0, 0, 0, 0, 0, 0, 0, 0]], "9722.sol": [1, [1, 0, 0, 1, 0, 0, 1, 0, 0, 0]], "35142.sol": [1, [1, 0, 0, 0, 0, 0, 0, 0, 1, 1]], "267.sol": [1, [1, 1, 1, 1, 0, 0, 0, 0, 0, 0]], "11640.sol": [1, [1, 1, 1, 1, 1, 1, 1, 1, 1, 1]], "34386.sol": [1, [1, 1, 0, 0, 0, 0, 0, 0, 0, 0]], "32313.sol": [1, [1, 1, 0, 0, 1, 1, 0, 0, 1, 1]], "10360.sol": [1, [1, 1, 0, 0, 0, 0, 0, 0, 0, 0]], "17479.sol": [1, [0, 0, 1, 0, 0, 0, 0, 0, 0, 0]], "24497.sol": [1, [0, 0, 0, 0, 0, 0, 0, 0, 1, 1]], "37366.sol": [1, [1, 1, 1, 1, 0, 0, 0, 0, 0, 0]], "29863.sol": [1, [1, 1, 0, 0, 1, 0, 0, 0, 0, 0]], "1004.sol": [1, [1, 1, 0, 0, 0, 0, 0, 0, 0, 0]], "15465.sol": [1, [1, 1, 1, 1, 1, 1, 1, 1, 1, 1]], "3751.sol": [1, [1, 1, 1, 1, 1, 1, 1, 1, 1, 1]], "15342.sol": [0, [0, 0, 0, 0, 0, 0, 0, 0, 0, 0]], "14020.sol": [1, [0, 0, 0, 1, 0, 1, 0, 0, 0, 0]], "15991.sol": [0, [0, 0, 0, 0, 0, 0, 0, 0, 0, 0]], "14381.sol": [0, [0, 0, 0, 0, 0, 0, 0, 0, 0, 0]], "418.sol": [1, [1, 1, 1, 1, 0, 1, 1, 0, 1, 0]], "14775.sol": [1, [1, 1, 1, 1, 1, 1, 1, 1, 1, 1]], "17922.sol": [0, [0, 0, 0, 0, 0, 0, 0, 0, 0, 0]], "16307.sol": [1, [1, 1, 1, 1, 1, 1, 1, 1, 1, 1]], "17125.sol": [1, [0, 0, 0, 0, 0, 0, 0, 0, 1, 1]], "31923.sol": [1, [0, 1, 1, 1, 1, 1, 1, 1, 1, 1]], "13744.sol": [1, [1, 1, 1, 1, 1, 1, 0, 0, 0, 0]], "17098.sol": [1, [0, 0, 0, 1, 0, 1, 0, 0, 0, 0]], "17692.sol": [1, [1, 1, 0, 0, 1, 1, 0, 0, 0, 0]], "23441.sol": [1, [0, 0, 0, 0, 0, 0, 0, 0, 0, 1]], "25664.sol": [1, [0, 0, 0, 1, 1, 0, 0, 0, 0, 0]], "25975.sol": [1, [1, 0, 0, 0, 0, 1, 0, 0, 0, 0]], "32575.sol": [1, [1, 1, 1, 1, 1, 1, 1, 1, 1, 1]], "4857.sol": [0, [0, 0, 0, 0, 0, 0, 0, 0, 0, 0]], "26053.sol": [1, [0, 0, 0, 0, 0, 0, 0, 0, 1, 1]], "14733.sol": [0, [0, 0, 0, 0, 0, 0, 0, 0, 0, 0]], "20215.sol": [1, [1, 1, 0, 1, 1, 0, 0, 0, 0, 0]], "37993.sol": [1, [0, 0, 0, 0, 0, 0, 1, 0, 0, 0]], "35608.sol": [1, [0, 1, 0, 0, 0, 0, 0, 0, 0, 0]], "3352.sol": [1, [1, 1, 0, 0, 0, 0, 0, 0, 0, 0]], "32920.sol": [1, [1, 1, 0, 0, 1, 0, 0, 0, 0, 0]], "20031.sol": [1, [1, 1, 1, 1, 1, 1, 1, 1, 1, 1]], "28611.sol": [0, [0, 0, 0, 0, 0, 0, 0, 0, 0, 0]], "19585.sol": [1, [1, 1, 0, 0, 0, 0, 0, 0, 0, 0]], "21807.sol": [1, [0, 0, 0, 0, 0, 0, 0, 1, 0, 0]], "4891.sol": [1, [0, 0, 0, 0, 0, 0, 0, 1, 1, 1]], "22113.sol": [1, [1, 1, 0, 0, 0, 0, 1, 0, 0, 1]], "25662.sol": [1, [0, 0, 0, 1, 1, 0, 0, 0, 0, 0]], "10144.sol": [0, [0, 0, 0, 0, 0, 0, 0, 0, 0, 0]], "21582.sol": [1, [1, 1, 0, 0, 0, 0, 0, 0, 0, 0]], "10024.sol": [1, [0, 0, 0, 0, 0, 0, 0, 0, 1, 1]], "17485.sol": [0, [0, 0, 0, 0, 0, 0, 0, 0, 0, 0]], "7582.sol": [1, [1, 1, 1, 1, 1, 0, 1, 0, 0, 1]], "10998.sol": [1, [1, 0, 0, 0, 0, 0, 0, 0, 0, 0]], "38945.sol": [1, [0, 0, 0, 0, 0, 0, 1, 0, 0, 0]], "30310.sol": [0, [0, 0, 0, 0, 0, 0, 0, 0, 0, 0]], "9581.sol": [1, [0, 0, 0, 0, 0, 0, 0, 0, 1, 1]], "3319.sol": [1, [1, 1, 1, 1, 1, 1, 1, 1, 1, 1]], "21637.sol": [1, [0, 0, 0, 0, 0, 0, 0, 0, 1, 1]], "13581.sol": [1, [1, 1, 1, 1, 1, 1, 1, 1, 1, 0]], "34547.sol": [1, [0, 1, 0, 0, 0, 0, 0, 0, 0, 0]], "13139.sol": [1, [1, 1, 0, 0, 0, 0, 0, 0, 0, 0]], "19803.sol": [1, [1, 1, 1, 1, 1, 1, 1, 1, 1, 1]], "39680.sol": [1, [1, 1, 1, 1, 1, 1, 1, 1, 1, 1]], "1376.sol": [1, [1, 1, 1, 1, 0, 0, 0, 1, 1, 1]], "4756.sol": [1, [0, 0, 0, 0, 1, 1, 0, 0, 0, 0]], "11724.sol": [1, [1, 1, 1, 0, 0, 1, 1, 1, 0, 0]], "25801.sol": [1, [0, 0, 0, 0, 0, 0, 0, 0, 1, 1]], "30612.sol": [1, [0, 0, 0, 0, 0, 0, 1, 1, 0, 0]], "36473.sol": [1, [1, 1, 0, 0, 0, 0, 0, 1, 0, 1]], "6174.sol": [0, [0, 0, 0, 0, 0, 0, 0, 0, 0, 0]], "4866.sol": [1, [1, 1, 1, 1, 1, 1, 1, 1, 1, 1]], "15171.sol": [1, [1, 1, 0, 1, 0, 0, 0, 0, 0, 0]], "20146.sol": [1, [1, 1, 1, 1, 1, 1, 1, 1, 1, 1]], "20764.sol": [1, [1, 0, 0, 0, 0, 1, 1, 1, 0, 0]], "6432.sol": [1, [1, 1, 0, 0, 1, 1, 1, 0, 0, 0]], "24411.sol": [1, [0, 0, 0, 1, 0, 1, 0, 0, 0, 0]], "11200.sol": [1, [0, 1, 1, 1, 0, 0, 1, 1, 1, 1]], "31778.sol": [1, [1, 1, 1, 1, 1, 1, 1, 1, 1, 1]], "592.sol": [1, [1, 0, 0, 1, 0, 0, 1, 0, 0, 0]], "23626.sol": [1, [0, 0, 0, 0, 0, 0, 0, 0, 1, 1]], "18430.sol": [1, [1, 1, 1, 1, 1, 1, 1, 1, 0, 1]], "11989.sol": [1, [1, 1, 0, 0, 0, 0, 0, 0, 0, 0]], "57.sol": [0, [0, 0, 0, 0, 0, 0, 0, 0, 0, 0]], "32242.sol": [1, [0, 0, 1, 1, 0, 0, 1, 0, 0, 0]], "21747.sol": [1, [1, 1, 1, 1, 1, 1, 1, 1, 1, 1]], "8690.sol": [1, [1, 1, 1, 1, 1, 0, 0, 1, 0, 0]], "2943.sol": [1, [1, 1, 0, 0, 0, 0, 0, 0, 0, 0]], "26097.sol": [1, [1, 1, 0, 0, 0, 1, 0, 0, 0, 0]], "3031.sol": [1, [0, 0, 1, 1, 1, 1, 1, 0, 1, 1]], "22450.sol": [1, [1, 0, 1, 1, 0, 1, 0, 0, 0, 0]], "19084.sol": [1, [1, 1, 1, 1, 1, 1, 1, 1, 1, 1]], "1117.sol": [1, [0, 1, 0, 0, 0, 0, 0, 0, 0, 0]], "3187.sol": [1, [1, 1, 1, 0, 0, 0, 0, 0, 0, 0]], "8013.sol": [1, [1, 1, 0, 0, 0, 1, 0, 0, 0, 0]], "216.sol": [1, [1, 1, 1, 1, 1, 1, 0, 1, 0, 1]], "1480.sol": [1, [1, 1, 0, 1, 0, 0, 0, 0, 0, 0]], "14567.sol": [1, [1, 1, 0, 0, 0, 0, 0, 0, 0, 0]], "24430.sol": [1, [1, 1, 1, 1, 1, 1, 1, 1, 1, 1]], "27348.sol": [1, [1, 1, 1, 1, 1, 1, 1, 1, 1, 1]], "14790.sol": [1, [0, 0, 0, 0, 0, 0, 0, 0, 1, 1]], "21951.sol": [1, [1, 1, 0, 0, 0, 0, 0, 0, 0, 0]], "12547.sol": [1, [1, 1, 0, 0, 1, 1, 0, 0, 0, 0]], "19500.sol": [1, [0, 0, 0, 0, 0, 0, 0, 0, 1, 0]], "6334.sol": [1, [0, 0, 0, 0, 0, 0, 0, 1, 1, 1]], "35402.sol": [1, [1, 0, 1, 0, 0, 0, 1, 0, 0, 0]], "6242.sol": [1, [1, 1, 1, 1, 1, 1, 1, 1, 1, 1]], "18682.sol": [1, [0, 1, 0, 0, 1, 1, 0, 1, 0, 0]], "22228.sol": [1, [0, 0, 0, 0, 0, 1, 0, 0, 0, 0]], "21752.sol": [1, [0, 0, 0, 0, 0, 0, 0, 0, 1, 1]], "31863.sol": [1, [1, 0, 0, 0, 0, 0, 0, 0, 0, 0]], "6308.sol": [1, [1, 1, 0, 0, 0, 0, 0, 0, 0, 0]], "20079.sol": [1, [0, 0, 1, 0, 0, 0, 0, 0, 0, 0]], "14025.sol": [1, [1, 1, 1, 1, 1, 1, 1, 1, 1, 1]], "40012.sol": [1, [1, 1, 1, 1, 1, 1, 1, 1, 1, 1]], "25475.sol": [1, [0, 1, 1, 1, 0, 0, 0, 0, 0, 0]], "479.sol": [1, [1, 1, 1, 0, 0, 0, 0, 0, 0, 0]], "23473.sol": [1, [0, 0, 0, 1, 0, 1, 0, 0, 0, 0]], "32761.sol": [1, [1, 1, 1, 1, 1, 1, 1, 1, 1, 1]], "2242.sol": [1, [1, 1, 0, 0, 0, 0, 0, 0, 0, 0]], "9584.sol": [1, [1, 1, 1, 1, 0, 0, 0, 0, 1, 0]], "227.sol": [1, [1, 1, 0, 0, 0, 0, 0, 0, 0, 0]], "22952.sol": [1, [1, 1, 1, 1, 1, 1, 1, 1, 1, 1]], "28996.sol": [1, [1, 1, 1, 1, 1, 1, 1, 1, 1, 1]], "21403.sol": [1, [0, 0, 0, 1, 0, 0, 0, 0, 0, 0]], "572.sol": [1, [1, 1, 1, 1, 1, 1, 1, 1, 1, 1]], "196.sol": [1, [1, 0, 1, 0, 0, 0, 0, 0, 0, 0]], "21537.sol": [1, [1, 1, 1, 1, 1, 0, 0, 0, 0, 0]], "25209.sol": [1, [0, 0, 0, 0, 0, 1, 1, 1, 1, 1]], "34391.sol": [1, [1, 1, 0, 0, 0, 0, 0, 0, 0, 0]], "28883.sol": [0, [0, 0, 0, 0, 0, 0, 0, 0, 0, 0]], "1494.sol": [1, [1, 1, 0, 1, 0, 0, 0, 0, 0, 0]], "34788.sol": [1, [1, 0, 1, 1, 0, 0, 0, 0, 0, 0]], "26082.sol": [1, [0, 0, 0, 1, 1, 0, 0, 0, 0, 0]], "36445.sol": [1, [1, 1, 1, 1, 1, 1, 1, 1, 1, 1]], "692.sol": [1, [0, 0, 0, 0, 0, 0, 0, 0, 1, 1]], "2560.sol": [1, [1, 1, 0, 0, 0, 0, 0, 0, 0, 0]], "20283.sol": [0, [0, 0, 0, 0, 0, 0, 0, 0, 0, 0]], "24963.sol": [1, [1, 1, 0, 0, 0, 0, 0, 0, 0, 0]], "12655.sol": [1, [1, 1, 0, 0, 0, 0, 0, 0, 0, 0]], "27193.sol": [1, [1, 1, 0, 0, 0, 0, 0, 0, 0, 0]], "11183.sol": [1, [1, 1, 1, 1, 1, 1, 1, 1, 1, 1]], "23745.sol": [1, [0, 0, 0, 0, 0, 0, 0, 0, 1, 1]], "23917.sol": [0, [0, 0, 0, 0, 0, 0, 0, 0, 0, 0]], "36412.sol": [1, [0, 1, 1, 1, 1, 1, 0, 0, 1, 0]], "24410.sol": [1, [0, 0, 0, 1, 0, 1, 0, 0, 0, 0]], "2685.sol": [1, [1, 1, 1, 0, 0, 0, 0, 0, 0, 0]], "21293.sol": [1, [0, 0, 0, 0, 0, 1, 0, 0, 0, 0]], "9309.sol": [1, [1, 1, 1, 1, 1, 1, 1, 1, 1, 1]], "26418.sol": [1, [1, 0, 0, 0, 0, 0, 0, 0, 0, 0]], "36661.sol": [1, [1, 1, 1, 1, 0, 0, 0, 1, 1, 0]], "21801.sol": [1, [0, 0, 0, 0, 0, 1, 0, 0, 0, 0]], "14832.sol": [1, [1, 1, 1, 1, 0, 0, 0, 0, 0, 0]], "3143.sol": [1, [1, 1, 1, 0, 0, 0, 0, 0, 0, 0]], "35587.sol": [1, [0, 1, 0, 0, 0, 1, 0, 0, 0, 0]], "24431.sol": [1, [0, 0, 0, 0, 0, 0, 0, 0, 1, 1]], "35606.sol": [1, [1, 1, 1, 1, 1, 1, 1, 1, 1, 1]], "12248.sol": [1, [1, 1, 1, 1, 1, 1, 1, 1, 1, 1]], "3842.sol": [0, [0, 0, 0, 0, 0, 0, 0, 0, 0, 0]], "27021.sol": [1, [1, 1, 1, 0, 1, 0, 1, 1, 1, 0]], "21523.sol": [1, [1, 1, 1, 1, 1, 1, 1, 1, 1, 1]], "15110.sol": [0, [0, 0, 0, 0, 0, 0, 0, 0, 0, 0]], "18877.sol": [1, [1, 0, 1, 0, 0, 0, 0, 0, 0, 0]], "17486.sol": [0, [0, 0, 0, 0, 0, 0, 0, 0, 0, 0]], "16615.sol": [1, [1, 1, 0, 0, 0, 0, 0, 0, 0, 0]], "26171.sol": [1, [1, 1, 0, 0, 0, 0, 0, 0, 0, 0]], "23322.sol": [0, [0, 0, 0, 0, 0, 0, 0, 0, 0, 0]], "29702.sol": [1, [1, 1, 1, 1, 1, 0, 0, 0, 1, 0]], "13401.sol": [1, [0, 0, 1, 1, 0, 0, 1, 0, 1, 0]], "27555.sol": [1, [1, 1, 1, 1, 1, 1, 1, 1, 0, 0]], "11495.sol": [0, [0, 0, 0, 0, 0, 0, 0, 0, 0, 0]], "6244.sol": [1, [1, 0, 0, 0, 0, 0, 0, 0, 0, 0]], "24652.sol": [1, [1, 1, 0, 0, 0, 0, 0, 0, 0, 0]], "32882.sol": [1, [0, 0, 0, 0, 1, 1, 1, 1, 0, 0]], "17859.sol": [1, [1, 1, 1, 1, 1, 1, 0, 1, 1, 0]], "32233.sol": [1, [1, 1, 1, 1, 1, 1, 1, 1, 1, 1]], "22227.sol": [1, [0, 0, 0, 0, 0, 1, 0, 0, 0, 0]], "32134.sol": [1, [0, 0, 1, 0, 1, 0, 0, 0, 0, 0]], "17233.sol": [1, [1, 1, 0, 0, 0, 0, 0, 0, 0, 0]], "6466.sol": [1, [1, 0, 1, 1, 1, 1, 1, 1, 1, 0]], "40623.sol": [1, [1, 1, 0, 0, 0, 0, 0, 0, 1, 0]], "16327.sol": [1, [0, 1, 0, 0, 1, 0, 1, 0, 1, 1]], "1582.sol": [1, [1, 1, 0, 0, 0, 0, 0, 1, 0, 0]], "3540.sol": [1, [1, 1, 1, 0, 0, 0, 0, 0, 0, 0]], "37090.sol": [1, [0, 0, 0, 0, 1, 1, 0, 0, 0, 0]], "20512.sol": [1, [1, 1, 1, 1, 1, 1, 1, 1, 1, 1]], "6468.sol": [1, [0, 0, 0, 1, 1, 1, 1, 0, 1, 1]], "38751.sol": [1, [1, 1, 1, 1, 1, 0, 1, 0, 1, 1]], "36130.sol": [1, [0, 0, 0, 1, 0, 1, 0, 0, 0, 0]], "1947.sol": [0, [0, 0, 0, 0, 0, 0, 0, 0, 0, 0]], "39494.sol": [0, [0, 0, 0, 0, 0, 0, 0, 0, 0, 0]], "18550.sol": [1, [0, 0, 0, 0, 0, 0, 0, 0, 1, 1]], "18841.sol": [0, [0, 0, 0, 0, 0, 0, 0, 0, 0, 0]], "39388.sol": [1, [1, 0, 0, 0, 0, 0, 0, 0, 0, 0]], "3990.sol": [1, [1, 1, 1, 1, 1, 0, 0, 0, 0, 0]], "25655.sol": [1, [0, 0, 0, 0, 0, 0, 0, 0, 1, 1]], "36642.sol": [1, [1, 1, 0, 0, 0, 0, 0, 0, 0, 0]], "32125.sol": [1, [0, 0, 0, 1, 1, 0, 0, 0, 0, 0]], "4456.sol": [1, [1, 1, 1, 1, 1, 1, 1, 1, 1, 1]], "28323.sol": [1, [1, 1, 0, 1, 1, 0, 1, 1, 1, 1]], "24355.sol": [1, [1, 1, 0, 0, 0, 0, 0, 0, 0, 0]], "25351.sol": [1, [0, 1, 0, 0, 0, 0, 0, 0, 0, 0]], "19609.sol": [1, [0, 0, 0, 0, 0, 0, 0, 0, 1, 1]], "40411.sol": [1, [1, 1, 0, 0, 0, 0, 0, 0, 0, 0]], "30537.sol": [1, [1, 0, 0, 0, 0, 0, 0, 0, 0, 0]], "32458.sol": [1, [1, 1, 0, 0, 1, 0, 0, 0, 0, 0]], "34976.sol": [1, [0, 0, 0, 0, 1, 0, 0, 0, 0, 0]], "40135.sol": [1, [0, 1, 0, 1, 1, 0, 1, 1, 0, 0]], "16323.sol": [0, [0, 0, 0, 0, 0, 0, 0, 0, 0, 0]], "26084.sol": [1, [0, 0, 0, 1, 1, 0, 0, 0, 0, 0]], "23540.sol": [1, [1, 1, 1, 1, 1, 1, 1, 1, 1, 1]], "1720.sol": [1, [0, 0, 0, 0, 1, 0, 0, 0, 0, 0]], "12098.sol": [0, [0, 0, 0, 0, 0, 0, 0, 0, 0, 0]], "36437.sol": [1, [0, 1, 1, 1, 1, 0, 0, 1, 1, 0]], "20732.sol": [1, [0, 0, 0, 0, 0, 0, 0, 0, 1, 1]], "15550.sol": [0, [0, 0, 0, 0, 0, 0, 0, 0, 0, 0]], "24413.sol": [1, [1, 1, 1, 1, 1, 1, 1, 1, 1, 1]], "2407.sol": [1, [1, 1, 1, 0, 0, 0, 0, 0, 0, 0]], "26501.sol": [1, [0, 0, 0, 0, 0, 0, 0, 0, 1, 0]], "21212.sol": [1, [1, 1, 0, 0, 0, 0, 0, 0, 0, 0]], "18988.sol": [1, [1, 1, 1, 1, 1, 1, 1, 1, 0, 1]], "18189.sol": [1, [1, 0, 0, 0, 0, 0, 0, 0, 0, 0]], "17221.sol": [1, [1, 0, 0, 0, 0, 0, 0, 0, 0, 0]], "14782.sol": [1, [0, 0, 0, 1, 0, 1, 0, 0, 0, 0]], "27495.sol": [0, [0, 0, 0, 0, 0, 0, 0, 0, 0, 0]], "4525.sol": [1, [1, 1, 1, 1, 0, 0, 0, 0, 0, 0]], "26760.sol": [1, [0, 0, 0, 0, 0, 0, 0, 0, 1, 1]], "21905.sol": [1, [1, 1, 1, 1, 1, 0, 1, 0, 0, 0]], "9166.sol": [1, [1, 0, 0, 0, 0, 1, 1, 1, 0, 1]], "39627.sol": [0, [0, 0, 0, 0, 0, 0, 0, 0, 0, 0]], "5355.sol": [1, [1, 1, 1, 0, 1, 0, 0, 0, 0, 0]], "466.sol": [1, [0, 0, 0, 1, 0, 1, 0, 0, 0, 0]], "35400.sol": [1, [0, 1, 0, 0, 0, 0, 0, 0, 0, 0]], "13354.sol": [1, [0, 0, 0, 0, 0, 0, 0, 0, 1, 1]], "34819.sol": [1, [1, 0, 0, 0, 0, 0, 0, 0, 0, 0]], "13143.sol": [1, [1, 1, 1, 0, 0, 0, 0, 0, 0, 0]], "6332.sol": [1, [1, 1, 1, 1, 1, 1, 1, 1, 1, 1]], "29338.sol": [1, [1, 1, 0, 0, 0, 0, 0, 0, 0, 0]], "39607.sol": [1, [0, 0, 0, 0, 1, 1, 0, 0, 0, 1]], "20537.sol": [1, [0, 1, 0, 0, 0, 0, 0, 0, 0, 0]], "40345.sol": [1, [0, 0, 0, 0, 0, 0, 0, 0, 1, 0]], "31735.sol": [1, [1, 1, 0, 0, 1, 0, 0, 0, 0, 0]], "27572.sol": [1, [1, 1, 1, 1, 1, 1, 1, 1, 1, 1]], "3527.sol": [1, [1, 1, 1, 0, 0, 0, 0, 0, 0, 0]], "40625.sol": [1, [1, 0, 1, 0, 0, 1, 0, 1, 0, 0]], "12735.sol": [1, [1, 0, 0, 0, 0, 0, 0, 0, 0, 0]], "16234.sol": [1, [1, 1, 1, 1, 1, 1, 1, 1, 1, 1]], "19105.sol": [1, [0, 0, 0, 0, 0, 0, 0, 1, 1, 1]], "1697.sol": [1, [0, 0, 0, 0, 0, 0, 0, 0, 1, 1]], "12537.sol": [1, [0, 0, 0, 0, 0, 0, 0, 1, 1, 1]], "8350.sol": [1, [1, 0, 0, 0, 0, 0, 0, 0, 0, 0]], "18297.sol": [1, [1, 1, 1, 1, 1, 1, 1, 1, 1, 1]], "2124.sol": [1, [1, 1, 0, 0, 0, 0, 0, 0, 0, 0]], "32765.sol": [1, [1, 1, 1, 1, 0, 1, 1, 1, 1, 0]], "13813.sol": [1, [0, 0, 0, 0, 0, 0, 0, 0, 1, 1]], "20265.sol": [1, [0, 0, 0, 1, 1, 1, 1, 0, 1, 1]], "26982.sol": [0, [0, 0, 0, 0, 0, 0, 0, 0, 0, 0]], "38927.sol": [0, [0, 0, 0, 0, 0, 0, 0, 0, 0, 0]], "12506.sol": [1, [1, 1, 0, 0, 0, 0, 0, 0, 0, 0]], "15457.sol": [1, [1, 1, 1, 1, 1, 1, 1, 1, 1, 1]], "27041.sol": [0, [0, 0, 0, 0, 0, 0, 0, 0, 0, 0]], "1995.sol": [1, [0, 0, 0, 0, 1, 1, 0, 1, 1, 0]], "23889.sol": [1, [0, 1, 0, 0, 0, 0, 0, 0, 0, 0]], "2568.sol": [1, [0, 0, 0, 0, 0, 0, 1, 1, 0, 1]], "22122.sol": [1, [0, 1, 0, 0, 0, 0, 0, 0, 0, 0]], "14019.sol": [1, [1, 1, 1, 1, 1, 1, 1, 1, 1, 1]], "19226.sol": [1, [1, 1, 0, 0, 0, 0, 0, 0, 0, 0]], "16335.sol": [1, [0, 0, 0, 0, 0, 0, 0, 0, 1, 1]], "36440.sol": [1, [1, 1, 0, 0, 1, 0, 0, 1, 0, 0]], "2324.sol": [1, [1, 1, 0, 0, 0, 0, 0, 0, 0, 0]], "12411.sol": [0, [0, 0, 0, 0, 0, 0, 0, 0, 0, 0]], "25134.sol": [1, [0, 0, 0, 0, 0, 0, 0, 0, 1, 1]], "33497.sol": [1, [0, 0, 0, 1, 0, 0, 0, 0, 0, 0]], "9151.sol": [1, [1, 1, 0, 0, 0, 0, 0, 0, 0, 0]], "24416.sol": [1, [0, 0, 0, 0, 0, 0, 0, 0, 1, 1]], "24902.sol": [1, [1, 1, 0, 1, 1, 0, 0, 0, 1, 1]], "35027.sol": [1, [1, 1, 0, 0, 0, 1, 0, 0, 0, 0]], "23440.sol": [1, [1, 1, 1, 1, 1, 1, 1, 1, 1, 1]], "32234.sol": [1, [1, 1, 0, 0, 1, 0, 0, 0, 0, 0]], "9477.sol": [1, [1, 1, 0, 1, 0, 1, 0, 0, 0, 0]], "3503.sol": [1, [1, 1, 0, 1, 0, 1, 0, 0, 0, 0]], "956.sol": [1, [0, 0, 0, 0, 0, 0, 1, 0, 0, 0]], "20958.sol": [1, [1, 0, 0, 1, 0, 0, 1, 0, 0, 0]], "32264.sol": [1, [1, 0, 1, 0, 0, 0, 0, 0, 1, 0]], "920.sol": [1, [1, 1, 0, 0, 0, 0, 0, 0, 0, 0]], "32152.sol": [1, [0, 0, 1, 0, 1, 0, 0, 0, 0, 0]], "18601.sol": [1, [0, 0, 1, 0, 0, 0, 0, 0, 0, 0]], "34000.sol": [0, [0, 0, 0, 0, 0, 0, 0, 0, 0, 0]], "34195.sol": [0, [0, 0, 0, 0, 0, 0, 0, 0, 0, 0]], "13876.sol": [1, [0, 0, 0, 0, 0, 0, 0, 0, 1, 0]], "20963.sol": [1, [0, 0, 0, 0, 0, 1, 0, 0, 0, 0]], "23202.sol": [1, [1, 1, 1, 1, 1, 1, 1, 1, 1, 1]], "5889.sol": [1, [1, 1, 1, 0, 0, 1, 1, 0, 0, 0]], "15899.sol": [1, [0, 0, 0, 0, 0, 0, 0, 0, 1, 1]], "36886.sol": [1, [1, 1, 0, 0, 0, 0, 0, 0, 0, 0]], "6236.sol": [1, [0, 0, 0, 0, 0, 0, 1, 0, 0, 0]], "2687.sol": [1, [1, 1, 0, 1, 1, 0, 1, 1, 1, 1]], "1742.sol": [0, [0, 0, 0, 0, 0, 0, 0, 0, 0, 0]], "9806.sol": [1, [0, 0, 0, 0, 0, 0, 0, 0, 1, 1]], "22575.sol": [1, [1, 1, 1, 1, 1, 1, 1, 1, 1, 1]], "5572.sol": [1, [0, 0, 0, 0, 0, 0, 0, 0, 1, 1]], "32579.sol": [1, [1, 1, 0, 0, 1, 0, 0, 0, 0, 0]], "32416.sol": [1, [1, 1, 0, 0, 0, 0, 0, 0, 0, 0]], "6193.sol": [1, [1, 1, 1, 1, 0, 0, 0, 0, 0, 0]], "14394.sol": [1, [0, 0, 0, 0, 0, 0, 0, 0, 1, 1]], "34676.sol": [1, [0, 0, 0, 1, 0, 1, 1, 1, 0, 0]], "13979.sol": [1, [0, 0, 0, 0, 0, 0, 0, 0, 1, 1]], "25373.sol": [1, [1, 1, 0, 1, 0, 1, 1, 1, 1, 0]], "20505.sol": [1, [1, 1, 1, 1, 1, 1, 1, 1, 1, 1]], "24065.sol": [1, [1, 1, 0, 0, 1, 0, 0, 0, 0, 0]], "13486.sol": [1, [1, 1, 0, 0, 1, 1, 0, 0, 0, 0]], "25870.sol": [1, [0, 0, 0, 0, 0, 1, 0, 0, 0, 0]], "3107.sol": [1, [1, 1, 1, 0, 0, 0, 0, 0, 0, 0]], "22539.sol": [1, [1, 1, 0, 0, 0, 0, 0, 0, 0, 0]], "38057.sol": [0, [0, 0, 0, 0, 0, 0, 0, 0, 0, 0]], "25267.sol": [1, [0, 1, 0, 0, 0, 0, 0, 0, 0, 0]], "26338.sol": [1, [0, 0, 0, 0, 0, 0, 0, 0, 1, 1]], "470.sol": [1, [1, 1, 1, 1, 1, 1, 1, 1, 1, 1]], "805.sol": [1, [1, 1, 1, 1, 1, 1, 1, 1, 0, 0]], "39986.sol": [0, [0, 0, 0, 0, 0, 0, 0, 0, 0, 0]], "38943.sol": [1, [0, 0, 0, 0, 0, 0, 1, 0, 0, 0]], "7892.sol": [1, [1, 1, 1, 1, 1, 1, 1, 1, 1, 1]], "15097.sol": [1, [1, 0, 0, 0, 0, 0, 0, 1, 0, 0]], "11527.sol": [1, [0, 0, 0, 1, 0, 0, 0, 0, 1, 0]], "15075.sol": [0, [0, 0, 0, 0, 0, 0, 0, 0, 0, 0]], "34994.sol": [1, [1, 1, 1, 1, 1, 1, 1, 1, 1, 1]], "34511.sol": [1, [1, 0, 0, 0, 0, 0, 0, 0, 0, 0]], "23093.sol": [1, [1, 1, 1, 1, 1, 1, 1, 1, 1, 1]], "23655.sol": [1, [1, 1, 1, 1, 1, 1, 1, 1, 1, 1]], "25539.sol": [1, [0, 0, 0, 0, 0, 1, 0, 0, 0, 0]], "8284.sol": [0, [0, 0, 0, 0, 0, 0, 0, 0, 0, 0]], "3203.sol": [1, [1, 1, 1, 0, 0, 0, 0, 0, 0, 0]], "1681.sol": [1, [0, 1, 1, 1, 1, 0, 1, 0, 1, 1]], "20728.sol": [1, [1, 1, 1, 1, 1, 1, 1, 1, 1, 1]], "4889.sol": [1, [1, 0, 0, 0, 1, 0, 0, 0, 1, 0]], "24709.sol": [1, [0, 0, 0, 0, 0, 0, 0, 0, 1, 1]], "20498.sol": [1, [1, 1, 1, 1, 1, 1, 1, 1, 1, 1]], "34495.sol": [1, [1, 1, 1, 1, 1, 1, 1, 1, 1, 1]], "39513.sol": [1, [0, 0, 0, 0, 1, 1, 0, 0, 0, 0]], "2646.sol": [1, [0, 0, 0, 0, 0, 0, 0, 0, 1, 1]], "32291.sol": [1, [1, 1, 1, 1, 1, 1, 1, 1, 1, 1]], "36471.sol": [1, [0, 0, 1, 0, 0, 0, 0, 0, 0, 0]], "32750.sol": [1, [1, 1, 1, 1, 1, 1, 1, 1, 1, 1]], "2297.sol": [1, [1, 1, 0, 0, 0, 0, 0, 0, 0, 0]], "24228.sol": [1, [1, 1, 0, 0, 0, 0, 0, 0, 0, 0]], "22658.sol": [1, [0, 0, 0, 0, 0, 1, 0, 0, 0, 0]], "10981.sol": [0, [0, 0, 0, 0, 0, 0, 0, 0, 0, 0]], "14821.sol": [1, [1, 1, 1, 1, 1, 1, 0, 0, 0, 0]], "40338.sol": [1, [0, 0, 0, 0, 0, 0, 0, 1, 1, 0]], "6435.sol": [1, [1, 0, 1, 1, 1, 1, 1, 1, 1, 0]], "25568.sol": [1, [0, 0, 0, 0, 0, 0, 0, 0, 1, 1]], "32184.sol": [1, [1, 1, 0, 0, 0, 0, 1, 1, 1, 0]], "27126.sol": [1, [0, 1, 1, 0, 0, 0, 0, 0, 0, 0]], "19074.sol": [1, [0, 0, 0, 0, 0, 0, 1, 0, 0, 0]], "2718.sol": [1, [1, 1, 1, 0, 0, 0, 0, 0, 0, 0]], "6167.sol": [0, [0, 0, 0, 0, 0, 0, 0, 0, 0, 0]], "40678.sol": [1, [1, 0, 1, 0, 0, 0, 0, 0, 0, 0]], "22955.sol": [0, [0, 0, 0, 0, 0, 0, 0, 0, 0, 0]], "21058.sol": [1, [1, 1, 1, 1, 1, 1, 1, 1, 1, 1]], "11324.sol": [1, [1, 1, 0, 0, 0, 0, 0, 0, 0, 0]], "37982.sol": [0, [0, 0, 0, 0, 0, 0, 0, 0, 0, 0]], "27458.sol": [1, [0, 0, 1, 0, 1, 0, 0, 0, 0, 0]], "22444.sol": [1, [1, 1, 0, 0, 0, 0, 0, 0, 0, 0]], "3662.sol": [1, [1, 1, 1, 0, 0, 0, 0, 0, 0, 0]], "215.sol": [1, [1, 1, 1, 1, 1, 1, 1, 0, 0, 1]], "1998.sol": [1, [1, 1, 0, 1, 1, 1, 1, 0, 0, 0]], "15669.sol": [1, [1, 1, 0, 1, 1, 1, 1, 1, 0, 0]], "29749.sol": [0, [0, 0, 0, 0, 0, 0, 0, 0, 0, 0]], "7543.sol": [1, [1, 1, 1, 1, 1, 1, 1, 1, 1, 1]], "21615.sol": [1, [1, 1, 1, 1, 0, 0, 0, 0, 0, 0]], "414.sol": [1, [1, 1, 1, 1, 0, 1, 1, 0, 1, 0]], "33294.sol": [1, [1, 1, 0, 0, 0, 0, 0, 0, 0, 0]], "3786.sol": [1, [0, 0, 1, 0, 1, 1, 1, 0, 1, 1]], "35819.sol": [1, [0, 0, 0, 0, 0, 0, 1, 1, 1, 1]], "33637.sol": [1, [1, 0, 0, 0, 0, 0, 0, 0, 0, 0]], "8903.sol": [1, [1, 1, 1, 1, 1, 1, 1, 1, 1, 1]], "36607.sol": [1, [1, 1, 0, 0, 0, 0, 1, 1, 0, 0]], "877.sol": [1, [1, 1, 1, 0, 0, 0, 0, 0, 0, 0]], "14929.sol": [0, [0, 0, 0, 0, 0, 0, 0, 0, 0, 0]], "8443.sol": [1, [0, 0, 0, 0, 1, 0, 0, 0, 0, 0]], "14229.sol": [1, [0, 0, 0, 0, 0, 0, 1, 0, 0, 0]], "6312.sol": [1, [1, 0, 0, 0, 0, 1, 1, 0, 1, 0]], "17106.sol": [1, [0, 0, 0, 0, 0, 0, 0, 0, 1, 1]], "12442.sol": [1, [1, 1, 0, 0, 0, 0, 0, 0, 0, 0]], "3541.sol": [1, [0, 0, 0, 1, 1, 0, 0, 0, 0, 1]], "36475.sol": [1, [1, 1, 0, 0, 0, 0, 0, 1, 0, 1]], "35081.sol": [1, [1, 1, 0, 0, 0, 0, 0, 0, 0, 0]], "6139.sol": [0, [0, 0, 0, 0, 0, 0, 0, 0, 0, 0]], "7908.sol": [1, [1, 1, 1, 1, 1, 1, 1, 1, 1, 1]], "6217.sol": [1, [0, 1, 0, 0, 0, 0, 0, 0, 0, 0]], "32380.sol": [1, [0, 0, 0, 1, 0, 0, 0, 0, 0, 0]], "27460.sol": [1, [1, 1, 0, 0, 0, 0, 0, 0, 0, 0]], "22649.sol": [1, [1, 1, 0, 0, 0, 0, 0, 0, 0, 0]], "7033.sol": [1, [1, 1, 0, 0, 0, 0, 0, 0, 0, 0]], "26142.sol": [1, [1, 1, 1, 1, 1, 1, 1, 1, 0, 0]], "15949.sol": [1, [1, 1, 0, 1, 0, 0, 1, 0, 0, 0]], "4873.sol": [1, [1, 1, 1, 1, 1, 1, 1, 1, 1, 1]], "23694.sol": [0, [0, 0, 0, 0, 0, 0, 0, 0, 0, 0]], "35830.sol": [1, [1, 1, 1, 1, 1, 1, 1, 1, 1, 1]], "17396.sol": [1, [1, 1, 1, 1, 1, 1, 1, 1, 1, 1]], "30254.sol": [1, [1, 1, 1, 1, 1, 0, 0, 0, 0, 0]], "20511.sol": [1, [1, 1, 1, 1, 1, 1, 1, 1, 1, 1]], "33597.sol": [1, [0, 1, 0, 0, 1, 0, 0, 0, 0, 0]], "6436.sol": [1, [0, 0, 0, 1, 1, 1, 1, 0, 1, 1]], "23126.sol": [0, [0, 0, 0, 0, 0, 0, 0, 0, 0, 0]], "13304.sol": [1, [1, 1, 1, 1, 1, 1, 1, 1, 1, 1]], "15081.sol": [1, [1, 1, 1, 1, 1, 1, 0, 0, 0, 0]], "40651.sol": [1, [1, 1, 0, 0, 1, 1, 0, 1, 0, 1]], "39670.sol": [1, [0, 0, 0, 0, 0, 0, 0, 0, 0, 1]], "14891.sol": [1, [1, 1, 1, 1, 1, 1, 1, 1, 1, 1]], "21817.sol": [1, [0, 0, 1, 0, 0, 0, 0, 0, 0, 0]], "31617.sol": [0, [0, 0, 0, 0, 0, 0, 0, 0, 0, 0]], "18571.sol": [1, [1, 1, 0, 0, 0, 0, 0, 0, 0, 0]], "24052.sol": [1, [0, 0, 0, 0, 0, 0, 0, 0, 1, 0]], "7763.sol": [1, [1, 0, 0, 0, 0, 0, 0, 0, 0, 0]], "27134.sol": [1, [1, 1, 1, 1, 1, 1, 0, 0, 0, 0]], "5962.sol": [1, [0, 1, 1, 1, 0, 0, 0, 0, 0, 0]], "30454.sol": [1, [0, 1, 0, 0, 0, 0, 0, 0, 0, 0]], "18133.sol": [0, [0, 0, 0, 0, 0, 0, 0, 0, 0, 0]], "40624.sol": [1, [1, 0, 1, 0, 0, 1, 1, 0, 0, 0]], "22735.sol": [0, [0, 0, 0, 0, 0, 0, 0, 0, 0, 0]], "694.sol": [1, [0, 0, 0, 0, 0, 0, 0, 0, 1, 1]], "27120.sol": [0, [0, 0, 0, 0, 0, 0, 0, 0, 0, 0]], "5931.sol": [0, [0, 0, 0, 0, 0, 0, 0, 0, 0, 0]], "19874.sol": [1, [1, 1, 0, 0, 0, 0, 0, 0, 0, 0]], "37554.sol": [0, [0, 0, 0, 0, 0, 0, 0, 0, 0, 0]], "26757.sol": [1, [0, 0, 0, 0, 0, 0, 0, 0, 1, 1]], "4685.sol": [1, [0, 0, 0, 0, 0, 0, 1, 1, 0, 0]], "32769.sol": [1, [1, 1, 1, 1, 1, 1, 1, 1, 1, 1]], "9960.sol": [1, [1, 0, 0, 1, 1, 1, 1, 1, 0, 1]], "4902.sol": [1, [1, 1, 0, 0, 0, 0, 0, 0, 0, 0]], "24031.sol": [1, [1, 1, 1, 0, 0, 0, 0, 0, 0, 0]], "10748.sol": [1, [1, 1, 0, 1, 0, 0, 0, 0, 0, 0]], "30508.sol": [1, [1, 0, 0, 0, 0, 0, 0, 0, 0, 0]], "40099.sol": [1, [0, 0, 0, 0, 0, 0, 0, 1, 1, 1]], "2353.sol": [1, [0, 0, 0, 0, 0, 0, 0, 1, 0, 0]], "24520.sol": [0, [0, 0, 0, 0, 0, 0, 0, 0, 0, 0]], "3205.sol": [1, [1, 1, 1, 0, 0, 0, 0, 0, 0, 0]], "31994.sol": [0, [0, 0, 0, 0, 0, 0, 0, 0, 0, 0]], "11734.sol": [1, [0, 1, 1, 0, 0, 0, 1, 0, 0, 0]], "31179.sol": [1, [1, 1, 0, 0, 0, 0, 0, 0, 0, 0]], "40001.sol": [1, [0, 0, 1, 1, 0, 0, 0, 0, 0, 0]], "22572.sol": [1, [0, 0, 1, 0, 0, 0, 0, 0, 0, 0]], "36880.sol": [1, [0, 0, 0, 0, 0, 1, 0, 0, 0, 0]], "2066.sol": [1, [0, 0, 0, 0, 0, 0, 1, 0, 1, 1]], "23547.sol": [1, [1, 1, 1, 1, 1, 1, 1, 1, 1, 1]], "14789.sol": [1, [0, 0, 0, 0, 0, 0, 0, 0, 1, 1]], "2675.sol": [1, [1, 1, 0, 0, 0, 0, 0, 0, 0, 0]], "6360.sol": [1, [1, 1, 0, 0, 0, 0, 0, 0, 0, 0]], "36733.sol": [1, [1, 1, 0, 0, 0, 0, 0, 0, 0, 0]], "32142.sol": [1, [1, 1, 0, 0, 1, 0, 0, 0, 0, 0]], "34322.sol": [1, [1, 1, 0, 0, 0, 0, 0, 0, 0, 0]], "36949.sol": [1, [1, 1, 1, 1, 0, 0, 0, 1, 1, 0]], "23266.sol": [1, [1, 0, 0, 0, 0, 0, 0, 0, 0, 0]], "6053.sol": [1, [1, 1, 1, 0, 1, 0, 0, 1, 1, 0]], "16554.sol": [0, [0, 0, 0, 0, 0, 0, 0, 0, 0, 0]], "15637.sol": [1, [1, 1, 0, 0, 0, 1, 1, 1, 0, 0]], "450.sol": [1, [1, 1, 0, 0, 0, 0, 0, 0, 0, 0]], "23044.sol": [1, [0, 1, 1, 1, 0, 0, 0, 0, 0, 0]], "33447.sol": [0, [0, 0, 0, 0, 0, 0, 0, 0, 0, 0]], "14804.sol": [1, [1, 1, 1, 1, 1, 1, 1, 1, 1, 1]], "19197.sol": [0, [0, 0, 0, 0, 0, 0, 0, 0, 0, 0]], "21748.sol": [1, [0, 0, 0, 1, 0, 1, 0, 0, 0, 0]], "10079.sol": [1, [1, 1, 0, 0, 0, 0, 0, 0, 0, 0]], "22793.sol": [1, [0, 1, 0, 1, 1, 0, 0, 0, 0, 1]], "14024.sol": [1, [0, 0, 0, 0, 0, 0, 0, 0, 1, 1]], "24152.sol": [1, [1, 1, 0, 0, 1, 1, 0, 0, 0, 0]], "4181.sol": [1, [1, 1, 1, 0, 0, 0, 0, 0, 0, 0]], "8228.sol": [1, [1, 1, 0, 0, 0, 0, 0, 0, 0, 0]], "19509.sol": [1, [1, 1, 1, 0, 0, 0, 0, 0, 0, 0]], "24622.sol": [1, [1, 1, 1, 1, 1, 1, 1, 1, 1, 0]], "13977.sol": [1, [0, 0, 0, 1, 0, 1, 0, 0, 0, 0]], "14554.sol": [1, [1, 1, 0, 0, 0, 0, 0, 0, 0, 0]], "24721.sol": [1, [1, 1, 1, 1, 1, 1, 1, 1, 1, 1]], "3716.sol": [1, [1, 1, 1, 1, 1, 1, 1, 1, 1, 1]], "18796.sol": [1, [1, 1, 0, 0, 0, 0, 0, 0, 0, 0]], "36172.sol": [1, [1, 1, 0, 1, 0, 1, 1, 1, 0, 1]], "22469.sol": [1, [1, 1, 1, 1, 1, 1, 1, 1, 1, 1]], "50.sol": [1, [0, 0, 0, 0, 0, 0, 0, 0, 1, 1]], "25586.sol": [1, [0, 0, 0, 0, 0, 0, 0, 1, 0, 1]], "11766.sol": [1, [0, 0, 1, 0, 0, 0, 0, 0, 0, 0]], "9152.sol": [1, [1, 1, 1, 1, 1, 1, 1, 1, 1, 1]], "21636.sol": [1, [1, 1, 1, 1, 1, 1, 1, 1, 1, 1]]}