{"20385.sol": [0, [0, 0, 0, 0, 0, 0, 0, 0, 0, 0]], "3484.sol": [0, [0, 0, 0, 0, 0, 0, 0, 0, 0, 0]], "27196.sol": [0, [0, 0, 0, 0, 0, 0, 0, 0, 0, 0]], "24770.sol": [0, [0, 0, 0, 0, 0, 0, 0, 0, 0, 0]], "24444.sol": [0, [0, 0, 0, 0, 0, 0, 0, 0, 0, 0]], "633.sol": [0, [0, 0, 0, 0, 0, 0, 0, 0, 0, 0]], "12620.sol": [0, [0, 0, 0, 0, 0, 0, 0, 0, 0, 0]], "9008.sol": [0, [0, 0, 0, 0, 0, 0, 0, 0, 0, 0]], "17368.sol": [0, [0, 0, 0, 0, 0, 0, 0, 0, 0, 0]], "29671.sol": [0, [0, 0, 0, 0, 0, 0, 0, 0, 0, 0]], "32010.sol": [0, [0, 0, 0, 0, 0, 0, 0, 0, 0, 0]], "39261.sol": [0, [0, 0, 0, 0, 0, 0, 0, 0, 0, 0]], "29703.sol": [0, [0, 0, 0, 0, 0, 0, 0, 0, 0, 0]], "3581.sol": [0, [0, 0, 0, 0, 0, 0, 0, 0, 0, 0]], "37216.sol": [0, [0, 0, 0, 0, 0, 0, 0, 0, 0, 0]], "35682.sol": [0, [0, 0, 0, 0, 0, 0, 0, 0, 0, 0]], "23009.sol": [0, [0, 0, 0, 0, 0, 0, 0, 0, 0, 0]], "529.sol": [0, [0, 0, 0, 0, 0, 0, 0, 0, 0, 0]], "27811.sol": [0, [0, 0, 0, 0, 0, 0, 0, 0, 0, 0]], "31426.sol": [0, [0, 0, 0, 0, 0, 0, 0, 0, 0, 0]], "30789.sol": [1, [1, 0, 0, 0, 0, 0, 0, 0, 0, 0]], "22965.sol": [0, [0, 0, 0, 0, 0, 0, 0, 0, 0, 0]], "39466.sol": [0, [0, 0, 0, 0, 0, 0, 0, 0, 0, 0]], "14146.sol": [0, [0, 0, 0, 0, 0, 0, 0, 0, 0, 0]], "5922.sol": [0, [0, 0, 0, 0, 0, 0, 0, 0, 0, 0]], "8943.sol": [0, [0, 0, 0, 0, 0, 0, 0, 0, 0, 0]], "10143.sol": [1, [1, 1, 1, 1, 1, 0, 1, 1, 0, 0]], "30357.sol": [1, [1, 1, 0, 0, 0, 0, 0, 0, 0, 0]], "30740.sol": [1, [1, 1, 1, 1, 1, 1, 1, 1, 0, 1]], "7214.sol": [1, [0, 0, 1, 0, 0, 0, 1, 0, 0, 0]], "10140.sol": [1, [1, 1, 1, 1, 1, 0, 1, 1, 0, 0]], "32420.sol": [1, [1, 1, 0, 0, 0, 0, 0, 0, 0, 0]], "10727.sol": [1, [1, 1, 0, 0, 0, 0, 0, 0, 0, 0]], "34410.sol": [1, [1, 1, 0, 0, 0, 0, 0, 0, 0, 0]], "26926.sol": [0, [0, 0, 0, 0, 0, 0, 0, 0, 0, 0]], "11772.sol": [1, [1, 1, 1, 1, 1, 1, 1, 1, 0, 1]], "3419.sol": [1, [0, 0, 1, 0, 0, 0, 1, 0, 0, 0]], "22943.sol": [1, [0, 0, 0, 0, 0, 0, 1, 1, 0, 0]], "8304.sol": [1, [1, 0, 1, 1, 1, 0, 1, 1, 0, 0]]}