{"12766.sol": [0, [0, 0, 0, 0, 0, 0, 0, 0, 0, 0]], "13672.sol": [0, [0, 0, 0, 0, 0, 0, 0, 0, 0, 0]], "26813.sol": [0, [0, 0, 0, 0, 0, 0, 0, 0, 0, 0]], "744.sol": [1, [1, 1, 0, 0, 0, 0, 0, 0, 0, 0]], "9978.sol": [0, [0, 0, 0, 0, 0, 0, 0, 0, 0, 0]], "3739.sol": [0, [0, 0, 0, 0, 0, 0, 0, 0, 0, 0]], "28103.sol": [0, [0, 0, 0, 0, 0, 0, 0, 0, 0, 0]], "12200.sol": [0, [0, 0, 0, 0, 0, 0, 0, 0, 0, 0]], "5343.sol": [0, [0, 0, 0, 0, 0, 0, 0, 0, 0, 0]], "6760.sol": [0, [0, 0, 0, 0, 0, 0, 0, 0, 0, 0]], "15174.sol": [0, [0, 0, 0, 0, 0, 0, 0, 0, 0, 0]], "12604.sol": [0, [0, 0, 0, 0, 0, 0, 0, 0, 0, 0]], "10326.sol": [0, [0, 0, 0, 0, 0, 0, 0, 0, 0, 0]], "27308.sol": [0, [0, 0, 0, 0, 0, 0, 0, 0, 0, 0]], "9555.sol": [0, [0, 0, 0, 0, 0, 0, 0, 0, 0, 0]], "31591.sol": [0, [0, 0, 0, 0, 0, 0, 0, 0, 0, 0]], "26243.sol": [0, [0, 0, 0, 0, 0, 0, 0, 0, 0, 0]], "20551.sol": [0, [0, 0, 0, 0, 0, 0, 0, 0, 0, 0]], "11786.sol": [0, [0, 0, 0, 0, 0, 0, 0, 0, 0, 0]], "24159.sol": [0, [0, 0, 0, 0, 0, 0, 0, 0, 0, 0]], "11046.sol": [1, [1, 0, 0, 0, 0, 0, 0, 0, 0, 0]], "30548.sol": [0, [0, 0, 0, 0, 0, 0, 0, 0, 0, 0]], "19553.sol": [0, [0, 0, 0, 0, 0, 0, 0, 0, 0, 0]], "2372.sol": [0, [0, 0, 0, 0, 0, 0, 0, 0, 0, 0]], "13078.sol": [0, [0, 0, 0, 0, 0, 0, 0, 0, 0, 0]], "13083.sol": [0, [0, 0, 0, 0, 0, 0, 0, 0, 0, 0]], "25194.sol": [0, [0, 0, 0, 0, 0, 0, 0, 0, 0, 0]], "10211.sol": [0, [0, 0, 0, 0, 0, 0, 0, 0, 0, 0]], "3798.sol": [0, [0, 0, 0, 0, 0, 0, 0, 0, 0, 0]], "38661.sol": [0, [0, 0, 0, 0, 0, 0, 0, 0, 0, 0]], "24751.sol": [0, [0, 0, 0, 0, 0, 0, 0, 0, 0, 0]], "16860.sol": [0, [0, 0, 0, 0, 0, 0, 0, 0, 0, 0]], "22742.sol": [0, [0, 0, 0, 0, 0, 0, 0, 0, 0, 0]], "26470.sol": [0, [0, 0, 0, 0, 0, 0, 0, 0, 0, 0]], "25529.sol": [0, [0, 0, 0, 0, 0, 0, 0, 0, 0, 0]], "18175.sol": [0, [0, 0, 0, 0, 0, 0, 0, 0, 0, 0]], "10787.sol": [0, [0, 0, 0, 0, 0, 0, 0, 0, 0, 0]], "28668.sol": [0, [0, 0, 0, 0, 0, 0, 0, 0, 0, 0]], "15084.sol": [0, [0, 0, 0, 0, 0, 0, 0, 0, 0, 0]], "18469.sol": [0, [0, 0, 0, 0, 0, 0, 0, 0, 0, 0]], "32879.sol": [1, [1, 1, 1, 1, 1, 1, 1, 1, 0, 1]], "20174.sol": [0, [0, 0, 0, 0, 0, 0, 0, 0, 0, 0]], "27279.sol": [0, [0, 0, 0, 0, 0, 0, 0, 0, 0, 0]], "18999.sol": [1, [0, 0, 0, 1, 0, 1, 0, 0, 0, 0]], "27276.sol": [0, [0, 0, 0, 0, 0, 0, 0, 0, 0, 0]], "11766.sol": [0, [0, 0, 0, 0, 0, 0, 0, 0, 0, 0]], "40624.sol": [0, [0, 0, 0, 0, 0, 0, 0, 0, 0, 0]], "12270.sol": [0, [0, 0, 0, 0, 0, 0, 0, 0, 0, 0]], "9038.sol": [0, [0, 0, 0, 0, 0, 0, 0, 0, 0, 0]], "13292.sol": [0, [0, 0, 0, 0, 0, 0, 0, 0, 0, 0]], "11299.sol": [0, [0, 0, 0, 0, 0, 0, 0, 0, 0, 0]], "27467.sol": [0, [0, 0, 0, 0, 0, 0, 0, 0, 0, 0]], "28035.sol": [0, [0, 0, 0, 0, 0, 0, 0, 0, 0, 0]], "22017.sol": [0, [0, 0, 0, 0, 0, 0, 0, 0, 0, 0]], "37628.sol": [0, [0, 0, 0, 0, 0, 0, 0, 0, 0, 0]], "32690.sol": [0, [0, 0, 0, 0, 0, 0, 0, 0, 0, 0]], "270.sol": [0, [0, 0, 0, 0, 0, 0, 0, 0, 0, 0]], "28977.sol": [0, [0, 0, 0, 0, 0, 0, 0, 0, 0, 0]], "26667.sol": [0, [0, 0, 0, 0, 0, 0, 0, 0, 0, 0]], "1941.sol": [0, [0, 0, 0, 0, 0, 0, 0, 0, 0, 0]], "3373.sol": [0, [0, 0, 0, 0, 0, 0, 0, 0, 0, 0]], "23398.sol": [0, [0, 0, 0, 0, 0, 0, 0, 0, 0, 0]], "25190.sol": [0, [0, 0, 0, 0, 0, 0, 0, 0, 0, 0]], "23455.sol": [0, [0, 0, 0, 0, 0, 0, 0, 0, 0, 0]], "35240.sol": [0, [0, 0, 0, 0, 0, 0, 0, 0, 0, 0]], "35923.sol": [0, [0, 0, 0, 0, 0, 0, 0, 0, 0, 0]], "520.sol": [0, [0, 0, 0, 0, 0, 0, 0, 0, 0, 0]], "12220.sol": [0, [0, 0, 0, 0, 0, 0, 0, 0, 0, 0]], "8144.sol": [0, [0, 0, 0, 0, 0, 0, 0, 0, 0, 0]], "6992.sol": [0, [0, 0, 0, 0, 0, 0, 0, 0, 0, 0]], "9350.sol": [0, [0, 0, 0, 0, 0, 0, 0, 0, 0, 0]], "13871.sol": [0, [0, 0, 0, 0, 0, 0, 0, 0, 0, 0]], "18539.sol": [0, [0, 0, 0, 0, 0, 0, 0, 0, 0, 0]], "29953.sol": [0, [0, 0, 0, 0, 0, 0, 0, 0, 0, 0]], "35206.sol": [0, [0, 0, 0, 0, 0, 0, 0, 0, 0, 0]], "1513.sol": [0, [0, 0, 0, 0, 0, 0, 0, 0, 0, 0]], "21831.sol": [1, [0, 0, 0, 0, 1, 1, 1, 1, 0, 0]], "6063.sol": [0, [0, 0, 0, 0, 0, 0, 0, 0, 0, 0]], "36183.sol": [0, [0, 0, 0, 0, 0, 0, 0, 0, 0, 0]], "11545.sol": [0, [0, 0, 0, 0, 0, 0, 0, 0, 0, 0]], "810.sol": [0, [0, 0, 0, 0, 0, 0, 0, 0, 0, 0]], "8554.sol": [0, [0, 0, 0, 0, 0, 0, 0, 0, 0, 0]], "10685.sol": [0, [0, 0, 0, 0, 0, 0, 0, 0, 0, 0]], "27399.sol": [0, [0, 0, 0, 0, 0, 0, 0, 0, 0, 0]], "13377.sol": [0, [0, 0, 0, 0, 0, 0, 0, 0, 0, 0]], "24070.sol": [0, [0, 0, 0, 0, 0, 0, 0, 0, 0, 0]], "19605.sol": [0, [0, 0, 0, 0, 0, 0, 0, 0, 0, 0]], "20446.sol": [0, [0, 0, 0, 0, 0, 0, 0, 0, 0, 0]], "23639.sol": [0, [0, 0, 0, 0, 0, 0, 0, 0, 0, 0]], "32510.sol": [0, [0, 0, 0, 0, 0, 0, 0, 0, 0, 0]], "6860.sol": [0, [0, 0, 0, 0, 0, 0, 0, 0, 0, 0]], "12507.sol": [0, [0, 0, 0, 0, 0, 0, 0, 0, 0, 0]], "29266.sol": [0, [0, 0, 0, 0, 0, 0, 0, 0, 0, 0]], "33427.sol": [0, [0, 0, 0, 0, 0, 0, 0, 0, 0, 0]], "34633.sol": [0, [0, 0, 0, 0, 0, 0, 0, 0, 0, 0]], "29782.sol": [0, [0, 0, 0, 0, 0, 0, 0, 0, 0, 0]], "12489.sol": [0, [0, 0, 0, 0, 0, 0, 0, 0, 0, 0]], "4232.sol": [0, [0, 0, 0, 0, 0, 0, 0, 0, 0, 0]], "9294.sol": [0, [0, 0, 0, 0, 0, 0, 0, 0, 0, 0]], "12777.sol": [0, [0, 0, 0, 0, 0, 0, 0, 0, 0, 0]], "16936.sol": [0, [0, 0, 0, 0, 0, 0, 0, 0, 0, 0]], "16346.sol": [0, [0, 0, 0, 0, 0, 0, 0, 0, 0, 0]], "20670.sol": [0, [0, 0, 0, 0, 0, 0, 0, 0, 0, 0]], "34797.sol": [0, [0, 0, 0, 0, 0, 0, 0, 0, 0, 0]], "25117.sol": [0, [0, 0, 0, 0, 0, 0, 0, 0, 0, 0]], "8943.sol": [0, [0, 0, 0, 0, 0, 0, 0, 0, 0, 0]], "16427.sol": [0, [0, 0, 0, 0, 0, 0, 0, 0, 0, 0]], "31769.sol": [0, [0, 0, 0, 0, 0, 0, 0, 0, 0, 0]], "29720.sol": [1, [1, 0, 0, 0, 0, 0, 0, 0, 0, 0]], "23367.sol": [0, [0, 0, 0, 0, 0, 0, 0, 0, 0, 0]], "8964.sol": [0, [0, 0, 0, 0, 0, 0, 0, 0, 0, 0]], "21880.sol": [0, [0, 0, 0, 0, 0, 0, 0, 0, 0, 0]], "29821.sol": [0, [0, 0, 0, 0, 0, 0, 0, 0, 0, 0]], "30300.sol": [0, [0, 0, 0, 0, 0, 0, 0, 0, 0, 0]], "3006.sol": [0, [0, 0, 0, 0, 0, 0, 0, 0, 0, 0]], "33869.sol": [0, [0, 0, 0, 0, 0, 0, 0, 0, 0, 0]], "4211.sol": [0, [0, 0, 0, 0, 0, 0, 0, 0, 0, 0]], "12174.sol": [0, [0, 0, 0, 0, 0, 0, 0, 0, 0, 0]], "30751.sol": [0, [0, 0, 0, 0, 0, 0, 0, 0, 0, 0]], "16523.sol": [0, [0, 0, 0, 0, 0, 0, 0, 0, 0, 0]], "3722.sol": [0, [0, 0, 0, 0, 0, 0, 0, 0, 0, 0]], "22541.sol": [0, [0, 0, 0, 0, 0, 0, 0, 0, 0, 0]], "36750.sol": [0, [0, 0, 0, 0, 0, 0, 0, 0, 0, 0]], "28097.sol": [0, [0, 0, 0, 0, 0, 0, 0, 0, 0, 0]], "3929.sol": [0, [0, 0, 0, 0, 0, 0, 0, 0, 0, 0]], "6360.sol": [0, [0, 0, 0, 0, 0, 0, 0, 0, 0, 0]], "35597.sol": [0, [0, 0, 0, 0, 0, 0, 0, 0, 0, 0]], "12466.sol": [0, [0, 0, 0, 0, 0, 0, 0, 0, 0, 0]], "33678.sol": [0, [0, 0, 0, 0, 0, 0, 0, 0, 0, 0]], "32027.sol": [0, [0, 0, 0, 0, 0, 0, 0, 0, 0, 0]], "37351.sol": [0, [0, 0, 0, 0, 0, 0, 0, 0, 0, 0]], "16273.sol": [0, [0, 0, 0, 0, 0, 0, 0, 0, 0, 0]], "10010.sol": [0, [0, 0, 0, 0, 0, 0, 0, 0, 0, 0]], "502.sol": [0, [0, 0, 0, 0, 0, 0, 0, 0, 0, 0]], "5851.sol": [0, [0, 0, 0, 0, 0, 0, 0, 0, 0, 0]], "33542.sol": [0, [0, 0, 0, 0, 0, 0, 0, 0, 0, 0]], "15048.sol": [0, [0, 0, 0, 0, 0, 0, 0, 0, 0, 0]], "27606.sol": [0, [0, 0, 0, 0, 0, 0, 0, 0, 0, 0]], "16171.sol": [0, [0, 0, 0, 0, 0, 0, 0, 0, 0, 0]], "3264.sol": [0, [0, 0, 0, 0, 0, 0, 0, 0, 0, 0]], "13120.sol": [0, [0, 0, 0, 0, 0, 0, 0, 0, 0, 0]], "27832.sol": [0, [0, 0, 0, 0, 0, 0, 0, 0, 0, 0]], "14511.sol": [0, [0, 0, 0, 0, 0, 0, 0, 0, 0, 0]], "18334.sol": [0, [0, 0, 0, 0, 0, 0, 0, 0, 0, 0]], "7928.sol": [0, [0, 0, 0, 0, 0, 0, 0, 0, 0, 0]], "25018.sol": [0, [0, 0, 0, 0, 0, 0, 0, 0, 0, 0]], "21447.sol": [0, [0, 0, 0, 0, 0, 0, 0, 0, 0, 0]], "22895.sol": [0, [0, 0, 0, 0, 0, 0, 0, 0, 0, 0]], "9391.sol": [0, [0, 0, 0, 0, 0, 0, 0, 0, 0, 0]], "3709.sol": [0, [0, 0, 0, 0, 0, 0, 0, 0, 0, 0]], "18834.sol": [1, [1, 1, 1, 0, 0, 0, 0, 1, 1, 0]], "1613.sol": [0, [0, 0, 0, 0, 0, 0, 0, 0, 0, 0]], "31502.sol": [0, [0, 0, 0, 0, 0, 0, 0, 0, 0, 0]], "20603.sol": [0, [0, 0, 0, 0, 0, 0, 0, 0, 0, 0]], "3233.sol": [0, [0, 0, 0, 0, 0, 0, 0, 0, 0, 0]], "19560.sol": [0, [0, 0, 0, 0, 0, 0, 0, 0, 0, 0]], "5225.sol": [0, [0, 0, 0, 0, 0, 0, 0, 0, 0, 0]], "6588.sol": [0, [0, 0, 0, 0, 0, 0, 0, 0, 0, 0]], "6945.sol": [0, [0, 0, 0, 0, 0, 0, 0, 0, 0, 0]], "726.sol": [0, [0, 0, 0, 0, 0, 0, 0, 0, 0, 0]], "39187.sol": [0, [0, 0, 0, 0, 0, 0, 0, 0, 0, 0]], "25138.sol": [0, [0, 0, 0, 0, 0, 0, 0, 0, 0, 0]], "8228.sol": [0, [0, 0, 0, 0, 0, 0, 0, 0, 0, 0]], "1082.sol": [0, [0, 0, 0, 0, 0, 0, 0, 0, 0, 0]], "11050.sol": [0, [0, 0, 0, 0, 0, 0, 0, 0, 0, 0]], "27869.sol": [0, [0, 0, 0, 0, 0, 0, 0, 0, 0, 0]], "21264.sol": [0, [0, 0, 0, 0, 0, 0, 0, 0, 0, 0]], "22314.sol": [0, [0, 0, 0, 0, 0, 0, 0, 0, 0, 0]], "12818.sol": [0, [0, 0, 0, 0, 0, 0, 0, 0, 0, 0]], "14322.sol": [0, [0, 0, 0, 0, 0, 0, 0, 0, 0, 0]], "27187.sol": [0, [0, 0, 0, 0, 0, 0, 0, 0, 0, 0]], "34763.sol": [0, [0, 0, 0, 0, 0, 0, 0, 0, 0, 0]], "2194.sol": [0, [0, 0, 0, 0, 0, 0, 0, 0, 0, 0]], "16366.sol": [0, [0, 0, 0, 0, 0, 0, 0, 0, 0, 0]], "7273.sol": [0, [0, 0, 0, 0, 0, 0, 0, 0, 0, 0]], "19135.sol": [0, [0, 0, 0, 0, 0, 0, 0, 0, 0, 0]], "16294.sol": [0, [0, 0, 0, 0, 0, 0, 0, 0, 0, 0]], "33075.sol": [0, [0, 0, 0, 0, 0, 0, 0, 0, 0, 0]], "14857.sol": [0, [0, 0, 0, 0, 0, 0, 0, 0, 0, 0]], "19297.sol": [0, [0, 0, 0, 0, 0, 0, 0, 0, 0, 0]], "2604.sol": [0, [0, 0, 0, 0, 0, 0, 0, 0, 0, 0]], "7524.sol": [0, [0, 0, 0, 0, 0, 0, 0, 0, 0, 0]], "752.sol": [0, [0, 0, 0, 0, 0, 0, 0, 0, 0, 0]], "9041.sol": [0, [0, 0, 0, 0, 0, 0, 0, 0, 0, 0]], "2481.sol": [0, [0, 0, 0, 0, 0, 0, 0, 0, 0, 0]], "6379.sol": [0, [0, 0, 0, 0, 0, 0, 0, 0, 0, 0]], "35184.sol": [0, [0, 0, 0, 0, 0, 0, 0, 0, 0, 0]], "23020.sol": [0, [0, 0, 0, 0, 0, 0, 0, 0, 0, 0]], "38208.sol": [0, [0, 0, 0, 0, 0, 0, 0, 0, 0, 0]], "32229.sol": [0, [0, 0, 0, 0, 0, 0, 0, 0, 0, 0]], "9130.sol": [0, [0, 0, 0, 0, 0, 0, 0, 0, 0, 0]], "14469.sol": [0, [0, 0, 0, 0, 0, 0, 0, 0, 0, 0]], "27062.sol": [0, [0, 0, 0, 0, 0, 0, 0, 0, 0, 0]], "18318.sol": [0, [0, 0, 0, 0, 0, 0, 0, 0, 0, 0]], "38074.sol": [0, [0, 0, 0, 0, 0, 0, 0, 0, 0, 0]], "20181.sol": [0, [0, 0, 0, 0, 0, 0, 0, 0, 0, 0]], "1622.sol": [0, [0, 0, 0, 0, 0, 0, 0, 0, 0, 0]], "7315.sol": [0, [0, 0, 0, 0, 0, 0, 0, 0, 0, 0]], "36353.sol": [0, [0, 0, 0, 0, 0, 0, 0, 0, 0, 0]], "34342.sol": [0, [0, 0, 0, 0, 0, 0, 0, 0, 0, 0]], "25670.sol": [0, [0, 0, 0, 0, 0, 0, 0, 0, 0, 0]], "7053.sol": [0, [0, 0, 0, 0, 0, 0, 0, 0, 0, 0]], "6091.sol": [0, [0, 0, 0, 0, 0, 0, 0, 0, 0, 0]], "23222.sol": [0, [0, 0, 0, 0, 0, 0, 0, 0, 0, 0]], "33046.sol": [0, [0, 0, 0, 0, 0, 0, 0, 0, 0, 0]], "32614.sol": [0, [0, 0, 0, 0, 0, 0, 0, 0, 0, 0]], "36602.sol": [0, [0, 0, 0, 0, 0, 0, 0, 0, 0, 0]], "30721.sol": [0, [0, 0, 0, 0, 0, 0, 0, 0, 0, 0]], "28061.sol": [0, [0, 0, 0, 0, 0, 0, 0, 0, 0, 0]], "15609.sol": [0, [0, 0, 0, 0, 0, 0, 0, 0, 0, 0]], "25689.sol": [0, [0, 0, 0, 0, 0, 0, 0, 0, 0, 0]], "16388.sol": [1, [0, 0, 1, 0, 0, 1, 0, 0, 1, 0]], "36214.sol": [0, [0, 0, 0, 0, 0, 0, 0, 0, 0, 0]], "2826.sol": [0, [0, 0, 0, 0, 0, 0, 0, 0, 0, 0]], "11275.sol": [0, [0, 0, 0, 0, 0, 0, 0, 0, 0, 0]], "22797.sol": [0, [0, 0, 0, 0, 0, 0, 0, 0, 0, 0]], "12642.sol": [0, [0, 0, 0, 0, 0, 0, 0, 0, 0, 0]], "26783.sol": [0, [0, 0, 0, 0, 0, 0, 0, 0, 0, 0]], "37187.sol": [0, [0, 0, 0, 0, 0, 0, 0, 0, 0, 0]], "3577.sol": [0, [0, 0, 0, 0, 0, 0, 0, 0, 0, 0]], "29386.sol": [0, [0, 0, 0, 0, 0, 0, 0, 0, 0, 0]], "10873.sol": [0, [0, 0, 0, 0, 0, 0, 0, 0, 0, 0]], "30179.sol": [0, [0, 0, 0, 0, 0, 0, 0, 0, 0, 0]], "28592.sol": [0, [0, 0, 0, 0, 0, 0, 0, 0, 0, 0]], "9793.sol": [0, [0, 0, 0, 0, 0, 0, 0, 0, 0, 0]], "18725.sol": [0, [0, 0, 0, 0, 0, 0, 0, 0, 0, 0]], "31398.sol": [0, [0, 0, 0, 0, 0, 0, 0, 0, 0, 0]], "11671.sol": [0, [0, 0, 0, 0, 0, 0, 0, 0, 0, 0]], "27112.sol": [0, [0, 0, 0, 0, 0, 0, 0, 0, 0, 0]], "17536.sol": [1, [1, 1, 0, 1, 0, 1, 0, 0, 0, 0]], "18966.sol": [0, [0, 0, 0, 0, 0, 0, 0, 0, 0, 0]], "32881.sol": [1, [1, 1, 1, 1, 1, 1, 1, 1, 0, 1]], "11691.sol": [0, [0, 0, 0, 0, 0, 0, 0, 0, 0, 0]], "16404.sol": [0, [0, 0, 0, 0, 0, 0, 0, 0, 0, 0]], "373.sol": [0, [0, 0, 0, 0, 0, 0, 0, 0, 0, 0]], "21372.sol": [0, [0, 0, 0, 0, 0, 0, 0, 0, 0, 0]], "7095.sol": [0, [0, 0, 0, 0, 0, 0, 0, 0, 0, 0]], "37534.sol": [0, [0, 0, 0, 0, 0, 0, 0, 0, 0, 0]], "15756.sol": [0, [0, 0, 0, 0, 0, 0, 0, 0, 0, 0]], "10976.sol": [1, [1, 0, 0, 0, 0, 0, 0, 0, 0, 0]], "31513.sol": [0, [0, 0, 0, 0, 0, 0, 0, 0, 0, 0]], "11028.sol": [0, [0, 0, 0, 0, 0, 0, 0, 0, 0, 0]], "12662.sol": [0, [0, 0, 0, 0, 0, 0, 0, 0, 0, 0]], "16250.sol": [1, [1, 1, 1, 1, 1, 1, 1, 1, 1, 1]], "26290.sol": [0, [0, 0, 0, 0, 0, 0, 0, 0, 0, 0]], "21510.sol": [0, [0, 0, 0, 0, 0, 0, 0, 0, 0, 0]], "23988.sol": [0, [0, 0, 0, 0, 0, 0, 0, 0, 0, 0]], "36528.sol": [0, [0, 0, 0, 0, 0, 0, 0, 0, 0, 0]], "34628.sol": [0, [0, 0, 0, 0, 0, 0, 0, 0, 0, 0]], "30258.sol": [0, [0, 0, 0, 0, 0, 0, 0, 0, 0, 0]], "36155.sol": [0, [0, 0, 0, 0, 0, 0, 0, 0, 0, 0]], "22713.sol": [0, [0, 0, 0, 0, 0, 0, 0, 0, 0, 0]], "28833.sol": [0, [0, 0, 0, 0, 0, 0, 0, 0, 0, 0]], "20914.sol": [0, [0, 0, 0, 0, 0, 0, 0, 0, 0, 0]], "30180.sol": [0, [0, 0, 0, 0, 0, 0, 0, 0, 0, 0]], "17039.sol": [0, [0, 0, 0, 0, 0, 0, 0, 0, 0, 0]], "28706.sol": [0, [0, 0, 0, 0, 0, 0, 0, 0, 0, 0]], "14648.sol": [0, [0, 0, 0, 0, 0, 0, 0, 0, 0, 0]], "39182.sol": [0, [0, 0, 0, 0, 0, 0, 0, 0, 0, 0]], "7844.sol": [0, [0, 0, 0, 0, 0, 0, 0, 0, 0, 0]], "18276.sol": [0, [0, 0, 0, 0, 0, 0, 0, 0, 0, 0]], "24126.sol": [0, [0, 0, 0, 0, 0, 0, 0, 0, 0, 0]], "2445.sol": [1, [1, 1, 1, 0, 1, 0, 1, 0, 1, 1]], "3705.sol": [0, [0, 0, 0, 0, 0, 0, 0, 0, 0, 0]], "12054.sol": [1, [0, 0, 1, 0, 0, 0, 0, 0, 0, 0]], "36467.sol": [0, [0, 0, 0, 0, 0, 0, 0, 0, 0, 0]], "35770.sol": [1, [0, 0, 1, 1, 1, 0, 1, 0, 1, 0]], "17273.sol": [0, [0, 0, 0, 0, 0, 0, 0, 0, 0, 0]], "19279.sol": [0, [0, 0, 0, 0, 0, 0, 0, 0, 0, 0]], "36973.sol": [0, [0, 0, 0, 0, 0, 0, 0, 0, 0, 0]], "22080.sol": [1, [0, 1, 0, 1, 1, 0, 0, 1, 0, 1]], "24629.sol": [0, [0, 0, 0, 0, 0, 0, 0, 0, 0, 0]], "14299.sol": [0, [0, 0, 0, 0, 0, 0, 0, 0, 0, 0]], "21103.sol": [0, [0, 0, 0, 0, 0, 0, 0, 0, 0, 0]], "16906.sol": [0, [0, 0, 0, 0, 0, 0, 0, 0, 0, 0]], "17268.sol": [0, [0, 0, 0, 0, 0, 0, 0, 0, 0, 0]], "37630.sol": [0, [0, 0, 0, 0, 0, 0, 0, 0, 0, 0]], "14159.sol": [0, [0, 0, 0, 0, 0, 0, 0, 0, 0, 0]], "9558.sol": [1, [1, 1, 0, 0, 0, 0, 0, 0, 0, 0]], "38501.sol": [0, [0, 0, 0, 0, 0, 0, 0, 0, 0, 0]], "33444.sol": [0, [0, 0, 0, 0, 0, 0, 0, 0, 0, 0]], "27080.sol": [1, [1, 1, 1, 1, 0, 1, 1, 1, 1, 0]], "28608.sol": [0, [0, 0, 0, 0, 0, 0, 0, 0, 0, 0]], "1300.sol": [0, [0, 0, 0, 0, 0, 0, 0, 0, 0, 0]], "4049.sol": [0, [0, 0, 0, 0, 0, 0, 0, 0, 0, 0]], "26385.sol": [0, [0, 0, 0, 0, 0, 0, 0, 0, 0, 0]], "5777.sol": [0, [0, 0, 0, 0, 0, 0, 0, 0, 0, 0]], "29682.sol": [0, [0, 0, 0, 0, 0, 0, 0, 0, 0, 0]], "24188.sol": [0, [0, 0, 0, 0, 0, 0, 0, 0, 0, 0]], "24633.sol": [0, [0, 0, 0, 0, 0, 0, 0, 0, 0, 0]], "33994.sol": [0, [0, 0, 0, 0, 0, 0, 0, 0, 0, 0]], "4608.sol": [0, [0, 0, 0, 0, 0, 0, 0, 0, 0, 0]], "23134.sol": [0, [0, 0, 0, 0, 0, 0, 0, 0, 0, 0]], "33261.sol": [0, [0, 0, 0, 0, 0, 0, 0, 0, 0, 0]], "3805.sol": [1, [0, 1, 0, 0, 0, 0, 0, 0, 0, 0]], "14340.sol": [0, [0, 0, 0, 0, 0, 0, 0, 0, 0, 0]], "24102.sol": [0, [0, 0, 0, 0, 0, 0, 0, 0, 0, 0]], "8895.sol": [0, [0, 0, 0, 0, 0, 0, 0, 0, 0, 0]], "14985.sol": [0, [0, 0, 0, 0, 0, 0, 0, 0, 0, 0]], "23385.sol": [0, [0, 0, 0, 0, 0, 0, 0, 0, 0, 0]], "23891.sol": [0, [0, 0, 0, 0, 0, 0, 0, 0, 0, 0]], "8473.sol": [0, [0, 0, 0, 0, 0, 0, 0, 0, 0, 0]], "25661.sol": [0, [0, 0, 0, 0, 0, 0, 0, 0, 0, 0]], "27249.sol": [0, [0, 0, 0, 0, 0, 0, 0, 0, 0, 0]], "20094.sol": [0, [0, 0, 0, 0, 0, 0, 0, 0, 0, 0]], "10317.sol": [0, [0, 0, 0, 0, 0, 0, 0, 0, 0, 0]], "7887.sol": [0, [0, 0, 0, 0, 0, 0, 0, 0, 0, 0]], "8237.sol": [0, [0, 0, 0, 0, 0, 0, 0, 0, 0, 0]], "33520.sol": [0, [0, 0, 0, 0, 0, 0, 0, 0, 0, 0]], "40240.sol": [1, [0, 0, 0, 0, 0, 0, 0, 0, 0, 1]], "38391.sol": [0, [0, 0, 0, 0, 0, 0, 0, 0, 0, 0]], "33387.sol": [0, [0, 0, 0, 0, 0, 0, 0, 0, 0, 0]], "7132.sol": [0, [0, 0, 0, 0, 0, 0, 0, 0, 0, 0]], "5539.sol": [0, [0, 0, 0, 0, 0, 0, 0, 0, 0, 0]], "3572.sol": [0, [0, 0, 0, 0, 0, 0, 0, 0, 0, 0]], "30164.sol": [0, [0, 0, 0, 0, 0, 0, 0, 0, 0, 0]], "27460.sol": [0, [0, 0, 0, 0, 0, 0, 0, 0, 0, 0]], "33249.sol": [0, [0, 0, 0, 0, 0, 0, 0, 0, 0, 0]], "15882.sol": [0, [0, 0, 0, 0, 0, 0, 0, 0, 0, 0]], "6494.sol": [0, [0, 0, 0, 0, 0, 0, 0, 0, 0, 0]], "18470.sol": [0, [0, 0, 0, 0, 0, 0, 0, 0, 0, 0]], "24285.sol": [0, [0, 0, 0, 0, 0, 0, 0, 0, 0, 0]], "2421.sol": [0, [0, 0, 0, 0, 0, 0, 0, 0, 0, 0]], "262.sol": [0, [0, 0, 0, 0, 0, 0, 0, 0, 0, 0]], "34290.sol": [0, [0, 0, 0, 0, 0, 0, 0, 0, 0, 0]], "405.sol": [0, [0, 0, 0, 0, 0, 0, 0, 0, 0, 0]], "33839.sol": [0, [0, 0, 0, 0, 0, 0, 0, 0, 0, 0]], "33162.sol": [0, [0, 0, 0, 0, 0, 0, 0, 0, 0, 0]], "17277.sol": [0, [0, 0, 0, 0, 0, 0, 0, 0, 0, 0]], "2983.sol": [0, [0, 0, 0, 0, 0, 0, 0, 0, 0, 0]], "37812.sol": [0, [0, 0, 0, 0, 0, 0, 0, 0, 0, 0]], "21799.sol": [0, [0, 0, 0, 0, 0, 0, 0, 0, 0, 0]], "19091.sol": [0, [0, 0, 0, 0, 0, 0, 0, 0, 0, 0]], "38394.sol": [0, [0, 0, 0, 0, 0, 0, 0, 0, 0, 0]], "24087.sol": [0, [0, 0, 0, 0, 0, 0, 0, 0, 0, 0]], "37871.sol": [0, [0, 0, 0, 0, 0, 0, 0, 0, 0, 0]], "29213.sol": [0, [0, 0, 0, 0, 0, 0, 0, 0, 0, 0]], "31800.sol": [0, [0, 0, 0, 0, 0, 0, 0, 0, 0, 0]], "16525.sol": [0, [0, 0, 0, 0, 0, 0, 0, 0, 0, 0]], "23804.sol": [0, [0, 0, 0, 0, 0, 0, 0, 0, 0, 0]], "1047.sol": [0, [0, 0, 0, 0, 0, 0, 0, 0, 0, 0]], "28072.sol": [0, [0, 0, 0, 0, 0, 0, 0, 0, 0, 0]], "12072.sol": [0, [0, 0, 0, 0, 0, 0, 0, 0, 0, 0]], "32876.sol": [0, [0, 0, 0, 0, 0, 0, 0, 0, 0, 0]], "39738.sol": [0, [0, 0, 0, 0, 0, 0, 0, 0, 0, 0]], "5097.sol": [0, [0, 0, 0, 0, 0, 0, 0, 0, 0, 0]], "30028.sol": [0, [0, 0, 0, 0, 0, 0, 0, 0, 0, 0]], "10219.sol": [0, [0, 0, 0, 0, 0, 0, 0, 0, 0, 0]], "31356.sol": [1, [1, 0, 0, 1, 1, 0, 0, 1, 0, 0]], "40321.sol": [0, [0, 0, 0, 0, 0, 0, 0, 0, 0, 0]], "22279.sol": [0, [0, 0, 0, 0, 0, 0, 0, 0, 0, 0]], "7300.sol": [0, [0, 0, 0, 0, 0, 0, 0, 0, 0, 0]], "3263.sol": [0, [0, 0, 0, 0, 0, 0, 0, 0, 0, 0]], "174.sol": [0, [0, 0, 0, 0, 0, 0, 0, 0, 0, 0]], "4095.sol": [0, [0, 0, 0, 0, 0, 0, 0, 0, 0, 0]], "18778.sol": [0, [0, 0, 0, 0, 0, 0, 0, 0, 0, 0]], "27781.sol": [0, [0, 0, 0, 0, 0, 0, 0, 0, 0, 0]], "29274.sol": [0, [0, 0, 0, 0, 0, 0, 0, 0, 0, 0]], "40040.sol": [0, [0, 0, 0, 0, 0, 0, 0, 0, 0, 0]], "36132.sol": [0, [0, 0, 0, 0, 0, 0, 0, 0, 0, 0]], "26400.sol": [0, [0, 0, 0, 0, 0, 0, 0, 0, 0, 0]], "35234.sol": [1, [0, 0, 0, 0, 0, 1, 0, 0, 1, 1]], "15178.sol": [1, [1, 1, 1, 1, 1, 1, 1, 1, 1, 1]], "33157.sol": [0, [0, 0, 0, 0, 0, 0, 0, 0, 0, 0]], "21189.sol": [0, [0, 0, 0, 0, 0, 0, 0, 0, 0, 0]], "2325.sol": [0, [0, 0, 0, 0, 0, 0, 0, 0, 0, 0]], "40423.sol": [0, [0, 0, 0, 0, 0, 0, 0, 0, 0]], "13153.sol": [0, [0, 0, 0, 0, 0, 0, 0, 0, 0, 0]], "12003.sol": [0, [0, 0, 0, 0, 0, 0, 0, 0, 0, 0]], "23045.sol": [0, [0, 0, 0, 0, 0, 0, 0, 0, 0, 0]], "33371.sol": [0, [0, 0, 0, 0, 0, 0, 0, 0, 0, 0]], "6022.sol": [0, [0, 0, 0, 0, 0, 0, 0, 0, 0, 0]], "19534.sol": [0, [0, 0, 0, 0, 0, 0, 0, 0, 0, 0]], "35011.sol": [0, [0, 0, 0, 0, 0, 0, 0, 0, 0, 0]], "33757.sol": [0, [0, 0, 0, 0, 0, 0, 0, 0, 0, 0]], "9193.sol": [0, [0, 0, 0, 0, 0, 0, 0, 0, 0, 0]], "13511.sol": [0, [0, 0, 0, 0, 0, 0, 0, 0, 0, 0]], "29655.sol": [0, [0, 0, 0, 0, 0, 0, 0, 0, 0, 0]], "33409.sol": [0, [0, 0, 0, 0, 0, 0, 0, 0, 0, 0]], "14106.sol": [0, [0, 0, 0, 0, 0, 0, 0, 0, 0, 0]], "32923.sol": [0, [0, 0, 0, 0, 0, 0, 0, 0, 0, 0]], "6785.sol": [0, [0, 0, 0, 0, 0, 0, 0, 0, 0, 0]], "6228.sol": [0, [0, 0, 0, 0, 0, 0, 0, 0, 0, 0]], "32857.sol": [0, [0, 0, 0, 0, 0, 0, 0, 0, 0, 0]], "10233.sol": [0, [0, 0, 0, 0, 0, 0, 0, 0, 0, 0]], "10213.sol": [0, [0, 0, 0, 0, 0, 0, 0, 0, 0, 0]], "1550.sol": [0, [0, 0, 0, 0, 0, 0, 0, 0, 0, 0]], "11583.sol": [0, [0, 0, 0, 0, 0, 0, 0, 0, 0, 0]], "5666.sol": [0, [0, 0, 0, 0, 0, 0, 0, 0, 0, 0]], "19943.sol": [0, [0, 0, 0, 0, 0, 0, 0, 0, 0, 0]], "39536.sol": [0, [0, 0, 0, 0, 0, 0, 0, 0, 0, 0]], "39383.sol": [0, [0, 0, 0, 0, 0, 0, 0, 0, 0, 0]], "6088.sol": [0, [0, 0, 0, 0, 0, 0, 0, 0, 0, 0]], "39148.sol": [0, [0, 0, 0, 0, 0, 0, 0, 0, 0, 0]], "22535.sol": [0, [0, 0, 0, 0, 0, 0, 0, 0, 0, 0]], "16348.sol": [0, [0, 0, 0, 0, 0, 0, 0, 0, 0, 0]], "11274.sol": [0, [0, 0, 0, 0, 0, 0, 0, 0, 0, 0]], "35216.sol": [0, [0, 0, 0, 0, 0, 0, 0, 0, 0, 0]], "14471.sol": [0, [0, 0, 0, 0, 0, 0, 0, 0, 0, 0]], "27258.sol": [1, [1, 1, 1, 0, 0, 0, 0, 0, 0, 0]], "225.sol": [0, [0, 0, 0, 0, 0, 0, 0, 0, 0, 0]], "24351.sol": [1, [1, 1, 1, 1, 1, 0, 0, 0, 0, 0]], "9179.sol": [0, [0, 0, 0, 0, 0, 0, 0, 0, 0, 0]], "29241.sol": [1, [1, 0, 0, 0, 0, 0, 0, 0, 0, 0]], "36534.sol": [0, [0, 0, 0, 0, 0, 0, 0, 0, 0, 0]], "34586.sol": [0, [0, 0, 0, 0, 0, 0, 0, 0, 0, 0]], "38606.sol": [0, [0, 0, 0, 0, 0, 0, 0, 0, 0, 0]], "20302.sol": [0, [0, 0, 0, 0, 0, 0, 0, 0, 0, 0]], "38524.sol": [0, [0, 0, 0, 0, 0, 0, 0, 0, 0, 0]], "24075.sol": [0, [0, 0, 0, 0, 0, 0, 0, 0, 0, 0]], "38770.sol": [0, [0, 0, 0, 0, 0, 0, 0, 0, 0, 0]], "22979.sol": [0, [0, 0, 0, 0, 0, 0, 0, 0, 0, 0]], "17097.sol": [0, [0, 0, 0, 0, 0, 0, 0, 0, 0, 0]], "22950.sol": [0, [0, 0, 0, 0, 0, 0]], "36782.sol": [0, [0, 0, 0, 0, 0, 0, 0, 0, 0, 0]], "32667.sol": [0, [0, 0, 0, 0, 0, 0, 0, 0, 0, 0]], "21044.sol": [0, [0, 0, 0, 0, 0, 0, 0, 0, 0, 0]], "33122.sol": [0, [0, 0, 0, 0, 0, 0, 0, 0, 0, 0]], "21516.sol": [0, [0, 0, 0, 0, 0, 0, 0, 0, 0, 0]], "3522.sol": [0, [0, 0, 0, 0, 0, 0, 0, 0, 0, 0]], "15172.sol": [0, [0, 0, 0, 0, 0, 0, 0, 0, 0, 0]], "40682.sol": [1, [1, 1, 0, 0, 1, 1, 1, 1, 0, 0]], "30819.sol": [0, [0, 0, 0, 0, 0, 0, 0, 0, 0, 0]], "30719.sol": [0, [0, 0, 0, 0, 0, 0, 0, 0, 0, 0]], "21441.sol": [0, [0, 0, 0, 0, 0, 0, 0, 0, 0, 0]], "4257.sol": [0, [0, 0, 0, 0, 0, 0, 0, 0, 0, 0]], "29776.sol": [0, [0, 0, 0, 0, 0, 0, 0, 0, 0, 0]], "11430.sol": [0, [0, 0, 0, 0, 0, 0, 0, 0, 0, 0]], "16172.sol": [0, [0, 0, 0, 0, 0, 0, 0, 0, 0, 0]], "1590.sol": [0, [0, 0, 0, 0, 0, 0, 0, 0, 0, 0]], "20696.sol": [0, [0, 0, 0, 0, 0, 0, 0, 0, 0, 0]], "24282.sol": [0, [0, 0, 0, 0, 0, 0, 0, 0, 0, 0]], "28137.sol": [0, [0, 0, 0, 0, 0, 0, 0, 0, 0, 0]], "16994.sol": [0, [0, 0, 0, 0, 0, 0, 0, 0, 0, 0]], "17434.sol": [0, [0, 0, 0, 0, 0, 0, 0, 0, 0, 0]], "3700.sol": [0, [0, 0, 0, 0, 0, 0, 0, 0, 0, 0]], "11698.sol": [1, [0, 1, 0, 0, 0, 1, 0, 0, 0, 0]], "13940.sol": [0, [0, 0, 0, 0, 0, 0, 0, 0, 0, 0]], "29389.sol": [0, [0, 0, 0, 0, 0, 0, 0, 0, 0, 0]], "11347.sol": [0, [0, 0, 0, 0, 0, 0, 0, 0, 0, 0]], "7901.sol": [0, [0, 0, 0, 0, 0, 0, 0, 0, 0, 0]], "28101.sol": [0, [0, 0, 0, 0, 0, 0, 0, 0, 0, 0]], "19019.sol": [0, [0, 0, 0, 0, 0, 0, 0, 0, 0, 0]], "25324.sol": [0, [0, 0, 0, 0, 0, 0, 0, 0, 0, 0]], "35462.sol": [0, [0, 0, 0, 0, 0, 0, 0, 0, 0, 0]], "15712.sol": [0, [0, 0, 0, 0, 0, 0, 0, 0, 0, 0]], "14520.sol": [0, [0, 0, 0, 0, 0, 0, 0, 0, 0, 0]], "8904.sol": [0, [0, 0, 0, 0, 0, 0, 0, 0, 0, 0]], "11199.sol": [0, [0, 0, 0, 0, 0, 0, 0, 0, 0, 0]], "32202.sol": [0, [0, 0, 0, 0, 0, 0, 0, 0, 0, 0]], "2890.sol": [0, [0, 0, 0, 0, 0, 0, 0, 0, 0, 0]], "26764.sol": [0, [0, 0, 0, 0, 0, 0, 0, 0, 0, 0]], "10075.sol": [0, [0, 0, 0, 0, 0, 0, 0, 0, 0, 0]], "25403.sol": [0, [0, 0, 0, 0, 0, 0, 0, 0, 0, 0]], "31757.sol": [0, [0, 0, 0, 0, 0, 0, 0, 0, 0, 0]], "6189.sol": [0, [0, 0, 0, 0, 0, 0, 0, 0, 0, 0]], "28666.sol": [0, [0, 0, 0, 0, 0, 0, 0, 0, 0, 0]], "28291.sol": [0, [0, 0, 0, 0, 0, 0, 0, 0, 0, 0]], "31859.sol": [0, [0, 0, 0, 0, 0, 0, 0, 0, 0, 0]], "16031.sol": [0, [0, 0, 0, 0, 0, 0, 0, 0, 0, 0]], "29233.sol": [0, [0, 0, 0, 0, 0, 0, 0, 0, 0, 0]], "22068.sol": [0, [0, 0, 0, 0, 0, 0, 0, 0, 0, 0]], "27385.sol": [0, [0, 0, 0, 0, 0, 0, 0, 0, 0, 0]], "7189.sol": [0, [0, 0, 0, 0, 0, 0, 0, 0, 0, 0]], "2392.sol": [0, [0, 0, 0, 0, 0, 0, 0, 0, 0, 0]], "36599.sol": [0, [0, 0, 0, 0, 0, 0, 0, 0, 0, 0]], "22501.sol": [0, [0, 0, 0, 0, 0, 0, 0, 0, 0, 0]], "9850.sol": [1, [1, 0, 1, 0, 1, 0, 0, 0, 0, 0]], "11783.sol": [0, [0, 0, 0, 0, 0, 0, 0, 0, 0, 0]], "38121.sol": [0, [0, 0, 0, 0, 0, 0, 0, 0, 0, 0]], "7370.sol": [1, [1, 0, 0, 1, 0, 1, 0, 1, 0, 0]], "2026.sol": [0, [0, 0, 0, 0, 0, 0, 0, 0, 0, 0]], "16887.sol": [0, [0, 0, 0, 0, 0, 0, 0, 0, 0, 0]], "20652.sol": [0, [0, 0, 0, 0, 0, 0, 0, 0, 0, 0]], "35675.sol": [0, [0, 0, 0, 0, 0, 0, 0, 0, 0, 0]], "12716.sol": [0, [0, 0, 0, 0, 0, 0, 0, 0, 0, 0]], "34671.sol": [0, [0, 0, 0, 0, 0, 0, 0, 0, 0, 0]], "1858.sol": [0, [0, 0, 0, 0, 0, 0, 0, 0, 0, 0]], "21913.sol": [0, [0, 0, 0, 0, 0, 0, 0, 0, 0, 0]], "39986.sol": [1, [0, 0, 0, 1, 1, 1, 1, 1, 1, 0]], "38020.sol": [0, [0, 0, 0, 0, 0, 0, 0, 0, 0, 0]], "28920.sol": [0, [0, 0, 0, 0, 0, 0, 0, 0, 0, 0]], "18319.sol": [0, [0, 0, 0, 0, 0, 0, 0, 0, 0, 0]], "866.sol": [0, [0, 0, 0, 0, 0, 0, 0, 0, 0, 0]], "25938.sol": [0, [0, 0, 0, 0, 0, 0, 0, 0, 0, 0]], "3967.sol": [1, [0, 0, 0, 1, 0, 0, 0, 0, 0, 0]], "19192.sol": [0, [0, 0, 0, 0, 0, 0, 0, 0, 0, 0]], "2585.sol": [0, [0, 0, 0, 0, 0, 0, 0, 0, 0]], "35990.sol": [0, [0, 0, 0, 0, 0, 0, 0, 0, 0, 0]], "5342.sol": [0, [0, 0, 0, 0, 0, 0, 0, 0, 0, 0]], "38629.sol": [0, [0, 0, 0, 0, 0, 0, 0, 0, 0, 0]], "28954.sol": [0, [0, 0, 0, 0, 0, 0, 0, 0, 0, 0]], "4291.sol": [0, [0, 0, 0, 0, 0, 0, 0, 0, 0, 0]], "31718.sol": [0, [0, 0, 0, 0, 0, 0, 0, 0, 0, 0]], "4447.sol": [0, [0, 0, 0, 0, 0, 0, 0, 0, 0, 0]], "21638.sol": [0, [0, 0, 0, 0, 0, 0, 0, 0, 0, 0]], "2231.sol": [0, [0, 0, 0, 0, 0, 0, 0, 0, 0, 0]], "12113.sol": [0, [0, 0, 0, 0, 0, 0, 0, 0, 0, 0]], "15324.sol": [0, [0, 0, 0, 0, 0, 0, 0, 0, 0, 0]], "210.sol": [0, [0, 0, 0, 0, 0, 0, 0, 0, 0, 0]], "22174.sol": [1, [0, 0, 0, 0, 0, 0, 0, 0, 0, 1]], "29959.sol": [0, [0, 0, 0, 0, 0, 0, 0, 0, 0, 0]], "7135.sol": [0, [0, 0, 0, 0, 0, 0, 0, 0, 0, 0]], "1743.sol": [0, [0, 0, 0, 0, 0, 0, 0, 0, 0, 0]], "7517.sol": [0, [0, 0, 0, 0, 0, 0, 0, 0, 0, 0]], "12637.sol": [0, [0, 0, 0, 0, 0, 0, 0, 0, 0, 0]], "28398.sol": [0, [0, 0, 0, 0, 0, 0, 0, 0, 0, 0]], "3477.sol": [0, [0, 0, 0, 0, 0, 0, 0, 0, 0, 0]], "25614.sol": [0, [0, 0, 0, 0, 0, 0, 0, 0, 0, 0]], "34171.sol": [0, [0, 0, 0, 0, 0, 0, 0, 0, 0, 0]], "11053.sol": [0, [0, 0, 0, 0, 0, 0, 0, 0, 0, 0]], "30570.sol": [0, [0, 0, 0, 0, 0, 0, 0, 0, 0, 0]], "19884.sol": [0, [0, 0, 0, 0, 0, 0, 0, 0, 0, 0]], "33665.sol": [0, [0, 0, 0, 0, 0, 0, 0, 0, 0, 0]], "37567.sol": [0, [0, 0, 0, 0, 0, 0, 0, 0, 0, 0]], "400.sol": [0, [0, 0, 0, 0, 0, 0, 0, 0, 0, 0]], "12727.sol": [0, [0, 0, 0, 0, 0, 0, 0, 0, 0, 0]], "6155.sol": [0, [0, 0, 0, 0, 0, 0, 0, 0, 0, 0]], "2210.sol": [0, [0, 0, 0, 0, 0, 0, 0, 0, 0, 0]], "31097.sol": [0, [0, 0, 0, 0, 0, 0, 0, 0, 0, 0]], "7827.sol": [0, [0, 0, 0, 0, 0, 0, 0, 0, 0, 0]], "2247.sol": [0, [0, 0, 0, 0, 0, 0, 0, 0, 0, 0]], "24804.sol": [0, [0, 0, 0, 0, 0, 0, 0, 0, 0, 0]], "10160.sol": [0, [0, 0, 0, 0, 0, 0, 0, 0, 0, 0]], "13211.sol": [0, [0, 0, 0, 0, 0, 0, 0, 0, 0, 0]], "21469.sol": [0, [0, 0, 0, 0, 0, 0, 0, 0, 0, 0]], "27188.sol": [0, [0, 0, 0, 0, 0, 0, 0, 0, 0, 0]], "16151.sol": [0, [0, 0, 0, 0, 0, 0, 0, 0, 0, 0]], "9254.sol": [0, [0, 0, 0, 0, 0, 0, 0, 0, 0, 0]], "7356.sol": [0, [0, 0, 0, 0, 0, 0, 0, 0, 0, 0]], "4029.sol": [0, [0, 0, 0, 0, 0, 0, 0, 0, 0, 0]], "6729.sol": [0, [0, 0, 0, 0, 0, 0, 0, 0, 0, 0]], "27595.sol": [0, [0, 0, 0, 0, 0, 0, 0, 0, 0, 0]], "22538.sol": [0, [0, 0, 0, 0, 0, 0, 0, 0, 0, 0]], "12587.sol": [0, [0, 0, 0, 0, 0, 0, 0, 0, 0, 0]], "38249.sol": [0, [0, 0, 0, 0, 0, 0, 0, 0, 0, 0]], "20334.sol": [0, [0, 0, 0, 0, 0, 0, 0, 0, 0, 0]], "7857.sol": [0, [0, 0, 0, 0, 0, 0, 0, 0, 0, 0]], "19478.sol": [0, [0, 0, 0, 0, 0, 0, 0, 0, 0, 0]], "18504.sol": [0, [0, 0, 0, 0, 0, 0, 0, 0, 0, 0]], "3258.sol": [0, [0, 0, 0, 0, 0, 0, 0, 0, 0, 0]], "16180.sol": [0, [0, 0, 0, 0, 0, 0, 0, 0, 0, 0]], "32388.sol": [0, [0, 0, 0, 0, 0, 0, 0, 0, 0, 0]], "7003.sol": [1, [0, 0, 0, 0, 0, 0, 0, 0, 1, 0]], "10761.sol": [0, [0, 0, 0, 0, 0, 0, 0, 0, 0, 0]], "25398.sol": [0, [0, 0, 0, 0, 0, 0, 0, 0, 0, 0]], "27193.sol": [0, [0, 0, 0, 0, 0, 0, 0, 0, 0, 0]], "9401.sol": [0, [0, 0, 0, 0, 0, 0, 0, 0, 0]], "17648.sol": [0, [0, 0, 0, 0, 0, 0, 0, 0, 0, 0]], "2229.sol": [0, [0, 0, 0, 0, 0, 0, 0, 0, 0, 0]], "13583.sol": [0, [0, 0, 0, 0, 0, 0, 0, 0, 0, 0]], "812.sol": [0, [0, 0, 0, 0, 0, 0, 0, 0, 0, 0]], "23780.sol": [0, [0, 0, 0, 0, 0, 0, 0, 0, 0, 0]], "18548.sol": [0, [0, 0, 0, 0, 0, 0, 0, 0, 0, 0]], "32394.sol": [0, [0, 0, 0, 0, 0, 0, 0, 0, 0, 0]], "37502.sol": [0, [0, 0, 0, 0, 0, 0, 0, 0, 0, 0]], "23471.sol": [0, [0, 0, 0, 0, 0, 0, 0, 0, 0, 0]], "17577.sol": [0, [0, 0, 0, 0, 0, 0, 0, 0, 0, 0]], "32421.sol": [0, [0, 0, 0, 0, 0, 0, 0, 0, 0, 0]], "20203.sol": [0, [0, 0, 0, 0, 0, 0, 0, 0, 0, 0]], "10904.sol": [0, [0, 0, 0, 0, 0, 0, 0, 0, 0, 0]], "38644.sol": [0, [0, 0, 0, 0, 0, 0, 0, 0, 0, 0]], "32842.sol": [0, [0, 0, 0, 0, 0, 0, 0, 0, 0, 0]], "23772.sol": [0, [0, 0, 0, 0, 0, 0, 0, 0, 0, 0]], "22446.sol": [0, [0, 0, 0, 0, 0, 0, 0, 0, 0, 0]], "32201.sol": [0, [0, 0, 0, 0, 0, 0, 0, 0, 0, 0]], "13604.sol": [0, [0, 0, 0, 0, 0, 0, 0, 0, 0, 0]], "6366.sol": [1, [0, 0, 0, 0, 0, 0, 0, 0, 1, 0]], "16638.sol": [0, [0, 0, 0, 0, 0, 0, 0, 0, 0, 0]], "20793.sol": [0, [0, 0, 0, 0, 0, 0, 0, 0, 0, 0]], "34216.sol": [0, [0, 0, 0, 0, 0, 0, 0, 0, 0, 0]], "11861.sol": [0, [0, 0, 0, 0, 0, 0, 0, 0, 0, 0]], "33050.sol": [0, [0, 0, 0, 0, 0, 0, 0, 0, 0, 0]], "33535.sol": [0, [0, 0, 0, 0, 0, 0, 0, 0, 0, 0]], "38775.sol": [0, [0, 0, 0, 0, 0, 0, 0, 0, 0, 0]], "17176.sol": [0, [0, 0, 0, 0, 0, 0, 0, 0, 0, 0]], "22034.sol": [0, [0, 0, 0, 0, 0, 0, 0, 0, 0, 0]], "9481.sol": [0, [0, 0, 0, 0, 0, 0, 0, 0, 0, 0]], "28179.sol": [0, [0, 0, 0, 0, 0, 0, 0, 0, 0, 0]], "18219.sol": [0, [0, 0, 0, 0, 0, 0, 0, 0, 0, 0]], "7087.sol": [0, [0, 0, 0, 0, 0, 0, 0, 0, 0, 0]], "35712.sol": [0, [0, 0, 0, 0, 0, 0, 0, 0, 0, 0]], "8360.sol": [0, [0, 0, 0, 0, 0, 0, 0, 0, 0, 0]], "4261.sol": [0, [0, 0, 0, 0, 0, 0, 0, 0, 0, 0]], "24710.sol": [0, [0, 0, 0, 0, 0, 0, 0, 0, 0, 0]], "34431.sol": [0, [0, 0, 0, 0, 0, 0, 0, 0, 0, 0]], "33867.sol": [0, [0, 0, 0, 0, 0, 0, 0, 0, 0, 0]], "10247.sol": [0, [0, 0, 0, 0, 0, 0, 0, 0, 0, 0]], "19793.sol": [0, [0, 0, 0, 0, 0, 0, 0, 0, 0, 0]], "36245.sol": [0, [0, 0, 0, 0, 0, 0, 0, 0, 0, 0]], "11677.sol": [0, [0, 0, 0, 0, 0, 0, 0, 0, 0, 0]], "6850.sol": [0, [0, 0, 0, 0, 0, 0, 0, 0, 0, 0]], "35588.sol": [0, [0, 0, 0, 0, 0, 0, 0, 0, 0, 0]], "40186.sol": [1, [1, 0, 1, 0, 0, 0, 1, 1, 0, 0]], "23725.sol": [0, [0, 0, 0, 0, 0, 0, 0, 0, 0]], "14280.sol": [0, [0, 0, 0, 0, 0, 0, 0, 0, 0, 0]], "18315.sol": [0, [0, 0, 0, 0, 0, 0, 0, 0, 0, 0]], "34176.sol": [0, [0, 0, 0, 0, 0, 0, 0, 0, 0, 0]], "15341.sol": [0, [0, 0, 0, 0, 0, 0, 0, 0, 0, 0]], "7407.sol": [0, [0, 0, 0, 0, 0, 0, 0, 0, 0, 0]], "27533.sol": [0, [0, 0, 0, 0, 0, 0, 0, 0, 0, 0]], "25650.sol": [0, [0, 0, 0, 0, 0, 0, 0, 0, 0, 0]], "26640.sol": [0, [0, 0, 0, 0, 0, 0, 0, 0, 0, 0]], "21063.sol": [0, [0, 0, 0, 0, 0, 0, 0, 0, 0, 0]], "21984.sol": [0, [0, 0, 0, 0, 0, 0, 0, 0, 0, 0]], "37157.sol": [0, [0, 0, 0, 0, 0, 0, 0, 0, 0, 0]], "35640.sol": [0, [0, 0, 0, 0, 0, 0, 0, 0, 0, 0]], "2401.sol": [0, [0, 0, 0, 0, 0, 0, 0, 0, 0, 0]], "31080.sol": [1, [1, 1, 1, 0, 1, 1, 1, 1, 1, 0]], "9768.sol": [0, [0, 0, 0, 0, 0, 0, 0, 0, 0, 0]], "18616.sol": [0, [0, 0, 0, 0, 0, 0, 0, 0, 0, 0]], "12188.sol": [0, [0, 0, 0, 0, 0, 0, 0, 0, 0, 0]], "31180.sol": [0, [0, 0, 0, 0, 0, 0, 0, 0, 0, 0]], "24448.sol": [0, [0, 0, 0, 0, 0, 0, 0, 0, 0, 0]], "12938.sol": [0, [0, 0, 0, 0, 0, 0, 0, 0, 0, 0]], "1403.sol": [0, [0, 0, 0, 0, 0, 0, 0, 0, 0, 0]], "39502.sol": [0, [0, 0, 0, 0, 0, 0, 0, 0, 0, 0]], "10798.sol": [1, [1, 1, 0, 0, 0, 0, 0, 0, 0, 0]], "12006.sol": [0, [0, 0, 0, 0, 0, 0, 0, 0, 0, 0]], "20137.sol": [0, [0, 0, 0, 0, 0, 0, 0, 0, 0, 0]], "23032.sol": [0, [0, 0, 0, 0, 0, 0, 0, 0, 0, 0]], "4070.sol": [0, [0, 0, 0, 0, 0, 0, 0, 0, 0, 0]], "25401.sol": [0, [0, 0, 0, 0, 0, 0, 0, 0, 0, 0]], "39650.sol": [0, [0, 0, 0, 0, 0, 0, 0, 0, 0, 0]], "23647.sol": [0, [0, 0, 0, 0, 0, 0, 0, 0, 0, 0]], "29984.sol": [0, [0, 0, 0, 0, 0, 0, 0, 0, 0, 0]], "19290.sol": [0, [0, 0, 0, 0, 0, 0, 0, 0, 0, 0]], "24598.sol": [0, [0, 0, 0, 0, 0, 0, 0, 0, 0, 0]], "1552.sol": [0, [0, 0, 0, 0, 0, 0, 0, 0, 0, 0]], "8192.sol": [0, [0, 0, 0, 0, 0, 0, 0, 0, 0, 0]], "17943.sol": [0, [0, 0, 0, 0, 0, 0, 0, 0, 0, 0]], "21556.sol": [0, [0, 0, 0, 0, 0, 0, 0, 0, 0, 0]], "8953.sol": [0, [0, 0, 0, 0, 0, 0, 0, 0, 0, 0]], "27493.sol": [0, [0, 0, 0, 0, 0, 0, 0, 0, 0, 0]], "19257.sol": [0, [0, 0, 0, 0, 0, 0, 0, 0, 0, 0]], "3557.sol": [0, [0, 0, 0, 0, 0, 0, 0, 0, 0, 0]], "38849.sol": [0, [0, 0, 0, 0, 0, 0, 0, 0, 0, 0]], "9578.sol": [0, [0, 0, 0, 0, 0, 0, 0, 0, 0, 0]], "10701.sol": [0, [0, 0, 0, 0, 0, 0, 0, 0, 0, 0]], "19681.sol": [0, [0, 0, 0, 0, 0, 0, 0, 0, 0, 0]], "18815.sol": [0, [0, 0, 0, 0, 0, 0, 0, 0, 0, 0]], "24556.sol": [0, [0, 0, 0, 0, 0, 0, 0, 0, 0, 0]], "30363.sol": [0, [0, 0, 0, 0, 0, 0, 0, 0, 0, 0]], "12431.sol": [0, [0, 0, 0, 0, 0, 0, 0, 0, 0, 0]], "28148.sol": [1, [0, 0, 0, 0, 1, 0, 0, 0, 0, 0]], "30999.sol": [1, [0, 1, 0, 0, 1, 0, 0, 0, 0, 0]], "30623.sol": [0, [0, 0, 0, 0, 0, 0, 0, 0, 0, 0]], "34775.sol": [0, [0, 0, 0, 0, 0, 0, 0, 0, 0, 0]], "9493.sol": [0, [0, 0, 0, 0, 0, 0, 0, 0, 0, 0]], "17367.sol": [0, [0, 0, 0, 0, 0, 0, 0, 0, 0, 0]], "30801.sol": [0, [0, 0, 0, 0, 0, 0, 0, 0, 0, 0]], "14484.sol": [0, [0, 0, 0, 0, 0, 0, 0, 0, 0, 0]], "33993.sol": [0, [0, 0, 0, 0, 0, 0, 0, 0, 0, 0]], "3886.sol": [0, [0, 0, 0, 0, 0, 0, 0, 0, 0, 0]], "34509.sol": [0, [0, 0, 0, 0, 0, 0, 0, 0, 0, 0]], "39151.sol": [0, [0, 0, 0, 0, 0, 0, 0, 0, 0, 0]], "19904.sol": [0, [0, 0, 0, 0, 0, 0, 0, 0, 0, 0]], "27534.sol": [0, [0, 0, 0, 0, 0, 0, 0, 0, 0, 0]], "14068.sol": [0, [0, 0, 0, 0, 0, 0, 0, 0, 0, 0]], "28230.sol": [1, [1, 1, 1, 1, 1, 0, 0, 1, 1, 1]], "12838.sol": [0, [0, 0, 0, 0, 0, 0, 0, 0, 0, 0]], "35822.sol": [0, [0, 0, 0, 0, 0, 0, 0, 0, 0, 0]], "31262.sol": [0, [0, 0, 0, 0, 0, 0, 0, 0, 0, 0]], "1193.sol": [0, [0, 0, 0, 0, 0, 0, 0, 0, 0, 0]], "2649.sol": [0, [0, 0, 0, 0, 0, 0, 0, 0, 0, 0]], "3601.sol": [0, [0, 0, 0, 0, 0, 0, 0, 0, 0, 0]], "1732.sol": [0, [0, 0, 0, 0, 0, 0, 0, 0, 0, 0]], "17784.sol": [0, [0, 0, 0, 0, 0, 0, 0, 0, 0, 0]], "16596.sol": [0, [0, 0, 0, 0, 0, 0, 0, 0, 0, 0]], "34522.sol": [0, [0, 0, 0, 0, 0, 0, 0, 0, 0, 0]], "24584.sol": [0, [0, 0, 0, 0, 0, 0, 0, 0, 0, 0]], "28418.sol": [0, [0, 0, 0, 0, 0, 0, 0, 0, 0, 0]], "11484.sol": [0, [0, 0, 0, 0, 0, 0, 0, 0, 0, 0]], "1921.sol": [0, [0, 0, 0, 0, 0, 0, 0, 0, 0, 0]], "16794.sol": [0, [0, 0, 0, 0, 0, 0, 0, 0, 0, 0]], "15951.sol": [0, [0, 0, 0, 0, 0, 0, 0, 0, 0, 0]], "24716.sol": [0, [0, 0, 0, 0, 0, 0, 0, 0, 0, 0]], "28080.sol": [0, [0, 0, 0, 0, 0, 0, 0, 0, 0, 0]], "10531.sol": [0, [0, 0, 0, 0, 0, 0, 0, 0, 0, 0]], "16509.sol": [0, [0, 0, 0, 0, 0, 0, 0, 0, 0, 0]], "448.sol": [0, [0, 0, 0, 0, 0, 0, 0, 0, 0, 0]], "4814.sol": [0, [0, 0, 0, 0, 0, 0, 0, 0, 0, 0]], "28874.sol": [0, [0, 0, 0, 0, 0, 0, 0, 0, 0, 0]], "37095.sol": [0, [0, 0, 0, 0, 0, 0, 0, 0, 0, 0]], "26335.sol": [0, [0, 0, 0, 0, 0, 0, 0, 0, 0, 0]], "32901.sol": [0, [0, 0, 0, 0, 0, 0, 0, 0, 0, 0]], "438.sol": [0, [0, 0, 0, 0, 0, 0, 0, 0, 0, 0]], "22635.sol": [1, [0, 0, 0, 1, 1, 1, 1, 0, 1, 0]], "20859.sol": [0, [0, 0, 0, 0, 0, 0, 0, 0, 0, 0]], "29903.sol": [0, [0, 0, 0, 0, 0, 0, 0, 0, 0, 0]], "367.sol": [0, [0, 0, 0, 0, 0, 0, 0, 0, 0, 0]], "21489.sol": [0, [0, 0, 0, 0, 0, 0, 0, 0, 0, 0]], "2606.sol": [0, [0, 0, 0, 0, 0, 0, 0, 0, 0, 0]], "20851.sol": [0, [0, 0, 0, 0, 0, 0, 0, 0, 0, 0]], "17934.sol": [0, [0, 0, 0, 0, 0, 0, 0, 0, 0, 0]], "29762.sol": [0, [0, 0, 0, 0, 0, 0, 0, 0, 0, 0]], "27401.sol": [0, [0, 0, 0, 0, 0, 0, 0, 0, 0, 0]], "29764.sol": [0, [0, 0, 0, 0, 0, 0, 0, 0, 0, 0]], "29427.sol": [0, [0, 0, 0, 0, 0, 0, 0, 0, 0, 0]], "38111.sol": [0, [0, 0, 0, 0, 0, 0, 0, 0, 0, 0]], "39703.sol": [0, [0, 0, 0, 0, 0, 0, 0, 0, 0, 0]], "34959.sol": [0, [0, 0, 0, 0, 0, 0, 0, 0, 0, 0]], "8971.sol": [0, [0, 0, 0, 0, 0, 0, 0, 0, 0, 0]], "15597.sol": [0, [0, 0, 0, 0, 0, 0, 0, 0, 0, 0]], "14036.sol": [0, [0, 0, 0, 0, 0, 0, 0, 0, 0, 0]], "3717.sol": [0, [0, 0, 0, 0, 0, 0, 0, 0, 0, 0]], "13562.sol": [0, [0, 0, 0, 0, 0, 0, 0, 0, 0, 0]], "22264.sol": [0, [0, 0, 0, 0, 0, 0, 0, 0, 0, 0]], "5451.sol": [0, [0, 0, 0, 0, 0, 0, 0, 0, 0, 0]], "16475.sol": [0, [0, 0, 0, 0, 0, 0, 0, 0, 0, 0]], "15222.sol": [0, [0, 0, 0, 0, 0, 0, 0, 0, 0, 0]], "4258.sol": [0, [0, 0, 0, 0, 0, 0, 0, 0, 0, 0]], "36080.sol": [0, [0, 0, 0, 0, 0, 0, 0, 0, 0, 0]], "14825.sol": [0, [0, 0, 0, 0, 0, 0, 0, 0, 0, 0]], "34033.sol": [0, [0, 0, 0, 0, 0, 0, 0, 0, 0, 0]], "39306.sol": [0, [0, 0, 0, 0, 0, 0, 0, 0, 0, 0]], "32418.sol": [0, [0, 0, 0, 0, 0, 0, 0, 0, 0, 0]], "36883.sol": [0, [0, 0, 0, 0, 0, 0, 0, 0, 0, 0]], "25464.sol": [0, [0, 0, 0, 0, 0, 0, 0, 0, 0, 0]], "4565.sol": [0, [0, 0, 0, 0, 0, 0, 0, 0, 0, 0]], "15618.sol": [0, [0, 0, 0, 0, 0, 0, 0, 0, 0, 0]], "38818.sol": [0, [0, 0, 0, 0, 0, 0, 0, 0, 0, 0]], "13418.sol": [0, [0, 0, 0, 0, 0, 0, 0, 0, 0, 0]], "16340.sol": [0, [0, 0, 0, 0, 0, 0, 0, 0, 0, 0]], "11409.sol": [0, [0, 0, 0, 0, 0, 0, 0, 0, 0, 0]], "7594.sol": [0, [0, 0, 0, 0, 0, 0, 0, 0, 0, 0]], "37368.sol": [0, [0, 0, 0, 0, 0, 0, 0, 0, 0, 0]], "25448.sol": [0, [0, 0, 0, 0, 0, 0, 0, 0, 0, 0]], "946.sol": [0, [0, 0, 0, 0, 0, 0, 0, 0, 0, 0]], "30851.sol": [0, [0, 0, 0, 0, 0, 0, 0, 0, 0, 0]], "22210.sol": [0, [0, 0, 0, 0, 0, 0, 0, 0, 0, 0]], "29852.sol": [0, [0, 0, 0, 0, 0, 0, 0, 0, 0, 0]], "3048.sol": [1, [0, 0, 1, 0, 0, 0, 0, 0, 0, 0]], "24895.sol": [0, [0, 0, 0, 0, 0, 0, 0, 0, 0, 0]], "34958.sol": [0, [0, 0, 0, 0, 0, 0, 0, 0, 0, 0]], "3508.sol": [1, [0, 1, 1, 0, 1, 1, 1, 0, 1, 0]], "25843.sol": [0, [0, 0, 0, 0, 0, 0, 0, 0, 0, 0]], "19808.sol": [0, [0, 0, 0, 0, 0, 0, 0, 0, 0, 0]], "24290.sol": [0, [0, 0, 0, 0, 0, 0, 0, 0, 0, 0]], "36997.sol": [0, [0, 0, 0, 0, 0, 0, 0, 0, 0, 0]], "31630.sol": [0, [0, 0, 0, 0, 0, 0, 0, 0, 0, 0]], "22905.sol": [0, [0, 0, 0, 0, 0, 0, 0, 0, 0, 0]], "19350.sol": [0, [0, 0, 0, 0, 0, 0, 0, 0, 0, 0]], "38169.sol": [0, [0, 0, 0, 0, 0, 0, 0, 0, 0, 0]], "5513.sol": [0, [0, 0, 0, 0, 0, 0, 0, 0, 0, 0]], "39416.sol": [0, [0, 0, 0, 0, 0, 0]], "31451.sol": [0, [0, 0, 0, 0, 0, 0, 0, 0, 0, 0]], "11487.sol": [0, [0, 0, 0, 0, 0, 0, 0, 0, 0, 0]], "13084.sol": [0, [0, 0, 0, 0, 0, 0, 0, 0, 0, 0]], "4259.sol": [0, [0, 0, 0, 0, 0, 0, 0, 0, 0, 0]], "32410.sol": [0, [0, 0, 0, 0, 0, 0, 0, 0, 0, 0]], "14078.sol": [0, [0, 0, 0, 0, 0, 0, 0, 0, 0, 0]], "24824.sol": [0, [0, 0, 0, 0, 0, 0, 0, 0, 0, 0]], "22466.sol": [0, [0, 0, 0, 0, 0, 0, 0, 0, 0, 0]], "37089.sol": [0, [0, 0, 0, 0, 0, 0, 0, 0, 0, 0]], "7455.sol": [0, [0, 0, 0, 0, 0, 0, 0, 0, 0, 0]], "21341.sol": [0, [0, 0, 0, 0, 0, 0, 0, 0, 0, 0]], "33549.sol": [0, [0, 0, 0, 0, 0, 0, 0, 0, 0, 0]], "39362.sol": [0, [0, 0, 0, 0, 0, 0, 0, 0, 0, 0]], "18326.sol": [0, [0, 0, 0, 0, 0, 0, 0, 0, 0, 0]], "22022.sol": [0, [0, 0, 0, 0, 0, 0, 0, 0, 0, 0]], "24777.sol": [0, [0, 0, 0, 0, 0, 0, 0, 0, 0, 0]], "16390.sol": [0, [0, 0, 0, 0, 0, 0, 0, 0, 0, 0]], "34847.sol": [0, [0, 0, 0, 0, 0, 0, 0, 0, 0, 0]], "22589.sol": [0, [0, 0, 0, 0, 0, 0, 0, 0, 0, 0]], "15532.sol": [0, [0, 0, 0, 0, 0, 0, 0, 0, 0, 0]], "23205.sol": [0, [0, 0, 0, 0, 0, 0, 0, 0, 0, 0]], "38968.sol": [0, [0, 0, 0, 0, 0, 0, 0, 0, 0, 0]], "16825.sol": [0, [0, 0, 0, 0, 0, 0, 0, 0, 0, 0]], "28744.sol": [0, [0, 0, 0, 0, 0, 0, 0, 0, 0, 0]], "27546.sol": [0, [0, 0, 0, 0, 0, 0, 0, 0, 0, 0]], "4210.sol": [0, [0, 0, 0, 0, 0, 0, 0, 0, 0, 0]], "10330.sol": [0, [0, 0, 0, 0, 0, 0, 0, 0, 0, 0]], "38266.sol": [0, [0, 0, 0, 0, 0, 0, 0, 0, 0, 0]], "22071.sol": [0, [0, 0, 0, 0, 0, 0, 0, 0, 0, 0]], "5661.sol": [0, [0, 0, 0, 0, 0, 0, 0, 0, 0, 0]], "3033.sol": [0, [0, 0, 0, 0, 0, 0, 0, 0, 0, 0]], "3076.sol": [0, [0, 0, 0, 0, 0, 0, 0, 0, 0, 0]], "14277.sol": [0, [0, 0, 0, 0, 0, 0, 0, 0, 0, 0]], "32806.sol": [0, [0, 0, 0, 0, 0, 0, 0, 0, 0, 0]], "12786.sol": [0, [0, 0, 0, 0, 0, 0, 0, 0, 0, 0]], "6718.sol": [0, [0, 0, 0, 0, 0, 0, 0, 0, 0, 0]], "36832.sol": [0, [0, 0, 0, 0, 0, 0, 0, 0, 0, 0]], "16008.sol": [0, [0, 0, 0, 0, 0, 0, 0, 0, 0, 0]], "10047.sol": [0, [0, 0, 0, 0, 0, 0, 0, 0, 0, 0]], "8551.sol": [0, [0, 0, 0, 0, 0, 0, 0, 0, 0, 0]], "30723.sol": [0, [0, 0, 0, 0, 0, 0, 0, 0, 0, 0]], "10688.sol": [0, [0, 0, 0, 0, 0, 0, 0, 0, 0, 0]], "35458.sol": [0, [0, 0, 0, 0, 0, 0, 0, 0, 0, 0]], "11154.sol": [0, [0, 0, 0, 0, 0, 0, 0, 0, 0, 0]], "39227.sol": [0, [0, 0, 0, 0, 0, 0, 0, 0, 0, 0]], "14223.sol": [0, [0, 0, 0, 0, 0, 0, 0, 0, 0, 0]], "2566.sol": [0, [0, 0, 0, 0, 0, 0, 0, 0, 0, 0]], "32732.sol": [0, [0, 0, 0, 0, 0, 0, 0, 0, 0, 0]], "6017.sol": [0, [0, 0, 0, 0, 0, 0, 0, 0, 0, 0]], "2196.sol": [0, [0, 0, 0, 0, 0, 0, 0, 0, 0, 0]], "27548.sol": [0, [0, 0, 0, 0, 0, 0, 0, 0, 0, 0]], "18735.sol": [0, [0, 0, 0, 0, 0, 0, 0, 0, 0, 0]], "39836.sol": [0, [0, 0, 0, 0, 0, 0, 0, 0, 0, 0]], "37328.sol": [0, [0, 0, 0, 0, 0, 0, 0, 0, 0, 0]], "15009.sol": [0, [0, 0, 0, 0, 0, 0, 0, 0, 0, 0]], "39849.sol": [0, [0, 0, 0, 0, 0, 0, 0, 0, 0, 0]], "31722.sol": [1, [1, 1, 0, 0, 0, 0, 0, 0, 0, 0]], "24270.sol": [0, [0, 0, 0, 0, 0, 0, 0, 0, 0, 0]], "12672.sol": [0, [0, 0, 0, 0, 0, 0, 0, 0, 0, 0]], "20541.sol": [0, [0, 0, 0, 0, 0, 0, 0, 0, 0, 0]], "13598.sol": [0, [0, 0, 0, 0, 0, 0, 0, 0, 0, 0]], "12136.sol": [0, [0, 0, 0, 0, 0, 0, 0, 0, 0, 0]], "1109.sol": [0, [0, 0, 0, 0, 0, 0, 0, 0, 0, 0]], "32585.sol": [0, [0, 0, 0, 0, 0, 0, 0, 0, 0, 0]], "22739.sol": [1, [0, 0, 0, 0, 0, 0, 1, 1, 0, 0]], "13502.sol": [0, [0, 0, 0, 0, 0, 0, 0, 0, 0, 0]], "5230.sol": [0, [0, 0, 0, 0, 0, 0, 0, 0, 0, 0]], "8565.sol": [0, [0, 0, 0, 0, 0, 0, 0, 0, 0, 0]], "12858.sol": [1, [1, 1, 1, 1, 1, 0, 1, 0, 0, 0]], "7566.sol": [0, [0, 0, 0, 0, 0, 0, 0, 0, 0, 0]], "7889.sol": [0, [0, 0, 0, 0, 0, 0, 0, 0, 0, 0]], "17284.sol": [0, [0, 0, 0, 0, 0, 0, 0, 0, 0, 0]], "16987.sol": [0, [0, 0, 0, 0, 0, 0, 0, 0, 0, 0]], "14157.sol": [0, [0, 0, 0, 0, 0, 0, 0, 0, 0, 0]], "23355.sol": [0, [0, 0, 0, 0, 0, 0, 0, 0, 0, 0]], "1363.sol": [0, [0, 0, 0, 0, 0, 0, 0, 0, 0, 0]], "2189.sol": [0, [0, 0, 0, 0, 0, 0, 0, 0, 0, 0]], "5428.sol": [0, [0, 0, 0, 0, 0, 0, 0, 0, 0, 0]], "20369.sol": [1, [0, 0, 0, 0, 0, 0, 0, 1, 1, 1]], "3225.sol": [0, [0, 0, 0, 0, 0, 0, 0, 0, 0, 0]], "12589.sol": [0, [0, 0, 0, 0, 0, 0, 0, 0, 0, 0]], "19737.sol": [0, [0, 0, 0, 0, 0, 0, 0, 0, 0, 0]], "29434.sol": [0, [0, 0, 0, 0, 0, 0, 0, 0, 0, 0]], "22587.sol": [0, [0, 0, 0, 0, 0, 0, 0, 0, 0, 0]], "3528.sol": [0, [0, 0, 0, 0, 0, 0, 0, 0, 0, 0]], "24793.sol": [0, [0, 0, 0, 0, 0, 0, 0, 0, 0, 0]], "1893.sol": [0, [0, 0, 0, 0, 0, 0, 0, 0, 0, 0]], "30763.sol": [0, [0, 0, 0, 0, 0, 0, 0, 0, 0, 0]], "32015.sol": [0, [0, 0, 0, 0, 0, 0, 0, 0, 0, 0]], "12862.sol": [0, [0, 0, 0, 0, 0, 0, 0, 0, 0, 0]], "12252.sol": [0, [0, 0, 0, 0, 0, 0, 0, 0, 0, 0]], "17118.sol": [0, [0, 0, 0, 0, 0, 0, 0, 0, 0, 0]], "6113.sol": [0, [0, 0, 0, 0, 0, 0, 0, 0, 0, 0]], "12726.sol": [0, [0, 0, 0, 0, 0, 0, 0, 0, 0, 0]], "19000.sol": [0, [0, 0, 0, 0, 0, 0, 0, 0, 0, 0]], "22813.sol": [0, [0, 0, 0, 0, 0, 0, 0, 0, 0, 0]], "10285.sol": [0, [0, 0, 0, 0, 0, 0, 0, 0, 0, 0]], "8272.sol": [0, [0, 0, 0, 0, 0, 0, 0, 0, 0, 0]], "30737.sol": [0, [0, 0, 0, 0, 0, 0, 0, 0, 0, 0]], "33610.sol": [0, [0, 0, 0, 0, 0, 0, 0, 0, 0, 0]], "16123.sol": [0, [0, 0, 0, 0, 0, 0, 0, 0, 0, 0]], "23628.sol": [0, [0, 0, 0, 0, 0, 0, 0, 0, 0, 0]], "23015.sol": [0, [0, 0, 0, 0, 0, 0, 0, 0, 0, 0]], "36330.sol": [0, [0, 0, 0, 0, 0, 0, 0, 0, 0, 0]], "3231.sol": [0, [0, 0, 0, 0, 0, 0, 0, 0, 0, 0]], "19512.sol": [0, [0, 0, 0, 0, 0, 0, 0, 0, 0, 0]], "16194.sol": [0, [0, 0, 0, 0, 0, 0, 0, 0, 0, 0]], "17413.sol": [0, [0, 0, 0, 0, 0, 0, 0, 0, 0, 0]], "27297.sol": [0, [0, 0, 0, 0, 0, 0]], "8702.sol": [0, [0, 0, 0, 0, 0, 0, 0, 0, 0, 0]], "25069.sol": [0, [0, 0, 0, 0, 0, 0, 0, 0, 0, 0]], "14298.sol": [0, [0, 0, 0, 0, 0, 0, 0, 0, 0, 0]], "5736.sol": [0, [0, 0, 0, 0, 0, 0, 0, 0, 0, 0]], "36899.sol": [0, [0, 0, 0, 0, 0, 0, 0, 0, 0, 0]], "12687.sol": [0, [0, 0, 0, 0, 0, 0, 0, 0, 0, 0]], "3687.sol": [0, [0, 0, 0, 0, 0, 0, 0, 0, 0, 0]], "32432.sol": [0, [0, 0, 0, 0, 0, 0, 0, 0, 0, 0]], "34314.sol": [0, [0, 0, 0, 0, 0, 0, 0, 0, 0, 0]], "18646.sol": [0, [0, 0, 0, 0, 0, 0, 0, 0, 0, 0]], "18155.sol": [0, [0, 0, 0, 0, 0, 0, 0, 0, 0, 0]], "31884.sol": [0, [0, 0, 0, 0, 0, 0, 0, 0, 0, 0]], "28573.sol": [0, [0, 0, 0, 0, 0, 0, 0, 0, 0, 0]], "21580.sol": [0, [0, 0, 0, 0, 0, 0, 0, 0, 0, 0]], "36457.sol": [0, [0, 0, 0, 0, 0, 0, 0, 0, 0, 0]], "10510.sol": [0, [0, 0, 0, 0, 0, 0, 0, 0, 0, 0]], "2296.sol": [0, [0, 0, 0, 0, 0, 0, 0, 0, 0, 0]], "36412.sol": [0, [0, 0, 0, 0, 0, 0, 0, 0, 0, 0]], "35076.sol": [0, [0, 0, 0, 0, 0, 0, 0, 0, 0, 0]], "5350.sol": [0, [0, 0, 0, 0, 0, 0, 0, 0, 0, 0]], "21916.sol": [0, [0, 0, 0, 0, 0, 0, 0, 0, 0, 0]], "2020.sol": [0, [0, 0, 0, 0, 0, 0, 0, 0, 0, 0]], "17953.sol": [0, [0, 0, 0, 0, 0, 0, 0, 0, 0, 0]], "15970.sol": [0, [0, 0, 0, 0, 0, 0, 0, 0, 0, 0]], "5687.sol": [0, [0, 0, 0, 0, 0, 0, 0, 0, 0, 0]], "28353.sol": [0, [0, 0, 0, 0, 0, 0, 0, 0, 0, 0]], "5922.sol": [0, [0, 0, 0, 0, 0, 0, 0, 0, 0, 0]], "3194.sol": [0, [0, 0, 0, 0, 0, 0, 0, 0, 0, 0]], "12138.sol": [0, [0, 0, 0, 0, 0, 0, 0, 0, 0, 0]], "17741.sol": [0, [0, 0, 0, 0, 0, 0, 0, 0, 0, 0]], "34644.sol": [0, [0, 0, 0, 0, 0, 0, 0, 0, 0, 0]], "10743.sol": [0, [0, 0, 0, 0, 0, 0, 0, 0, 0, 0]], "34401.sol": [0, [0, 0, 0, 0, 0, 0, 0, 0, 0, 0]], "35547.sol": [0, [0, 0, 0, 0, 0, 0, 0, 0, 0, 0]], "18077.sol": [0, [0, 0, 0, 0, 0, 0, 0, 0, 0, 0]], "14639.sol": [0, [0, 0, 0, 0, 0, 0, 0, 0, 0, 0]], "27603.sol": [0, [0, 0, 0, 0, 0, 0, 0, 0, 0, 0]], "17913.sol": [0, [0, 0, 0, 0, 0, 0, 0, 0, 0, 0]], "13340.sol": [0, [0, 0, 0, 0, 0, 0, 0, 0, 0, 0]], "19629.sol": [0, [0, 0, 0, 0, 0, 0, 0, 0, 0, 0]], "11755.sol": [0, [0, 0, 0, 0, 0, 0, 0, 0, 0, 0]], "711.sol": [0, [0, 0, 0, 0, 0, 0, 0, 0, 0, 0]], "25074.sol": [0, [0, 0, 0, 0, 0, 0, 0, 0, 0, 0]], "30935.sol": [0, [0, 0, 0, 0, 0, 0, 0, 0, 0, 0]], "17446.sol": [0, [0, 0, 0, 0, 0, 0, 0, 0, 0, 0]], "19579.sol": [0, [0, 0, 0, 0, 0, 0, 0, 0, 0, 0]], "10793.sol": [0, [0, 0, 0, 0, 0, 0, 0, 0, 0, 0]], "25384.sol": [0, [0, 0, 0, 0, 0, 0, 0, 0, 0, 0]], "8091.sol": [1, [0, 0, 0, 0, 1, 0, 0, 0, 0, 0]], "26390.sol": [0, [0, 0, 0, 0, 0, 0, 0, 0, 0, 0]], "13065.sol": [0, [0, 0, 0, 0, 0, 0, 0, 0, 0, 0]], "16051.sol": [0, [0, 0, 0, 0, 0, 0, 0, 0, 0, 0]], "35260.sol": [0, [0, 0, 0, 0, 0, 0, 0, 0, 0, 0]], "38141.sol": [1, [0, 0, 0, 0, 1, 0, 1, 0, 1, 0]], "2071.sol": [0, [0, 0, 0, 0, 0, 0, 0, 0, 0, 0]], "28460.sol": [0, [0, 0, 0, 0, 0, 0, 0, 0, 0, 0]], "29784.sol": [0, [0, 0, 0, 0, 0, 0, 0, 0, 0, 0]], "10204.sol": [0, [0, 0, 0, 0, 0, 0, 0, 0, 0, 0]], "26710.sol": [0, [0, 0, 0, 0, 0, 0, 0, 0, 0, 0]], "5184.sol": [0, [0, 0, 0, 0, 0, 0, 0, 0, 0, 0]], "1501.sol": [0, [0, 0, 0, 0, 0, 0, 0, 0, 0, 0]], "19886.sol": [0, [0, 0, 0, 0, 0, 0, 0, 0, 0, 0]], "7500.sol": [0, [0, 0, 0, 0, 0, 0, 0, 0, 0, 0]], "10164.sol": [0, [0, 0, 0, 0, 0, 0, 0, 0, 0, 0]], "8618.sol": [0, [0, 0, 0, 0, 0, 0, 0, 0, 0, 0]], "20198.sol": [0, [0, 0, 0, 0, 0, 0, 0, 0, 0, 0]], "23001.sol": [0, [0, 0, 0, 0, 0, 0, 0, 0, 0, 0]], "32636.sol": [0, [0, 0, 0, 0, 0, 0, 0, 0, 0, 0]], "35738.sol": [0, [0, 0, 0, 0, 0, 0, 0, 0, 0, 0]], "27588.sol": [0, [0, 0, 0, 0, 0, 0, 0, 0, 0, 0]], "12849.sol": [0, [0, 0, 0, 0, 0, 0, 0, 0, 0, 0]], "15918.sol": [0, [0, 0, 0, 0, 0, 0, 0, 0, 0, 0]], "26883.sol": [0, [0, 0, 0, 0, 0, 0, 0, 0, 0, 0]], "10780.sol": [1, [0, 0, 0, 0, 1, 0, 0, 0, 0, 0]], "13185.sol": [0, [0, 0, 0, 0, 0, 0, 0, 0, 0, 0]], "26011.sol": [0, [0, 0, 0, 0, 0, 0, 0, 0, 0, 0]], "19878.sol": [0, [0, 0, 0, 0, 0, 0, 0, 0, 0, 0]], "32452.sol": [0, [0, 0, 0, 0, 0, 0, 0, 0, 0, 0]], "11037.sol": [0, [0, 0, 0, 0, 0, 0, 0, 0, 0, 0]], "195.sol": [0, [0, 0, 0, 0, 0, 0, 0, 0, 0, 0]], "30565.sol": [0, [0, 0, 0, 0, 0, 0, 0, 0, 0, 0]], "18445.sol": [0, [0, 0, 0, 0, 0, 0, 0, 0, 0, 0]], "34802.sol": [0, [0, 0, 0, 0, 0, 0, 0, 0, 0, 0]], "28972.sol": [0, [0, 0, 0, 0, 0, 0, 0, 0, 0, 0]], "33971.sol": [0, [0, 0, 0, 0, 0, 0, 0, 0, 0, 0]], "24756.sol": [1, [0, 1, 0, 0, 1, 0, 1, 1, 1, 1]], "38425.sol": [0, [0, 0, 0, 0, 0, 0, 0, 0, 0, 0]], "33936.sol": [0, [0, 0, 0, 0, 0, 0, 0, 0, 0, 0]], "7801.sol": [0, [0, 0, 0, 0, 0, 0, 0, 0, 0, 0]], "35886.sol": [0, [0, 0, 0, 0, 0, 0, 0, 0, 0, 0]], "37349.sol": [0, [0, 0, 0, 0, 0, 0, 0, 0, 0, 0]], "32048.sol": [0, [0, 0, 0, 0, 0, 0, 0, 0, 0, 0]], "6092.sol": [0, [0, 0, 0, 0, 0, 0, 0, 0, 0, 0]], "37520.sol": [0, [0, 0, 0, 0, 0, 0, 0, 0, 0, 0]], "30894.sol": [0, [0, 0, 0, 0, 0, 0, 0, 0, 0, 0]], "19141.sol": [0, [0, 0, 0, 0, 0, 0, 0, 0, 0, 0]], "23302.sol": [0, [0, 0, 0, 0, 0, 0, 0, 0, 0, 0]], "24303.sol": [0, [0, 0, 0, 0, 0, 0, 0, 0, 0, 0]], "37154.sol": [0, [0, 0, 0, 0, 0, 0, 0, 0, 0, 0]], "14635.sol": [0, [0, 0, 0, 0, 0, 0, 0, 0, 0, 0]], "13754.sol": [0, [0, 0, 0, 0, 0, 0, 0, 0, 0, 0]], "29410.sol": [0, [0, 0, 0, 0, 0, 0, 0, 0, 0, 0]], "8393.sol": [0, [0, 0, 0, 0, 0, 0, 0, 0, 0, 0]], "27387.sol": [0, [0, 0, 0, 0, 0, 0, 0, 0, 0, 0]], "3052.sol": [0, [0, 0, 0, 0, 0, 0, 0, 0, 0, 0]], "3863.sol": [0, [0, 0, 0, 0, 0, 0, 0, 0, 0, 0]], "30543.sol": [1, [0, 0, 0, 0, 0, 0, 0, 1, 0, 0]], "15600.sol": [0, [0, 0, 0, 0, 0, 0, 0, 0, 0, 0]], "35791.sol": [0, [0, 0, 0, 0, 0, 0, 0, 0, 0, 0]], "14152.sol": [0, [0, 0, 0, 0, 0, 0, 0, 0, 0, 0]], "4826.sol": [0, [0, 0, 0, 0, 0, 0, 0, 0, 0, 0]], "22232.sol": [0, [0, 0, 0, 0, 0, 0, 0, 0, 0, 0]], "13252.sol": [0, [0, 0, 0, 0, 0, 0, 0, 0, 0, 0]], "18889.sol": [0, [0, 0, 0, 0, 0, 0, 0, 0, 0, 0]], "17243.sol": [1, [0, 0, 1, 1, 0, 0, 1, 1, 0, 0]], "27838.sol": [1, [0, 0, 0, 1, 0, 0, 0, 0, 0, 0]], "197.sol": [0, [0, 0, 0, 0, 0, 0, 0, 0, 0, 0]], "31488.sol": [0, [0, 0, 0, 0, 0, 0, 0, 0, 0, 0]], "24914.sol": [0, [0, 0, 0, 0, 0, 0, 0, 0, 0, 0]], "20747.sol": [0, [0, 0, 0, 0, 0, 0, 0, 0, 0, 0]], "17428.sol": [0, [0, 0, 0, 0, 0, 0, 0, 0, 0, 0]], "25833.sol": [0, [0, 0, 0, 0, 0, 0, 0, 0, 0, 0]], "36144.sol": [0, [0, 0, 0, 0, 0, 0, 0, 0, 0, 0]], "36125.sol": [0, [0, 0, 0, 0, 0, 0, 0, 0, 0, 0]], "38488.sol": [0, [0, 0, 0, 0, 0, 0, 0, 0, 0, 0]], "3466.sol": [0, [0, 0, 0, 0, 0, 0, 0, 0, 0, 0]], "29122.sol": [0, [0, 0, 0, 0, 0, 0, 0, 0, 0, 0]], "4994.sol": [0, [0, 0, 0, 0, 0, 0, 0, 0, 0, 0]], "5858.sol": [0, [0, 0, 0, 0, 0, 0, 0, 0, 0, 0]], "525.sol": [0, [0, 0, 0, 0, 0, 0, 0, 0, 0, 0]], "476.sol": [0, [0, 0, 0, 0, 0, 0, 0, 0, 0, 0]], "7891.sol": [0, [0, 0, 0, 0, 0, 0, 0, 0, 0, 0]], "27835.sol": [0, [0, 0, 0, 0, 0, 0, 0, 0, 0, 0]], "13454.sol": [0, [0, 0, 0, 0, 0, 0, 0, 0, 0, 0]], "30915.sol": [0, [0, 0, 0, 0, 0, 0, 0, 0, 0, 0]], "12623.sol": [0, [0, 0, 0, 0, 0, 0, 0, 0, 0, 0]], "4270.sol": [0, [0, 0, 0, 0, 0, 0, 0, 0, 0, 0]], "30350.sol": [0, [0, 0, 0, 0, 0, 0, 0, 0, 0, 0]], "14618.sol": [0, [0, 0, 0, 0, 0, 0, 0, 0, 0, 0]], "33221.sol": [0, [0, 0, 0, 0, 0, 0, 0, 0, 0, 0]], "34322.sol": [0, [0, 0, 0, 0, 0, 0, 0, 0, 0, 0]], "3745.sol": [0, [0, 0, 0, 0, 0, 0, 0, 0, 0, 0]], "22346.sol": [0, [0, 0, 0, 0, 0, 0, 0, 0, 0, 0]], "33988.sol": [0, [0, 0, 0, 0, 0, 0, 0, 0, 0, 0]], "11118.sol": [0, [0, 0, 0, 0, 0, 0, 0, 0, 0, 0]], "2223.sol": [0, [0, 0, 0, 0, 0, 0, 0, 0, 0, 0]], "11122.sol": [0, [0, 0, 0, 0, 0, 0, 0, 0, 0, 0]], "16832.sol": [0, [0, 0, 0, 0, 0, 0, 0, 0, 0, 0]], "30717.sol": [0, [0, 0, 0, 0, 0, 0, 0, 0, 0, 0]], "17386.sol": [0, [0, 0, 0, 0, 0, 0, 0, 0, 0, 0]], "28131.sol": [0, [0, 0, 0, 0, 0, 0, 0, 0, 0, 0]], "22804.sol": [0, [0, 0, 0, 0, 0, 0, 0, 0, 0, 0]], "18739.sol": [0, [0, 0, 0, 0, 0, 0, 0, 0, 0, 0]], "6780.sol": [0, [0, 0, 0, 0, 0, 0, 0, 0, 0, 0]], "6060.sol": [0, [0, 0, 0, 0, 0, 0, 0, 0, 0, 0]], "2681.sol": [0, [0, 0, 0, 0, 0, 0, 0, 0, 0, 0]], "1584.sol": [0, [0, 0, 0, 0, 0, 0, 0, 0, 0, 0]], "1547.sol": [0, [0, 0, 0, 0, 0, 0, 0, 0, 0, 0]], "33396.sol": [0, [0, 0, 0, 0, 0, 0, 0, 0, 0, 0]], "22353.sol": [0, [0, 0, 0, 0, 0, 0, 0, 0, 0, 0]], "5787.sol": [0, [0, 0, 0, 0, 0, 0]], "39109.sol": [0, [0, 0, 0, 0, 0, 0, 0, 0, 0, 0]], "7434.sol": [0, [0, 0, 0, 0, 0, 0, 0, 0, 0, 0]], "30920.sol": [0, [0, 0, 0, 0, 0, 0, 0, 0, 0, 0]], "19868.sol": [0, [0, 0, 0, 0, 0, 0, 0, 0, 0, 0]], "7641.sol": [0, [0, 0, 0, 0, 0, 0, 0, 0, 0, 0]], "35664.sol": [0, [0, 0, 0, 0, 0, 0, 0, 0, 0, 0]], "28284.sol": [0, [0, 0, 0, 0, 0, 0, 0, 0, 0, 0]], "32645.sol": [0, [0, 0, 0, 0, 0, 0, 0, 0, 0, 0]], "23391.sol": [0, [0, 0, 0, 0, 0, 0, 0, 0, 0, 0]], "32243.sol": [0, [0, 0, 0, 0, 0, 0, 0, 0, 0, 0]], "19777.sol": [0, [0, 0, 0, 0, 0, 0, 0, 0, 0, 0]], "25273.sol": [0, [0, 0, 0, 0, 0, 0, 0, 0, 0, 0]], "34426.sol": [1, [0, 0, 0, 0, 0, 0, 0, 1, 0, 0]], "38695.sol": [0, [0, 0, 0, 0, 0, 0, 0, 0, 0, 0]], "8160.sol": [0, [0, 0, 0, 0, 0, 0, 0, 0, 0, 0]], "30511.sol": [0, [0, 0, 0, 0, 0, 0, 0, 0, 0, 0]], "5576.sol": [0, [0, 0, 0, 0, 0, 0, 0, 0, 0, 0]], "6101.sol": [0, [0, 0, 0, 0, 0, 0, 0, 0, 0, 0]], "4327.sol": [0, [0, 0, 0, 0, 0, 0, 0, 0, 0, 0]], "27421.sol": [0, [0, 0, 0, 0, 0, 0, 0, 0, 0, 0]], "12985.sol": [0, [0, 0, 0, 0, 0, 0, 0, 0, 0, 0]], "11541.sol": [0, [0, 0, 0, 0, 0, 0, 0, 0, 0, 0]], "5510.sol": [0, [0, 0, 0, 0, 0, 0, 0, 0, 0, 0]], "11525.sol": [0, [0, 0, 0, 0, 0, 0, 0, 0, 0, 0]], "6384.sol": [0, [0, 0, 0, 0, 0, 0, 0, 0, 0, 0]], "15431.sol": [0, [0, 0, 0, 0, 0, 0, 0, 0, 0, 0]], "13403.sol": [1, [1, 1, 0, 0, 1, 1, 0, 1, 0, 1]], "14573.sol": [1, [1, 1, 1, 1, 1, 1, 1, 0, 1, 0]], "1717.sol": [1, [1, 1, 1, 1, 0, 0, 1, 0, 1, 1]], "9612.sol": [1, [1, 1, 0, 0, 1, 0, 0, 0, 0, 0]], "9758.sol": [1, [1, 1, 1, 0, 0, 0, 1, 0, 1, 1]], "17102.sol": [1, [0, 0, 0, 1, 0, 1, 0, 0, 0, 0]], "40209.sol": [1, [1, 1, 1, 1, 1, 1, 1, 1, 1, 1]], "4685.sol": [1, [1, 1, 1, 1, 1, 1, 1, 1, 1, 1]], "8710.sol": [0, [0, 0, 0, 0, 0, 0, 0, 0, 0, 0]], "30896.sol": [1, [1, 1, 0, 0, 1, 0, 0, 0, 1, 0]], "31004.sol": [1, [0, 0, 0, 0, 0, 0, 0, 0, 1, 1]], "10464.sol": [1, [0, 0, 1, 1, 1, 1, 1, 1, 0, 1]], "30283.sol": [1, [1, 1, 1, 1, 1, 0, 0, 0, 1, 1]], "26317.sol": [0, [0, 0, 0, 0, 0, 0, 0, 0, 0, 0]], "10547.sol": [1, [0, 0, 0, 0, 0, 0, 0, 0, 1, 1]], "22337.sol": [1, [1, 1, 1, 0, 1, 1, 1, 1, 1, 1]], "1042.sol": [1, [1, 1, 1, 0, 0, 0, 0, 0, 0, 0]], "17105.sol": [1, [1, 1, 1, 0, 0, 0, 0, 0, 0, 0]], "39183.sol": [1, [0, 0, 0, 1, 0, 0, 1, 1, 1, 1]], "36233.sol": [1, [0, 1, 0, 0, 1, 1, 0, 1, 0, 0]], "21420.sol": [1, [0, 0, 0, 0, 0, 0, 0, 0, 1, 1]], "31201.sol": [1, [0, 1, 0, 0, 0, 0, 0, 0, 0, 0]], "32779.sol": [1, [1, 1, 1, 1, 1, 0, 0, 0, 0, 0]], "40485.sol": [1, [1, 1, 1, 1, 0, 0, 1, 0, 0, 0]], "14394.sol": [1, [1, 1, 1, 0, 0, 0, 0, 0, 0, 0]], "27462.sol": [1, [1, 0, 1, 0, 0, 1, 1, 0, 0, 0]], "22073.sol": [1, [0, 0, 1, 1, 0, 0, 0, 0, 1, 0]], "38128.sol": [1, [1, 1, 1, 1, 1, 0, 1, 0, 1, 0]], "9859.sol": [1, [1, 1, 1, 0, 0, 0, 0, 0, 0, 0]], "26296.sol": [0, [0, 0, 0, 0, 0, 0, 0, 0, 0, 0]], "18325.sol": [1, [0, 0, 0, 0, 1, 0, 0, 0, 0, 1]], "14959.sol": [1, [1, 1, 0, 0, 1, 1, 1, 1, 1, 1]], "38686.sol": [1, [0, 0, 0, 0, 0, 0, 0, 1, 1, 1]], "33804.sol": [1, [1, 1, 1, 1, 1, 1, 1, 1, 1, 1]], "2301.sol": [0, [0, 0, 0, 0, 0, 0, 0, 0, 0, 0]], "257.sol": [1, [1, 1, 1, 1, 1, 0, 1, 0, 0, 1]], "12650.sol": [1, [1, 1, 1, 0, 0, 0, 0, 0, 0, 0]], "20322.sol": [1, [1, 1, 1, 0, 0, 0, 0, 0, 0, 0]], "34221.sol": [1, [1, 1, 0, 1, 1, 1, 1, 0, 1, 1]], "23274.sol": [1, [0, 0, 1, 1, 0, 0, 0, 1, 1, 0]], "38981.sol": [1, [0, 0, 0, 0, 1, 0, 0, 0, 0, 0]], "27172.sol": [1, [0, 0, 0, 0, 0, 0, 0, 0, 1, 0]], "17125.sol": [1, [1, 1, 1, 0, 0, 0, 0, 0, 0, 0]], "8892.sol": [1, [0, 0, 0, 0, 0, 0, 0, 0, 1, 1]], "24487.sol": [1, [1, 0, 1, 0, 1, 0, 1, 0, 1, 1]], "29566.sol": [1, [0, 1, 0, 0, 0, 0, 1, 0, 0, 0]], "7790.sol": [1, [0, 0, 1, 0, 0, 1, 1, 1, 1, 1]], "9114.sol": [1, [1, 1, 1, 1, 1, 1, 1, 1, 1, 1]], "16829.sol": [1, [0, 0, 0, 0, 0, 0, 0, 1, 0, 1]], "32594.sol": [1, [0, 1, 0, 0, 1, 1, 0, 1, 0, 0]], "24361.sol": [1, [0, 1, 0, 1, 1, 1, 1, 1, 1, 1]], "23094.sol": [1, [0, 0, 0, 1, 0, 1, 0, 0, 0, 0]], "20622.sol": [1, [0, 0, 0, 0, 0, 0, 0, 0, 0, 1]], "17854.sol": [1, [0, 0, 1, 1, 0, 0, 0, 1, 0, 0]], "11719.sol": [1, [0, 0, 1, 0, 1, 0, 0, 0, 0, 0]], "669.sol": [1, [1, 1, 1, 1, 0, 0, 1, 0, 0, 0]], "13522.sol": [1, [0, 0, 1, 0, 1, 0, 1, 0, 0, 1]], "11539.sol": [1, [1, 1, 0, 0, 1, 1, 0, 1, 0, 1]], "6472.sol": [1, [1, 0, 1, 1, 1, 1, 1, 1, 0, 1]], "37982.sol": [0, [0, 0, 0, 0, 0, 0, 0, 0, 0, 0]], "16320.sol": [1, [1, 1, 1, 1, 1, 0, 1, 0, 0, 0]], "4737.sol": [1, [1, 1, 0, 0, 0, 1, 0, 0, 0, 0]], "5052.sol": [0, [0, 0, 0, 0, 0, 0, 0, 0, 0, 0]], "34784.sol": [1, [1, 1, 1, 1, 1, 1, 1, 1, 1, 1]], "15056.sol": [0, [0, 0, 0, 0, 0, 0, 0, 0, 0, 0]], "35116.sol": [1, [0, 0, 0, 1, 1, 0, 0, 0, 1, 0]], "16921.sol": [1, [1, 0, 0, 0, 0, 0, 0, 0, 0, 0]], "1991.sol": [1, [1, 1, 0, 0, 1, 0, 0, 0, 1, 0]], "32833.sol": [1, [1, 1, 1, 1, 1, 1, 1, 1, 1, 1]], "11588.sol": [1, [0, 1, 1, 1, 1, 0, 1, 0, 0, 0]], "23474.sol": [1, [0, 0, 0, 1, 0, 1, 0, 0, 0, 0]], "32634.sol": [1, [1, 1, 0, 1, 1, 1, 0, 1, 1, 1]], "37261.sol": [1, [0, 0, 0, 0, 0, 0, 0, 0, 1, 1]], "25417.sol": [1, [1, 1, 1, 1, 1, 1, 1, 1, 1, 0]], "25132.sol": [1, [1, 1, 1, 1, 1, 1, 1, 1, 1, 1]], "27138.sol": [0, [0, 0, 0, 0, 0, 0, 0, 0, 0, 0]], "39911.sol": [1, [1, 1, 1, 1, 1, 1, 1, 1, 1, 1]], "34727.sol": [1, [0, 1, 0, 0, 1, 1, 0, 1, 0, 0]], "4026.sol": [1, [1, 1, 0, 0, 0, 1, 0, 0, 0, 0]], "23162.sol": [0, [0, 0, 0, 0, 0, 0, 0, 0, 0, 0]], "14860.sol": [1, [1, 1, 1, 0, 0, 0, 0, 0, 0, 0]], "4590.sol": [1, [0, 0, 0, 0, 0, 0, 1, 1, 1, 1]], "28723.sol": [1, [1, 1, 1, 1, 1, 1, 1, 1, 1, 1]], "36021.sol": [0, [0, 0, 0, 0, 0, 0, 0, 0, 0, 0]], "33975.sol": [1, [1, 1, 1, 1, 1, 1, 1, 1, 1, 1]], "26672.sol": [1, [1, 0, 1, 1, 1, 0, 1, 0, 0, 1]], "20032.sol": [1, [1, 1, 0, 1, 0, 0, 0, 0, 0, 0]], "10754.sol": [1, [0, 0, 0, 0, 0, 0, 1, 0, 0, 0]], "6445.sol": [1, [0, 0, 0, 0, 0, 0, 0, 0, 1, 1]], "13351.sol": [1, [1, 0, 1, 0, 1, 0, 1, 0, 1, 1]], "21846.sol": [1, [1, 1, 1, 1, 1, 1, 1, 1, 1, 1]], "19399.sol": [1, [1, 1, 0, 0, 0, 0, 0, 0, 0, 0]], "4924.sol": [1, [1, 1, 1, 0, 0, 0, 1, 0, 0, 0]], "33914.sol": [0, [0, 0, 0, 0, 0, 0, 0, 0, 0, 0]], "18329.sol": [0, [0, 0, 0, 0, 0, 0, 0, 0, 0, 0]], "14192.sol": [1, [0, 0, 0, 0, 1, 1, 1, 1, 0, 0]], "14760.sol": [1, [1, 1, 1, 1, 1, 1, 1, 0, 0, 0]], "25620.sol": [1, [0, 0, 1, 0, 1, 0, 0, 0, 0, 0]], "19194.sol": [1, [0, 0, 1, 1, 1, 1, 1, 1, 1, 1]], "8609.sol": [1, [0, 0, 0, 0, 1, 1, 1, 0, 0, 0]], "23322.sol": [0, [0, 0, 0, 0, 0, 0, 0, 0, 0, 0]], "23946.sol": [0, [0, 0, 0, 0, 0, 0, 0, 0, 0, 0]], "27530.sol": [0, [0, 0, 0, 0, 0, 0, 0, 0, 0, 0]], "6206.sol": [1, [1, 0, 0, 0, 0, 0, 0, 0, 0, 0]], "3320.sol": [1, [1, 1, 1, 0, 0, 0, 0, 0, 0, 0]], "16964.sol": [1, [0, 0, 0, 0, 0, 0, 0, 1, 0, 0]], "11107.sol": [1, [1, 0, 0, 0, 1, 0, 1, 0, 0, 0]], "111.sol": [1, [1, 1, 1, 1, 1, 1, 1, 1, 1, 1]], "35320.sol": [0, [0, 0, 0, 0, 0, 0, 0, 0, 0, 0]], "23608.sol": [1, [1, 1, 1, 0, 0, 0, 0, 0, 0, 0]], "25106.sol": [1, [0, 1, 0, 0, 0, 1, 1, 0, 1, 1]], "17635.sol": [1, [1, 0, 0, 1, 0, 0, 1, 0, 1, 1]], "28303.sol": [1, [0, 0, 0, 0, 0, 0, 0, 0, 1, 1]], "29443.sol": [1, [1, 1, 0, 0, 0, 1, 0, 0, 0, 1]], "10410.sol": [1, [0, 0, 0, 0, 0, 1, 1, 1, 1, 1]], "26573.sol": [1, [0, 0, 0, 0, 0, 1, 1, 1, 1, 0]], "11339.sol": [1, [1, 0, 1, 0, 1, 0, 1, 0, 1, 1]], "15980.sol": [1, [0, 0, 0, 0, 0, 0, 0, 0, 1, 0]], "22227.sol": [1, [1, 1, 1, 1, 0, 1, 0, 1, 1, 1]], "21523.sol": [1, [1, 0, 1, 0, 1, 0, 1, 0, 1, 1]], "31369.sol": [1, [1, 0, 0, 1, 1, 0, 1, 0, 0, 0]], "18995.sol": [0, [0, 0, 0, 0, 0, 0, 0, 0, 0, 0]], "2972.sol": [1, [0, 0, 0, 0, 1, 0, 0, 0, 0, 0]], "32496.sol": [1, [1, 1, 1, 1, 1, 1, 1, 1, 1, 1]], "1106.sol": [1, [1, 0, 1, 0, 1, 0, 1, 0, 1, 1]], "19105.sol": [1, [0, 0, 0, 0, 0, 0, 0, 1, 0, 1]], "34476.sol": [0, [0, 0, 0, 0, 0, 0, 0, 0, 0, 0]], "17157.sol": [1, [1, 1, 1, 0, 0, 0, 0, 0, 0, 0]], "26777.sol": [1, [1, 1, 1, 1, 1, 1, 0, 1, 0, 1]], "25178.sol": [1, [0, 0, 0, 1, 1, 1, 1, 1, 0, 1]], "38065.sol": [0, [0, 0, 0, 0, 0, 0, 0, 0, 0, 0]], "611.sol": [1, [0, 0, 1, 0, 0, 1, 0, 0, 0, 0]], "31379.sol": [0, [0, 0, 0, 0, 0, 0, 0, 0, 0, 0]], "34442.sol": [1, [0, 0, 0, 0, 0, 0, 1, 0, 0, 0]], "14922.sol": [1, [1, 0, 1, 1, 1, 1, 1, 0, 1, 1]], "9610.sol": [1, [1, 0, 0, 0, 0, 0, 0, 0, 0, 0]], "33106.sol": [1, [0, 0, 0, 0, 1, 0, 0, 0, 1, 0]], "35605.sol": [0, [0, 0, 0, 0, 0, 0, 0, 0, 0, 0]], "34345.sol": [1, [0, 0, 0, 0, 1, 1, 0, 0, 0, 0]], "12828.sol": [1, [1, 0, 1, 0, 1, 0, 1, 0, 1, 1]], "16216.sol": [0, [0, 0, 0, 0, 0, 0, 0, 0, 0, 0]], "5880.sol": [1, [1, 1, 1, 1, 0, 0, 1, 0, 1, 1]], "26150.sol": [1, [0, 0, 0, 1, 0, 1, 0, 0, 0, 0]], "11385.sol": [0, [0, 0, 0, 0, 0, 0, 0, 0, 0, 0]], "22601.sol": [1, [1, 0, 1, 1, 1, 1, 1, 0, 1, 1]], "22035.sol": [1, [1, 1, 1, 1, 1, 1, 1, 1, 1, 1]], "21549.sol": [1, [0, 1, 0, 1, 0, 1, 1, 1, 1, 1]], "25133.sol": [1, [0, 0, 0, 1, 0, 1, 0, 0, 0, 0]], "1722.sol": [1, [0, 0, 0, 0, 0, 0, 0, 0, 1, 1]], "28917.sol": [1, [1, 1, 1, 1, 0, 0, 0, 0, 0, 0]], "16235.sol": [1, [1, 1, 1, 0, 0, 0, 0, 0, 0, 0]], "33297.sol": [1, [1, 1, 1, 1, 1, 0, 1, 1, 1, 1]], "24006.sol": [1, [0, 0, 0, 0, 0, 0, 1, 0, 1, 1]], "3195.sol": [1, [1, 1, 1, 1, 1, 1, 1, 1, 0, 1]], "33437.sol": [1, [1, 1, 1, 1, 1, 1, 1, 1, 1, 1]], "23023.sol": [1, [0, 0, 0, 0, 0, 0, 0, 0, 1, 1]], "23741.sol": [1, [1, 0, 1, 0, 1, 0, 1, 0, 1, 1]], "7800.sol": [1, [1, 1, 1, 1, 0, 0, 0, 0, 0, 0]], "29636.sol": [0, [0, 0, 0, 0, 0, 0, 0, 0, 0, 0]], "35593.sol": [1, [0, 0, 0, 0, 0, 0, 1, 1, 0, 0]], "3844.sol": [1, [1, 1, 1, 0, 1, 0, 0, 0, 0, 0]], "26012.sol": [1, [0, 0, 1, 0, 1, 0, 0, 0, 0, 0]], "26034.sol": [1, [1, 1, 0, 0, 1, 1, 0, 0, 1, 1]], "3291.sol": [0, [0, 0, 0, 0, 0, 0, 0, 0, 0, 0]], "40099.sol": [1, [0, 0, 0, 0, 0, 0, 1, 0, 0, 0]], "9602.sol": [1, [0, 0, 0, 0, 0, 0, 0, 0, 1, 0]], "35189.sol": [0, [0, 0, 0, 0, 0, 0, 0, 0, 0, 0]], "9501.sol": [1, [0, 1, 0, 0, 1, 1, 0, 1, 0, 0]], "38918.sol": [1, [0, 0, 0, 1, 0, 1, 0, 0, 0, 0]], "29223.sol": [1, [1, 1, 1, 0, 0, 0, 0, 0, 0, 0]], "11742.sol": [0, [0, 0, 0, 0, 0, 0, 0, 0, 0, 0]], "15152.sol": [1, [0, 1, 0, 0, 1, 0, 0, 0, 0, 1]], "39751.sol": [1, [1, 0, 1, 0, 1, 0, 0, 0, 1, 1]], "9246.sol": [1, [1, 1, 0, 1, 1, 1, 1, 1, 0, 1]], "278.sol": [1, [0, 0, 0, 0, 0, 1, 0, 0, 0, 1]], "20922.sol": [0, [0, 0, 0, 0, 0, 0, 0, 0, 0, 0]], "25258.sol": [1, [1, 1, 1, 1, 1, 1, 1, 1, 1, 1]], "5811.sol": [1, [1, 1, 1, 1, 1, 1, 1, 1, 0, 0]], "2889.sol": [1, [0, 1, 1, 1, 1, 0, 1, 1, 0, 1]], "9597.sol": [1, [1, 0, 0, 0, 0, 0, 0, 0, 0, 0]], "24250.sol": [1, [1, 1, 0, 0, 0, 0, 0, 0, 0, 0]], "12898.sol": [1, [1, 1, 1, 0, 1, 0, 0, 0, 1, 1]], "29480.sol": [0, [0, 0, 0, 0, 0, 0, 0, 0, 0, 0]], "11242.sol": [1, [1, 1, 1, 1, 1, 1, 1, 1, 0, 1]], "2499.sol": [1, [1, 0, 1, 0, 0, 1, 0, 1, 1, 0]], "35901.sol": [0, [0, 0, 0, 0, 0, 0, 0, 0, 0, 0]], "23454.sol": [1, [1, 1, 1, 0, 0, 0, 0, 0, 0, 0]], "25518.sol": [0, [0, 0, 0, 0, 0, 0, 0, 0, 0, 0]], "16783.sol": [1, [1, 1, 0, 1, 1, 0, 1, 0, 0, 0]], "7794.sol": [1, [0, 0, 1, 0, 0, 1, 1, 1, 1, 1]], "24409.sol": [1, [0, 0, 0, 1, 0, 1, 0, 0, 0, 0]], "40214.sol": [1, [1, 1, 1, 1, 1, 1, 1, 1, 1, 1]], "37198.sol": [0, [0, 0, 0, 0, 0, 0, 0, 0, 0, 0]], "23624.sol": [1, [0, 0, 0, 1, 0, 1, 0, 0, 0, 0]], "18343.sol": [1, [0, 1, 0, 0, 1, 1, 0, 1, 0, 0]], "29564.sol": [1, [0, 0, 0, 0, 0, 0, 1, 0, 0, 0]], "12991.sol": [1, [0, 1, 1, 1, 1, 0, 0, 1, 1, 1]], "1335.sol": [1, [1, 1, 1, 1, 1, 1, 1, 1, 1, 1]], "12588.sol": [1, [0, 0, 0, 1, 0, 1, 0, 0, 0, 1]], "40379.sol": [0, [0, 0, 0, 0, 0, 0, 0, 0, 0, 0]], "38754.sol": [1, [1, 1, 1, 1, 1, 1, 1, 1, 1, 1]], "34864.sol": [1, [1, 1, 0, 1, 1, 1, 0, 0, 0, 0]], "9309.sol": [1, [1, 0, 1, 0, 1, 0, 1, 0, 1, 1]], "19950.sol": [1, [0, 0, 0, 0, 0, 1, 1, 1, 1, 1]], "20433.sol": [1, [0, 1, 0, 0, 1, 0, 1, 0, 0, 1]], "26230.sol": [0, [0, 0, 0, 0, 0, 0, 0, 0, 0, 0]], "30438.sol": [1, [1, 1, 1, 0, 0, 0, 0, 0, 0, 0]], "14775.sol": [1, [1, 0, 1, 0, 1, 0, 1, 0, 1, 1]], "1608.sol": [1, [1, 1, 1, 1, 1, 1, 1, 0, 1, 0]], "39009.sol": [1, [1, 1, 1, 0, 1, 1, 0, 0, 1, 1]], "40344.sol": [1, [0, 0, 0, 0, 0, 0, 0, 0, 1, 1]], "18294.sol": [1, [1, 1, 1, 1, 1, 1, 1, 1, 1, 1]], "3284.sol": [0, [0, 0, 0, 0, 0, 0, 0, 0, 0, 0]], "23221.sol": [1, [1, 1, 1, 1, 1, 1, 1, 1, 1, 1]], "11536.sol": [1, [0, 1, 1, 1, 0, 1, 1, 1, 0, 0]], "38359.sol": [1, [1, 1, 1, 0, 0, 0, 0, 0, 1, 0]], "36026.sol": [1, [0, 0, 0, 0, 0, 0, 0, 0, 0, 1]], "37507.sol": [1, [0, 0, 1, 0, 0, 0, 0, 0, 0, 0]], "16469.sol": [1, [0, 1, 1, 1, 0, 0, 0, 0, 0, 0]], "5180.sol": [1, [1, 1, 0, 0, 0, 1, 0, 0, 0, 0]], "9996.sol": [1, [1, 0, 1, 0, 1, 1, 1, 1, 1, 1]], "35548.sol": [0, [0, 0, 0, 0, 0, 0, 0, 0, 0, 0]], "29673.sol": [1, [0, 0, 1, 1, 1, 1, 1, 0, 0, 1]], "21762.sol": [1, [0, 0, 1, 0, 1, 0, 1, 0, 0, 0]], "33328.sol": [1, [0, 0, 0, 1, 0, 1, 1, 1, 0, 1]], "6446.sol": [1, [0, 0, 0, 0, 0, 0, 0, 0, 1, 1]], "1226.sol": [1, [1, 1, 1, 1, 1, 1, 1, 1, 1, 1]], "23756.sol": [1, [1, 0, 1, 0, 1, 1, 1, 1, 1, 1]], "17110.sol": [1, [1, 1, 1, 0, 0, 0, 0, 0, 0, 0]], "24456.sol": [1, [0, 0, 1, 0, 1, 0, 0, 0, 0, 0]], "13409.sol": [1, [1, 1, 0, 0, 1, 1, 0, 1, 0, 1]], "11859.sol": [1, [1, 1, 1, 1, 1, 1, 1, 1, 1, 1]], "16809.sol": [1, [0, 0, 0, 1, 0, 1, 0, 0, 0, 0]], "24783.sol": [1, [0, 0, 0, 0, 0, 1, 0, 0, 0, 0]], "35540.sol": [0, [0, 0, 0, 0, 0, 0, 0, 0, 0, 0]], "19607.sol": [1, [0, 0, 0, 1, 0, 1, 0, 0, 0, 0]], "12783.sol": [0, [0, 0, 0, 0, 0, 0, 0, 0, 0, 0]], "3253.sol": [1, [0, 0, 0, 0, 1, 0, 0, 0, 0, 0]], "21179.sol": [1, [1, 1, 1, 0, 0, 0, 0, 0, 0, 0]], "40098.sol": [1, [1, 1, 0, 1, 1, 0, 1, 0, 0, 0]], "6477.sol": [1, [0, 0, 0, 0, 1, 0, 0, 1, 1, 0]], "34858.sol": [1, [1, 1, 1, 1, 1, 1, 1, 1, 1, 1]], "24431.sol": [1, [1, 1, 1, 0, 0, 0, 0, 0, 0, 0]], "14027.sol": [1, [1, 1, 1, 0, 0, 0, 0, 0, 0, 0]], "40220.sol": [1, [1, 1, 1, 1, 1, 1, 1, 1, 1, 1]], "33487.sol": [1, [1, 1, 1, 0, 0, 1, 1, 1, 1, 1]], "37096.sol": [1, [1, 1, 0, 1, 0, 0, 0, 0, 0, 1]], "14131.sol": [1, [0, 0, 0, 0, 0, 0, 1, 1, 0, 1]], "16448.sol": [0, [0, 0, 0, 0, 0, 0, 0, 0, 0, 0]], "9583.sol": [1, [1, 1, 1, 1, 1, 1, 1, 1, 1, 1]], "135.sol": [1, [0, 0, 1, 0, 0, 0, 0, 0, 1, 0]], "21297.sol": [1, [1, 1, 0, 0, 1, 0, 1, 0, 1, 1]], "16582.sol": [1, [0, 1, 1, 1, 0, 0, 0, 1, 0, 1]], "27787.sol": [1, [1, 1, 1, 1, 0, 0, 0, 0, 1, 1]], "18429.sol": [1, [1, 1, 1, 1, 1, 1, 1, 1, 1, 1]], "23781.sol": [1, [1, 1, 0, 0, 1, 0, 0, 0, 0, 1]], "38587.sol": [1, [0, 0, 1, 1, 1, 0, 0, 1, 0, 0]], "8099.sol": [1, [0, 0, 0, 0, 1, 1, 0, 1, 0, 0]], "27261.sol": [1, [0, 0, 0, 1, 1, 1, 0, 0, 1, 0]], "25858.sol": [1, [1, 1, 1, 0, 0, 0, 0, 0, 0, 0]], "17124.sol": [1, [1, 0, 1, 0, 1, 0, 1, 0, 1, 1]], "14024.sol": [1, [1, 1, 1, 0, 0, 0, 0, 0, 0, 0]], "39926.sol": [1, [1, 0, 0, 0, 0, 0, 0, 0, 0, 0]], "11337.sol": [1, [0, 0, 1, 0, 0, 0, 0, 0, 0, 0]], "18058.sol": [1, [1, 1, 1, 0, 1, 0, 0, 0, 0, 0]], "11008.sol": [0, [0, 0, 0, 0, 0, 0, 0, 0, 0, 0]], "31366.sol": [1, [0, 0, 0, 0, 1, 0, 0, 0, 0, 0]], "27839.sol": [1, [1, 1, 1, 1, 1, 1, 1, 0, 0, 0]], "1739.sol": [0, [0, 0, 0, 0, 0, 0, 0, 0, 0, 0]], "20395.sol": [0, [0, 0, 0, 0, 0, 0, 0, 0, 0, 0]], "11492.sol": [1, [1, 1, 1, 1, 1, 1, 1, 1, 1, 1]], "37410.sol": [1, [0, 0, 1, 0, 0, 0, 0, 0, 0, 0]], "27952.sol": [1, [0, 0, 0, 1, 1, 1, 0, 0, 1, 0]], "32481.sol": [1, [0, 0, 0, 0, 1, 0, 0, 1, 0, 0]], "26644.sol": [1, [1, 0, 1, 1, 1, 0, 1, 0, 0, 1]], "2736.sol": [1, [0, 0, 0, 0, 0, 0, 0, 0, 1, 1]], "17562.sol": [1, [1, 0, 0, 0, 1, 0, 0, 0, 0, 0]], "14169.sol": [1, [0, 0, 0, 0, 0, 1, 0, 0, 0, 1]], "37354.sol": [0, [0, 0, 0, 0, 0, 0, 0, 0, 0, 0]], "37494.sol": [1, [0, 0, 0, 1, 1, 1, 1, 0, 0, 1]], "32868.sol": [1, [1, 1, 1, 0, 0, 0, 0, 0, 0, 0]], "3319.sol": [1, [1, 0, 1, 0, 1, 0, 1, 0, 1, 1]], "15814.sol": [1, [1, 1, 1, 1, 0, 0, 0, 0, 0, 0]], "23889.sol": [1, [0, 0, 0, 0, 0, 0, 0, 0, 0, 1]], "27557.sol": [1, [1, 0, 0, 0, 0, 0, 0, 0, 0, 0]], "18110.sol": [1, [1, 1, 1, 0, 0, 0, 0, 0, 0, 0]], "25303.sol": [1, [1, 1, 1, 1, 1, 1, 1, 1, 1, 1]], "35541.sol": [1, [0, 0, 0, 0, 0, 1, 0, 0, 1, 0]], "27411.sol": [1, [0, 1, 1, 1, 0, 0, 0, 0, 0, 0]], "30569.sol": [1, [0, 0, 0, 0, 0, 0, 0, 0, 0, 1]], "29992.sol": [1, [0, 0, 1, 0, 0, 0, 0, 0, 0, 0]], "25134.sol": [1, [1, 1, 1, 0, 0, 0, 0, 0, 0, 0]], "17611.sol": [1, [1, 1, 1, 1, 1, 1, 1, 1, 0, 0]], "32242.sol": [1, [1, 1, 1, 1, 0, 0, 0, 1, 1, 1]], "20728.sol": [1, [1, 0, 1, 0, 1, 0, 1, 0, 1, 1]], "10746.sol": [0, [0, 0, 0, 0, 0, 0, 0, 0, 0, 0]], "17901.sol": [1, [1, 0, 1, 1, 1, 1, 1, 1, 0, 1]], "15655.sol": [1, [1, 1, 1, 1, 1, 0, 1, 0, 0, 0]], "34737.sol": [1, [1, 0, 1, 1, 1, 1, 1, 0, 1, 1]], "26982.sol": [0, [0, 0, 0, 0, 0, 0, 0, 0, 0, 0]], "10782.sol": [0, [0, 0, 0, 0, 0, 0, 0, 0, 0, 0]], "25805.sol": [1, [1, 1, 1, 0, 0, 0, 0, 0, 0, 0]], "23694.sol": [0, [0, 0, 0, 0, 0, 0, 0, 0, 0, 0]], "34982.sol": [1, [1, 1, 1, 1, 1, 1, 1, 1, 0, 0]], "8196.sol": [1, [1, 1, 0, 0, 1, 0, 0, 0, 0, 1]], "30890.sol": [0, [0, 0, 0, 0, 0, 0, 0, 0, 0, 0]], "2310.sol": [1, [0, 0, 1, 0, 1, 0, 1, 0, 0, 1]], "14393.sol": [1, [1, 0, 1, 0, 1, 0, 1, 0, 1, 1]], "5356.sol": [1, [0, 0, 0, 1, 0, 0, 0, 0, 0, 1]], "35520.sol": [1, [1, 1, 1, 1, 1, 1, 1, 1, 1, 1]], "804.sol": [1, [0, 0, 1, 0, 0, 0, 1, 1, 0, 0]], "9803.sol": [1, [0, 0, 0, 1, 0, 1, 0, 0, 0, 0]], "36857.sol": [1, [0, 0, 0, 0, 1, 1, 0, 0, 1, 0]], "12410.sol": [0, [0, 0, 0, 0, 0, 0, 0, 0, 0, 0]], "9710.sol": [1, [1, 1, 1, 1, 1, 1, 1, 1, 1, 1]], "12989.sol": [1, [1, 0, 0, 0, 0, 0, 0, 0, 0, 0]], "15899.sol": [1, [1, 1, 1, 0, 0, 0, 0, 0, 0, 0]], "28362.sol": [1, [0, 0, 1, 1, 0, 1, 0, 0, 0, 0]], "22522.sol": [1, [0, 0, 0, 0, 1, 0, 0, 1, 1, 0]], "467.sol": [1, [0, 0, 0, 1, 0, 1, 0, 0, 0, 0]], "2641.sol": [1, [1, 0, 1, 0, 1, 0, 1, 0, 1, 1]], "12689.sol": [1, [0, 0, 1, 0, 1, 0, 1, 0, 0, 1]], "21933.sol": [1, [1, 1, 1, 1, 1, 1, 1, 1, 1, 1]], "28728.sol": [1, [1, 1, 1, 0, 0, 0, 0, 0, 0, 0]], "20413.sol": [0, [0, 0, 0, 0, 0, 0, 0, 0, 0, 0]], "5549.sol": [1, [1, 1, 1, 1, 1, 1, 1, 1, 1, 1]], "29603.sol": [1, [1, 1, 1, 1, 0, 0, 1, 0, 1, 0]], "39736.sol": [1, [1, 1, 1, 1, 1, 1, 0, 0, 1, 1]], "26250.sol": [1, [0, 0, 1, 0, 1, 0, 0, 0, 0, 0]], "2886.sol": [1, [0, 0, 0, 0, 0, 0, 1, 0, 1, 0]], "294.sol": [1, [0, 0, 0, 1, 0, 1, 0, 0, 0, 0]], "19098.sol": [1, [0, 1, 0, 0, 1, 1, 0, 1, 0, 0]], "35707.sol": [1, [1, 1, 1, 1, 1, 1, 1, 1, 1, 1]], "7086.sol": [1, [0, 0, 0, 1, 0, 1, 1, 1, 1, 1]], "11527.sol": [1, [1, 1, 1, 1, 0, 0, 1, 0, 1, 0]], "20805.sol": [1, [1, 0, 0, 0, 1, 0, 0, 0, 0, 0]], "16127.sol": [1, [0, 1, 0, 0, 0, 0, 0, 1, 0, 0]], "15804.sol": [1, [1, 0, 1, 0, 1, 0, 1, 0, 1, 1]], "9779.sol": [1, [1, 0, 1, 0, 1, 0, 1, 0, 1, 1]], "15249.sol": [1, [1, 1, 1, 0, 1, 1, 1, 0, 1, 1]], "34480.sol": [1, [0, 1, 0, 0, 0, 1, 0, 0, 0, 0]], "33274.sol": [1, [0, 0, 1, 0, 1, 1, 1, 0, 0, 1]], "9852.sol": [1, [0, 0, 0, 0, 0, 1, 1, 0, 0, 0]], "26593.sol": [1, [0, 0, 1, 0, 1, 0, 0, 0, 0, 0]], "33808.sol": [1, [1, 1, 1, 1, 1, 1, 1, 1, 1, 1]], "25541.sol": [1, [0, 0, 1, 0, 1, 0, 0, 0, 0, 0]], "39322.sol": [1, [1, 0, 0, 0, 0, 0, 0, 0, 0, 1]], "39642.sol": [1, [1, 0, 0, 1, 0, 0, 0, 0, 0, 0]], "22226.sol": [1, [0, 1, 1, 1, 1, 1, 0, 1, 0, 1]], "38685.sol": [1, [0, 0, 0, 0, 0, 0, 0, 1, 1, 1]], "27833.sol": [0, [0, 0, 0, 0, 0, 0, 0, 0, 0, 0]], "39248.sol": [1, [1, 1, 1, 1, 1, 1, 1, 1, 1, 0]], "4738.sol": [1, [1, 1, 0, 0, 0, 1, 0, 0, 0, 0]], "1677.sol": [1, [1, 1, 0, 0, 0, 1, 1, 0, 0, 0]], "3843.sol": [1, [1, 1, 1, 0, 1, 0, 0, 0, 0, 0]], "26910.sol": [1, [0, 0, 0, 1, 1, 1, 1, 0, 1, 1]], "5918.sol": [1, [0, 0, 1, 0, 0, 1, 1, 0, 1, 1]], "23623.sol": [1, [1, 0, 1, 0, 1, 0, 1, 0, 1, 1]], "33477.sol": [1, [1, 1, 1, 1, 1, 1, 0, 0, 0, 0]], "10726.sol": [1, [0, 0, 0, 0, 0, 1, 0, 0, 0, 0]], "15091.sol": [0, [0, 0, 0, 0, 0, 0, 0, 0, 0, 0]], "897.sol": [1, [1, 0, 0, 0, 0, 0, 1, 1, 1, 0]], "34194.sol": [0, [0, 0, 0, 0, 0, 0, 0, 0, 0, 0]], "24821.sol": [1, [1, 1, 1, 1, 0, 1, 0, 0, 0, 0]], "9805.sol": [1, [1, 1, 1, 0, 0, 0, 0, 0, 0, 0]], "13887.sol": [1, [1, 1, 1, 1, 1, 0, 1, 1, 1, 1]], "25212.sol": [1, [0, 0, 0, 1, 1, 0, 0, 0, 0, 0]], "35457.sol": [1, [1, 0, 0, 0, 0, 0, 0, 0, 1, 0]], "21493.sol": [1, [1, 0, 1, 1, 0, 0, 0, 0, 0, 0]], "22611.sol": [1, [1, 1, 1, 1, 0, 1, 1, 0, 1, 1]], "10451.sol": [0, [0, 0, 0, 0, 0, 0, 0, 0, 0, 0]], "17509.sol": [1, [1, 1, 0, 1, 1, 1, 0, 0, 1, 0]], "19292.sol": [1, [1, 1, 1, 0, 1, 0, 0, 0, 0, 1]], "24892.sol": [1, [1, 1, 0, 1, 1, 0, 0, 0, 0, 0]], "13674.sol": [1, [0, 0, 0, 0, 0, 1, 1, 1, 1, 0]], "5533.sol": [1, [1, 1, 1, 1, 0, 0, 1, 0, 0, 0]], "40372.sol": [1, [1, 1, 1, 1, 1, 0, 1, 1, 0, 1]], "11569.sol": [1, [1, 1, 0, 0, 1, 0, 0, 0, 0, 0]], "15068.sol": [1, [1, 1, 1, 1, 1, 1, 1, 1, 1, 1]], "36489.sol": [1, [0, 0, 0, 0, 0, 0, 0, 1, 1, 0]], "14016.sol": [1, [1, 0, 1, 0, 1, 0, 1, 0, 1, 1]], "19963.sol": [1, [0, 0, 0, 1, 0, 0, 0, 0, 0, 0]], "37378.sol": [1, [1, 1, 1, 0, 1, 0, 1, 0, 1, 0]], "30508.sol": [1, [0, 0, 1, 1, 1, 0, 0, 0, 0, 0]], "10242.sol": [1, [0, 0, 0, 1, 1, 1, 1, 1, 1, 1]], "40437.sol": [1, [1, 1, 0, 0, 1, 1, 1, 0, 0, 0]], "34063.sol": [1, [1, 1, 1, 1, 1, 1, 1, 1, 0, 0]], "20190.sol": [0, [0, 0, 0, 0, 0, 0, 0, 0, 0, 0]], "15830.sol": [1, [0, 0, 0, 1, 1, 0, 0, 1, 0, 1]], "33020.sol": [1, [0, 1, 0, 0, 1, 1, 0, 1, 0, 0]], "2252.sol": [1, [0, 0, 0, 1, 0, 0, 0, 0, 0, 0]], "710.sol": [1, [0, 0, 1, 1, 1, 1, 1, 1, 1, 1]], "17224.sol": [1, [0, 0, 1, 1, 1, 1, 1, 1, 0, 1]], "38688.sol": [0, [0, 0, 0, 0, 0, 0, 0, 0, 0, 0]], "36517.sol": [1, [1, 0, 1, 0, 0, 0, 0, 0, 0, 0]], "10573.sol": [1, [1, 0, 0, 0, 0, 0, 0, 0, 0, 0]], "34852.sol": [0, [0, 0, 0, 0, 0, 0, 0, 0, 0, 0]], "11955.sol": [1, [1, 0, 1, 0, 1, 0, 1, 0, 1, 1]], "33907.sol": [1, [1, 1, 1, 1, 1, 0, 1, 1, 1, 1]], "4016.sol": [1, [1, 1, 1, 1, 1, 1, 1, 1, 1, 1]], "1849.sol": [0, [0, 0, 0, 0, 0, 0, 0, 0, 0, 0]], "15581.sol": [1, [1, 0, 1, 1, 1, 0, 0, 1, 1, 1]], "36312.sol": [1, [0, 0, 0, 1, 0, 0, 1, 0, 0, 0]], "14742.sol": [1, [0, 0, 1, 1, 1, 1, 0, 0, 1, 1]], "20476.sol": [1, [1, 1, 1, 1, 1, 1, 1, 1, 1, 1]], "34443.sol": [0, [0, 0, 0, 0, 0, 0, 0, 0, 0, 0]], "24873.sol": [1, [1, 1, 1, 1, 1, 1, 0, 1, 0, 0]], "23606.sol": [1, [0, 0, 0, 1, 0, 0, 0, 0, 0, 0]], "12969.sol": [1, [1, 1, 1, 1, 0, 0, 0, 0, 1, 1]], "39064.sol": [1, [0, 0, 0, 0, 0, 1, 0, 0, 0, 0]], "25024.sol": [1, [0, 0, 0, 0, 0, 0, 0, 0, 0, 1]], "338.sol": [0, [0, 0, 0, 0, 0, 0, 0, 0, 0, 0]], "14288.sol": [1, [1, 1, 1, 0, 0, 0, 0, 0, 0, 0]], "16786.sol": [1, [1, 1, 0, 1, 1, 0, 1, 0, 0, 0]], "36237.sol": [1, [0, 0, 0, 0, 0, 1, 0, 0, 0, 0]], "38196.sol": [1, [1, 0, 0, 1, 0, 0, 0, 0, 0, 1]], "39120.sol": [1, [1, 0, 0, 0, 1, 0, 0, 0, 0, 0]], "13801.sol": [1, [1, 0, 1, 0, 1, 0, 1, 0, 1, 1]], "23104.sol": [1, [1, 1, 1, 0, 0, 0, 0, 0, 0, 0]], "14174.sol": [1, [1, 1, 1, 1, 0, 1, 1, 0, 0, 0]], "33271.sol": [1, [0, 1, 0, 0, 1, 1, 0, 1, 0, 0]], "10455.sol": [1, [0, 1, 0, 0, 1, 1, 0, 1, 0, 0]], "5570.sol": [1, [0, 0, 0, 1, 0, 1, 0, 0, 0, 0]], "23260.sol": [1, [1, 1, 1, 1, 1, 1, 1, 1, 1, 1]], "33515.sol": [0, [0, 0, 0, 0, 0, 0, 0, 0, 0, 0]], "24905.sol": [1, [1, 1, 1, 0, 0, 0, 0, 0, 0, 0]], "20923.sol": [1, [1, 0, 0, 0, 0, 0, 0, 0, 0, 0]], "29089.sol": [1, [0, 0, 1, 0, 1, 0, 0, 0, 0, 0]], "8921.sol": [1, [0, 0, 1, 1, 1, 1, 1, 0, 1, 1]], "5110.sol": [1, [1, 1, 0, 1, 0, 0, 0, 0, 0, 0]], "22857.sol": [1, [0, 0, 1, 1, 0, 0, 0, 0, 0, 0]], "35427.sol": [1, [1, 1, 1, 1, 1, 1, 1, 0, 0, 0]], "34195.sol": [1, [0, 0, 1, 0, 1, 0, 0, 0, 0, 0]], "12841.sol": [1, [0, 0, 1, 0, 0, 0, 1, 0, 1, 0]], "5767.sol": [1, [1, 1, 1, 1, 1, 1, 1, 1, 0, 0]], "29683.sol": [1, [1, 0, 0, 0, 0, 1, 0, 0, 0, 0]], "9890.sol": [1, [1, 0, 1, 0, 1, 0, 1, 0, 1, 1]], "4765.sol": [1, [0, 0, 0, 0, 0, 1, 0, 1, 1, 0]], "32184.sol": [1, [1, 1, 1, 1, 1, 1, 1, 1, 1, 0]], "24634.sol": [0, [0, 0, 0, 0, 0, 0, 0, 0, 0, 0]], "20439.sol": [1, [0, 0, 0, 0, 1, 1, 1, 1, 1, 1]], "8709.sol": [1, [0, 1, 0, 0, 0, 0, 1, 0, 1, 1]], "32582.sol": [1, [1, 1, 1, 1, 1, 1, 1, 1, 1, 1]], "18994.sol": [0, [0, 0, 0, 0, 0, 0, 0, 0, 0, 0]], "37582.sol": [1, [0, 0, 0, 0, 0, 1, 0, 0, 0, 1]], "964.sol": [1, [1, 1, 1, 1, 1, 1, 0, 1, 0, 0]], "11178.sol": [1, [0, 0, 0, 0, 0, 0, 0, 0, 1, 1]], "9885.sol": [1, [0, 0, 0, 0, 0, 0, 0, 0, 1, 1]], "25060.sol": [1, [1, 1, 1, 1, 1, 1, 1, 1, 1, 1]], "16428.sol": [1, [1, 1, 0, 0, 1, 0, 0, 0, 0, 0]], "25222.sol": [0, [0, 0, 0, 0, 0, 0, 0, 0, 0, 0]], "26565.sol": [1, [0, 1, 1, 0, 1, 0, 1, 0, 1, 0]], "730.sol": [1, [1, 1, 1, 1, 0, 0, 0, 0, 0, 0]], "16217.sol": [0, [0, 0, 0, 0, 0, 0, 0, 0, 0, 0]], "8471.sol": [1, [0, 1, 0, 0, 1, 1, 0, 1, 0, 0]], "33879.sol": [0, [0, 0, 0, 0, 0, 0, 0, 0, 0, 0]], "13757.sol": [0, [0, 0, 0, 0, 0, 0, 0, 0, 0, 0]], "11200.sol": [1, [1, 0, 0, 0, 1, 1, 1, 1, 0, 1]], "37511.sol": [0, [0, 0, 0, 0, 0, 0, 0, 0, 0, 0]], "38673.sol": [1, [0, 0, 0, 0, 0, 0, 0, 1, 1, 1]], "27930.sol": [1, [0, 0, 0, 0, 1, 0, 0, 0, 0, 1]], "24050.sol": [1, [1, 1, 0, 0, 0, 0, 0, 0, 1, 1]], "24193.sol": [1, [0, 0, 0, 0, 1, 0, 0, 0, 0, 1]], "32408.sol": [1, [1, 1, 0, 0, 1, 0, 0, 1, 1, 0]], "26551.sol": [0, [0, 0, 0, 0, 0, 0, 0, 0, 0, 0]], "23635.sol": [1, [0, 1, 1, 1, 1, 0, 0, 0, 1, 1]], "14788.sol": [1, [1, 1, 1, 0, 0, 0, 0, 0, 0, 0]], "36444.sol": [0, [0, 0, 0, 0, 0, 0, 0, 0, 0, 0]], "1674.sol": [0, [0, 0, 0, 0, 0, 0, 0, 0, 0, 0]], "16479.sol": [1, [1, 1, 1, 0, 0, 0, 0, 0, 0, 0]], "10023.sol": [1, [0, 0, 0, 1, 0, 1, 0, 0, 0, 0]], "9973.sol": [1, [0, 0, 1, 0, 0, 1, 1, 1, 0, 0]], "29932.sol": [1, [0, 0, 0, 0, 0, 1, 0, 0, 0, 1]], "23475.sol": [1, [1, 1, 1, 0, 0, 0, 0, 0, 0, 0]], "2198.sol": [1, [1, 1, 1, 1, 1, 1, 1, 1, 1, 1]], "22518.sol": [1, [0, 0, 0, 1, 0, 0, 1, 0, 0, 0]], "23096.sol": [1, [0, 0, 0, 1, 0, 1, 0, 0, 0, 0]], "8598.sol": [1, [1, 1, 1, 0, 0, 0, 0, 0, 0, 0]], "11798.sol": [0, [0, 0, 0, 0, 0, 0, 0, 0, 0, 0]], "32149.sol": [0, [0, 0, 0, 0, 0, 0, 0, 0, 0, 0]], "295.sol": [1, [0, 0, 0, 1, 0, 1, 0, 0, 0, 0]], "16810.sol": [1, [1, 0, 1, 0, 1, 0, 1, 0, 1, 1]], "9813.sol": [0, [0, 0, 0, 0, 0, 0, 0, 0, 0, 0]], "9132.sol": [1, [0, 1, 0, 0, 1, 1, 0, 1, 0, 0]], "17107.sol": [1, [1, 1, 1, 0, 0, 0, 0, 0, 0, 0]], "39835.sol": [1, [1, 1, 1, 1, 1, 1, 1, 1, 1, 1]], "35703.sol": [1, [0, 1, 0, 0, 1, 1, 1, 0, 0, 0]], "21564.sol": [1, [1, 1, 1, 0, 0, 0, 0, 1, 1, 0]], "34114.sol": [0, [0, 0, 0, 0, 0, 0, 0, 0, 0, 0]], "1532.sol": [1, [1, 1, 1, 1, 1, 1, 1, 0, 1, 0]], "13980.sol": [1, [1, 1, 1, 0, 0, 0, 0, 0, 0, 0]], "27936.sol": [1, [1, 0, 0, 0, 1, 0, 1, 0, 0, 0]], "3875.sol": [1, [1, 1, 1, 0, 0, 0, 0, 0, 0, 0]], "38089.sol": [0, [0, 0, 0, 0, 0, 0, 0, 0, 0, 0]], "29087.sol": [1, [1, 1, 1, 0, 0, 1, 1, 1, 0, 0]], "9334.sol": [1, [1, 0, 1, 0, 1, 0, 1, 0, 1, 1]], "19591.sol": [1, [0, 1, 0, 1, 1, 1, 0, 0, 1, 1]], "28695.sol": [1, [1, 1, 1, 1, 1, 1, 1, 1, 1, 1]], "20958.sol": [1, [0, 1, 0, 1, 0, 1, 1, 1, 1, 1]], "33450.sol": [0, [0, 0, 0, 0, 0, 0, 0, 0, 0, 0]], "219.sol": [1, [1, 1, 1, 1, 0, 0, 0, 0, 0, 0]], "17942.sol": [0, [0, 0, 0, 0, 0, 0, 0, 0, 0, 0]], "4965.sol": [1, [0, 0, 0, 1, 1, 0, 0, 0, 0, 0]], "12382.sol": [1, [1, 1, 1, 1, 1, 0, 0, 1, 0, 1]], "28948.sol": [0, [0, 0, 0, 0, 0, 0, 0, 0, 0, 0]], "1831.sol": [1, [0, 1, 1, 0, 0, 1, 0, 1, 0, 0]], "36492.sol": [1, [1, 1, 0, 0, 0, 0, 0, 0, 0, 0]], "18552.sol": [1, [1, 1, 1, 0, 0, 0, 0, 0, 0, 0]], "38646.sol": [1, [0, 0, 0, 0, 1, 0, 1, 0, 0, 1]], "253.sol": [1, [1, 0, 0, 0, 0, 0, 0, 0, 0, 0]], "19609.sol": [1, [1, 1, 1, 0, 0, 0, 0, 0, 0, 0]], "26664.sol": [1, [1, 0, 0, 1, 0, 0, 0, 0, 1, 1]], "24196.sol": [1, [0, 0, 0, 0, 1, 0, 0, 0, 0, 0]], "38721.sol": [1, [0, 0, 0, 0, 0, 0, 1, 0, 0, 0]], "12066.sol": [0, [0, 0, 0, 0, 0, 0, 0, 0, 0, 0]], "26152.sol": [1, [0, 0, 0, 1, 0, 1, 0, 0, 0, 0]], "40072.sol": [1, [0, 1, 1, 0, 1, 1, 0, 1, 0, 1]], "26035.sol": [1, [0, 0, 0, 0, 0, 1, 1, 1, 1, 1]], "27389.sol": [1, [0, 0, 0, 0, 0, 0, 0, 0, 1, 0]], "24430.sol": [1, [1, 0, 1, 0, 1, 0, 1, 0, 1, 1]], "22438.sol": [1, [0, 0, 0, 0, 0, 0, 0, 0, 1, 0]], "25801.sol": [1, [1, 1, 1, 0, 0, 0, 0, 0, 0, 0]]}