{"22211.sol": [0, [0, 0, 0, 0, 0, 0, 0, 0, 0, 0]], "20222.sol": [0, [0, 0, 0, 0, 0, 0, 0, 0, 0, 0]], "23363.sol": [1, [1, 1, 0, 0, 0, 0, 0, 0, 0, 0]], "23428.sol": [0, [0, 0, 0, 0, 0, 0, 0, 0, 0, 0]], "1748.sol": [0, [0, 0, 0, 0, 0, 0, 0, 0, 0, 0]], "12497.sol": [0, [0, 0, 0, 0, 0, 0, 0, 0, 0, 0]], "34205.sol": [0, [0, 0, 0, 0, 0, 0, 0, 0, 0, 0]], "23006.sol": [0, [0, 0, 0, 0, 0, 0, 0, 0, 0, 0]], "29514.sol": [0, [0, 0, 0, 0, 0, 0, 0, 0, 0, 0]], "7105.sol": [0, [0, 0, 0, 0, 0, 0, 0, 0, 0, 0]], "32178.sol": [0, [0, 0, 0, 0, 0, 0, 0, 0, 0, 0]], "782.sol": [0, [0, 0, 0, 0, 0, 0, 0, 0, 0, 0]], "15609.sol": [0, [0, 0, 0, 0, 0, 0, 0, 0, 0, 0]], "1943.sol": [0, [0, 0, 0, 0, 0, 0, 0, 0, 0, 0]], "32165.sol": [0, [0, 0, 0, 0, 0, 0, 0, 0, 0, 0]], "21992.sol": [0, [0, 0, 0, 0, 0, 0, 0, 0, 0, 0]], "38358.sol": [0, [0, 0, 0, 0, 0, 0, 0, 0, 0, 0]], "4206.sol": [0, [0, 0, 0, 0, 0, 0, 0, 0, 0, 0]], "26677.sol": [0, [0, 0, 0, 0, 0, 0, 0, 0, 0, 0]], "35702.sol": [0, [0, 0, 0, 0, 0, 0, 0, 0, 0, 0]], "1924.sol": [0, [0, 0, 0, 0, 0, 0, 0, 0, 0, 0]], "17873.sol": [0, [0, 0, 0, 0, 0, 0, 0, 0, 0, 0]], "16552.sol": [0, [0, 0, 0, 0, 0, 0, 0, 0, 0, 0]], "16889.sol": [1, [0, 0, 0, 1, 0, 0, 0, 0, 0, 0]], "20687.sol": [1, [1, 1, 0, 0, 0, 0, 0, 0, 1, 1]], "21586.sol": [0, [0, 0, 0, 0, 0, 0, 0, 0, 0, 0]], "3424.sol": [0, [0, 0, 0, 0, 0, 0, 0, 0, 0, 0]], "27407.sol": [0, [0, 0, 0, 0, 0, 0, 0, 0, 0, 0]], "21855.sol": [0, [0, 0, 0, 0, 0, 0, 0, 0, 0, 0]], "31387.sol": [0, [0, 0, 0, 0, 0, 0, 0, 0, 0, 0]], "18023.sol": [0, [0, 0, 0, 0, 0, 0, 0, 0, 0, 0]], "16163.sol": [0, [0, 0, 0, 0, 0, 0, 0, 0, 0, 0]], "24637.sol": [0, [0, 0, 0, 0, 0, 0, 0, 0, 0, 0]], "16994.sol": [0, [0, 0, 0, 0, 0, 0, 0, 0, 0, 0]], "34370.sol": [0, [0, 0, 0, 0, 0, 0, 0, 0, 0, 0]], "12994.sol": [0, [0, 0, 0, 0, 0, 0, 0, 0, 0, 0]], "15334.sol": [0, [0, 0, 0, 0, 0, 0, 0, 0, 0, 0]], "13243.sol": [0, [0, 0, 0, 0, 0, 0, 0, 0, 0, 0]], "32470.sol": [0, [0, 0, 0, 0, 0, 0, 0, 0, 0, 0]], "20733.sol": [0, [0, 0, 0, 0, 0, 0, 0, 0, 0, 0]], "8837.sol": [0, [0, 0, 0, 0, 0, 0, 0, 0, 0, 0]], "3395.sol": [0, [0, 0, 0, 0, 0, 0, 0, 0, 0, 0]], "6096.sol": [0, [0, 0, 0, 0, 0, 0, 0, 0, 0, 0]], "36769.sol": [0, [0, 0, 0, 0, 0, 0, 0, 0, 0, 0]], "811.sol": [0, [0, 0, 0, 0, 0, 0, 0, 0, 0, 0]], "28309.sol": [0, [0, 0, 0, 0, 0, 0, 0, 0, 0, 0]], "14918.sol": [0, [0, 0, 0, 0, 0, 0, 0, 0, 0, 0]], "7267.sol": [0, [0, 0, 0, 0, 0, 0, 0, 0, 0, 0]], "23772.sol": [0, [0, 0, 0, 0, 0, 0, 0, 0, 0, 0]], "27482.sol": [0, [0, 0, 0, 0, 0, 0, 0, 0, 0, 0]], "20396.sol": [0, [0, 0, 0, 0, 0, 0, 0, 0, 0, 0]], "10015.sol": [0, [0, 0, 0, 0, 0, 0, 0, 0, 0, 0]], "23950.sol": [1, [0, 0, 0, 0, 0, 0, 0, 0, 1, 0]], "5949.sol": [0, [0, 0, 0, 0, 0, 0, 0, 0, 0, 0]], "30919.sol": [0, [0, 0, 0, 0, 0, 0, 0, 0, 0, 0]], "14653.sol": [0, [0, 0, 0, 0, 0, 0, 0, 0, 0, 0]], "28484.sol": [0, [0, 0, 0, 0, 0, 0, 0, 0, 0, 0]], "16604.sol": [0, [0, 0, 0, 0, 0, 0, 0, 0, 0, 0]], "15923.sol": [0, [0, 0, 0, 0, 0, 0, 0, 0, 0, 0]], "20380.sol": [0, [0, 0, 0, 0, 0, 0, 0, 0, 0, 0]], "31039.sol": [0, [0, 0, 0, 0, 0, 0, 0, 0, 0, 0]], "549.sol": [0, [0, 0, 0, 0, 0, 0, 0, 0, 0, 0]], "36178.sol": [0, [0, 0, 0, 0, 0, 0, 0, 0, 0, 0]], "8140.sol": [0, [0, 0, 0, 0, 0, 0, 0, 0, 0, 0]], "30179.sol": [0, [0, 0, 0, 0, 0, 0, 0, 0, 0, 0]], "33279.sol": [0, [0, 0, 0, 0, 0, 0, 0, 0, 0, 0]], "11110.sol": [0, [0, 0, 0, 0, 0, 0, 0, 0, 0, 0]], "1850.sol": [0, [0, 0, 0, 0, 0, 0, 0, 0, 0, 0]], "11753.sol": [0, [0, 0, 0, 0, 0, 0, 0, 0, 0, 0]], "6020.sol": [0, [0, 0, 0, 0, 0, 0, 0, 0, 0, 0]], "11693.sol": [0, [0, 0, 0, 0, 0, 0, 0, 0, 0, 0]], "2420.sol": [0, [0, 0, 0, 0, 0, 0, 0, 0, 0, 0]], "39933.sol": [0, [0, 0, 0, 0, 0, 0, 0, 0, 0, 0]], "11425.sol": [0, [0, 0, 0, 0, 0, 0, 0, 0, 0, 0]], "14726.sol": [0, [0, 0, 0, 0, 0, 0, 0, 0, 0, 0]], "4964.sol": [0, [0, 0, 0, 0, 0, 0, 0, 0, 0, 0]], "33666.sol": [0, [0, 0, 0, 0, 0, 0, 0, 0, 0, 0]], "33188.sol": [0, [0, 0, 0, 0, 0, 0, 0, 0, 0, 0]], "29083.sol": [0, [0, 0, 0, 0, 0, 0, 0, 0, 0, 0]], "34207.sol": [0, [0, 0, 0, 0, 0, 0, 0, 0, 0, 0]], "2555.sol": [0, [0, 0, 0, 0, 0, 0, 0, 0, 0, 0]], "9733.sol": [0, [0, 0, 0, 0, 0, 0, 0, 0, 0, 0]], "15932.sol": [0, [0, 0, 0, 0, 0, 0, 0, 0, 0, 0]], "33518.sol": [0, [0, 0, 0, 0, 0, 0, 0, 0, 0, 0]], "914.sol": [0, [0, 0, 0, 0, 0, 0, 0, 0, 0, 0]], "27988.sol": [0, [0, 0, 0, 0, 0, 0, 0, 0, 0, 0]], "5256.sol": [0, [0, 0, 0, 0, 0, 0, 0, 0, 0, 0]], "6056.sol": [0, [0, 0, 0, 0, 0, 0, 0, 0, 0, 0]], "39462.sol": [0, [0, 0, 0, 0, 0, 0, 0, 0, 0, 0]], "10768.sol": [0, [0, 0, 0, 0, 0, 0, 0, 0, 0, 0]], "18068.sol": [0, [0, 0, 0, 0, 0, 0, 0, 0, 0, 0]], "22433.sol": [0, [0, 0, 0, 0, 0, 0, 0, 0, 0, 0]], "38134.sol": [0, [0, 0, 0, 0, 0, 0, 0, 0, 0, 0]], "9593.sol": [0, [0, 0, 0, 0, 0, 0, 0, 0, 0, 0]], "31756.sol": [0, [0, 0, 0, 0, 0, 0, 0, 0, 0, 0]], "28981.sol": [0, [0, 0, 0, 0, 0, 0, 0, 0, 0, 0]], "24771.sol": [0, [0, 0, 0, 0, 0, 0, 0, 0, 0, 0]], "33119.sol": [0, [0, 0, 0, 0, 0, 0, 0, 0, 0, 0]], "27213.sol": [0, [0, 0, 0, 0, 0, 0, 0, 0, 0, 0]], "38372.sol": [0, [0, 0, 0, 0, 0, 0, 0, 0, 0, 0]], "8159.sol": [0, [0, 0, 0, 0, 0, 0, 0, 0, 0, 0]], "4686.sol": [1, [1, 1, 1, 1, 1, 1, 1, 1, 1, 1]], "1674.sol": [1, [1, 1, 1, 1, 0, 0, 1, 1, 0, 1]], "32580.sol": [0, [0, 0, 0, 0, 0, 0, 0, 0, 0, 0]], "2198.sol": [0, [0, 0, 0, 0, 0, 0, 0, 0, 0, 0]], "13112.sol": [0, [0, 0, 0, 0, 0, 0, 0, 0, 0, 0]], "26600.sol": [0, [0, 0, 0, 0, 0, 0, 0, 0, 0, 0]], "35887.sol": [0, [0, 0, 0, 0, 0, 0, 0, 0, 0, 0]], "25402.sol": [0, [0, 0, 0, 0, 0, 0, 0, 0, 0, 0]], "29696.sol": [0, [0, 0, 0, 0, 0, 0, 0, 0, 0, 0]], "24846.sol": [1, [1, 1, 1, 1, 1, 1, 1, 1, 1, 1]], "30059.sol": [0, [0, 0, 0, 0, 0, 0, 0, 0, 0, 0]], "32923.sol": [0, [0, 0, 0, 0, 0, 0, 0, 0, 0, 0]], "34661.sol": [0, [0, 0, 0, 0, 0, 0, 0, 0, 0, 0]], "31190.sol": [0, [0, 0, 0, 0, 0, 0, 0, 0, 0, 0]], "11966.sol": [0, [0, 0, 0, 0, 0, 0, 0, 0, 0, 0]], "29430.sol": [0, [0, 0, 0, 0, 0, 0, 0, 0, 0, 0]], "39414.sol": [0, [0, 0, 0, 0, 0, 0, 0, 0, 0, 0]], "27003.sol": [0, [0, 0, 0, 0, 0, 0, 0, 0, 0, 0]], "33979.sol": [0, [0, 0, 0, 0, 0, 0, 0, 0, 0, 0]], "29713.sol": [0, [0, 0, 0, 0, 0, 0, 0, 0, 0, 0]], "1636.sol": [0, [0, 0, 0, 0, 0, 0, 0, 0, 0, 0]], "4076.sol": [0, [0, 0, 0, 0, 0, 0, 0, 0, 0, 0]], "10836.sol": [0, [0, 0, 0, 0, 0, 0, 0, 0, 0, 0]], "654.sol": [0, [0, 0, 0, 0, 0, 0, 0, 0, 0, 0]], "5404.sol": [0, [0, 0, 0, 0, 0, 0, 0, 0, 0, 0]], "23044.sol": [1, [1, 1, 1, 1, 0, 1, 1, 0, 0, 0]], "17840.sol": [0, [0, 0, 0, 0, 0, 0, 0, 0, 0, 0]], "28984.sol": [0, [0, 0, 0, 0, 0, 0, 0, 0, 0, 0]], "25633.sol": [0, [0, 0, 0, 0, 0, 0, 0, 0, 0, 0]], "4614.sol": [0, [0, 0, 0, 0, 0, 0, 0, 0, 0, 0]], "3267.sol": [0, [0, 0, 0, 0, 0, 0, 0, 0, 0, 0]], "32867.sol": [1, [0, 0, 0, 0, 0, 1, 1, 1, 1, 1]], "16233.sol": [0, [0, 0, 0, 0, 0, 0, 0, 0, 0, 0]], "39180.sol": [0, [0, 0, 0, 0, 0, 0, 0, 0, 0, 0]], "15646.sol": [0, [0, 0, 0, 0, 0, 0, 0, 0, 0, 0]], "19608.sol": [0, [0, 0, 0, 0, 0, 0, 0, 0, 0, 0]], "20025.sol": [0, [0, 0, 0, 0, 0, 0, 0, 0, 0, 0]], "36693.sol": [0, [0, 0, 0, 0, 0, 0, 0, 0, 0, 0]], "23967.sol": [0, [0, 0, 0, 0, 0, 0, 0, 0, 0, 0]], "19822.sol": [0, [0, 0, 0, 0, 0, 0, 0, 0, 0, 0]], "14742.sol": [1, [0, 0, 0, 0, 1, 1, 1, 1, 0, 0]], "8019.sol": [0, [0, 0, 0, 0, 0, 0, 0, 0, 0, 0]], "6753.sol": [0, [0, 0, 0, 0, 0, 0, 0, 0, 0, 0]], "40318.sol": [0, [0, 0, 0, 0, 0, 0, 0, 0, 0, 0]], "24640.sol": [0, [0, 0, 0, 0, 0, 0, 0, 0, 0, 0]], "24938.sol": [0, [0, 0, 0, 0, 0, 0, 0, 0, 0, 0]], "2213.sol": [1, [0, 1, 0, 1, 0, 0, 0, 0, 0, 0]], "26339.sol": [0, [0, 0, 0, 0, 0, 0, 0, 0, 0, 0]], "30702.sol": [0, [0, 0, 0, 0, 0, 0, 0, 0, 0, 0]], "24055.sol": [0, [0, 0, 0, 0, 0, 0, 0, 0, 0, 0]], "2984.sol": [0, [0, 0, 0, 0, 0, 0, 0, 0, 0, 0]], "5321.sol": [0, [0, 0, 0, 0, 0, 0, 0, 0, 0, 0]], "12248.sol": [1, [0, 0, 0, 0, 1, 0, 1, 1, 1, 1]], "15068.sol": [0, [0, 0, 0, 0, 0, 0, 0, 0, 0, 0]], "19691.sol": [0, [0, 0, 0, 0, 0, 0, 0, 0, 0, 0]], "32849.sol": [0, [0, 0, 0, 0, 0, 0, 0, 0, 0, 0]], "15422.sol": [0, [0, 0, 0, 0, 0, 0, 0, 0, 0, 0]], "17724.sol": [1, [0, 0, 0, 0, 0, 1, 1, 0, 1, 0]], "14470.sol": [0, [0, 0, 0, 0, 0, 0, 0, 0, 0, 0]], "32442.sol": [0, [0, 0, 0, 0, 0, 0, 0, 0, 0, 0]], "2571.sol": [0, [0, 0, 0, 0, 0, 0, 0, 0, 0, 0]], "5519.sol": [0, [0, 0, 0, 0, 0, 0, 0, 0, 0, 0]], "9661.sol": [0, [0, 0, 0, 0, 0, 0, 0, 0, 0, 0]], "7171.sol": [0, [0, 0, 0, 0, 0, 0, 0, 0, 0, 0]], "9616.sol": [0, [0, 0, 0, 0, 0, 0, 0, 0, 0, 0]], "28432.sol": [0, [0, 0, 0, 0, 0, 0, 0, 0, 0, 0]], "40143.sol": [1, [1, 1, 1, 0, 1, 0, 1, 0, 0, 0]], "21281.sol": [0, [0, 0, 0, 0, 0, 0, 0, 0, 0, 0]], "36876.sol": [0, [0, 0, 0, 0, 0, 0, 0, 0, 0, 0]], "32541.sol": [0, [0, 0, 0, 0, 0, 0, 0, 0, 0, 0]], "30257.sol": [0, [0, 0, 0, 0, 0, 0, 0, 0, 0, 0]], "34094.sol": [0, [0, 0, 0, 0, 0, 0, 0, 0, 0, 0]], "22444.sol": [0, [0, 0, 0, 0, 0, 0, 0, 0, 0, 0]], "16565.sol": [0, [0, 0, 0, 0, 0, 0, 0, 0, 0, 0]], "19557.sol": [0, [0, 0, 0, 0, 0, 0, 0, 0, 0, 0]], "3755.sol": [0, [0, 0, 0, 0, 0, 0, 0, 0, 0, 0]], "10261.sol": [0, [0, 0, 0, 0, 0, 0, 0, 0, 0, 0]], "5370.sol": [0, [0, 0, 0, 0, 0, 0, 0, 0, 0, 0]], "16892.sol": [0, [0, 0, 0, 0, 0, 0, 0, 0, 0, 0]], "37829.sol": [0, [0, 0, 0, 0, 0, 0, 0, 0, 0, 0]], "24730.sol": [0, [0, 0, 0, 0, 0, 0, 0, 0, 0, 0]], "129.sol": [0, [0, 0, 0, 0, 0, 0, 0, 0, 0, 0]], "19859.sol": [0, [0, 0, 0, 0, 0, 0, 0, 0, 0, 0]], "7773.sol": [0, [0, 0, 0, 0, 0, 0, 0, 0, 0, 0]], "11415.sol": [0, [0, 0, 0, 0, 0, 0, 0, 0, 0, 0]], "11321.sol": [0, [0, 0, 0, 0, 0, 0, 0, 0, 0, 0]], "4659.sol": [0, [0, 0, 0, 0, 0, 0, 0, 0, 0, 0]], "7579.sol": [0, [0, 0, 0, 0, 0, 0]], "10201.sol": [0, [0, 0, 0, 0, 0, 0, 0, 0, 0, 0]], "35562.sol": [0, [0, 0, 0, 0, 0, 0, 0, 0, 0, 0]], "10222.sol": [0, [0, 0, 0, 0, 0, 0, 0, 0, 0, 0]], "2092.sol": [0, [0, 0, 0, 0, 0, 0, 0, 0, 0, 0]], "18450.sol": [0, [0, 0, 0, 0, 0, 0, 0, 0, 0, 0]], "33321.sol": [0, [0, 0, 0, 0, 0, 0, 0, 0, 0, 0]], "21379.sol": [0, [0, 0, 0, 0, 0, 0, 0, 0, 0, 0]], "19762.sol": [0, [0, 0, 0, 0, 0, 0, 0, 0, 0, 0]], "25300.sol": [0, [0, 0, 0, 0, 0, 0, 0, 0, 0, 0]], "9190.sol": [0, [0, 0, 0, 0, 0, 0, 0, 0, 0, 0]], "7684.sol": [0, [0, 0, 0, 0, 0, 0, 0, 0, 0, 0]], "21420.sol": [0, [0, 0, 0, 0, 0, 0, 0, 0, 0, 0]], "2729.sol": [0, [0, 0, 0, 0, 0, 0, 0, 0, 0, 0]], "958.sol": [1, [0, 0, 0, 0, 1, 1, 1, 0, 1, 1]], "25817.sol": [0, [0, 0, 0, 0, 0, 0, 0, 0, 0, 0]], "31935.sol": [0, [0, 0, 0, 0, 0, 0, 0, 0, 0, 0]], "20429.sol": [0, [0, 0, 0, 0, 0, 0, 0, 0, 0, 0]], "23003.sol": [0, [0, 0, 0, 0, 0, 0, 0, 0, 0, 0]], "2080.sol": [0, [0, 0, 0, 0, 0, 0, 0, 0, 0, 0]], "22841.sol": [0, [0, 0, 0, 0, 0, 0, 0, 0, 0, 0]], "28085.sol": [0, [0, 0, 0, 0, 0, 0, 0, 0, 0, 0]], "5216.sol": [0, [0, 0, 0, 0, 0, 0, 0, 0, 0, 0]], "37545.sol": [0, [0, 0, 0, 0, 0, 0, 0, 0, 0, 0]], "37942.sol": [0, [0, 0, 0, 0, 0, 0, 0, 0, 0, 0]], "17342.sol": [0, [0, 0, 0, 0, 0, 0, 0, 0, 0, 0]], "24331.sol": [0, [0, 0, 0, 0, 0, 0, 0, 0, 0, 0]], "12323.sol": [0, [0, 0, 0, 0, 0, 0, 0, 0, 0, 0]], "3426.sol": [0, [0, 0, 0, 0, 0, 0, 0, 0, 0, 0]], "14527.sol": [0, [0, 0, 0, 0, 0, 0, 0, 0, 0, 0]], "28038.sol": [1, [0, 1, 0, 0, 0, 0, 0, 0, 0, 0]], "6436.sol": [0, [0, 0, 0, 0, 0, 0, 0, 0, 0, 0]], "24391.sol": [0, [0, 0, 0, 0, 0, 0, 0, 0, 0, 0]], "18732.sol": [0, [0, 0, 0, 0, 0, 0, 0, 0, 0, 0]], "32900.sol": [0, [0, 0, 0, 0, 0, 0, 0, 0, 0, 0]], "18834.sol": [1, [1, 1, 1, 1, 1, 1, 1, 0, 1, 1]], "6274.sol": [0, [0, 0, 0, 0, 0, 0, 0, 0, 0, 0]], "28783.sol": [0, [0, 0, 0, 0, 0, 0, 0, 0, 0, 0]], "29800.sol": [0, [0, 0, 0, 0, 0, 0, 0, 0, 0, 0]], "31561.sol": [0, [0, 0, 0, 0, 0, 0, 0, 0, 0, 0]], "18634.sol": [0, [0, 0, 0, 0, 0, 0, 0, 0, 0, 0]], "16155.sol": [0, [0, 0, 0, 0, 0, 0, 0, 0, 0, 0]], "25952.sol": [0, [0, 0, 0, 0, 0, 0, 0, 0, 0, 0]], "20528.sol": [0, [0, 0, 0, 0, 0, 0, 0, 0, 0, 0]], "38338.sol": [0, [0, 0, 0, 0, 0, 0, 0, 0, 0, 0]], "37540.sol": [0, [0, 0, 0, 0, 0, 0, 0, 0, 0, 0]], "13094.sol": [0, [0, 0, 0, 0, 0, 0, 0, 0, 0, 0]], "4279.sol": [0, [0, 0, 0, 0, 0, 0, 0, 0, 0, 0]], "5166.sol": [0, [0, 0, 0, 0, 0, 0, 0, 0, 0, 0]], "17095.sol": [0, [0, 0, 0, 0, 0, 0, 0, 0, 0, 0]], "20253.sol": [0, [0, 0, 0, 0, 0, 0, 0, 0, 0, 0]], "4468.sol": [1, [1, 0, 0, 1, 0, 0, 0, 0, 0, 0]], "31128.sol": [0, [0, 0, 0, 0, 0, 0, 0, 0, 0, 0]], "2792.sol": [0, [0, 0, 0, 0, 0, 0, 0, 0, 0, 0]], "26650.sol": [0, [0, 0, 0, 0, 0, 0, 0, 0, 0, 0]], "27688.sol": [0, [0, 0, 0, 0, 0, 0, 0, 0, 0, 0]], "8176.sol": [0, [0, 0, 0, 0, 0, 0, 0, 0, 0, 0]], "16503.sol": [0, [0, 0, 0, 0, 0, 0, 0, 0, 0, 0]], "24512.sol": [0, [0, 0, 0, 0, 0, 0, 0, 0, 0, 0]], "11117.sol": [0, [0, 0, 0, 0, 0, 0, 0, 0, 0, 0]], "32023.sol": [0, [0, 0, 0, 0, 0, 0, 0, 0, 0, 0]], "9536.sol": [0, [0, 0, 0, 0, 0, 0, 0, 0, 0, 0]], "34118.sol": [0, [0, 0, 0, 0, 0, 0, 0, 0, 0, 0]], "14552.sol": [0, [0, 0, 0, 0, 0, 0, 0, 0, 0, 0]], "17185.sol": [0, [0, 0, 0, 0, 0, 0, 0, 0, 0, 0]], "36641.sol": [0, [0, 0, 0, 0, 0, 0, 0, 0, 0, 0]], "38207.sol": [0, [0, 0, 0, 0, 0, 0, 0, 0, 0, 0]], "31852.sol": [0, [0, 0, 0, 0, 0, 0, 0, 0, 0, 0]], "12708.sol": [0, [0, 0, 0, 0, 0, 0, 0, 0, 0, 0]], "12180.sol": [0, [0, 0, 0, 0, 0, 0, 0, 0, 0, 0]], "34466.sol": [0, [0, 0, 0, 0, 0, 0, 0, 0, 0, 0]], "32978.sol": [0, [0, 0, 0, 0, 0, 0, 0, 0, 0, 0]], "28483.sol": [0, [0, 0, 0, 0, 0, 0, 0, 0, 0, 0]], "27167.sol": [0, [0, 0, 0, 0, 0, 0, 0, 0, 0, 0]], "5046.sol": [0, [0, 0, 0, 0, 0, 0, 0, 0, 0, 0]], "22398.sol": [0, [0, 0, 0, 0, 0, 0, 0, 0, 0, 0]], "16287.sol": [0, [0, 0, 0, 0, 0, 0, 0, 0, 0, 0]], "9063.sol": [0, [0, 0, 0, 0, 0, 0, 0, 0, 0, 0]], "8520.sol": [0, [0, 0, 0, 0, 0, 0, 0, 0, 0, 0]], "3741.sol": [0, [0, 0, 0, 0, 0, 0, 0, 0, 0, 0]], "27017.sol": [0, [0, 0, 0, 0, 0, 0, 0, 0, 0, 0]], "32809.sol": [0, [0, 0, 0, 0, 0, 0, 0, 0, 0, 0]], "39325.sol": [1, [1, 0, 1, 0, 1, 0, 0, 0, 0, 0]], "24080.sol": [0, [0, 0, 0, 0, 0, 0, 0, 0, 0, 0]], "5898.sol": [0, [0, 0, 0, 0, 0, 0, 0, 0, 0, 0]], "35033.sol": [0, [0, 0, 0, 0, 0, 0, 0, 0, 0, 0]], "6862.sol": [0, [0, 0, 0, 0, 0, 0, 0, 0, 0]], "20904.sol": [0, [0, 0, 0, 0, 0, 0, 0, 0, 0, 0]], "17374.sol": [0, [0, 0, 0, 0, 0, 0, 0, 0, 0, 0]], "36242.sol": [0, [0, 0, 0, 0, 0, 0, 0, 0, 0, 0]], "33467.sol": [0, [0, 0, 0, 0, 0, 0, 0, 0, 0, 0]], "13956.sol": [0, [0, 0, 0, 0, 0, 0, 0, 0, 0, 0]], "29967.sol": [0, [0, 0, 0, 0, 0, 0, 0, 0, 0, 0]], "9073.sol": [0, [0, 0, 0, 0, 0, 0, 0, 0, 0, 0]], "27157.sol": [0, [0, 0, 0, 0, 0, 0, 0, 0, 0, 0]], "25396.sol": [0, [0, 0, 0, 0, 0, 0, 0, 0, 0, 0]], "14345.sol": [0, [0, 0, 0, 0, 0, 0, 0, 0, 0, 0]], "4259.sol": [0, [0, 0, 0, 0, 0, 0, 0, 0, 0, 0]], "15191.sol": [0, [0, 0, 0, 0, 0, 0, 0, 0, 0, 0]], "25529.sol": [0, [0, 0, 0, 0, 0, 0, 0, 0, 0, 0]], "38790.sol": [0, [0, 0, 0, 0, 0, 0, 0, 0, 0, 0]], "17177.sol": [0, [0, 0, 0, 0, 0, 0, 0, 0, 0, 0]], "27964.sol": [0, [0, 0, 0, 0, 0, 0, 0, 0, 0, 0]], "13099.sol": [0, [0, 0, 0, 0, 0, 0, 0, 0, 0, 0]], "9451.sol": [0, [0, 0, 0, 0, 0, 0, 0, 0, 0, 0]], "24060.sol": [0, [0, 0, 0, 0, 0, 0, 0, 0, 0, 0]], "26441.sol": [0, [0, 0, 0, 0, 0, 0, 0, 0, 0, 0]], "26725.sol": [0, [0, 0, 0, 0, 0, 0, 0, 0, 0, 0]], "25365.sol": [0, [0, 0, 0, 0, 0, 0, 0, 0, 0, 0]], "15322.sol": [0, [0, 0, 0, 0, 0, 0, 0, 0, 0, 0]], "36856.sol": [0, [0, 0, 0, 0, 0, 0, 0, 0, 0, 0]], "3113.sol": [0, [0, 0, 0, 0, 0, 0, 0, 0, 0, 0]], "39993.sol": [0, [0, 0, 0, 0, 0, 0, 0, 0, 0, 0]], "28798.sol": [0, [0, 0, 0, 0, 0, 0, 0, 0, 0, 0]], "22073.sol": [0, [0, 0, 0, 0, 0, 0, 0, 0, 0, 0]], "4416.sol": [0, [0, 0, 0, 0, 0, 0, 0, 0, 0, 0]], "11813.sol": [0, [0, 0, 0, 0, 0, 0, 0, 0, 0, 0]], "30494.sol": [0, [0, 0, 0, 0, 0, 0, 0, 0, 0, 0]], "10948.sol": [0, [0, 0, 0, 0, 0, 0, 0, 0, 0, 0]], "10214.sol": [0, [0, 0, 0, 0, 0, 0, 0, 0, 0, 0]], "36686.sol": [0, [0, 0, 0, 0, 0, 0, 0, 0, 0, 0]], "30178.sol": [0, [0, 0, 0, 0, 0, 0, 0, 0, 0, 0]], "16795.sol": [0, [0, 0, 0, 0, 0, 0, 0, 0, 0, 0]], "53.sol": [0, [0, 0, 0, 0, 0, 0, 0, 0, 0, 0]], "24358.sol": [0, [0, 0, 0, 0, 0, 0, 0, 0, 0, 0]], "19658.sol": [1, [1, 0, 1, 0, 0, 0, 1, 0, 1, 1]], "36919.sol": [0, [0, 0, 0, 0, 0, 0, 0, 0, 0, 0]], "15292.sol": [0, [0, 0, 0, 0, 0, 0, 0, 0, 0, 0]], "35978.sol": [1, [0, 0, 0, 0, 0, 0, 0, 1, 0, 0]], "19702.sol": [0, [0, 0, 0, 0, 0, 0, 0, 0, 0, 0]], "37944.sol": [0, [0, 0, 0, 0, 0, 0, 0, 0, 0, 0]], "287.sol": [0, [0, 0, 0, 0, 0, 0, 0, 0, 0, 0]], "1493.sol": [1, [0, 0, 0, 0, 0, 0, 0, 0, 1, 0]], "32376.sol": [0, [0, 0, 0, 0, 0, 0, 0, 0, 0, 0]], "2546.sol": [0, [0, 0, 0, 0, 0, 0, 0, 0, 0, 0]], "15721.sol": [0, [0, 0, 0, 0, 0, 0, 0, 0, 0, 0]], "16753.sol": [0, [0, 0, 0, 0, 0, 0, 0, 0, 0, 0]], "27787.sol": [0, [0, 0, 0, 0, 0, 0, 0, 0, 0, 0]], "30954.sol": [0, [0, 0, 0, 0, 0, 0, 0, 0, 0, 0]], "34485.sol": [0, [0, 0, 0, 0, 0, 0, 0, 0, 0, 0]], "9920.sol": [0, [0, 0, 0, 0, 0, 0, 0, 0, 0, 0]], "2822.sol": [0, [0, 0, 0, 0, 0, 0, 0, 0, 0, 0]], "4598.sol": [0, [0, 0, 0, 0, 0, 0, 0, 0, 0, 0]], "36360.sol": [0, [0, 0, 0, 0, 0, 0, 0, 0, 0, 0]], "30979.sol": [0, [0, 0, 0, 0, 0, 0, 0, 0, 0, 0]], "5298.sol": [0, [0, 0, 0, 0, 0, 0, 0, 0, 0, 0]], "23853.sol": [0, [0, 0, 0, 0, 0, 0, 0, 0, 0, 0]], "27055.sol": [0, [0, 0, 0, 0, 0, 0, 0, 0, 0, 0]], "24989.sol": [0, [0, 0, 0, 0, 0, 0, 0, 0, 0, 0]], "11949.sol": [0, [0, 0, 0, 0, 0, 0, 0, 0, 0, 0]], "38777.sol": [0, [0, 0, 0, 0, 0, 0, 0, 0, 0, 0]], "4679.sol": [0, [0, 0, 0, 0, 0, 0, 0, 0, 0, 0]], "35651.sol": [0, [0, 0, 0, 0, 0, 0, 0, 0, 0, 0]], "37536.sol": [0, [0, 0, 0, 0, 0, 0, 0, 0, 0, 0]], "11193.sol": [0, [0, 0, 0, 0, 0, 0, 0, 0, 0, 0]], "29670.sol": [0, [0, 0, 0, 0, 0, 0, 0, 0, 0, 0]], "889.sol": [0, [0, 0, 0, 0, 0, 0, 0, 0, 0, 0]], "238.sol": [0, [0, 0, 0, 0, 0, 0, 0, 0, 0, 0]], "4014.sol": [0, [0, 0, 0, 0, 0, 0, 0, 0, 0, 0]], "38674.sol": [0, [0, 0, 0, 0, 0, 0, 0, 0, 0, 0]], "18579.sol": [0, [0, 0, 0, 0, 0, 0, 0, 0, 0, 0]], "35584.sol": [0, [0, 0, 0, 0, 0, 0, 0, 0, 0, 0]], "34186.sol": [0, [0, 0, 0, 0, 0, 0, 0, 0, 0, 0]], "11854.sol": [0, [0, 0, 0, 0, 0, 0, 0, 0, 0, 0]], "37837.sol": [0, [0, 0, 0, 0, 0, 0, 0, 0, 0, 0]], "22289.sol": [0, [0, 0, 0, 0, 0, 0, 0, 0, 0, 0]], "36460.sol": [0, [0, 0, 0, 0, 0, 0, 0, 0, 0, 0]], "1221.sol": [0, [0, 0, 0, 0, 0, 0, 0, 0, 0, 0]], "27729.sol": [0, [0, 0, 0, 0, 0, 0, 0, 0, 0, 0]], "9210.sol": [0, [0, 0, 0, 0, 0, 0, 0, 0, 0, 0]], "39658.sol": [0, [0, 0, 0, 0, 0, 0, 0, 0, 0, 0]], "17170.sol": [0, [0, 0, 0, 0, 0, 0, 0, 0, 0, 0]], "19875.sol": [0, [0, 0, 0, 0, 0, 0, 0, 0, 0, 0]], "502.sol": [0, [0, 0, 0, 0, 0, 0, 0, 0, 0, 0]], "7776.sol": [0, [0, 0, 0, 0, 0, 0, 0, 0, 0, 0]], "38663.sol": [0, [0, 0, 0, 0, 0, 0, 0, 0, 0, 0]], "24521.sol": [0, [0, 0, 0, 0, 0, 0, 0, 0, 0, 0]], "6711.sol": [0, [0, 0, 0, 0, 0, 0, 0, 0, 0, 0]], "22119.sol": [0, [0, 0, 0, 0, 0, 0, 0, 0, 0, 0]], "6606.sol": [0, [0, 0, 0, 0, 0, 0, 0, 0, 0, 0]], "16909.sol": [0, [0, 0, 0, 0, 0, 0, 0, 0, 0, 0]], "34125.sol": [0, [0, 0, 0, 0, 0, 0, 0, 0, 0, 0]], "25104.sol": [0, [0, 0, 0, 0, 0, 0, 0, 0, 0, 0]], "8368.sol": [0, [0, 0, 0, 0, 0, 0, 0, 0, 0, 0]], "7366.sol": [0, [0, 0, 0, 0, 0, 0, 0, 0, 0, 0]], "38502.sol": [0, [0, 0, 0, 0, 0, 0, 0, 0, 0, 0]], "8308.sol": [1, [0, 0, 0, 0, 1, 0, 0, 1, 0, 1]], "24359.sol": [0, [0, 0, 0, 0, 0, 0, 0, 0, 0, 0]], "18533.sol": [0, [0, 0, 0, 0, 0, 0, 0, 0, 0, 0]], "23826.sol": [0, [0, 0, 0, 0, 0, 0, 0, 0, 0, 0]], "29638.sol": [0, [0, 0, 0, 0, 0, 0, 0, 0, 0, 0]], "27696.sol": [0, [0, 0, 0, 0, 0, 0, 0, 0, 0, 0]], "8496.sol": [0, [0, 0, 0, 0, 0, 0, 0, 0, 0, 0]], "17994.sol": [0, [0, 0, 0, 0, 0, 0, 0, 0, 0, 0]], "28866.sol": [0, [0, 0, 0, 0, 0, 0, 0, 0, 0, 0]], "23305.sol": [0, [0, 0, 0, 0, 0, 0, 0, 0, 0, 0]], "33100.sol": [0, [0, 0, 0, 0, 0, 0, 0, 0, 0, 0]], "7202.sol": [0, [0, 0, 0, 0, 0, 0, 0, 0, 0, 0]], "39281.sol": [0, [0, 0, 0, 0, 0, 0, 0, 0, 0, 0]], "4611.sol": [0, [0, 0, 0, 0, 0, 0, 0, 0, 0, 0]], "3321.sol": [0, [0, 0, 0, 0, 0, 0, 0, 0, 0, 0]], "2127.sol": [1, [0, 0, 1, 1, 0, 1, 1, 1, 1, 1]], "25126.sol": [0, [0, 0, 0, 0, 0, 0, 0, 0, 0, 0]], "33929.sol": [0, [0, 0, 0, 0, 0, 0, 0, 0, 0, 0]], "12008.sol": [0, [0, 0, 0, 0, 0, 0, 0, 0, 0, 0]], "26000.sol": [0, [0, 0, 0, 0, 0, 0, 0, 0, 0, 0]], "30146.sol": [0, [0, 0, 0, 0, 0, 0, 0, 0, 0, 0]], "5697.sol": [0, [0, 0, 0, 0, 0, 0, 0, 0, 0, 0]], "13724.sol": [0, [0, 0, 0, 0, 0, 0, 0, 0, 0, 0]], "9113.sol": [0, [0, 0, 0, 0, 0, 0, 0, 0, 0, 0]], "8499.sol": [0, [0, 0, 0, 0, 0, 0, 0, 0, 0, 0]], "22764.sol": [0, [0, 0, 0, 0, 0, 0, 0, 0, 0, 0]], "33156.sol": [0, [0, 0, 0, 0, 0, 0, 0, 0, 0, 0]], "28386.sol": [0, [0, 0, 0, 0, 0, 0, 0, 0, 0, 0]], "10779.sol": [0, [0, 0, 0, 0, 0, 0, 0, 0, 0, 0]], "16301.sol": [0, [0, 0, 0, 0, 0, 0, 0, 0, 0, 0]], "34269.sol": [0, [0, 0, 0, 0, 0, 0, 0, 0, 0, 0]], "29591.sol": [0, [0, 0, 0, 0, 0, 0, 0, 0, 0, 0]], "23484.sol": [0, [0, 0, 0, 0, 0, 0, 0, 0, 0, 0]], "24984.sol": [0, [0, 0, 0, 0, 0, 0, 0, 0, 0, 0]], "8041.sol": [0, [0, 0, 0, 0, 0, 0, 0, 0, 0, 0]], "14879.sol": [0, [0, 0, 0, 0, 0, 0, 0, 0, 0, 0]], "10877.sol": [0, [0, 0, 0, 0, 0, 0, 0, 0, 0, 0]], "22462.sol": [0, [0, 0, 0, 0, 0, 0, 0, 0, 0, 0]], "12769.sol": [0, [0, 0, 0, 0, 0, 0, 0, 0, 0, 0]], "35054.sol": [0, [0, 0, 0, 0, 0, 0, 0, 0, 0, 0]], "25346.sol": [1, [0, 0, 0, 0, 0, 0, 0, 0, 1, 1]], "16192.sol": [0, [0, 0, 0, 0, 0, 0, 0, 0, 0, 0]], "27907.sol": [0, [0, 0, 0, 0, 0, 0, 0, 0, 0, 0]], "27265.sol": [0, [0, 0, 0, 0, 0, 0, 0, 0, 0, 0]], "33677.sol": [0, [0, 0, 0, 0, 0, 0, 0, 0, 0, 0]], "21035.sol": [0, [0, 0, 0, 0, 0, 0, 0, 0, 0, 0]], "35688.sol": [0, [0, 0, 0, 0, 0, 0, 0, 0, 0, 0]], "4113.sol": [0, [0, 0, 0, 0, 0, 0, 0, 0, 0, 0]], "7748.sol": [0, [0, 0, 0, 0, 0, 0, 0, 0, 0, 0]], "25665.sol": [0, [0, 0, 0, 0, 0, 0, 0, 0, 0, 0]], "11526.sol": [0, [0, 0, 0, 0, 0, 0, 0, 0, 0, 0]], "3924.sol": [0, [0, 0, 0, 0, 0, 0, 0, 0, 0, 0]], "838.sol": [0, [0, 0, 0, 0, 0, 0, 0, 0, 0, 0]], "23865.sol": [0, [0, 0, 0, 0, 0, 0, 0, 0, 0, 0]], "14677.sol": [1, [0, 0, 0, 0, 0, 0, 0, 1, 0, 0]], "10281.sol": [0, [0, 0, 0, 0, 0, 0, 0, 0, 0, 0]], "27783.sol": [0, [0, 0, 0, 0, 0, 0, 0, 0, 0, 0]], "37467.sol": [0, [0, 0, 0, 0, 0, 0, 0, 0, 0, 0]], "37634.sol": [0, [0, 0, 0, 0, 0, 0, 0, 0, 0, 0]], "388.sol": [0, [0, 0, 0, 0, 0, 0, 0, 0, 0, 0]], "23713.sol": [0, [0, 0, 0, 0, 0, 0, 0, 0, 0, 0]], "1208.sol": [0, [0, 0, 0, 0, 0, 0, 0, 0, 0, 0]], "4123.sol": [0, [0, 0, 0, 0, 0, 0, 0, 0, 0, 0]], "15724.sol": [0, [0, 0, 0, 0, 0, 0, 0, 0, 0, 0]], "10691.sol": [0, [0, 0, 0, 0, 0, 0, 0, 0, 0, 0]], "39448.sol": [0, [0, 0, 0, 0, 0, 0, 0, 0, 0, 0]], "96.sol": [0, [0, 0, 0, 0, 0, 0, 0, 0, 0, 0]], "11240.sol": [0, [0, 0, 0, 0, 0, 0, 0, 0, 0, 0]], "30660.sol": [0, [0, 0, 0, 0, 0, 0, 0, 0, 0, 0]], "31231.sol": [0, [0, 0, 0, 0, 0, 0, 0, 0, 0, 0]], "40418.sol": [0, [0, 0, 0, 0, 0, 0, 0]], "30361.sol": [0, [0, 0, 0, 0, 0, 0, 0, 0, 0, 0]], "1818.sol": [0, [0, 0, 0, 0, 0, 0, 0, 0, 0, 0]], "12679.sol": [0, [0, 0, 0, 0, 0, 0, 0, 0, 0, 0]], "11600.sol": [0, [0, 0, 0, 0, 0, 0, 0, 0, 0, 0]], "3879.sol": [0, [0, 0, 0, 0, 0, 0, 0, 0, 0, 0]], "13400.sol": [0, [0, 0, 0, 0, 0, 0, 0, 0, 0, 0]], "1546.sol": [0, [0, 0, 0, 0, 0, 0, 0, 0, 0, 0]], "31006.sol": [1, [0, 0, 0, 0, 0, 1, 0, 0, 0, 0]], "36147.sol": [0, [0, 0, 0, 0, 0, 0, 0, 0, 0, 0]], "40358.sol": [0, [0, 0, 0, 0, 0, 0, 0, 0, 0, 0]], "15024.sol": [0, [0, 0, 0, 0, 0, 0, 0, 0, 0, 0]], "3821.sol": [0, [0, 0, 0, 0, 0, 0, 0, 0, 0, 0]], "25729.sol": [0, [0, 0, 0, 0, 0, 0, 0, 0, 0, 0]], "14179.sol": [0, [0, 0, 0, 0, 0, 0, 0, 0, 0, 0]], "19605.sol": [0, [0, 0, 0, 0, 0, 0, 0, 0, 0, 0]], "4084.sol": [0, [0, 0, 0, 0, 0, 0, 0, 0, 0, 0]], "18465.sol": [0, [0, 0, 0, 0, 0, 0, 0, 0, 0, 0]], "32937.sol": [0, [0, 0, 0, 0, 0, 0, 0, 0, 0, 0]], "20049.sol": [0, [0, 0, 0, 0, 0, 0, 0, 0, 0, 0]], "28867.sol": [0, [0, 0, 0, 0, 0, 0, 0, 0, 0, 0]], "28518.sol": [0, [0, 0, 0, 0, 0, 0, 0, 0, 0, 0]], "33609.sol": [0, [0, 0, 0, 0, 0, 0, 0, 0, 0, 0]], "33885.sol": [0, [0, 0, 0, 0, 0, 0, 0, 0, 0, 0]], "32394.sol": [0, [0, 0, 0, 0, 0, 0, 0, 0, 0, 0]], "34143.sol": [0, [0, 0, 0, 0, 0, 0, 0, 0, 0, 0]], "33089.sol": [0, [0, 0, 0, 0, 0, 0, 0, 0, 0, 0]], "27982.sol": [0, [0, 0, 0, 0, 0, 0, 0, 0, 0, 0]], "33690.sol": [0, [0, 0, 0, 0, 0, 0, 0, 0, 0, 0]], "30034.sol": [0, [0, 0, 0, 0, 0, 0, 0, 0, 0, 0]], "27840.sol": [0, [0, 0, 0, 0, 0, 0, 0, 0, 0, 0]], "26904.sol": [0, [0, 0, 0, 0, 0, 0, 0, 0, 0, 0]], "23181.sol": [0, [0, 0, 0, 0, 0, 0, 0, 0, 0, 0]], "36882.sol": [0, [0, 0, 0, 0, 0, 0, 0, 0, 0, 0]], "37468.sol": [0, [0, 0, 0, 0, 0, 0, 0, 0, 0, 0]], "35278.sol": [1, [0, 0, 0, 0, 1, 1, 0, 0, 1, 1]], "18158.sol": [0, [0, 0, 0, 0, 0, 0, 0, 0, 0, 0]], "12191.sol": [1, [1, 1, 1, 0, 1, 0, 1, 1, 0, 0]], "34127.sol": [1, [1, 1, 1, 1, 0, 1, 0, 0, 0, 0]], "7486.sol": [1, [0, 0, 0, 0, 0, 1, 0, 0, 0, 1]], "12685.sol": [1, [1, 1, 1, 1, 1, 0, 0, 0, 0, 0]], "24978.sol": [1, [0, 1, 0, 0, 0, 0, 0, 0, 0, 0]], "12960.sol": [1, [1, 1, 1, 0, 1, 0, 1, 1, 0, 0]], "13522.sol": [1, [0, 0, 0, 1, 1, 1, 1, 0, 0, 0]], "12993.sol": [1, [1, 1, 1, 0, 1, 1, 1, 1, 0, 0]], "3341.sol": [0, [0, 0, 0, 0, 0, 0, 0, 0, 0, 0]], "17623.sol": [1, [1, 1, 1, 1, 1, 1, 1, 1, 0, 1]], "30645.sol": [0, [0, 0, 0, 0, 0, 0, 0, 0, 0, 0]], "32300.sol": [1, [0, 0, 0, 0, 1, 1, 1, 0, 0, 1]], "29749.sol": [0, [0, 0, 0, 0, 0, 0, 0, 0, 0, 0]], "31000.sol": [1, [0, 1, 1, 1, 0, 0, 0, 1, 0, 0]], "7642.sol": [1, [1, 1, 1, 0, 1, 0, 1, 1, 0, 0]], "36192.sol": [1, [1, 1, 1, 0, 0, 0, 1, 0, 0, 0]], "28461.sol": [1, [0, 0, 0, 1, 0, 0, 1, 0, 0, 1]], "23093.sol": [1, [1, 1, 1, 1, 1, 1, 1, 1, 0, 0]], "25325.sol": [1, [1, 1, 1, 0, 1, 0, 1, 1, 0, 0]], "32615.sol": [1, [0, 1, 1, 0, 0, 1, 1, 0, 1, 0]], "241.sol": [1, [1, 1, 1, 0, 1, 0, 1, 0, 1, 1]], "24487.sol": [1, [1, 1, 1, 1, 1, 1, 1, 1, 0, 0]], "35593.sol": [1, [0, 0, 0, 1, 0, 1, 0, 0, 0, 0]], "25132.sol": [1, [0, 1, 0, 1, 0, 0, 1, 1, 0, 1]], "16613.sol": [0, [0, 0, 0, 0, 0, 0, 0, 0, 0, 0]], "29862.sol": [1, [1, 1, 1, 1, 1, 1, 1, 1, 1, 1]], "24853.sol": [1, [1, 1, 1, 0, 1, 0, 1, 0, 1, 1]], "29759.sol": [1, [1, 1, 1, 1, 1, 1, 1, 1, 1, 1]], "19238.sol": [1, [1, 1, 1, 1, 1, 1, 1, 1, 0, 0]], "17859.sol": [1, [0, 1, 1, 1, 0, 1, 0, 1, 0, 0]], "15862.sol": [1, [0, 0, 0, 1, 1, 0, 0, 0, 0, 0]], "37399.sol": [1, [0, 0, 0, 0, 0, 0, 0, 0, 0, 1]], "37377.sol": [0, [0, 0, 0, 0, 0, 0, 0, 0, 0, 0]], "19803.sol": [1, [1, 1, 1, 1, 1, 1, 1, 1, 0, 0]], "36004.sol": [1, [0, 1, 0, 0, 1, 0, 1, 0, 0, 0]], "6053.sol": [1, [0, 0, 0, 0, 1, 1, 0, 1, 1, 1]], "11418.sol": [1, [1, 1, 1, 1, 1, 1, 1, 1, 0, 0]], "18200.sol": [1, [1, 1, 1, 1, 1, 1, 1, 1, 0, 0]], "37108.sol": [1, [0, 0, 0, 0, 0, 0, 0, 0, 1, 0]], "35684.sol": [1, [1, 0, 0, 0, 0, 0, 0, 0, 0, 0]], "32460.sol": [1, [1, 0, 1, 0, 0, 1, 1, 0, 0, 0]], "3102.sol": [1, [0, 0, 0, 0, 0, 0, 0, 0, 0, 1]], "36351.sol": [1, [1, 0, 0, 1, 0, 0, 0, 0, 0, 1]], "3539.sol": [1, [1, 1, 1, 1, 1, 0, 1, 0, 0, 0]], "4038.sol": [1, [1, 1, 1, 1, 1, 1, 1, 1, 1, 1]], "9822.sol": [1, [1, 1, 1, 0, 1, 0, 1, 1, 0, 0]], "39951.sol": [1, [0, 0, 0, 0, 1, 1, 1, 0, 0, 0]], "1820.sol": [1, [1, 0, 0, 0, 0, 0, 0, 0, 0, 0]], "1984.sol": [1, [1, 1, 1, 0, 1, 0, 1, 0, 1, 1]], "5652.sol": [1, [0, 0, 0, 1, 0, 0, 0, 0, 0, 0]], "40222.sol": [1, [1, 1, 1, 1, 1, 1, 1, 1, 1, 1]], "29226.sol": [1, [1, 0, 0, 1, 1, 0, 1, 0, 0, 1]], "32769.sol": [1, [1, 0, 0, 0, 0, 0, 1, 1, 1, 1]], "29182.sol": [1, [1, 1, 1, 1, 1, 1, 1, 1, 0, 0]], "25265.sol": [1, [1, 0, 0, 1, 0, 1, 1, 0, 0, 0]], "21144.sol": [0, [0, 0, 0, 0, 0, 0, 0, 0, 0, 0]], "22615.sol": [1, [1, 0, 1, 0, 0, 0, 0, 1, 0, 1]], "19954.sol": [0, [0, 0, 0, 0, 0, 0, 0, 0, 0, 0]], "33744.sol": [1, [0, 0, 0, 0, 0, 0, 1, 0, 0, 1]], "26409.sol": [1, [0, 1, 0, 1, 0, 0, 1, 1, 0, 1]], "30294.sol": [1, [0, 0, 1, 1, 1, 1, 1, 0, 0, 1]], "32750.sol": [1, [1, 0, 0, 0, 0, 0, 1, 1, 1, 1]], "23598.sol": [1, [1, 1, 1, 0, 1, 1, 0, 1, 1, 0]], "18670.sol": [1, [0, 0, 0, 0, 1, 0, 0, 0, 0, 0]], "2310.sol": [1, [1, 1, 1, 1, 1, 1, 1, 1, 1, 1]], "31739.sol": [1, [1, 0, 0, 1, 0, 1, 1, 0, 0, 0]], "8084.sol": [1, [1, 1, 1, 0, 1, 0, 1, 0, 1, 1]], "26867.sol": [1, [0, 0, 0, 0, 0, 1, 0, 1, 0, 1]], "38193.sol": [1, [1, 1, 1, 0, 1, 0, 0, 0, 0, 0]], "34063.sol": [1, [0, 0, 0, 0, 0, 1, 0, 0, 1, 1]], "5353.sol": [0, [0, 0, 0, 0, 0, 0, 0, 0, 0, 0]], "22790.sol": [1, [1, 1, 1, 0, 1, 0, 1, 0, 1, 1]], "35293.sol": [1, [1, 1, 0, 0, 0, 1, 0, 0, 0, 0]], "24463.sol": [0, [0, 0, 0, 0, 0, 0, 0, 0, 0, 0]], "14993.sol": [1, [1, 1, 1, 0, 0, 0, 0, 0, 0, 0]], "27833.sol": [1, [1, 0, 0, 0, 0, 0, 0, 0, 0, 0]], "33447.sol": [1, [1, 1, 1, 1, 1, 1, 1, 1, 1, 1]], "26521.sol": [1, [0, 1, 0, 1, 0, 0, 1, 1, 0, 1]], "23715.sol": [0, [0, 0, 0, 0, 0, 0, 0, 0, 0, 0]], "40135.sol": [1, [0, 1, 0, 1, 1, 0, 1, 1, 1, 0]], "14556.sol": [1, [1, 1, 1, 0, 1, 0, 1, 0, 1, 1]], "989.sol": [0, [0, 0, 0, 0, 0, 0, 0, 0, 0, 0]], "21620.sol": [1, [0, 0, 0, 0, 1, 1, 1, 0, 0, 0]], "24781.sol": [1, [0, 0, 0, 0, 0, 1, 0, 0, 0, 1]], "40623.sol": [1, [0, 0, 0, 0, 0, 0, 0, 0, 1, 0]], "28424.sol": [1, [0, 0, 0, 0, 0, 0, 0, 0, 0, 1]], "37460.sol": [1, [0, 0, 0, 0, 0, 0, 0, 0, 1, 1]], "3771.sol": [1, [1, 1, 1, 0, 1, 0, 1, 0, 1, 1]], "16617.sol": [0, [0, 0, 0, 0, 0, 0, 0, 0, 0, 0]], "40579.sol": [1, [0, 0, 0, 1, 1, 0, 0, 0, 0, 0]], "35830.sol": [1, [1, 1, 1, 1, 1, 1, 1, 1, 1, 1]], "39064.sol": [1, [0, 1, 1, 0, 1, 0, 1, 0, 1, 0]], "39906.sol": [1, [0, 0, 1, 0, 1, 1, 0, 1, 1, 1]], "40606.sol": [1, [0, 0, 0, 1, 1, 0, 0, 0, 1, 0]], "21467.sol": [0, [0, 0, 0, 0, 0, 0, 0, 0, 0, 0]], "21081.sol": [0, [0, 0, 0, 0, 0, 0, 0, 0, 0, 0]], "4911.sol": [1, [0, 0, 1, 0, 0, 0, 0, 0, 0, 0]], "22850.sol": [1, [0, 0, 1, 1, 1, 1, 0, 0, 1, 1]], "9542.sol": [0, [0, 0, 0, 0, 0, 0, 0, 0, 0, 0]], "2734.sol": [0, [0, 0, 0, 0, 0, 0, 0, 0, 0, 0]], "14121.sol": [0, [0, 0, 0, 0, 0, 0, 0, 0, 0, 0]], "28478.sol": [0, [0, 0, 0, 0, 0, 0, 0, 0, 0, 0]], "29416.sol": [1, [0, 0, 0, 0, 0, 0, 0, 1, 1, 1]], "32760.sol": [1, [1, 0, 0, 0, 0, 0, 1, 1, 1, 1]], "26755.sol": [1, [0, 1, 0, 1, 0, 0, 1, 1, 0, 1]], "40648.sol": [1, [1, 1, 1, 1, 1, 1, 1, 1, 0, 1]], "22227.sol": [1, [1, 0, 1, 0, 0, 0, 1, 0, 1, 0]], "7986.sol": [1, [1, 1, 1, 0, 1, 0, 1, 1, 0, 0]], "28802.sol": [0, [0, 0, 0, 0, 0, 0, 0, 0, 0, 0]], "20762.sol": [1, [1, 1, 1, 0, 1, 0, 1, 1, 0, 0]], "30719.sol": [0, [0, 0, 0, 0, 0, 0, 0, 0, 0, 0]], "21231.sol": [0, [0, 0, 0, 0, 0, 0, 0, 0, 0, 0]], "38725.sol": [0, [0, 0, 0, 0, 0, 0, 0, 0, 0, 0]], "11885.sol": [0, [0, 0, 0, 0, 0, 0, 0, 0, 0, 0]], "32516.sol": [1, [1, 0, 0, 1, 0, 1, 1, 0, 0, 0]], "21980.sol": [1, [1, 1, 1, 0, 1, 0, 1, 0, 1, 1]], "20271.sol": [1, [1, 1, 1, 0, 1, 0, 1, 1, 0, 0]], "9779.sol": [1, [1, 1, 1, 1, 1, 1, 1, 1, 0, 0]], "25279.sol": [1, [0, 1, 0, 1, 0, 0, 1, 1, 0, 1]], "14858.sol": [1, [1, 1, 1, 1, 1, 1, 1, 1, 0, 0]], "40005.sol": [1, [1, 1, 1, 0, 0, 0, 0, 0, 0, 0]], "32909.sol": [1, [0, 0, 0, 0, 0, 0, 0, 1, 0, 0]], "11886.sol": [1, [1, 1, 0, 0, 0, 1, 0, 0, 0, 0]], "40220.sol": [1, [1, 1, 1, 1, 1, 1, 1, 1, 1, 1]], "14393.sol": [1, [1, 1, 1, 1, 1, 1, 1, 1, 0, 0]], "39961.sol": [1, [0, 0, 0, 0, 1, 1, 1, 0, 0, 0]], "14102.sol": [1, [1, 1, 1, 1, 1, 1, 1, 1, 0, 0]], "12411.sol": [1, [1, 0, 0, 0, 0, 0, 0, 0, 0, 0]], "27468.sol": [1, [1, 0, 0, 0, 1, 0, 0, 0, 0, 0]], "6403.sol": [1, [1, 1, 1, 1, 1, 1, 1, 1, 0, 0]], "15291.sol": [1, [1, 1, 1, 0, 1, 0, 1, 0, 1, 1]], "24065.sol": [1, [1, 0, 0, 0, 1, 1, 1, 0, 0, 0]], "22770.sol": [0, [0, 0, 0, 0, 0, 0, 0, 0, 0, 0]], "7512.sol": [1, [1, 1, 1, 1, 1, 1, 1, 1, 0, 0]], "39901.sol": [1, [0, 0, 1, 0, 1, 1, 0, 1, 1, 1]], "25586.sol": [0, [0, 0, 0, 0, 0, 0, 0, 0, 0, 0]], "21955.sol": [1, [1, 1, 1, 1, 0, 1, 0, 0, 0, 0]], "39955.sol": [1, [0, 0, 0, 0, 1, 1, 1, 0, 0, 0]], "23292.sol": [1, [1, 1, 1, 1, 1, 1, 1, 1, 0, 0]], "38406.sol": [1, [0, 1, 0, 0, 0, 0, 0, 1, 0, 0]], "32977.sol": [1, [1, 0, 0, 1, 0, 1, 1, 0, 0, 0]], "14016.sol": [1, [1, 1, 1, 1, 1, 1, 1, 1, 0, 0]], "40544.sol": [1, [1, 1, 1, 0, 1, 1, 0, 0, 0, 1]], "25567.sol": [1, [0, 1, 0, 1, 0, 0, 1, 1, 0, 1]], "39803.sol": [1, [0, 0, 1, 0, 1, 1, 0, 1, 0, 1]], "36118.sol": [0, [0, 0, 0, 0, 0, 0, 0, 0, 0, 0]], "11718.sol": [1, [1, 0, 0, 0, 0, 0, 0, 0, 1, 0]], "34547.sol": [1, [1, 0, 1, 0, 0, 1, 1, 0, 0, 0]], "9002.sol": [1, [0, 0, 1, 1, 0, 1, 0, 1, 0, 0]], "38766.sol": [1, [1, 1, 1, 1, 1, 1, 0, 0, 1, 1]], "13860.sol": [1, [1, 1, 1, 1, 1, 1, 1, 0, 0, 0]], "40686.sol": [1, [1, 0, 1, 0, 0, 1, 1, 0, 1, 1]], "22659.sol": [1, [1, 1, 0, 0, 0, 1, 0, 1, 0, 1]], "39067.sol": [0, [0, 0, 0, 0, 0, 0, 0, 0, 0, 0]], "13181.sol": [1, [1, 1, 1, 0, 1, 1, 1, 1, 0, 0]], "19551.sol": [1, [1, 1, 1, 1, 1, 1, 1, 1, 0, 0]], "34940.sol": [1, [1, 0, 1, 0, 0, 1, 1, 0, 1, 0]], "18253.sol": [1, [1, 1, 1, 0, 1, 0, 1, 0, 1, 1]], "9583.sol": [1, [1, 1, 1, 1, 1, 1, 1, 1, 1, 1]], "39562.sol": [1, [0, 0, 0, 0, 0, 0, 0, 1, 0, 0]], "25373.sol": [1, [0, 1, 0, 0, 0, 0, 0, 0, 0, 0]], "15922.sol": [1, [0, 0, 0, 0, 1, 1, 0, 0, 0, 0]], "27363.sol": [1, [0, 0, 1, 0, 1, 0, 0, 0, 1, 1]], "23623.sol": [1, [1, 1, 1, 1, 1, 1, 1, 1, 0, 0]], "16988.sol": [0, [0, 0, 0, 0, 0, 0, 0, 0, 0, 0]], "40218.sol": [1, [1, 1, 1, 1, 1, 1, 1, 1, 1, 1]], "38708.sol": [1, [1, 1, 1, 1, 1, 1, 0, 0, 1, 1]], "34511.sol": [1, [0, 0, 0, 0, 1, 0, 0, 0, 0, 0]], "24896.sol": [1, [0, 0, 0, 0, 0, 0, 0, 1, 0, 0]], "10976.sol": [1, [0, 1, 0, 0, 0, 0, 0, 1, 0, 0]], "37390.sol": [0, [0, 0, 0, 0, 0, 0, 0, 0, 0, 0]], "26337.sol": [1, [0, 1, 0, 1, 0, 0, 1, 1, 0, 1]], "36557.sol": [1, [0, 0, 0, 0, 1, 0, 1, 0, 1, 1]], "17986.sol": [1, [1, 1, 1, 1, 0, 1, 1, 0, 0, 0]], "7570.sol": [0, [0, 0, 0, 0, 0, 0, 0, 0, 0, 0]], "17818.sol": [0, [0, 0, 0, 0, 0, 0, 0, 0, 0, 0]], "27709.sol": [0, [0, 0, 0, 0, 0, 0, 0, 0, 0, 0]], "415.sol": [0, [0, 0, 0, 0, 0, 0, 0, 0, 0, 0]], "39926.sol": [0, [0, 0, 0, 0, 0, 0, 0, 0, 0, 0]], "37090.sol": [1, [0, 1, 0, 1, 1, 1, 1, 1, 1, 1]], "32122.sol": [1, [0, 0, 0, 1, 1, 1, 1, 0, 1, 0]], "27364.sol": [1, [0, 0, 1, 0, 1, 0, 0, 0, 1, 1]], "38465.sol": [1, [0, 0, 0, 0, 1, 0, 1, 0, 0, 0]], "37954.sol": [1, [0, 1, 1, 1, 1, 0, 0, 1, 0, 1]], "2556.sol": [1, [0, 0, 1, 0, 0, 0, 0, 1, 0, 1]], "488.sol": [1, [1, 1, 1, 0, 1, 0, 1, 0, 1, 1]], "23660.sol": [1, [0, 0, 0, 0, 0, 0, 1, 0, 0, 0]], "40209.sol": [1, [1, 1, 1, 1, 1, 1, 1, 1, 1, 1]], "29926.sol": [0, [0, 0, 0, 0, 0, 0, 0, 0, 0, 0]], "39513.sol": [1, [1, 1, 1, 1, 0, 1, 0, 1, 0, 0]], "18297.sol": [1, [1, 1, 1, 1, 1, 1, 1, 0, 0, 0]], "39077.sol": [1, [0, 0, 0, 1, 0, 0, 0, 0, 0, 0]], "38854.sol": [0, [0, 0, 0, 0, 0, 0, 0, 0, 0, 0]], "13347.sol": [1, [1, 1, 1, 0, 1, 0, 1, 1, 0, 0]], "1284.sol": [1, [1, 1, 1, 1, 1, 1, 1, 1, 1, 1]], "32235.sol": [1, [1, 0, 1, 0, 0, 1, 1, 0, 0, 0]], "941.sol": [1, [1, 1, 1, 0, 1, 0, 1, 0, 1, 1]], "26285.sol": [0, [0, 0, 0, 0, 0, 0, 0, 0, 0, 0]], "27646.sol": [1, [1, 0, 0, 1, 0, 0, 0, 0, 0, 0]], "14356.sol": [1, [1, 0, 0, 0, 0, 0, 0, 1, 1, 1]], "832.sol": [1, [0, 1, 0, 0, 0, 0, 0, 0, 1, 0]], "24646.sol": [1, [0, 0, 0, 0, 0, 1, 0, 0, 0, 1]], "35821.sol": [1, [0, 0, 0, 1, 1, 1, 0, 1, 0, 0]], "20324.sol": [0, [0, 0, 0, 0, 0, 0, 0, 0, 0, 0]], "39960.sol": [1, [0, 0, 0, 0, 1, 1, 1, 0, 0, 0]], "9802.sol": [1, [1, 1, 1, 1, 1, 1, 1, 1, 0, 0]], "9649.sol": [1, [1, 1, 1, 0, 0, 1, 1, 1, 0, 0]], "15949.sol": [1, [1, 1, 1, 1, 1, 1, 0, 0, 1, 1]], "39469.sol": [1, [1, 1, 1, 0, 0, 0, 0, 0, 1, 1]], "37453.sol": [1, [0, 0, 0, 0, 0, 0, 0, 0, 1, 1]], "39607.sol": [1, [1, 1, 1, 1, 0, 1, 0, 0, 0, 1]], "22885.sol": [1, [0, 0, 0, 0, 0, 0, 0, 0, 1, 0]], "19021.sol": [1, [0, 0, 0, 1, 1, 0, 0, 0, 0, 0]], "24996.sol": [0, [0, 0, 0, 0, 0, 0, 0, 0, 0, 0]], "20351.sol": [0, [0, 0, 0, 0, 0, 0, 0, 0, 0, 0]], "40651.sol": [1, [1, 1, 1, 1, 1, 1, 1, 1, 1, 1]], "35912.sol": [0, [0, 0, 0, 0, 0, 0, 0, 0, 0, 0]], "14833.sol": [1, [0, 0, 0, 0, 1, 1, 1, 1, 1, 0]], "25703.sol": [1, [0, 0, 0, 0, 0, 0, 0, 0, 1, 1]], "20728.sol": [1, [1, 1, 1, 1, 1, 1, 1, 1, 0, 0]], "37154.sol": [1, [0, 1, 1, 1, 0, 1, 0, 1, 1, 1]], "15804.sol": [1, [1, 1, 1, 1, 1, 1, 1, 1, 0, 0]], "30167.sol": [1, [0, 0, 0, 0, 1, 1, 1, 0, 0, 0]], "17485.sol": [0, [0, 0, 0, 0, 0, 0, 0, 0, 0, 0]], "33396.sol": [1, [1, 1, 1, 0, 1, 0, 1, 0, 0, 0]], "17891.sol": [1, [1, 1, 1, 0, 1, 0, 1, 0, 1, 1]], "39494.sol": [0, [0, 0, 0, 0, 0, 0, 0, 0, 0, 0]], "34506.sol": [1, [0, 1, 1, 1, 0, 0, 0, 1, 0, 0]], "19463.sol": [1, [1, 1, 1, 1, 1, 1, 1, 1, 0, 0]], "11306.sol": [1, [0, 0, 0, 0, 0, 0, 0, 0, 0, 1]], "27555.sol": [1, [1, 0, 0, 0, 1, 0, 0, 0, 0, 0]], "2847.sol": [1, [0, 0, 0, 1, 0, 0, 0, 0, 0, 0]], "13581.sol": [1, [0, 0, 0, 0, 0, 0, 0, 0, 0, 1]], "40004.sol": [1, [1, 1, 1, 0, 0, 0, 0, 0, 0, 0]], "27927.sol": [1, [1, 0, 1, 0, 0, 0, 0, 1, 0, 1]], "19105.sol": [1, [0, 0, 0, 0, 0, 0, 0, 1, 1, 0]]}