{"25883.sol": [0, [0, 0, 0, 0, 0, 0, 0, 0, 0, 0]], "35664.sol": [0, [0, 0, 0, 0, 0, 0, 0, 0, 0, 0]], "15577.sol": [0, [0, 0, 0, 0, 0, 0, 0, 0, 0, 0]], "1280.sol": [0, [0, 0, 0, 0, 0, 0, 0, 0, 0, 0]], "998.sol": [0, [0, 0, 0, 0, 0, 0, 0, 0, 0, 0]], "14925.sol": [0, [0, 0, 0, 0, 0, 0, 0, 0, 0, 0]], "34530.sol": [0, [0, 0, 0, 0, 0, 0, 0, 0, 0, 0]], "16542.sol": [0, [0, 0, 0, 0, 0, 0, 0, 0, 0, 0]], "10678.sol": [0, [0, 0, 0, 0, 0, 0, 0, 0, 0, 0]], "10029.sol": [0, [0, 0, 0, 0, 0, 0, 0, 0, 0, 0]], "2198.sol": [0, [0, 0, 0, 0, 0, 0, 0, 0, 0, 0]], "20145.sol": [0, [0, 0, 0, 0, 0, 0, 0, 0, 0, 0]], "24269.sol": [0, [0, 0, 0, 0, 0, 0, 0, 0, 0, 0]], "19116.sol": [0, [0, 0, 0, 0, 0, 0, 0, 0, 0, 0]], "23584.sol": [0, [0, 0, 0, 0, 0, 0, 0, 0, 0, 0]], "32538.sol": [0, [0, 0, 0, 0, 0, 0, 0, 0, 0, 0]], "37561.sol": [0, [0, 0, 0, 0, 0, 0, 0, 0, 0, 0]], "31459.sol": [0, [0, 0, 0, 0, 0, 0, 0, 0, 0, 0]], "7410.sol": [0, [0, 0, 0, 0, 0, 0, 0, 0, 0, 0]], "16456.sol": [1, [0, 0, 0, 0, 0, 0, 1, 0, 0, 1]], "39183.sol": [0, [0, 0, 0, 0, 0, 0, 0, 0, 0, 0]], "10576.sol": [0, [0, 0, 0, 0, 0, 0, 0, 0, 0, 0]], "2808.sol": [0, [0, 0, 0, 0, 0, 0, 0, 0, 0, 0]], "4042.sol": [0, [0, 0, 0, 0, 0, 0, 0, 0, 0, 0]], "26898.sol": [1, [0, 0, 0, 0, 1, 1, 0, 0, 0, 0]], "32038.sol": [1, [0, 0, 0, 0, 0, 0, 1, 1, 1, 0]], "13388.sol": [0, [0, 0, 0, 0, 0, 0, 0, 0, 0, 0]], "1118.sol": [0, [0, 0, 0, 0, 0, 0, 0, 0, 0, 0]], "28929.sol": [0, [0, 0, 0, 0, 0, 0, 0, 0, 0, 0]], "15810.sol": [0, [0, 0, 0, 0, 0, 0, 0, 0, 0, 0]], "13148.sol": [0, [0, 0, 0, 0, 0, 0, 0, 0, 0, 0]], "37014.sol": [0, [0, 0, 0, 0, 0, 0, 0, 0, 0, 0]], "28099.sol": [0, [0, 0, 0, 0, 0, 0, 0, 0, 0, 0]], "28843.sol": [0, [0, 0, 0, 0, 0, 0, 0, 0, 0, 0]], "20408.sol": [0, [0, 0, 0, 0, 0, 0, 0, 0, 0, 0]], "21003.sol": [0, [0, 0, 0, 0, 0, 0, 0, 0, 0, 0]], "17166.sol": [0, [0, 0, 0, 0, 0, 0, 0, 0, 0, 0]], "2668.sol": [0, [0, 0, 0, 0, 0, 0, 0, 0, 0, 0]], "2234.sol": [0, [0, 0, 0, 0, 0, 0, 0, 0, 0, 0]], "18345.sol": [0, [0, 0, 0, 0, 0, 0, 0, 0, 0, 0]], "14010.sol": [0, [0, 0, 0, 0, 0, 0, 0, 0, 0, 0]], "14204.sol": [0, [0, 0, 0, 0, 0, 0, 0, 0, 0, 0]], "30307.sol": [0, [0, 0, 0, 0, 0, 0, 0, 0, 0, 0]], "25019.sol": [0, [0, 0, 0, 0, 0, 0, 0, 0, 0, 0]], "7891.sol": [0, [0, 0, 0, 0, 0, 0, 0, 0, 0, 0]], "10240.sol": [0, [0, 0, 0, 0, 0, 0, 0, 0, 0, 0]], "21893.sol": [0, [0, 0, 0, 0, 0, 0, 0, 0, 0, 0]], "3332.sol": [0, [0, 0, 0, 0, 0, 0, 0, 0, 0, 0]], "13460.sol": [0, [0, 0, 0, 0, 0, 0, 0, 0, 0, 0]], "31224.sol": [0, [0, 0, 0, 0, 0, 0, 0, 0, 0, 0]], "3189.sol": [0, [0, 0, 0, 0, 0, 0, 0, 0, 0, 0]], "38491.sol": [0, [0, 0, 0, 0, 0, 0, 0, 0, 0, 0]], "37196.sol": [0, [0, 0, 0, 0, 0, 0, 0, 0, 0, 0]], "35988.sol": [0, [0, 0, 0, 0, 0, 0, 0, 0, 0, 0]], "11524.sol": [0, [0, 0, 0, 0, 0, 0, 0, 0, 0, 0]], "22590.sol": [0, [0, 0, 0, 0, 0, 0, 0, 0, 0, 0]], "3704.sol": [0, [0, 0, 0, 0, 0, 0, 0, 0, 0, 0]], "22607.sol": [0, [0, 0, 0, 0, 0, 0, 0, 0, 0, 0]], "13890.sol": [0, [0, 0, 0, 0, 0, 0, 0, 0, 0, 0]], "38039.sol": [0, [0, 0, 0, 0, 0, 0, 0, 0, 0, 0]], "9304.sol": [0, [0, 0, 0, 0, 0, 0, 0, 0, 0, 0]], "37844.sol": [0, [0, 0, 0, 0, 0, 0, 0, 0, 0, 0]], "7993.sol": [0, [0, 0, 0, 0, 0, 0, 0, 0, 0, 0]], "17907.sol": [0, [0, 0, 0, 0, 0, 0, 0, 0, 0, 0]], "30014.sol": [0, [0, 0, 0, 0, 0, 0, 0, 0, 0, 0]], "7149.sol": [0, [0, 0, 0, 0, 0, 0, 0, 0, 0, 0]], "30577.sol": [0, [0, 0, 0, 0, 0, 0, 0, 0, 0, 0]], "21073.sol": [0, [0, 0, 0, 0, 0, 0, 0, 0, 0, 0]], "31020.sol": [1, [1, 1, 1, 1, 1, 1, 1, 1, 1, 0]], "3833.sol": [1, [1, 1, 1, 1, 0, 0, 1, 1, 1, 1]], "6246.sol": [1, [0, 0, 0, 0, 0, 0, 1, 0, 0, 1]], "12476.sol": [1, [0, 0, 0, 0, 0, 0, 1, 0, 0, 0]], "109.sol": [1, [0, 0, 0, 0, 1, 0, 0, 1, 0, 1]], "15404.sol": [1, [1, 1, 0, 0, 1, 1, 0, 0, 1, 1]], "35807.sol": [1, [0, 0, 0, 0, 1, 0, 1, 0, 1, 0]], "16102.sol": [1, [0, 1, 1, 1, 0, 0, 0, 1, 1, 0]], "2882.sol": [1, [1, 1, 1, 1, 1, 1, 1, 1, 1, 1]], "34954.sol": [0, [0, 0, 0, 0, 0, 0, 0, 0, 0, 0]], "16106.sol": [1, [0, 1, 1, 1, 0, 0, 0, 1, 1, 0]], "16114.sol": [0, [0, 0, 0, 0, 0, 0, 0, 0, 0, 0]], "13702.sol": [1, [1, 1, 0, 1, 1, 0, 0, 0, 0, 0]], "4949.sol": [1, [0, 0, 0, 1, 1, 1, 0, 0, 0, 0]], "18107.sol": [0, [0, 0, 0, 0, 0, 0, 0, 0, 0, 0]], "16154.sol": [1, [0, 1, 1, 1, 0, 0, 0, 1, 1, 0]], "4708.sol": [1, [0, 1, 0, 0, 0, 0, 1, 1, 1, 1]], "16158.sol": [1, [0, 1, 1, 1, 0, 0, 0, 1, 1, 0]], "1193.sol": [1, [0, 0, 0, 0, 0, 0, 1, 0, 0, 1]], "29955.sol": [0, [0, 0, 0, 0, 0, 0, 0, 0, 0, 0]], "16109.sol": [1, [0, 1, 1, 1, 0, 0, 0, 1, 1, 0]], "6583.sol": [1, [0, 0, 0, 0, 0, 0, 1, 0, 0, 1]], "40062.sol": [1, [0, 0, 0, 0, 1, 0, 0, 0, 0, 0]], "4847.sol": [0, [0, 0, 0, 0, 0, 0, 0, 0, 0, 0]], "15121.sol": [0, [0, 0, 0, 0, 0, 0, 0, 0, 0, 0]], "31017.sol": [1, [1, 1, 1, 1, 1, 1, 1, 1, 1, 0]], "23557.sol": [0, [0, 0, 0, 0, 0, 0, 0, 0, 0, 0]], "31015.sol": [1, [1, 1, 1, 1, 1, 1, 1, 1, 1, 0]], "31044.sol": [1, [1, 1, 1, 1, 1, 1, 1, 1, 1, 0]], "12045.sol": [1, [1, 1, 1, 1, 1, 1, 1, 1, 1, 0]], "13244.sol": [1, [0, 0, 0, 0, 0, 0, 1, 0, 0, 1]], "5078.sol": [1, [0, 1, 0, 0, 0, 0, 1, 1, 1, 1]], "31048.sol": [1, [1, 1, 1, 1, 1, 1, 1, 1, 1, 1]], "20681.sol": [1, [0, 0, 1, 0, 1, 1, 0, 0, 0, 0]]}