{"12106.sol": [0, [0, 0, 0, 0, 0, 0, 0, 0, 0, 0]], "20864.sol": [0, [0, 0, 0, 0, 0, 0, 0, 0, 0, 0]], "25344.sol": [0, [0, 0, 0, 0, 0, 0, 0, 0, 0, 0]], "24850.sol": [0, [0, 0, 0, 0, 0, 0, 0, 0, 0, 0]], "13510.sol": [0, [0, 0, 0, 0, 0, 0, 0, 0, 0, 0]], "23120.sol": [0, [0, 0, 0, 0, 0, 0, 0, 0, 0, 0]], "36334.sol": [0, [0, 0, 0, 0, 0, 0, 0, 0, 0, 0]], "33914.sol": [0, [0, 0, 0, 0, 0, 0, 0, 0, 0, 0]], "21675.sol": [0, [0, 0, 0, 0, 0, 0, 0, 0, 0, 0]], "1569.sol": [1, [0, 0, 0, 0, 1, 1, 0, 0, 1, 1]], "21210.sol": [0, [0, 0, 0, 0, 0, 0, 0, 0, 0, 0]], "25149.sol": [0, [0, 0, 0, 0, 0, 0, 0, 0, 0, 0]], "22317.sol": [0, [0, 0, 0, 0, 0, 0, 0, 0, 0, 0]], "39714.sol": [1, [1, 1, 1, 1, 1, 1, 1, 1, 1, 1]], "24307.sol": [0, [0, 0, 0, 0, 0, 0, 0, 0, 0, 0]], "28645.sol": [0, [0, 0, 0, 0, 0, 0, 0, 0, 0, 0]], "19686.sol": [0, [0, 0, 0, 0, 0, 0, 0, 0, 0, 0]], "14899.sol": [0, [0, 0, 0, 0, 0, 0, 0, 0, 0, 0]], "16548.sol": [0, [0, 0, 0, 0, 0, 0, 0, 0, 0, 0]], "17231.sol": [1, [0, 0, 0, 0, 1, 1, 1, 0, 0, 1]], "16158.sol": [1, [1, 1, 1, 1, 1, 0, 0, 0, 1, 0]], "21569.sol": [1, [0, 0, 0, 0, 0, 0, 0, 0, 0, 1]], "16103.sol": [1, [1, 1, 1, 1, 1, 0, 0, 0, 1, 0]], "32155.sol": [1, [0, 0, 0, 0, 0, 0, 1, 0, 0, 0]], "38689.sol": [1, [1, 1, 1, 1, 1, 1, 1, 1, 1, 1]], "16106.sol": [1, [1, 1, 1, 1, 1, 0, 0, 0, 1, 0]], "37556.sol": [1, [1, 1, 0, 0, 0, 0, 1, 0, 0, 0]], "38588.sol": [1, [1, 1, 1, 1, 1, 1, 1, 1, 1, 1]], "23909.sol": [1, [0, 0, 0, 0, 0, 0, 0, 1, 0, 0]]}