{"15268.sol": [0, [0, 0, 0, 0, 0, 0, 0, 0, 0, 0]], "3995.sol": [0, [0, 0, 0, 0, 0, 0, 0, 0, 0, 0]], "12430.sol": [0, [0, 0, 0, 0, 0, 0, 0, 0, 0, 0]], "21165.sol": [0, [0, 0, 0, 0, 0, 0, 0, 0, 0, 0]], "6799.sol": [0, [0, 0, 0, 0, 0, 0, 0, 0, 0, 0]], "36621.sol": [1, [1, 1, 1, 1, 0, 0, 0, 0, 0, 0]], "13548.sol": [0, [0, 0, 0, 0, 0, 0, 0, 0, 0, 0]], "38024.sol": [0, [0, 0, 0, 0, 0, 0, 0, 0, 0, 0]], "6646.sol": [0, [0, 0, 0, 0, 0, 0, 0, 0, 0, 0]], "23972.sol": [0, [0, 0, 0, 0, 0, 0, 0, 0, 0, 0]], "21901.sol": [1, [1, 1, 1, 1, 1, 1, 1, 0, 0, 0]], "21903.sol": [1, [1, 1, 1, 1, 1, 1, 1, 0, 0, 0]], "21912.sol": [1, [1, 1, 1, 1, 1, 1, 1, 0, 0, 0]], "15816.sol": [1, [1, 1, 0, 0, 0, 1, 0, 0, 0, 0]], "23359.sol": [1, [1, 1, 0, 0, 0, 0, 0, 0, 0, 0]]}