{"13332.sol": [1, [1, 1, 1, 0, 1, 1, 0, 0, 0, 0]], "9601.sol": [1, [1, 1, 1, 1, 1, 1, 1, 1, 1, 1]], "34437.sol": [1, [1, 0, 1, 0, 0, 0, 0, 0, 0, 0]], "4024.sol": [1, [1, 1, 1, 1, 1, 1, 1, 1, 1, 0]], "2420.sol": [1, [0, 0, 0, 1, 0, 1, 1, 1, 0, 0]], "464.sol": [1, [1, 1, 1, 1, 1, 1, 1, 1, 1, 1]], "3515.sol": [1, [0, 1, 0, 1, 0, 0, 1, 1, 1, 1]], "19191.sol": [1, [0, 0, 0, 1, 0, 0, 0, 0, 0, 1]], "16996.sol": [1, [1, 1, 1, 0, 0, 0, 0, 0, 0, 0]], "14237.sol": [1, [1, 1, 1, 1, 1, 1, 1, 1, 1, 1]], "1960.sol": [1, [1, 1, 1, 1, 1, 1, 1, 1, 1, 1]], "30142.sol": [1, [0, 0, 0, 0, 0, 0, 1, 0, 1, 0]], "1687.sol": [1, [1, 1, 1, 1, 1, 1, 1, 1, 0, 0]], "29059.sol": [1, [1, 1, 1, 1, 1, 1, 1, 1, 1, 1]], "9619.sol": [1, [1, 1, 1, 1, 0, 0, 0, 1, 0, 0]], "6407.sol": [1, [1, 1, 1, 1, 1, 1, 1, 1, 1, 0]], "5405.sol": [1, [0, 0, 0, 0, 1, 0, 1, 0, 0, 0]], "3478.sol": [1, [1, 1, 1, 1, 1, 1, 1, 1, 1, 0]], "892.sol": [1, [1, 1, 0, 1, 0, 0, 0, 0, 0, 0]], "31232.sol": [1, [1, 1, 1, 1, 1, 1, 1, 1, 1, 1]], "32405.sol": [1, [1, 1, 1, 1, 1, 1, 1, 1, 1, 0]], "38171.sol": [1, [0, 1, 1, 1, 1, 0, 0, 0, 0, 1]], "21796.sol": [1, [1, 1, 1, 1, 1, 0, 0, 1, 0, 1]], "24336.sol": [1, [1, 1, 1, 1, 0, 0, 1, 1, 0, 1]], "21122.sol": [1, [1, 1, 1, 0, 0, 0, 0, 0, 0, 0]], "38532.sol": [1, [0, 0, 1, 0, 1, 0, 0, 0, 0, 0]], "2399.sol": [1, [1, 1, 1, 1, 1, 1, 1, 1, 1, 1]], "17244.sol": [0, [0, 0, 0, 0, 0, 0, 0, 0, 0, 0]], "30728.sol": [1, [1, 1, 1, 1, 1, 1, 1, 1, 1, 1]], "30369.sol": [1, [1, 1, 0, 0, 0, 0, 0, 0, 0, 0]], "29210.sol": [1, [1, 1, 1, 0, 0, 1, 1, 1, 1, 0]], "24756.sol": [1, [0, 0, 0, 0, 0, 1, 0, 0, 0, 0]], "21354.sol": [1, [1, 1, 1, 1, 1, 1, 1, 1, 1, 1]], "296.sol": [1, [1, 1, 0, 0, 0, 0, 0, 0, 0, 0]], "502.sol": [1, [1, 1, 1, 1, 1, 0, 0, 0, 0, 1]], "28548.sol": [1, [1, 1, 1, 1, 1, 1, 1, 1, 1, 1]], "12537.sol": [1, [1, 1, 1, 1, 1, 1, 1, 0, 0, 0]], "24976.sol": [1, [1, 1, 1, 1, 1, 0, 0, 1, 1, 1]], "38104.sol": [1, [0, 0, 1, 1, 0, 0, 0, 0, 1, 1]], "37576.sol": [1, [0, 0, 1, 1, 0, 0, 0, 0, 0, 0]], "6982.sol": [1, [1, 1, 1, 1, 1, 1, 1, 1, 1, 0]], "27465.sol": [1, [1, 0, 0, 1, 0, 0, 0, 1, 0, 0]], "34318.sol": [1, [0, 1, 1, 1, 1, 1, 1, 1, 0, 0]], "24732.sol": [1, [1, 1, 1, 1, 1, 1, 1, 1, 1, 1]], "625.sol": [1, [0, 0, 0, 0, 1, 0, 1, 1, 0, 0]], "36753.sol": [1, [1, 1, 1, 1, 0, 1, 0, 1, 1, 1]], "29225.sol": [1, [0, 0, 0, 1, 0, 0, 0, 0, 0, 1]], "39755.sol": [0, [0, 0, 0, 0, 0, 0, 0, 0, 0, 0]], "38026.sol": [1, [1, 1, 0, 1, 0, 0, 1, 0, 1, 0]], "34758.sol": [1, [0, 1, 0, 0, 0, 0, 0, 0, 0, 0]], "2647.sol": [1, [1, 1, 1, 1, 1, 1, 1, 1, 0, 0]], "14187.sol": [1, [0, 0, 0, 1, 0, 0, 1, 1, 1, 0]], "23491.sol": [1, [1, 1, 1, 1, 1, 1, 1, 1, 1, 1]], "16917.sol": [1, [1, 1, 1, 1, 1, 1, 1, 1, 1, 1]], "14272.sol": [1, [0, 0, 0, 0, 0, 0, 1, 0, 0, 0]], "5381.sol": [1, [1, 1, 1, 1, 1, 1, 1, 1, 1, 1]], "1619.sol": [1, [1, 1, 1, 0, 0, 1, 0, 1, 0, 0]], "10579.sol": [0, [0, 0, 0, 0, 0, 0, 0, 0, 0, 0]], "23549.sol": [1, [1, 1, 1, 1, 1, 1, 1, 1, 0, 1]], "13988.sol": [1, [1, 1, 0, 0, 0, 0, 1, 1, 0, 0]], "18096.sol": [1, [0, 0, 0, 0, 0, 0, 1, 1, 1, 1]], "36513.sol": [1, [1, 1, 1, 0, 1, 1, 1, 0, 1, 0]], "40346.sol": [1, [1, 1, 1, 1, 1, 1, 1, 1, 0, 0]], "2292.sol": [1, [1, 1, 1, 1, 1, 1, 1, 1, 1, 1]], "4048.sol": [1, [1, 1, 1, 1, 1, 1, 1, 1, 1, 0]], "37354.sol": [1, [0, 0, 0, 0, 0, 0, 1, 1, 1, 0]], "19765.sol": [1, [1, 1, 1, 1, 1, 1, 1, 1, 1, 1]], "32764.sol": [0, [0, 0, 0, 0, 0, 0, 0, 0, 0, 0]], "6295.sol": [1, [0, 0, 1, 1, 0, 0, 0, 0, 0, 0]], "30361.sol": [1, [1, 0, 0, 0, 1, 0, 0, 0, 0, 0]], "21318.sol": [1, [1, 1, 0, 0, 1, 0, 0, 0, 0, 0]], "35613.sol": [0, [0, 0, 0, 0, 0, 0, 0, 0, 0, 0]], "11659.sol": [1, [0, 0, 0, 0, 0, 0, 0, 0, 1, 1]], "1375.sol": [1, [1, 1, 1, 1, 1, 1, 0, 0, 1, 1]], "35636.sol": [1, [0, 0, 0, 0, 1, 0, 0, 1, 0, 0]], "30401.sol": [1, [0, 0, 0, 0, 1, 1, 0, 0, 0, 0]], "4125.sol": [1, [1, 1, 1, 1, 1, 1, 1, 1, 1, 0]], "25606.sol": [1, [1, 1, 1, 1, 1, 1, 1, 1, 1, 1]], "7300.sol": [1, [0, 0, 0, 1, 0, 0, 0, 0, 1, 0]], "3911.sol": [1, [1, 0, 1, 1, 1, 1, 1, 1, 1, 1]], "25191.sol": [1, [0, 0, 0, 1, 0, 1, 0, 1, 1, 0]], "20801.sol": [1, [1, 1, 1, 1, 1, 0, 0, 1, 1, 1]], "19239.sol": [1, [1, 1, 1, 1, 1, 1, 1, 1, 0, 0]], "3464.sol": [1, [0, 0, 0, 1, 0, 0, 1, 1, 1, 1]], "30313.sol": [1, [1, 1, 1, 1, 1, 1, 1, 1, 1, 1]], "9499.sol": [1, [1, 1, 1, 1, 1, 1, 1, 1, 1, 1]], "4949.sol": [1, [1, 0, 1, 1, 1, 1, 1, 0, 1, 1]], "37056.sol": [1, [1, 1, 1, 0, 0, 0, 0, 0, 0]], "15615.sol": [0, [0, 0, 0, 0, 0, 0, 0, 0, 0, 0]], "18668.sol": [1, [1, 1, 1, 1, 1, 1, 1, 0, 0, 1]], "20775.sol": [1, [0, 0, 1, 0, 1, 1, 0, 0, 0, 0]], "37816.sol": [1, [0, 0, 0, 0, 0, 0, 0, 0, 1, 1]], "19326.sol": [1, [0, 1, 1, 0, 1, 0, 1, 0, 0, 1]], "40039.sol": [1, [0, 0, 0, 0, 0, 0, 0, 1, 0, 0]], "37731.sol": [1, [1, 1, 1, 1, 1, 1, 1, 1, 1, 1]], "31176.sol": [1, [0, 1, 1, 1, 0, 0, 0, 0, 0, 1]], "814.sol": [1, [1, 1, 0, 1, 0, 1, 1, 1, 1, 0]], "30573.sol": [1, [1, 1, 1, 1, 1, 1, 1, 1, 0, 1]], "2778.sol": [1, [0, 0, 0, 0, 1, 0, 1, 0, 0, 0]], "18211.sol": [1, [1, 1, 1, 1, 1, 1, 1, 1, 1, 1]], "22849.sol": [1, [0, 0, 0, 0, 1, 1, 1, 0, 0, 0]], "5007.sol": [1, [1, 1, 1, 1, 1, 1, 1, 1, 1, 0]], "35403.sol": [1, [1, 1, 1, 1, 1, 1, 1, 1, 1, 1]], "17924.sol": [1, [1, 1, 1, 1, 1, 1, 1, 1, 1, 1]], "23831.sol": [1, [0, 1, 1, 1, 0, 1, 0, 0, 1, 1]], "13999.sol": [1, [0, 0, 1, 1, 0, 1, 1, 0, 1, 1]], "31246.sol": [1, [1, 1, 1, 1, 1, 1, 1, 1, 1, 1]], "1389.sol": [1, [0, 0, 1, 1, 1, 0, 0, 0, 1, 0]], "2085.sol": [1, [1, 1, 1, 0, 1, 1, 1, 0, 0, 0]], "23137.sol": [1, [1, 1, 1, 1, 1, 1, 0, 1, 0, 0]], "23738.sol": [1, [1, 1, 1, 1, 1, 1, 1, 1, 1, 1]], "3849.sol": [1, [1, 1, 1, 1, 1, 1, 1, 1, 1, 0]], "39501.sol": [1, [1, 1, 1, 1, 1, 1, 1, 1, 1, 1]], "14420.sol": [1, [1, 1, 1, 1, 1, 1, 1, 1, 1, 1]], "7439.sol": [1, [1, 1, 1, 1, 0, 0, 0, 0, 1, 0]], "23703.sol": [1, [1, 1, 1, 1, 1, 1, 1, 0, 0, 0]], "3723.sol": [1, [0, 0, 1, 1, 1, 0, 1, 0, 1, 1]], "200.sol": [1, [1, 0, 0, 1, 1, 1, 0, 0, 1, 1]], "639.sol": [1, [0, 0, 0, 0, 0, 1, 1, 0, 0, 1]], "26151.sol": [1, [0, 0, 1, 0, 0, 0, 0, 0, 0, 0]], "6399.sol": [1, [0, 0, 0, 0, 0, 0, 1, 0, 0, 0]], "691.sol": [1, [1, 1, 1, 1, 1, 1, 1, 1, 1, 1]], "17715.sol": [1, [0, 1, 1, 0, 1, 0, 0, 0, 1, 1]], "32475.sol": [1, [0, 0, 1, 1, 1, 0, 0, 0, 0, 0]], "12941.sol": [1, [1, 1, 1, 1, 1, 0, 0, 1, 0, 1]], "17854.sol": [1, [1, 1, 1, 1, 1, 1, 1, 1, 0, 0]], "5526.sol": [1, [1, 1, 1, 1, 1, 1, 1, 1, 1, 0]], "23631.sol": [1, [0, 1, 0, 0, 0, 0, 1, 0, 0, 0]], "5992.sol": [1, [1, 1, 1, 1, 1, 1, 1, 1, 1, 1]], "6208.sol": [1, [0, 0, 0, 0, 0, 0, 1, 1, 0, 0]], "7930.sol": [1, [1, 1, 0, 0, 0, 1, 1, 0, 0, 1]], "33632.sol": [1, [0, 0, 0, 0, 0, 0, 0, 1, 0, 0]], "36101.sol": [1, [1, 1, 1, 1, 0, 1, 1, 1, 1, 0]], "23613.sol": [1, [0, 0, 0, 0, 0, 0, 1, 0, 0, 1]], "34061.sol": [1, [1, 1, 1, 1, 1, 1, 1, 1, 1, 1]], "22379.sol": [1, [0, 0, 0, 0, 0, 0, 0, 0, 1, 0]], "21008.sol": [0, [0, 0, 0, 0, 0, 0, 0, 0, 0, 0]], "13852.sol": [0, [0, 0, 0, 0, 0, 0, 0, 0, 0, 0]], "7638.sol": [0, [0, 0, 0, 0, 0, 0, 0, 0, 0, 0]], "65.sol": [0, [0, 0, 0, 0, 0, 0, 0, 0, 0, 0]], "39780.sol": [0, [0, 0, 0, 0, 0, 0, 0, 0, 0, 0]], "18786.sol": [1, [0, 0, 1, 0, 0, 0, 0, 0, 0, 0]], "11787.sol": [0, [0, 0, 0, 0, 0, 0]], "16784.sol": [0, [0, 0, 0, 0, 0, 0, 0, 0, 0, 0]], "37953.sol": [0, [0, 0, 0, 0, 0, 0, 0, 0, 0, 0]], "11266.sol": [0, [0, 0, 0, 0, 0, 0, 0, 0, 0, 0]], "10048.sol": [0, [0, 0, 0, 0, 0, 0, 0, 0, 0, 0]], "16232.sol": [0, [0, 0, 0, 0, 0, 0, 0, 0, 0, 0]], "2890.sol": [0, [0, 0, 0, 0, 0, 0, 0, 0, 0, 0]], "34816.sol": [0, [0, 0, 0, 0, 0, 0, 0, 0, 0, 0]], "15620.sol": [0, [0, 0, 0, 0, 0, 0, 0, 0, 0, 0]], "24146.sol": [0, [0, 0, 0, 0, 0, 0, 0, 0, 0, 0]], "509.sol": [0, [0, 0, 0, 0, 0, 0, 0, 0, 0, 0]], "37230.sol": [0, [0, 0, 0, 0, 0, 0, 0, 0, 0, 0]], "72.sol": [0, [0, 0, 0, 0, 0, 0, 0, 0, 0, 0]], "38755.sol": [1, [0, 0, 1, 0, 0, 0, 0, 0, 0, 0]], "33856.sol": [0, [0, 0, 0, 0, 0, 0, 0, 0, 0, 0]], "17166.sol": [1, [0, 0, 1, 1, 1, 1, 0, 0, 0, 0]], "6883.sol": [1, [0, 1, 0, 0, 0, 0, 0, 0, 0, 0]], "19753.sol": [0, [0, 0, 0, 0, 0, 0, 0, 0, 0, 0]], "8326.sol": [0, [0, 0, 0, 0, 0, 0, 0, 0, 0, 0]], "35586.sol": [0, [0, 0, 0, 0, 0, 0, 0, 0, 0, 0]], "11407.sol": [1, [0, 0, 0, 0, 0, 0, 0, 1, 1, 0]], "20262.sol": [0, [0, 0, 0, 0, 0, 0, 0, 0, 0, 0]], "508.sol": [0, [0, 0, 0, 0, 0, 0, 0, 0, 0, 0]], "38650.sol": [0, [0, 0, 0, 0, 0, 0, 0, 0, 0, 0]], "12403.sol": [1, [0, 1, 1, 0, 1, 1, 1, 1, 0, 0]], "5566.sol": [0, [0, 0, 0, 0, 0, 0, 0, 0, 0, 0]], "11058.sol": [0, [0, 0, 0, 0, 0, 0, 0, 0, 0, 0]], "34821.sol": [0, [0, 0, 0, 0, 0, 0, 0, 0, 0, 0]], "3993.sol": [1, [1, 0, 0, 0, 0, 0, 0, 0, 0, 0]], "11800.sol": [0, [0, 0, 0, 0, 0, 0, 0, 0, 0, 0]], "37231.sol": [1, [0, 0, 0, 0, 0, 0, 0, 0, 1, 1]], "69.sol": [0, [0, 0, 0, 0, 0, 0, 0, 0, 0, 0]], "13328.sol": [0, [0, 0, 0, 0, 0, 0, 0, 0, 0, 0]], "17341.sol": [0, [0, 0, 0, 0, 0, 0, 0, 0, 0, 0]], "8002.sol": [0, [0, 0, 0, 0, 0, 0, 0, 0, 0, 0]], "15390.sol": [0, [0, 0, 0, 0, 0, 0, 0, 0, 0, 0]], "34784.sol": [0, [0, 0, 0, 0, 0, 0, 0, 0, 0, 0]], "6251.sol": [0, [0, 0, 0, 0, 0, 0, 0, 0, 0, 0]], "35234.sol": [0, [0, 0, 0, 0, 0, 0, 0, 0, 0, 0]], "24148.sol": [0, [0, 0, 0, 0, 0, 0, 0, 0, 0, 0]], "7586.sol": [0, [0, 0, 0, 0, 0, 0, 0, 0, 0, 0]], "67.sol": [0, [0, 0, 0, 0, 0, 0, 0, 0, 0, 0]], "66.sol": [0, [0, 0, 0, 0, 0, 0, 0, 0, 0, 0]], "19150.sol": [0, [0, 0, 0, 0, 0, 0, 0, 0, 0, 0]], "12900.sol": [0, [0, 0, 0, 0, 0, 0, 0, 0, 0, 0]], "11694.sol": [1, [0, 0, 0, 0, 1, 0, 0, 0, 0, 0]], "70.sol": [0, [0, 0, 0, 0, 0, 0, 0, 0, 0, 0]], "4945.sol": [1, [0, 0, 0, 0, 1, 0, 0, 0, 0, 0]], "12903.sol": [0, [0, 0, 0, 0, 0, 0, 0, 0, 0, 0]], "942.sol": [1, [0, 1, 0, 0, 0, 0, 0, 0, 0, 0]], "13616.sol": [0, [0, 0, 0, 0, 0, 0, 0, 0, 0, 0]], "31193.sol": [1, [0, 0, 0, 0, 0, 0, 0, 1, 0, 0]]}