{"30500.sol": [0, [0, 0, 0, 0, 0, 0, 0, 0, 0, 0]], "1241.sol": [0, [0, 0, 0, 0, 0, 0, 0, 0, 0, 0]], "33708.sol": [0, [0, 0, 0, 0, 0, 0, 0, 0, 0, 0]], "1367.sol": [0, [0, 0, 0, 0, 0, 0, 0, 0, 0, 0]], "6711.sol": [0, [0, 0, 0, 0, 0, 0, 0, 0, 0, 0]], "39944.sol": [0, [0, 0, 0, 0, 0, 0, 0, 0, 0, 0]], "27560.sol": [0, [0, 0, 0, 0, 0, 0, 0, 0, 0, 0]], "28200.sol": [0, [0, 0, 0, 0, 0, 0, 0, 0, 0, 0]], "1691.sol": [0, [0, 0, 0, 0, 0, 0, 0, 0, 0, 0]], "25428.sol": [0, [0, 0, 0, 0, 0, 0, 0, 0, 0, 0]], "2727.sol": [0, [0, 0, 0, 0, 0, 0, 0, 0, 0, 0]], "19893.sol": [0, [0, 0, 0, 0, 0, 0, 0, 0, 0, 0]], "37346.sol": [0, [0, 0, 0, 0, 0, 0, 0, 0, 0, 0]], "3124.sol": [0, [0, 0, 0, 0, 0, 0, 0, 0, 0, 0]], "8582.sol": [0, [0, 0, 0, 0, 0, 0, 0, 0, 0, 0]], "2348.sol": [0, [0, 0, 0, 0, 0, 0, 0, 0, 0, 0]], "4814.sol": [0, [0, 0, 0, 0, 0, 0, 0, 0, 0, 0]], "20637.sol": [0, [0, 0, 0, 0, 0, 0, 0, 0, 0, 0]], "1358.sol": [0, [0, 0, 0, 0, 0, 0, 0, 0, 0, 0]], "24270.sol": [0, [0, 0, 0, 0, 0, 0, 0, 0, 0, 0]], "39553.sol": [0, [0, 0, 0, 0, 0, 0, 0, 0, 0, 0]], "3308.sol": [0, [0, 0, 0, 0, 0, 0, 0, 0, 0, 0]], "6162.sol": [1, [1, 1, 1, 1, 1, 1, 1, 1, 1, 1]], "3613.sol": [0, [0, 0, 0, 0, 0, 0, 0, 0, 0, 0]], "24523.sol": [0, [0, 0, 0, 0, 0, 0, 0, 0, 0, 0]], "32345.sol": [0, [0, 0, 0, 0, 0, 0, 0, 0, 0, 0]], "25893.sol": [0, [0, 0, 0, 0, 0, 0, 0, 0, 0, 0]], "15488.sol": [0, [0, 0, 0, 0, 0, 0, 0, 0, 0, 0]], "15214.sol": [0, [0, 0, 0, 0, 0, 0, 0, 0, 0]], "33070.sol": [0, [0, 0, 0, 0, 0, 0, 0, 0, 0, 0]], "29620.sol": [0, [0, 0, 0, 0, 0, 0, 0, 0, 0, 0]], "13358.sol": [0, [0, 0, 0, 0, 0, 0, 0, 0, 0, 0]], "6774.sol": [0, [0, 0, 0, 0, 0, 0, 0, 0, 0, 0]], "39428.sol": [0, [0, 0, 0, 0, 0, 0, 0, 0, 0, 0]], "22125.sol": [0, [0, 0, 0, 0, 0, 0, 0, 0, 0, 0]], "23730.sol": [1, [0, 0, 0, 0, 0, 0, 0, 0, 1, 1]], "682.sol": [0, [0, 0, 0, 0, 0, 0, 0, 0, 0, 0]], "39011.sol": [0, [0, 0, 0, 0, 0, 0, 0, 0, 0, 0]], "32798.sol": [0, [0, 0, 0, 0, 0, 0, 0, 0, 0, 0]], "19926.sol": [0, [0, 0, 0, 0, 0, 0, 0, 0, 0, 0]], "23008.sol": [0, [0, 0, 0, 0, 0, 0, 0, 0, 0, 0]], "7443.sol": [0, [0, 0, 0, 0, 0, 0, 0, 0, 0, 0]], "24692.sol": [0, [0, 0, 0, 0, 0, 0, 0, 0, 0, 0]], "16871.sol": [0, [0, 0, 0, 0, 0, 0, 0, 0, 0, 0]], "14963.sol": [0, [0, 0, 0, 0, 0, 0, 0, 0, 0, 0]], "24368.sol": [1, [0, 0, 1, 1, 0, 0, 0, 0, 0, 0]], "33151.sol": [0, [0, 0, 0, 0, 0, 0, 0, 0, 0, 0]], "13111.sol": [0, [0, 0, 0, 0, 0, 0, 0, 0, 0, 0]], "18507.sol": [0, [0, 0, 0, 0, 0, 0, 0, 0, 0, 0]], "12002.sol": [0, [0, 0, 0, 0, 0, 0, 0, 0, 0, 0]], "20820.sol": [1, [0, 0, 0, 0, 0, 0, 0, 0, 1, 1]], "3032.sol": [0, [0, 0, 0, 0, 0, 0, 0, 0, 0, 0]], "32273.sol": [0, [0, 0, 0, 0, 0, 0, 0, 0, 0, 0]], "34031.sol": [0, [0, 0, 0, 0, 0, 0, 0, 0, 0, 0]], "33939.sol": [0, [0, 0, 0, 0, 0, 0, 0, 0, 0, 0]], "29292.sol": [0, [0, 0, 0, 0, 0, 0, 0, 0, 0, 0]], "1502.sol": [0, [0, 0, 0, 0, 0, 0, 0, 0, 0, 0]], "17498.sol": [0, [0, 0, 0, 0, 0, 0, 0, 0, 0, 0]], "35079.sol": [0, [0, 0, 0, 0, 0, 0, 0, 0, 0, 0]], "3275.sol": [0, [0, 0, 0, 0, 0, 0, 0, 0, 0, 0]], "21887.sol": [0, [0, 0, 0, 0, 0, 0, 0, 0, 0, 0]], "40313.sol": [0, [0, 0, 0, 0, 0, 0, 0, 0, 0, 0]], "21511.sol": [0, [0, 0, 0, 0, 0, 0, 0, 0, 0, 0]], "12129.sol": [1, [1, 1, 1, 1, 1, 1, 1, 1, 1, 1]], "12153.sol": [0, [0, 0, 0, 0, 0, 0, 0, 0, 0, 0]], "19644.sol": [1, [1, 0, 1, 0, 0, 0, 0, 0, 0, 0]], "26822.sol": [0, [0, 0, 0, 0, 0, 0, 0, 0, 0, 0]], "37700.sol": [0, [0, 0, 0, 0, 0, 0, 0, 0, 0, 0]], "23328.sol": [0, [0, 0, 0, 0, 0, 0, 0, 0, 0, 0]], "16470.sol": [0, [0, 0, 0, 0, 0, 0, 0, 0, 0, 0]], "17273.sol": [0, [0, 0, 0, 0, 0, 0, 0, 0, 0, 0]], "30203.sol": [0, [0, 0, 0, 0, 0, 0, 0, 0, 0, 0]], "22521.sol": [0, [0, 0, 0, 0, 0, 0, 0, 0, 0, 0]], "22061.sol": [0, [0, 0, 0, 0, 0, 0, 0, 0, 0, 0]], "17501.sol": [0, [0, 0, 0, 0, 0, 0, 0, 0, 0, 0]], "22701.sol": [0, [0, 0, 0, 0, 0, 0, 0, 0, 0, 0]], "14343.sol": [1, [0, 1, 0, 0, 0, 0, 0, 0, 0, 0]], "12799.sol": [0, [0, 0, 0, 0, 0, 0, 0, 0, 0, 0]], "37994.sol": [0, [0, 0, 0, 0, 0, 0, 0, 0, 0, 0]], "2145.sol": [0, [0, 0, 0, 0, 0, 0, 0, 0, 0, 0]], "7260.sol": [0, [0, 0, 0, 0, 0, 0, 0, 0, 0, 0]], "16075.sol": [0, [0, 0, 0, 0, 0, 0, 0, 0, 0, 0]], "20191.sol": [0, [0, 0, 0, 0, 0, 0, 0, 0, 0, 0]], "35044.sol": [0, [0, 0, 0, 0, 0, 0, 0, 0, 0, 0]], "39458.sol": [0, [0, 0, 0, 0, 0, 0, 0, 0, 0, 0]], "27264.sol": [0, [0, 0, 0, 0, 0, 0, 0, 0, 0, 0]], "33061.sol": [0, [0, 0, 0, 0, 0, 0, 0, 0, 0, 0]], "23807.sol": [0, [0, 0, 0, 0, 0, 0, 0, 0, 0, 0]], "11972.sol": [0, [0, 0, 0, 0, 0, 0, 0, 0, 0, 0]], "29831.sol": [0, [0, 0, 0, 0, 0, 0, 0, 0, 0, 0]], "4222.sol": [0, [0, 0, 0, 0, 0, 0, 0, 0, 0, 0]], "24836.sol": [0, [0, 0, 0, 0, 0, 0, 0, 0, 0, 0]], "4681.sol": [0, [0, 0, 0, 0, 0, 0, 0, 0, 0, 0]], "36790.sol": [1, [1, 1, 1, 1, 0, 0, 0, 0, 0, 0]], "18169.sol": [0, [0, 0, 0, 0, 0, 0, 0, 0, 0, 0]], "20794.sol": [0, [0, 0, 0, 0, 0, 0, 0, 0, 0, 0]], "34858.sol": [0, [0, 0, 0, 0, 0, 0, 0, 0, 0, 0]], "11417.sol": [0, [0, 0, 0, 0, 0, 0, 0, 0, 0, 0]], "27599.sol": [0, [0, 0, 0, 0, 0, 0, 0, 0, 0, 0]], "10419.sol": [0, [0, 0, 0, 0, 0, 0, 0, 0, 0, 0]], "12585.sol": [0, [0, 0, 0, 0, 0, 0, 0, 0, 0, 0]], "5582.sol": [0, [0, 0, 0, 0, 0, 0, 0, 0, 0, 0]], "12399.sol": [0, [0, 0, 0, 0, 0, 0, 0, 0, 0, 0]], "5311.sol": [0, [0, 0, 0, 0, 0, 0, 0, 0, 0, 0]], "9550.sol": [0, [0, 0, 0, 0, 0, 0, 0, 0, 0, 0]], "16445.sol": [0, [0, 0, 0, 0, 0, 0, 0, 0, 0, 0]], "27810.sol": [0, [0, 0, 0, 0, 0, 0, 0, 0, 0, 0]], "35899.sol": [0, [0, 0, 0, 0, 0, 0, 0, 0, 0, 0]], "6519.sol": [0, [0, 0, 0, 0, 0, 0, 0, 0, 0, 0]], "29260.sol": [0, [0, 0, 0, 0, 0, 0, 0, 0, 0, 0]], "26055.sol": [0, [0, 0, 0, 0, 0, 0, 0, 0, 0, 0]], "25559.sol": [0, [0, 0, 0, 0, 0, 0, 0, 0, 0, 0]], "14538.sol": [0, [0, 0, 0, 0, 0, 0, 0, 0, 0, 0]], "36261.sol": [0, [0, 0, 0, 0, 0, 0, 0, 0, 0, 0]], "10930.sol": [0, [0, 0, 0, 0, 0, 0, 0, 0, 0, 0]], "26273.sol": [0, [0, 0, 0, 0, 0, 0, 0, 0, 0, 0]], "7355.sol": [0, [0, 0, 0, 0, 0, 0, 0, 0, 0, 0]], "23945.sol": [0, [0, 0, 0, 0, 0, 0, 0, 0, 0, 0]], "28336.sol": [0, [0, 0, 0, 0, 0, 0, 0, 0, 0, 0]], "12642.sol": [0, [0, 0, 0, 0, 0, 0, 0, 0, 0, 0]], "21795.sol": [0, [0, 0, 0, 0, 0, 0, 0, 0, 0, 0]], "21129.sol": [0, [0, 0, 0, 0, 0, 0, 0, 0, 0, 0]], "21551.sol": [0, [0, 0, 0, 0, 0, 0, 0, 0, 0, 0]], "16424.sol": [0, [0, 0, 0, 0, 0, 0, 0, 0, 0, 0]], "38451.sol": [0, [0, 0, 0, 0, 0, 0, 0, 0, 0, 0]], "40383.sol": [0, [0, 0, 0, 0, 0, 0, 0, 0, 0, 0]], "2700.sol": [0, [0, 0, 0, 0, 0, 0, 0, 0, 0, 0]], "13853.sol": [0, [0, 0, 0, 0, 0, 0, 0, 0, 0, 0]], "27412.sol": [0, [0, 0, 0, 0, 0, 0, 0, 0, 0, 0]], "29442.sol": [0, [0, 0, 0, 0, 0, 0, 0, 0, 0, 0]], "13720.sol": [0, [0, 0, 0, 0, 0, 0, 0, 0, 0, 0]], "25681.sol": [0, [0, 0, 0, 0, 0, 0, 0, 0, 0, 0]], "4392.sol": [0, [0, 0, 0, 0, 0, 0, 0, 0, 0, 0]], "4767.sol": [0, [0, 0, 0, 0, 0, 0, 0, 0, 0, 0]], "9576.sol": [0, [0, 0, 0, 0, 0, 0, 0, 0, 0, 0]], "38093.sol": [1, [0, 0, 0, 0, 0, 0, 1, 0, 0, 0]], "15597.sol": [0, [0, 0, 0, 0, 0, 0, 0, 0, 0, 0]], "20314.sol": [0, [0, 0, 0, 0, 0, 0, 0, 0, 0, 0]], "10845.sol": [0, [0, 0, 0, 0, 0, 0, 0, 0, 0, 0]], "16306.sol": [0, [0, 0, 0, 0, 0, 0, 0, 0, 0, 0]], "33515.sol": [0, [0, 0, 0, 0, 0, 0, 0, 0, 0, 0]], "26244.sol": [0, [0, 0, 0, 0, 0, 0, 0, 0, 0, 0]], "10635.sol": [0, [0, 0, 0, 0, 0, 0, 0, 0, 0, 0]], "15888.sol": [1, [0, 0, 0, 0, 0, 0, 0, 0, 0, 1]], "6046.sol": [0, [0, 0, 0, 0, 0, 0, 0, 0, 0, 0]], "34334.sol": [0, [0, 0, 0, 0, 0, 0, 0, 0, 0, 0]], "12623.sol": [0, [0, 0, 0, 0, 0, 0, 0, 0, 0, 0]], "7029.sol": [0, [0, 0, 0, 0, 0, 0, 0, 0, 0, 0]], "16138.sol": [0, [0, 0, 0, 0, 0, 0, 0, 0, 0, 0]], "39677.sol": [0, [0, 0, 0, 0, 0, 0, 0, 0, 0, 0]], "11094.sol": [0, [0, 0, 0, 0, 0, 0, 0, 0, 0, 0]], "31418.sol": [0, [0, 0, 0, 0, 0, 0, 0, 0, 0, 0]], "5955.sol": [0, [0, 0, 0, 0, 0, 0, 0, 0, 0, 0]], "4961.sol": [0, [0, 0, 0, 0, 0, 0, 0, 0, 0, 0]], "28632.sol": [1, [0, 0, 0, 1, 1, 0, 0, 0, 0, 0]], "34968.sol": [0, [0, 0, 0, 0, 0, 0, 0, 0, 0, 0]], "12112.sol": [0, [0, 0, 0, 0, 0, 0, 0, 0, 0, 0]], "1507.sol": [0, [0, 0, 0, 0, 0, 0, 0, 0, 0, 0]], "16495.sol": [0, [0, 0, 0, 0, 0, 0, 0, 0, 0, 0]], "31552.sol": [0, [0, 0, 0, 0, 0, 0, 0, 0, 0, 0]], "12982.sol": [0, [0, 0, 0, 0, 0, 0, 0, 0, 0, 0]], "5408.sol": [0, [0, 0, 0, 0, 0, 0, 0, 0, 0, 0]], "24105.sol": [0, [0, 0, 0, 0, 0, 0, 0, 0, 0, 0]], "5538.sol": [0, [0, 0, 0, 0, 0, 0, 0, 0, 0, 0]], "8366.sol": [0, [0, 0, 0, 0, 0, 0, 0, 0, 0, 0]], "18785.sol": [0, [0, 0, 0, 0, 0, 0, 0, 0, 0, 0]], "29054.sol": [0, [0, 0, 0, 0, 0, 0, 0, 0, 0, 0]], "36707.sol": [0, [0, 0, 0, 0, 0, 0, 0, 0, 0, 0]], "13905.sol": [0, [0, 0, 0, 0, 0, 0, 0, 0, 0, 0]], "32115.sol": [0, [0, 0, 0, 0, 0, 0, 0, 0, 0, 0]], "4072.sol": [0, [0, 0, 0, 0, 0, 0, 0, 0, 0, 0]], "9258.sol": [0, [0, 0, 0, 0, 0, 0, 0, 0, 0, 0]], "10547.sol": [0, [0, 0, 0, 0, 0, 0, 0, 0, 0, 0]], "28709.sol": [1, [0, 0, 1, 0, 0, 0, 0, 1, 0, 0]], "6745.sol": [0, [0, 0, 0, 0, 0, 0, 0, 0, 0, 0]], "19363.sol": [0, [0, 0, 0, 0, 0, 0, 0, 0, 0, 0]], "29462.sol": [0, [0, 0, 0, 0, 0, 0, 0, 0, 0, 0]], "9532.sol": [0, [0, 0, 0, 0, 0, 0, 0, 0, 0, 0]], "13792.sol": [0, [0, 0, 0, 0, 0, 0, 0, 0, 0, 0]], "34336.sol": [0, [0, 0, 0, 0, 0, 0, 0, 0, 0, 0]], "18449.sol": [1, [1, 1, 1, 1, 1, 1, 1, 1, 1, 1]], "38784.sol": [1, [0, 1, 0, 0, 0, 1, 0, 0, 0, 0]], "40208.sol": [0, [0, 0, 0, 0, 0, 0, 0, 0, 0, 0]], "23068.sol": [0, [0, 0, 0, 0, 0, 0, 0, 0, 0, 0]], "18997.sol": [1, [0, 0, 0, 1, 1, 1, 1, 1, 1, 1]], "25978.sol": [0, [0, 0, 0, 0, 0, 0, 0, 0, 0, 0]], "6001.sol": [0, [0, 0, 0, 0, 0, 0, 0, 0, 0, 0]], "21822.sol": [0, [0, 0, 0, 0, 0, 0, 0, 0, 0, 0]], "15509.sol": [0, [0, 0, 0, 0, 0, 0, 0, 0, 0, 0]], "34877.sol": [0, [0, 0, 0, 0, 0, 0, 0, 0, 0, 0]], "35607.sol": [1, [0, 1, 0, 1, 0, 0, 0, 0, 0, 0]], "25842.sol": [0, [0, 0, 0, 0, 0, 0, 0, 0, 0, 0]], "2423.sol": [0, [0, 0, 0, 0, 0, 0, 0, 0, 0, 0]], "34708.sol": [0, [0, 0, 0, 0, 0, 0, 0, 0, 0, 0]], "2562.sol": [0, [0, 0, 0, 0, 0, 0, 0, 0, 0, 0]], "37912.sol": [0, [0, 0, 0, 0, 0, 0, 0, 0, 0, 0]], "15987.sol": [1, [1, 1, 1, 0, 0, 0, 0, 0, 0, 0]], "3572.sol": [0, [0, 0, 0, 0, 0, 0, 0, 0, 0, 0]], "35141.sol": [1, [0, 0, 0, 1, 0, 0, 1, 1, 0, 0]], "21028.sol": [0, [0, 0, 0, 0, 0, 0, 0, 0, 0, 0]], "30525.sol": [0, [0, 0, 0, 0, 0, 0, 0, 0, 0, 0]], "30743.sol": [0, [0, 0, 0, 0, 0, 0, 0]], "36039.sol": [0, [0, 0, 0, 0, 0, 0, 0, 0, 0, 0]], "28633.sol": [0, [0, 0, 0, 0, 0, 0, 0, 0, 0, 0]], "26194.sol": [0, [0, 0, 0, 0, 0, 0, 0, 0, 0, 0]], "11617.sol": [0, [0, 0, 0, 0, 0, 0, 0, 0, 0, 0]], "26056.sol": [0, [0, 0, 0, 0, 0, 0, 0, 0, 0, 0]], "15761.sol": [1, [0, 1, 0, 0, 0, 0, 0, 0, 0, 0]], "12205.sol": [0, [0, 0, 0, 0, 0, 0, 0, 0, 0, 0]], "38301.sol": [0, [0, 0, 0, 0, 0, 0, 0, 0, 0, 0]], "20819.sol": [1, [0, 0, 0, 0, 0, 0, 1, 1, 0, 0]], "2414.sol": [1, [0, 0, 0, 1, 0, 0, 0, 0, 0, 1]], "2373.sol": [0, [0, 0, 0, 0, 0, 0, 0, 0, 0, 0]], "14429.sol": [0, [0, 0, 0, 0, 0, 0, 0, 0, 0, 0]], "37365.sol": [0, [0, 0, 0, 0, 0, 0, 0, 0, 0, 0]], "7698.sol": [0, [0, 0, 0, 0, 0, 0, 0, 0, 0, 0]], "14412.sol": [0, [0, 0, 0, 0, 0, 0, 0, 0, 0, 0]], "3997.sol": [0, [0, 0, 0, 0, 0, 0, 0, 0, 0, 0]], "23869.sol": [0, [0, 0, 0, 0, 0, 0, 0, 0, 0, 0]], "7763.sol": [1, [0, 1, 1, 1, 0, 0, 0, 0, 0, 0]], "12752.sol": [0, [0, 0, 0, 0, 0, 0, 0, 0, 0, 0]], "30737.sol": [0, [0, 0, 0, 0, 0, 0, 0, 0, 0, 0]], "29330.sol": [0, [0, 0, 0, 0, 0, 0, 0, 0, 0, 0]], "12880.sol": [0, [0, 0, 0, 0, 0, 0, 0, 0, 0, 0]], "25935.sol": [0, [0, 0, 0, 0, 0, 0, 0, 0, 0, 0]], "686.sol": [0, [0, 0, 0, 0, 0, 0, 0, 0, 0, 0]], "24940.sol": [0, [0, 0, 0, 0, 0, 0, 0, 0, 0, 0]], "20808.sol": [0, [0, 0, 0, 0, 0, 0, 0, 0, 0, 0]], "561.sol": [0, [0, 0, 0, 0, 0, 0, 0, 0, 0, 0]], "38476.sol": [0, [0, 0, 0, 0, 0, 0, 0, 0, 0, 0]], "2574.sol": [0, [0, 0, 0, 0, 0, 0, 0, 0, 0, 0]], "8966.sol": [0, [0, 0, 0, 0, 0, 0, 0, 0, 0, 0]], "38550.sol": [0, [0, 0, 0, 0, 0, 0, 0, 0, 0, 0]], "32433.sol": [0, [0, 0, 0, 0, 0, 0, 0, 0, 0, 0]], "11073.sol": [0, [0, 0, 0, 0, 0, 0, 0, 0, 0, 0]], "10889.sol": [0, [0, 0, 0, 0, 0, 0, 0, 0, 0, 0]], "6824.sol": [0, [0, 0, 0, 0, 0, 0, 0, 0, 0, 0]], "24389.sol": [0, [0, 0, 0, 0, 0, 0, 0, 0, 0, 0]], "28928.sol": [0, [0, 0, 0, 0, 0, 0, 0, 0, 0, 0]], "17461.sol": [0, [0, 0, 0, 0, 0, 0, 0, 0, 0, 0]], "15186.sol": [0, [0, 0, 0, 0, 0, 0, 0, 0, 0, 0]], "6672.sol": [0, [0, 0, 0, 0, 0, 0, 0, 0, 0, 0]], "19339.sol": [0, [0, 0, 0, 0, 0, 0, 0, 0, 0, 0]], "17698.sol": [0, [0, 0, 0, 0, 0, 0, 0, 0, 0, 0]], "26104.sol": [0, [0, 0, 0, 0, 0, 0, 0, 0, 0, 0]], "5427.sol": [0, [0, 0, 0, 0, 0, 0, 0, 0, 0, 0]], "2107.sol": [0, [0, 0, 0, 0, 0, 0, 0, 0, 0, 0]], "17658.sol": [0, [0, 0, 0, 0, 0, 0, 0, 0, 0, 0]], "31251.sol": [0, [0, 0, 0, 0, 0, 0, 0, 0, 0, 0]], "27803.sol": [0, [0, 0, 0, 0, 0, 0, 0, 0, 0, 0]], "18254.sol": [0, [0, 0, 0, 0, 0, 0, 0, 0, 0, 0]], "20106.sol": [0, [0, 0, 0, 0, 0, 0, 0, 0, 0, 0]], "6852.sol": [0, [0, 0, 0, 0, 0, 0, 0, 0, 0, 0]], "36673.sol": [0, [0, 0, 0, 0, 0, 0, 0, 0, 0, 0]], "23576.sol": [0, [0, 0, 0, 0, 0, 0, 0, 0, 0, 0]], "3460.sol": [0, [0, 0, 0, 0, 0, 0, 0, 0, 0, 0]], "32536.sol": [0, [0, 0, 0, 0, 0, 0, 0, 0, 0, 0]], "34848.sol": [0, [0, 0, 0, 0, 0, 0, 0, 0, 0, 0]], "29190.sol": [0, [0, 0, 0, 0, 0, 0, 0, 0, 0, 0]], "30231.sol": [0, [0, 0, 0, 0, 0, 0, 0, 0, 0, 0]], "3133.sol": [0, [0, 0, 0, 0, 0, 0, 0, 0, 0, 0]], "26206.sol": [1, [0, 0, 1, 1, 0, 0, 0, 0, 0, 0]], "6820.sol": [0, [0, 0, 0, 0, 0, 0, 0, 0, 0, 0]], "28368.sol": [0, [0, 0, 0, 0, 0, 0, 0, 0, 0, 0]], "5463.sol": [0, [0, 0, 0, 0, 0, 0, 0, 0, 0, 0]], "23022.sol": [0, [0, 0, 0, 0, 0, 0, 0, 0, 0, 0]], "34533.sol": [0, [0, 0, 0, 0, 0, 0, 0, 0, 0, 0]], "19351.sol": [0, [0, 0, 0, 0, 0, 0, 0, 0, 0, 0]], "35203.sol": [0, [0, 0, 0, 0, 0, 0, 0, 0, 0, 0]], "7784.sol": [0, [0, 0, 0, 0, 0, 0, 0, 0, 0, 0]], "21336.sol": [0, [0, 0, 0, 0, 0, 0, 0, 0, 0, 0]], "36507.sol": [0, [0, 0, 0, 0, 0, 0, 0, 0, 0, 0]], "15485.sol": [0, [0, 0, 0, 0, 0, 0, 0, 0, 0, 0]], "18.sol": [0, [0, 0, 0, 0, 0, 0, 0, 0, 0, 0]], "17146.sol": [0, [0, 0, 0, 0, 0, 0, 0, 0, 0, 0]], "40111.sol": [0, [0, 0, 0, 0, 0, 0, 0, 0, 0, 0]], "23076.sol": [0, [0, 0, 0, 0, 0, 0, 0, 0, 0, 0]], "22579.sol": [0, [0, 0, 0, 0, 0, 0, 0, 0, 0, 0]], "27375.sol": [0, [0, 0, 0, 0, 0, 0, 0, 0, 0, 0]], "31044.sol": [0, [0, 0, 0, 0, 0, 0, 0, 0, 0, 0]], "32222.sol": [0, [0, 0, 0, 0, 0, 0, 0, 0]], "29350.sol": [0, [0, 0, 0, 0, 0, 0, 0, 0, 0, 0]], "30202.sol": [0, [0, 0, 0, 0, 0, 0, 0, 0, 0, 0]], "9047.sol": [0, [0, 0, 0, 0, 0, 0, 0, 0, 0, 0]], "26153.sol": [0, [0, 0, 0, 0, 0, 0, 0, 0, 0, 0]], "20717.sol": [0, [0, 0, 0, 0, 0, 0, 0, 0, 0, 0]], "2924.sol": [0, [0, 0, 0, 0, 0, 0, 0, 0, 0, 0]], "30246.sol": [0, [0, 0, 0, 0, 0, 0, 0, 0, 0, 0]], "15057.sol": [0, [0, 0, 0, 0, 0, 0, 0, 0, 0, 0]], "39931.sol": [0, [0, 0, 0, 0, 0, 0, 0, 0, 0, 0]], "26223.sol": [0, [0, 0, 0, 0, 0, 0, 0, 0, 0, 0]], "2895.sol": [0, [0, 0, 0, 0, 0, 0, 0, 0, 0, 0]], "32677.sol": [0, [0, 0, 0, 0, 0, 0, 0, 0, 0, 0]], "4034.sol": [0, [0, 0, 0, 0, 0, 0, 0, 0, 0, 0]], "16178.sol": [0, [0, 0, 0, 0, 0, 0, 0, 0, 0, 0]], "554.sol": [0, [0, 0, 0, 0, 0, 0, 0, 0, 0, 0]], "21858.sol": [0, [0, 0, 0, 0, 0, 0, 0, 0, 0, 0]], "16634.sol": [0, [0, 0, 0, 0, 0, 0, 0, 0, 0, 0]], "17684.sol": [0, [0, 0, 0, 0, 0, 0, 0, 0, 0, 0]], "32150.sol": [0, [0, 0, 0, 0, 0, 0, 0, 0, 0, 0]], "5017.sol": [0, [0, 0, 0, 0, 0, 0, 0, 0, 0, 0]], "9992.sol": [0, [0, 0, 0, 0, 0, 0, 0, 0, 0, 0]], "21293.sol": [0, [0, 0, 0, 0, 0, 0, 0, 0, 0, 0]], "36811.sol": [0, [0, 0, 0, 0, 0, 0, 0, 0, 0, 0]], "25595.sol": [0, [0, 0, 0, 0, 0, 0, 0, 0, 0, 0]], "4543.sol": [0, [0, 0, 0, 0, 0, 0, 0, 0, 0, 0]], "25659.sol": [0, [0, 0, 0, 0, 0, 0, 0, 0, 0, 0]], "37864.sol": [0, [0, 0, 0, 0, 0, 0, 0, 0, 0, 0]], "9054.sol": [0, [0, 0, 0, 0, 0, 0, 0, 0, 0, 0]], "3587.sol": [0, [0, 0, 0, 0, 0, 0, 0, 0, 0, 0]], "28014.sol": [0, [0, 0, 0, 0, 0, 0, 0, 0, 0, 0]], "17050.sol": [0, [0, 0, 0, 0, 0, 0, 0, 0, 0, 0]], "39300.sol": [0, [0, 0, 0, 0, 0, 0, 0, 0, 0, 0]], "21625.sol": [0, [0, 0, 0, 0, 0, 0, 0, 0, 0, 0]], "24781.sol": [0, [0, 0, 0, 0, 0, 0, 0, 0, 0, 0]], "27234.sol": [1, [1, 0, 1, 1, 1, 0, 1, 1, 1, 1]], "12066.sol": [0, [0, 0, 0, 0, 0, 0, 0, 0, 0, 0]], "37947.sol": [0, [0, 0, 0, 0, 0, 0, 0, 0, 0, 0]], "5510.sol": [0, [0, 0, 0, 0, 0, 0, 0, 0, 0, 0]], "31206.sol": [0, [0, 0, 0, 0, 0, 0, 0, 0, 0, 0]], "12403.sol": [0, [0, 0, 0, 0, 0, 0, 0, 0, 0, 0]], "38601.sol": [0, [0, 0, 0, 0, 0, 0, 0, 0, 0, 0]], "13011.sol": [0, [0, 0, 0, 0, 0, 0, 0, 0, 0, 0]], "13245.sol": [0, [0, 0, 0, 0, 0, 0, 0, 0, 0, 0]], "25804.sol": [0, [0, 0, 0, 0, 0, 0, 0, 0, 0, 0]], "38798.sol": [0, [0, 0, 0, 0, 0, 0, 0, 0, 0, 0]], "11106.sol": [0, [0, 0, 0, 0, 0, 0, 0, 0, 0, 0]], "38449.sol": [1, [0, 1, 0, 0, 0, 0, 0, 0, 0, 0]], "3033.sol": [0, [0, 0, 0, 0, 0, 0, 0, 0, 0, 0]], "19448.sol": [0, [0, 0, 0, 0, 0, 0, 0, 0, 0, 0]], "18985.sol": [0, [0, 0, 0, 0, 0, 0, 0, 0, 0, 0]], "1914.sol": [0, [0, 0, 0, 0, 0, 0, 0, 0, 0, 0]], "20897.sol": [0, [0, 0, 0, 0, 0, 0, 0, 0, 0, 0]], "28839.sol": [0, [0, 0, 0, 0, 0, 0, 0, 0, 0, 0]], "1556.sol": [0, [0, 0, 0, 0, 0, 0, 0, 0, 0, 0]], "6178.sol": [0, [0, 0, 0, 0, 0, 0, 0, 0, 0, 0]], "29047.sol": [0, [0, 0, 0, 0, 0, 0, 0, 0, 0, 0]], "15454.sol": [0, [0, 0, 0, 0, 0, 0, 0, 0, 0, 0]], "33985.sol": [0, [0, 0, 0, 0, 0, 0, 0, 0, 0, 0]], "4363.sol": [0, [0, 0, 0, 0, 0, 0, 0, 0, 0, 0]], "39897.sol": [0, [0, 0, 0, 0, 0, 0, 0, 0, 0, 0]], "33694.sol": [0, [0, 0, 0, 0, 0, 0, 0, 0, 0, 0]], "33947.sol": [0, [0, 0, 0, 0, 0, 0, 0, 0, 0, 0]], "896.sol": [0, [0, 0, 0, 0, 0, 0, 0, 0, 0, 0]], "27563.sol": [0, [0, 0, 0, 0, 0, 0, 0, 0, 0, 0]], "7197.sol": [0, [0, 0, 0, 0, 0, 0, 0, 0, 0, 0]], "2211.sol": [0, [0, 0, 0, 0, 0, 0, 0, 0, 0, 0]], "21171.sol": [0, [0, 0, 0, 0, 0, 0, 0, 0, 0, 0]], "12407.sol": [0, [0, 0, 0, 0, 0, 0, 0, 0, 0, 0]], "14938.sol": [0, [0, 0, 0, 0, 0, 0, 0, 0, 0, 0]], "28736.sol": [0, [0, 0, 0, 0, 0, 0, 0, 0, 0, 0]], "10494.sol": [0, [0, 0, 0, 0, 0, 0, 0, 0, 0, 0]], "23591.sol": [0, [0, 0, 0, 0, 0, 0, 0, 0, 0, 0]], "2680.sol": [0, [0, 0, 0, 0, 0, 0, 0, 0, 0, 0]], "28683.sol": [0, [0, 0, 0, 0, 0, 0, 0, 0, 0, 0]], "34862.sol": [0, [0, 0, 0, 0, 0, 0, 0, 0, 0, 0]], "37539.sol": [0, [0, 0, 0, 0, 0, 0, 0, 0, 0, 0]], "14478.sol": [1, [0, 0, 0, 0, 0, 0, 0, 0, 0, 1]], "8830.sol": [0, [0, 0, 0, 0, 0, 0, 0, 0, 0, 0]], "18064.sol": [0, [0, 0, 0, 0, 0, 0, 0, 0, 0, 0]], "1790.sol": [0, [0, 0, 0, 0, 0, 0, 0, 0, 0, 0]], "14831.sol": [0, [0, 0, 0, 0, 0, 0, 0, 0, 0, 0]], "16574.sol": [0, [0, 0, 0, 0, 0, 0, 0, 0, 0, 0]], "20093.sol": [0, [0, 0, 0, 0, 0, 0, 0, 0, 0, 0]], "25921.sol": [0, [0, 0, 0, 0, 0, 0, 0, 0, 0, 0]], "8253.sol": [0, [0, 0, 0, 0, 0, 0, 0, 0, 0, 0]], "196.sol": [0, [0, 0, 0, 0, 0, 0, 0, 0, 0, 0]], "9170.sol": [0, [0, 0, 0, 0, 0, 0, 0, 0, 0, 0]], "40288.sol": [0, [0, 0, 0, 0, 0, 0, 0, 0, 0, 0]], "14961.sol": [0, [0, 0, 0, 0, 0, 0, 0, 0, 0, 0]], "204.sol": [0, [0, 0, 0, 0, 0, 0, 0, 0, 0, 0]], "386.sol": [0, [0, 0, 0, 0, 0, 0, 0, 0, 0, 0]], "18916.sol": [0, [0, 0, 0, 0, 0, 0, 0, 0, 0, 0]], "11170.sol": [0, [0, 0, 0, 0, 0, 0, 0, 0, 0, 0]], "33526.sol": [0, [0, 0, 0, 0, 0, 0, 0, 0, 0, 0]], "5500.sol": [0, [0, 0, 0, 0, 0, 0, 0, 0, 0, 0]], "6503.sol": [0, [0, 0, 0, 0, 0, 0, 0, 0, 0, 0]], "9053.sol": [0, [0, 0, 0, 0, 0, 0, 0, 0, 0, 0]], "14927.sol": [0, [0, 0, 0, 0, 0, 0, 0, 0, 0, 0]], "8398.sol": [0, [0, 0, 0, 0, 0, 0, 0, 0, 0, 0]], "11198.sol": [1, [1, 1, 1, 1, 1, 1, 0, 1, 1, 1]], "22490.sol": [0, [0, 0, 0, 0, 0, 0, 0, 0, 0, 0]], "38602.sol": [0, [0, 0, 0, 0, 0, 0, 0, 0, 0, 0]], "18155.sol": [0, [0, 0, 0, 0, 0, 0, 0, 0, 0, 0]], "23037.sol": [0, [0, 0, 0, 0, 0, 0, 0, 0, 0, 0]], "21410.sol": [0, [0, 0, 0, 0, 0, 0, 0, 0, 0, 0]], "16478.sol": [0, [0, 0, 0, 0, 0, 0, 0, 0, 0, 0]], "35958.sol": [0, [0, 0, 0, 0, 0, 0, 0, 0, 0, 0]], "15149.sol": [0, [0, 0, 0, 0, 0, 0, 0, 0, 0, 0]], "5314.sol": [0, [0, 0, 0, 0, 0, 0, 0, 0, 0, 0]], "32940.sol": [0, [0, 0, 0, 0, 0, 0, 0, 0, 0, 0]], "3743.sol": [0, [0, 0, 0, 0, 0, 0, 0, 0, 0, 0]], "29655.sol": [0, [0, 0, 0, 0, 0, 0, 0, 0, 0, 0]], "6371.sol": [0, [0, 0, 0, 0, 0, 0, 0, 0, 0, 0]], "5457.sol": [0, [0, 0, 0, 0, 0, 0, 0, 0, 0, 0]], "37113.sol": [0, [0, 0, 0, 0, 0, 0, 0, 0, 0, 0]], "35784.sol": [0, [0, 0, 0, 0, 0, 0, 0, 0, 0, 0]], "11774.sol": [0, [0, 0, 0, 0, 0, 0, 0, 0, 0, 0]], "14012.sol": [0, [0, 0, 0, 0, 0, 0, 0, 0, 0, 0]], "33254.sol": [0, [0, 0, 0, 0, 0, 0, 0, 0, 0, 0]], "6739.sol": [0, [0, 0, 0, 0, 0, 0, 0, 0, 0, 0]], "35043.sol": [0, [0, 0, 0, 0, 0, 0, 0, 0, 0, 0]], "22873.sol": [0, [0, 0, 0, 0, 0, 0, 0, 0, 0, 0]], "17992.sol": [0, [0, 0, 0, 0, 0, 0, 0, 0, 0, 0]], "33338.sol": [0, [0, 0, 0, 0, 0, 0, 0, 0, 0, 0]], "10401.sol": [0, [0, 0, 0, 0, 0, 0, 0, 0, 0, 0]], "4798.sol": [0, [0, 0, 0, 0, 0, 0, 0, 0, 0, 0]], "529.sol": [0, [0, 0, 0, 0, 0, 0, 0, 0, 0, 0]], "11839.sol": [0, [0, 0, 0, 0, 0, 0, 0, 0, 0, 0]], "12439.sol": [0, [0, 0, 0, 0, 0, 0, 0, 0, 0, 0]], "22059.sol": [0, [0, 0, 0, 0, 0, 0, 0, 0, 0, 0]], "15869.sol": [0, [0, 0, 0, 0, 0, 0, 0, 0, 0, 0]], "36681.sol": [0, [0, 0, 0, 0, 0, 0, 0, 0, 0, 0]], "4246.sol": [0, [0, 0, 0, 0, 0, 0, 0, 0, 0, 0]], "26881.sol": [0, [0, 0, 0, 0, 0, 0, 0, 0, 0, 0]], "883.sol": [0, [0, 0, 0, 0, 0, 0, 0, 0, 0, 0]], "38298.sol": [0, [0, 0, 0, 0, 0, 0, 0, 0, 0, 0]], "27773.sol": [0, [0, 0, 0, 0, 0, 0, 0, 0, 0, 0]], "23723.sol": [0, [0, 0, 0, 0, 0, 0, 0, 0, 0, 0]], "28091.sol": [0, [0, 0, 0, 0, 0, 0, 0, 0, 0, 0]], "24924.sol": [0, [0, 0, 0, 0, 0, 0, 0, 0, 0, 0]], "19988.sol": [0, [0, 0, 0, 0, 0, 0, 0, 0, 0, 0]], "18056.sol": [0, [0, 0, 0, 0, 0, 0, 0, 0, 0, 0]], "29514.sol": [0, [0, 0, 0, 0, 0, 0, 0, 0, 0, 0]], "2004.sol": [0, [0, 0, 0, 0, 0, 0, 0, 0, 0, 0]], "1793.sol": [0, [0, 0, 0, 0, 0, 0, 0, 0, 0, 0]], "4644.sol": [0, [0, 0, 0, 0, 0, 0, 0, 0, 0, 0]], "40136.sol": [0, [0, 0, 0, 0, 0, 0, 0, 0, 0, 0]], "17368.sol": [0, [0, 0, 0, 0, 0, 0, 0, 0, 0, 0]], "19518.sol": [0, [0, 0, 0, 0, 0, 0, 0, 0, 0, 0]], "15358.sol": [0, [0, 0, 0, 0, 0, 0, 0, 0, 0, 0]], "26170.sol": [0, [0, 0, 0, 0, 0, 0, 0, 0, 0, 0]], "10619.sol": [0, [0, 0, 0, 0, 0, 0, 0, 0, 0, 0]], "18321.sol": [0, [0, 0, 0, 0, 0, 0, 0, 0, 0, 0]], "29623.sol": [0, [0, 0, 0, 0, 0, 0, 0, 0, 0, 0]], "14801.sol": [0, [0, 0, 0, 0, 0, 0, 0, 0, 0, 0]], "14044.sol": [0, [0, 0, 0, 0, 0, 0, 0, 0, 0, 0]], "14739.sol": [0, [0, 0, 0, 0, 0, 0, 0, 0, 0, 0]], "21483.sol": [1, [1, 1, 1, 0, 0, 0, 1, 0, 0, 0]], "3536.sol": [0, [0, 0, 0, 0, 0, 0, 0, 0, 0, 0]], "22286.sol": [0, [0, 0, 0, 0, 0, 0, 0, 0, 0, 0]], "35983.sol": [1, [0, 0, 0, 0, 0, 0, 1, 1, 1, 0]], "11560.sol": [0, [0, 0, 0, 0, 0, 0, 0, 0, 0, 0]], "33439.sol": [0, [0, 0, 0, 0, 0, 0, 0, 0, 0, 0]], "19415.sol": [0, [0, 0, 0, 0, 0, 0, 0, 0, 0, 0]], "15903.sol": [1, [0, 1, 1, 1, 1, 1, 1, 1, 1, 1]], "34349.sol": [0, [0, 0, 0, 0, 0, 0, 0, 0, 0, 0]], "29038.sol": [0, [0, 0, 0, 0, 0, 0, 0, 0, 0, 0]], "22612.sol": [0, [0, 0, 0, 0, 0, 0, 0, 0, 0, 0]], "11359.sol": [0, [0, 0, 0, 0, 0, 0, 0, 0, 0, 0]], "28403.sol": [0, [0, 0, 0, 0, 0, 0, 0, 0, 0, 0]], "8288.sol": [0, [0, 0, 0, 0, 0, 0, 0, 0, 0, 0]], "30450.sol": [1, [1, 0, 0, 0, 0, 0, 0, 0, 0, 0]], "13164.sol": [0, [0, 0, 0, 0, 0, 0, 0, 0, 0, 0]], "13226.sol": [0, [0, 0, 0, 0, 0, 0, 0, 0, 0, 0]], "9031.sol": [0, [0, 0, 0, 0, 0, 0, 0, 0, 0, 0]], "13195.sol": [0, [0, 0, 0, 0, 0, 0, 0, 0, 0, 0]], "37556.sol": [0, [0, 0, 0, 0, 0, 0, 0, 0, 0, 0]], "26082.sol": [0, [0, 0, 0, 0, 0, 0, 0, 0, 0, 0]], "6510.sol": [0, [0, 0, 0, 0, 0, 0, 0, 0, 0, 0]], "23165.sol": [0, [0, 0, 0, 0, 0, 0, 0, 0, 0, 0]], "16959.sol": [0, [0, 0, 0, 0, 0, 0, 0, 0, 0, 0]], "21223.sol": [0, [0, 0, 0, 0, 0, 0, 0, 0, 0, 0]], "29753.sol": [0, [0, 0, 0, 0, 0, 0, 0, 0, 0, 0]], "5988.sol": [0, [0, 0, 0, 0, 0, 0, 0, 0, 0, 0]], "5865.sol": [0, [0, 0, 0, 0, 0, 0, 0, 0, 0, 0]], "9980.sol": [1, [1, 1, 1, 1, 1, 1, 1, 0, 1, 0]], "5656.sol": [0, [0, 0, 0, 0, 0, 0, 0, 0, 0, 0]], "23774.sol": [0, [0, 0, 0, 0, 0, 0, 0, 0, 0, 0]], "2846.sol": [0, [0, 0, 0, 0, 0, 0, 0, 0, 0, 0]], "26662.sol": [0, [0, 0, 0, 0, 0, 0, 0, 0, 0, 0]], "28404.sol": [0, [0, 0, 0, 0, 0, 0, 0, 0, 0, 0]], "18411.sol": [0, [0, 0, 0, 0, 0, 0, 0, 0, 0, 0]], "33519.sol": [0, [0, 0, 0, 0, 0, 0, 0, 0, 0, 0]], "21605.sol": [0, [0, 0, 0, 0, 0, 0, 0, 0, 0, 0]], "31254.sol": [0, [0, 0, 0, 0, 0, 0, 0, 0, 0, 0]], "18550.sol": [0, [0, 0, 0, 0, 0, 0, 0, 0, 0, 0]], "10128.sol": [0, [0, 0, 0, 0, 0, 0]], "36419.sol": [0, [0, 0, 0, 0, 0, 0, 0, 0, 0, 0]], "27448.sol": [0, [0, 0, 0, 0, 0, 0, 0, 0, 0, 0]], "4559.sol": [0, [0, 0, 0, 0, 0, 0, 0, 0, 0, 0]], "16692.sol": [0, [0, 0, 0, 0, 0, 0, 0, 0, 0, 0]], "18829.sol": [0, [0, 0, 0, 0, 0, 0, 0, 0, 0, 0]], "10818.sol": [0, [0, 0, 0, 0, 0, 0, 0, 0, 0, 0]], "40682.sol": [0, [0, 0, 0, 0, 0, 0, 0, 0, 0, 0]], "30054.sol": [0, [0, 0, 0, 0, 0, 0, 0, 0, 0, 0]], "13890.sol": [0, [0, 0, 0, 0, 0, 0, 0, 0, 0, 0]], "20770.sol": [1, [1, 1, 1, 0, 0, 0, 0, 0, 0, 0]], "4662.sol": [0, [0, 0, 0, 0, 0, 0, 0, 0, 0, 0]], "24671.sol": [0, [0, 0, 0, 0, 0, 0, 0, 0, 0, 0]], "15102.sol": [0, [0, 0, 0, 0, 0, 0, 0, 0, 0, 0]], "22443.sol": [0, [0, 0, 0, 0, 0, 0, 0, 0, 0, 0]], "23814.sol": [0, [0, 0, 0, 0, 0, 0, 0, 0, 0, 0]], "33192.sol": [0, [0, 0, 0, 0, 0, 0, 0, 0, 0, 0]], "13114.sol": [0, [0, 0, 0, 0, 0, 0, 0, 0, 0, 0]], "9014.sol": [0, [0, 0, 0, 0, 0, 0, 0, 0, 0, 0]], "22665.sol": [0, [0, 0, 0, 0, 0, 0, 0, 0, 0, 0]], "9487.sol": [0, [0, 0, 0, 0, 0, 0, 0, 0, 0, 0]], "36846.sol": [0, [0, 0, 0, 0, 0, 0, 0, 0, 0, 0]], "18390.sol": [0, [0, 0, 0, 0, 0, 0, 0, 0, 0, 0]], "32460.sol": [0, [0, 0, 0, 0, 0, 0, 0, 0, 0, 0]], "31645.sol": [0, [0, 0, 0, 0, 0, 0, 0, 0, 0, 0]], "33657.sol": [0, [0, 0, 0, 0, 0, 0, 0, 0, 0, 0]], "30941.sol": [0, [0, 0, 0, 0, 0, 0, 0, 0, 0, 0]], "18187.sol": [0, [0, 0, 0, 0, 0, 0, 0, 0, 0, 0]], "30659.sol": [0, [0, 0, 0, 0, 0, 0, 0, 0, 0, 0]], "17416.sol": [0, [0, 0, 0, 0, 0, 0, 0, 0, 0, 0]], "15656.sol": [0, [0, 0, 0, 0, 0, 0, 0, 0, 0, 0]], "1792.sol": [0, [0, 0, 0, 0, 0, 0, 0, 0, 0, 0]], "8340.sol": [0, [0, 0, 0, 0, 0, 0, 0, 0, 0, 0]], "450.sol": [0, [0, 0, 0, 0, 0, 0, 0, 0, 0, 0]], "2455.sol": [0, [0, 0, 0, 0, 0, 0, 0, 0, 0, 0]], "31006.sol": [0, [0, 0, 0, 0, 0, 0, 0, 0, 0, 0]], "36571.sol": [0, [0, 0, 0, 0, 0, 0, 0, 0, 0, 0]], "38275.sol": [0, [0, 0, 0, 0, 0, 0, 0, 0, 0, 0]], "20895.sol": [0, [0, 0, 0, 0, 0, 0, 0, 0, 0, 0]], "23364.sol": [0, [0, 0, 0, 0, 0, 0, 0, 0, 0, 0]], "18743.sol": [0, [0, 0, 0, 0, 0, 0, 0, 0, 0, 0]], "10693.sol": [0, [0, 0, 0, 0, 0, 0, 0, 0, 0, 0]], "20586.sol": [0, [0, 0, 0, 0, 0, 0, 0, 0, 0, 0]], "22275.sol": [0, [0, 0, 0, 0, 0, 0, 0, 0, 0, 0]], "30206.sol": [0, [0, 0, 0, 0, 0, 0, 0, 0, 0, 0]], "14597.sol": [0, [0, 0, 0, 0, 0, 0, 0, 0, 0, 0]], "4259.sol": [0, [0, 0, 0, 0, 0, 0, 0, 0, 0, 0]], "10571.sol": [0, [0, 0, 0, 0, 0, 0, 0, 0, 0, 0]], "5441.sol": [0, [0, 0, 0, 0, 0, 0, 0, 0, 0, 0]], "3598.sol": [0, [0, 0, 0, 0, 0, 0, 0, 0, 0, 0]], "37017.sol": [0, [0, 0, 0, 0, 0, 0, 0, 0, 0, 0]], "1270.sol": [0, [0, 0, 0, 0, 0, 0, 0, 0, 0, 0]], "32476.sol": [0, [0, 0, 0, 0, 0, 0, 0, 0, 0, 0]], "13431.sol": [0, [0, 0, 0, 0, 0, 0, 0, 0, 0, 0]], "18288.sol": [0, [0, 0, 0, 0, 0, 0, 0, 0, 0, 0]], "37573.sol": [0, [0, 0, 0, 0, 0, 0, 0, 0, 0, 0]], "28841.sol": [0, [0, 0, 0, 0, 0, 0, 0, 0, 0, 0]], "24287.sol": [0, [0, 0, 0, 0, 0, 0, 0, 0, 0, 0]], "6632.sol": [0, [0, 0, 0, 0, 0, 0, 0, 0, 0, 0]], "26990.sol": [0, [0, 0, 0, 0, 0, 0, 0, 0, 0, 0]], "8982.sol": [0, [0, 0, 0, 0, 0, 0, 0, 0, 0, 0]], "7376.sol": [0, [0, 0, 0, 0, 0, 0, 0, 0, 0, 0]], "15459.sol": [0, [0, 0, 0, 0, 0, 0, 0, 0, 0, 0]], "8124.sol": [0, [0, 0, 0, 0, 0, 0, 0, 0, 0, 0]], "15936.sol": [0, [0, 0, 0, 0, 0, 0, 0, 0, 0, 0]], "25537.sol": [1, [0, 0, 0, 0, 0, 0, 1, 0, 0, 0]], "25003.sol": [0, [0, 0, 0, 0, 0, 0, 0, 0, 0, 0]], "553.sol": [0, [0, 0, 0, 0, 0, 0, 0, 0, 0, 0]], "17553.sol": [1, [1, 0, 0, 0, 0, 0, 0, 0, 0, 0]], "32175.sol": [0, [0, 0, 0, 0, 0, 0, 0, 0, 0, 0]], "17270.sol": [0, [0, 0, 0, 0, 0, 0, 0, 0, 0, 0]], "10462.sol": [0, [0, 0, 0, 0, 0, 0, 0, 0, 0, 0]], "26627.sol": [0, [0, 0, 0, 0, 0, 0, 0, 0, 0, 0]], "13707.sol": [1, [0, 1, 0, 0, 0, 1, 1, 1, 0, 1]], "10507.sol": [0, [0, 0, 0, 0, 0, 0, 0, 0, 0, 0]], "17524.sol": [0, [0, 0, 0, 0, 0, 0, 0, 0, 0, 0]], "3864.sol": [0, [0, 0, 0, 0, 0, 0, 0, 0, 0, 0]], "7884.sol": [0, [0, 0, 0, 0, 0, 0, 0, 0, 0, 0]], "36231.sol": [0, [0, 0, 0, 0, 0, 0, 0, 0, 0, 0]], "31045.sol": [0, [0, 0, 0, 0, 0, 0, 0, 0, 0, 0]], "38867.sol": [0, [0, 0, 0, 0, 0, 0, 0, 0, 0, 0]], "8391.sol": [0, [0, 0, 0, 0, 0, 0, 0, 0, 0, 0]], "38614.sol": [0, [0, 0, 0, 0, 0, 0, 0, 0, 0, 0]], "5048.sol": [0, [0, 0, 0, 0, 0, 0, 0, 0, 0, 0]], "32995.sol": [0, [0, 0, 0, 0, 0, 0, 0, 0, 0, 0]], "25151.sol": [0, [0, 0, 0, 0, 0, 0, 0, 0, 0, 0]], "25386.sol": [0, [0, 0, 0, 0, 0, 0, 0, 0, 0, 0]], "36518.sol": [1, [0, 0, 0, 0, 0, 0, 0, 0, 1, 1]], "26796.sol": [0, [0, 0, 0, 0, 0, 0, 0, 0, 0, 0]], "11225.sol": [0, [0, 0, 0, 0, 0, 0, 0, 0, 0, 0]], "15284.sol": [0, [0, 0, 0, 0, 0, 0, 0, 0, 0, 0]], "27017.sol": [0, [0, 0, 0, 0, 0, 0, 0, 0, 0, 0]], "13677.sol": [0, [0, 0, 0, 0, 0, 0, 0, 0, 0, 0]], "20260.sol": [0, [0, 0, 0, 0, 0, 0, 0, 0, 0, 0]], "31067.sol": [0, [0, 0, 0, 0, 0, 0, 0, 0, 0, 0]], "3243.sol": [0, [0, 0, 0, 0, 0, 0, 0, 0, 0, 0]], "18476.sol": [0, [0, 0, 0, 0, 0, 0, 0, 0, 0, 0]], "15021.sol": [0, [0, 0, 0, 0, 0, 0, 0, 0, 0, 0]], "12117.sol": [0, [0, 0, 0, 0, 0, 0, 0, 0, 0, 0]], "3827.sol": [0, [0, 0, 0, 0, 0, 0, 0, 0, 0, 0]], "18907.sol": [0, [0, 0, 0, 0, 0, 0, 0, 0, 0, 0]], "25571.sol": [0, [0, 0, 0, 0, 0, 0, 0, 0, 0, 0]], "16209.sol": [0, [0, 0, 0, 0, 0, 0, 0, 0, 0, 0]], "15174.sol": [0, [0, 0, 0, 0, 0, 0, 0, 0, 0, 0]], "19389.sol": [0, [0, 0, 0, 0, 0, 0, 0, 0, 0, 0]], "6121.sol": [0, [0, 0, 0, 0, 0, 0, 0, 0, 0, 0]], "21535.sol": [0, [0, 0, 0, 0, 0, 0, 0, 0, 0, 0]], "31213.sol": [0, [0, 0, 0, 0, 0, 0, 0, 0, 0, 0]], "14566.sol": [0, [0, 0, 0, 0, 0, 0, 0, 0, 0, 0]], "2045.sol": [0, [0, 0, 0, 0, 0, 0, 0, 0, 0, 0]], "2454.sol": [0, [0, 0, 0, 0, 0, 0, 0, 0, 0, 0]], "10636.sol": [0, [0, 0, 0, 0, 0, 0, 0, 0, 0, 0]], "14101.sol": [0, [0, 0, 0, 0, 0, 0, 0, 0, 0, 0]], "9080.sol": [0, [0, 0, 0, 0, 0, 0, 0, 0, 0, 0]], "15460.sol": [0, [0, 0, 0, 0, 0, 0, 0, 0, 0, 0]], "30758.sol": [0, [0, 0, 0, 0, 0, 0, 0, 0, 0, 0]], "27008.sol": [1, [0, 0, 0, 0, 0, 0, 1, 1, 1, 0]], "7893.sol": [1, [1, 0, 0, 0, 0, 0, 0, 0, 0, 0]], "11540.sol": [0, [0, 0, 0, 0, 0, 0, 0, 0, 0, 0]], "17864.sol": [0, [0, 0, 0, 0, 0, 0, 0, 0, 0, 0]], "4020.sol": [0, [0, 0, 0, 0, 0, 0, 0, 0, 0, 0]], "22571.sol": [0, [0, 0, 0, 0, 0, 0, 0, 0, 0, 0]], "9866.sol": [0, [0, 0, 0, 0, 0, 0, 0, 0, 0, 0]], "10065.sol": [0, [0, 0, 0, 0, 0, 0, 0, 0, 0, 0]], "19575.sol": [0, [0, 0, 0, 0, 0, 0, 0, 0, 0, 0]], "36463.sol": [0, [0, 0, 0, 0, 0, 0, 0, 0, 0, 0]], "22217.sol": [0, [0, 0, 0, 0, 0, 0, 0, 0, 0, 0]], "39107.sol": [1, [0, 0, 0, 0, 0, 1, 0, 0, 0, 0]], "27303.sol": [0, [0, 0, 0, 0, 0, 0, 0, 0, 0, 0]], "24293.sol": [0, [0, 0, 0, 0, 0, 0, 0, 0, 0, 0]], "29437.sol": [0, [0, 0, 0, 0, 0, 0, 0, 0, 0, 0]], "1641.sol": [0, [0, 0, 0, 0, 0, 0, 0, 0, 0, 0]], "9694.sol": [0, [0, 0, 0, 0, 0, 0, 0, 0, 0, 0]], "8393.sol": [0, [0, 0, 0, 0, 0, 0, 0, 0, 0, 0]], "2336.sol": [0, [0, 0, 0, 0, 0, 0, 0, 0, 0, 0]], "38668.sol": [0, [0, 0, 0, 0, 0, 0, 0, 0, 0, 0]], "17068.sol": [0, [0, 0, 0, 0, 0, 0, 0, 0, 0, 0]], "10453.sol": [0, [0, 0, 0, 0, 0, 0, 0, 0, 0, 0]], "9629.sol": [0, [0, 0, 0, 0, 0, 0, 0, 0, 0, 0]], "32197.sol": [0, [0, 0, 0, 0, 0, 0, 0, 0, 0, 0]], "27522.sol": [0, [0, 0, 0, 0, 0, 0, 0, 0, 0, 0]], "31189.sol": [0, [0, 0, 0, 0, 0, 0, 0, 0, 0, 0]], "25825.sol": [0, [0, 0, 0, 0, 0, 0, 0, 0, 0, 0]], "35707.sol": [0, [0, 0, 0, 0, 0, 0, 0, 0, 0, 0]], "19150.sol": [0, [0, 0, 0, 0, 0, 0, 0, 0, 0, 0]], "34644.sol": [0, [0, 0, 0, 0, 0, 0, 0, 0, 0, 0]], "22865.sol": [0, [0, 0, 0, 0, 0, 0, 0, 0, 0, 0]], "23155.sol": [0, [0, 0, 0, 0, 0, 0, 0, 0, 0, 0]], "12227.sol": [0, [0, 0, 0, 0, 0, 0, 0, 0, 0, 0]], "31665.sol": [0, [0, 0, 0, 0, 0, 0, 0, 0, 0, 0]], "19222.sol": [0, [0, 0, 0, 0, 0, 0, 0, 0, 0, 0]], "17340.sol": [0, [0, 0, 0, 0, 0, 0, 0, 0, 0, 0]], "26619.sol": [0, [0, 0, 0, 0, 0, 0, 0, 0, 0, 0]], "10680.sol": [0, [0, 0, 0, 0, 0, 0, 0]], "17595.sol": [0, [0, 0, 0, 0, 0, 0, 0, 0, 0, 0]], "36581.sol": [0, [0, 0, 0, 0, 0, 0, 0, 0, 0, 0]], "2265.sol": [0, [0, 0, 0, 0, 0, 0, 0, 0, 0, 0]], "1328.sol": [0, [0, 0, 0, 0, 0, 0, 0, 0, 0, 0]], "8546.sol": [0, [0, 0, 0, 0, 0, 0, 0, 0, 0, 0]], "4573.sol": [0, [0, 0, 0, 0, 0, 0, 0, 0, 0, 0]], "30967.sol": [0, [0, 0, 0, 0, 0, 0, 0, 0, 0, 0]], "31176.sol": [0, [0, 0, 0, 0, 0, 0, 0, 0, 0, 0]], "40647.sol": [0, [0, 0, 0, 0, 0, 0, 0, 0, 0, 0]], "19016.sol": [0, [0, 0, 0, 0, 0, 0, 0, 0, 0, 0]], "19700.sol": [0, [0, 0, 0, 0, 0, 0, 0, 0, 0, 0]], "36565.sol": [1, [0, 0, 0, 0, 0, 0, 0, 0, 1, 0]], "37753.sol": [0, [0, 0, 0, 0, 0, 0, 0, 0, 0, 0]], "39397.sol": [0, [0, 0, 0, 0, 0, 0, 0, 0, 0, 0]], "27709.sol": [0, [0, 0, 0, 0, 0, 0, 0, 0, 0, 0]], "2135.sol": [1, [1, 1, 0, 0, 1, 0, 0, 0, 0, 1]], "3189.sol": [0, [0, 0, 0, 0, 0, 0, 0, 0, 0, 0]], "1369.sol": [1, [0, 0, 0, 0, 1, 0, 0, 0, 0, 0]], "27830.sol": [0, [0, 0, 0, 0, 0, 0, 0, 0, 0, 0]], "27804.sol": [0, [0, 0, 0, 0, 0, 0, 0, 0, 0, 0]], "40292.sol": [0, [0, 0, 0, 0, 0, 0, 0, 0, 0, 0]], "31580.sol": [0, [0, 0, 0, 0, 0, 0, 0, 0, 0, 0]], "19913.sol": [0, [0, 0, 0, 0, 0, 0, 0, 0, 0, 0]], "18404.sol": [0, [0, 0, 0, 0, 0, 0, 0, 0, 0, 0]], "20383.sol": [0, [0, 0, 0, 0, 0, 0, 0, 0, 0, 0]], "35892.sol": [0, [0, 0, 0, 0, 0, 0, 0, 0, 0, 0]], "21947.sol": [0, [0, 0, 0, 0, 0, 0, 0, 0, 0, 0]], "24955.sol": [0, [0, 0, 0, 0, 0, 0, 0, 0, 0, 0]], "4516.sol": [1, [0, 1, 0, 0, 0, 0, 0, 0, 0, 0]], "17284.sol": [0, [0, 0, 0, 0, 0, 0, 0, 0, 0, 0]], "6668.sol": [0, [0, 0, 0, 0, 0, 0, 0, 0, 0, 0]], "24651.sol": [0, [0, 0, 0, 0, 0, 0, 0, 0, 0, 0]], "29143.sol": [0, [0, 0, 0, 0, 0, 0, 0, 0, 0, 0]], "9499.sol": [1, [1, 1, 1, 1, 1, 1, 1, 1, 1, 0]], "14573.sol": [0, [0, 0, 0, 0, 0, 0, 0, 0, 0, 0]], "22500.sol": [0, [0, 0, 0, 0, 0, 0, 0, 0, 0, 0]], "24787.sol": [0, [0, 0, 0, 0, 0, 0, 0, 0, 0, 0]], "20017.sol": [0, [0, 0, 0, 0, 0, 0, 0, 0, 0, 0]], "305.sol": [0, [0, 0, 0, 0, 0, 0, 0, 0, 0, 0]], "16394.sol": [0, [0, 0, 0, 0, 0, 0, 0, 0, 0, 0]], "21114.sol": [0, [0, 0, 0, 0, 0, 0, 0, 0, 0, 0]], "20026.sol": [0, [0, 0, 0, 0, 0, 0, 0, 0, 0, 0]], "27431.sol": [0, [0, 0, 0, 0, 0, 0, 0, 0, 0, 0]], "2382.sol": [0, [0, 0, 0, 0, 0, 0, 0, 0, 0, 0]], "39991.sol": [0, [0, 0, 0, 0, 0, 0, 0, 0, 0, 0]], "21212.sol": [0, [0, 0, 0, 0, 0, 0, 0, 0, 0, 0]], "14760.sol": [1, [1, 1, 1, 1, 1, 0, 0, 0, 0, 0]], "35193.sol": [0, [0, 0, 0, 0, 0, 0, 0, 0, 0, 0]], "29403.sol": [0, [0, 0, 0, 0, 0, 0, 0, 0, 0, 0]], "14821.sol": [0, [0, 0, 0, 0, 0, 0, 0, 0, 0, 0]], "31095.sol": [1, [0, 0, 0, 1, 1, 0, 1, 1, 1, 1]], "3267.sol": [1, [0, 1, 0, 0, 0, 0, 0, 0, 0, 0]], "13194.sol": [0, [0, 0, 0, 0, 0, 0, 0, 0, 0, 0]], "24349.sol": [0, [0, 0, 0, 0, 0, 0, 0, 0, 0, 0]], "11555.sol": [1, [0, 1, 0, 1, 0, 0, 0, 0, 0, 0]], "16860.sol": [0, [0, 0, 0, 0, 0, 0, 0, 0, 0, 0]], "2290.sol": [0, [0, 0, 0, 0, 0, 0, 0, 0, 0, 0]], "1164.sol": [0, [0, 0, 0, 0, 0, 0, 0, 0, 0, 0]], "13488.sol": [0, [0, 0, 0, 0, 0, 0, 0, 0, 0, 0]], "11814.sol": [0, [0, 0, 0, 0, 0, 0, 0, 0, 0, 0]], "11445.sol": [0, [0, 0, 0, 0, 0, 0, 0, 0, 0, 0]], "38122.sol": [1, [0, 0, 0, 0, 0, 0, 0, 0, 1, 1]], "831.sol": [0, [0, 0, 0, 0, 0, 0, 0, 0, 0, 0]], "6109.sol": [0, [0, 0, 0, 0, 0, 0, 0, 0, 0, 0]], "33488.sol": [0, [0, 0, 0, 0, 0, 0, 0, 0, 0, 0]], "16751.sol": [0, [0, 0, 0, 0, 0, 0, 0, 0, 0, 0]], "40075.sol": [1, [0, 0, 1, 0, 0, 0, 0, 1, 0, 0]], "7934.sol": [0, [0, 0, 0, 0, 0, 0, 0, 0, 0, 0]], "24095.sol": [0, [0, 0, 0, 0, 0, 0, 0, 0, 0, 0]], "18851.sol": [0, [0, 0, 0, 0, 0, 0, 0, 0, 0, 0]], "27333.sol": [0, [0, 0, 0, 0, 0, 0, 0, 0, 0, 0]], "32689.sol": [1, [0, 0, 0, 0, 1, 0, 0, 0, 0, 0]], "1278.sol": [0, [0, 0, 0, 0, 0, 0, 0, 0, 0, 0]], "4774.sol": [0, [0, 0, 0, 0, 0, 0, 0, 0, 0, 0]], "9662.sol": [0, [0, 0, 0, 0, 0, 0, 0, 0, 0, 0]], "36788.sol": [0, [0, 0, 0, 0, 0, 0, 0, 0, 0, 0]], "12512.sol": [0, [0, 0, 0, 0, 0, 0, 0, 0, 0, 0]], "1263.sol": [0, [0, 0, 0, 0, 0, 0, 0, 0, 0, 0]], "36973.sol": [0, [0, 0, 0, 0, 0, 0, 0, 0, 0, 0]], "10998.sol": [1, [0, 0, 0, 0, 0, 0, 0, 0, 0, 1]], "33746.sol": [0, [0, 0, 0, 0, 0, 0, 0, 0, 0, 0]], "11056.sol": [0, [0, 0, 0, 0, 0, 0, 0, 0, 0, 0]], "23605.sol": [0, [0, 0, 0, 0, 0, 0, 0, 0, 0, 0]], "13276.sol": [0, [0, 0, 0, 0, 0, 0, 0, 0, 0, 0]], "14209.sol": [1, [0, 0, 1, 1, 0, 1, 0, 0, 1, 1]], "24561.sol": [0, [0, 0, 0, 0, 0, 0, 0, 0, 0, 0]], "5159.sol": [0, [0, 0, 0, 0, 0, 0, 0, 0, 0, 0]], "27927.sol": [1, [1, 0, 1, 0, 0, 0, 0, 0, 0, 0]], "25860.sol": [0, [0, 0, 0, 0, 0, 0, 0, 0, 0, 0]], "28141.sol": [0, [0, 0, 0, 0, 0, 0, 0, 0, 0, 0]], "19836.sol": [0, [0, 0, 0, 0, 0, 0, 0, 0, 0, 0]], "18015.sol": [0, [0, 0, 0, 0, 0, 0, 0, 0, 0, 0]], "2851.sol": [1, [0, 0, 0, 1, 0, 0, 0, 0, 1, 1]], "22520.sol": [1, [1, 1, 1, 1, 1, 1, 1, 1, 1, 1]], "37615.sol": [0, [0, 0, 0, 0, 0, 0, 0, 0, 0, 0]], "16374.sol": [1, [0, 0, 0, 1, 1, 0, 0, 0, 1, 1]], "20656.sol": [0, [0, 0, 0, 0, 0, 0, 0, 0, 0, 0]], "15433.sol": [0, [0, 0, 0, 0, 0, 0, 0, 0, 0, 0]], "10528.sol": [0, [0, 0, 0, 0, 0, 0, 0, 0, 0, 0]], "14514.sol": [0, [0, 0, 0, 0, 0, 0, 0, 0, 0, 0]], "22311.sol": [0, [0, 0, 0, 0, 0, 0, 0, 0, 0, 0]], "28817.sol": [0, [0, 0, 0, 0, 0, 0, 0, 0, 0, 0]], "5740.sol": [0, [0, 0, 0, 0, 0, 0, 0, 0, 0, 0]], "30818.sol": [0, [0, 0, 0, 0, 0, 0, 0, 0, 0, 0]], "39320.sol": [0, [0, 0, 0, 0, 0, 0, 0, 0, 0, 0]], "28162.sol": [0, [0, 0, 0, 0, 0, 0, 0, 0, 0, 0]], "24093.sol": [0, [0, 0, 0, 0, 0, 0, 0, 0, 0, 0]], "24939.sol": [0, [0, 0, 0, 0, 0, 0, 0, 0, 0, 0]], "10561.sol": [0, [0, 0, 0, 0, 0, 0, 0, 0, 0, 0]], "23176.sol": [0, [0, 0, 0, 0, 0, 0, 0, 0, 0, 0]], "18280.sol": [0, [0, 0, 0, 0, 0, 0, 0, 0, 0, 0]], "15838.sol": [0, [0, 0, 0, 0, 0, 0, 0, 0, 0, 0]], "8240.sol": [1, [0, 0, 0, 0, 0, 0, 0, 0, 1, 0]], "2964.sol": [0, [0, 0, 0, 0, 0, 0, 0, 0, 0, 0]], "3004.sol": [1, [0, 0, 0, 0, 1, 0, 0, 0, 1, 0]], "8927.sol": [0, [0, 0, 0, 0, 0, 0, 0, 0, 0, 0]], "37767.sol": [0, [0, 0, 0, 0, 0, 0, 0, 0, 0, 0]], "10832.sol": [0, [0, 0, 0, 0, 0, 0, 0, 0, 0, 0]], "12194.sol": [0, [0, 0, 0, 0, 0, 0, 0, 0, 0, 0]], "30218.sol": [0, [0, 0, 0, 0, 0, 0, 0, 0, 0, 0]], "10888.sol": [0, [0, 0, 0, 0, 0, 0, 0, 0, 0, 0]], "14836.sol": [0, [0, 0, 0, 0, 0, 0, 0, 0, 0, 0]], "22488.sol": [0, [0, 0, 0, 0, 0, 0, 0, 0, 0, 0]], "24771.sol": [0, [0, 0, 0, 0, 0, 0, 0, 0, 0, 0]], "38426.sol": [0, [0, 0, 0, 0, 0, 0, 0, 0, 0, 0]], "35484.sol": [0, [0, 0, 0, 0, 0, 0, 0, 0, 0, 0]], "9692.sol": [0, [0, 0, 0, 0, 0, 0, 0, 0, 0, 0]], "30384.sol": [0, [0, 0, 0, 0, 0, 0, 0, 0, 0, 0]], "36997.sol": [1, [1, 1, 1, 1, 1, 1, 1, 1, 0, 0]], "38595.sol": [0, [0, 0, 0, 0, 0, 0, 0, 0, 0, 0]], "36320.sol": [0, [0, 0, 0, 0, 0, 0, 0, 0, 0, 0]], "6196.sol": [0, [0, 0, 0, 0, 0, 0, 0, 0, 0, 0]], "30399.sol": [0, [0, 0, 0, 0, 0, 0, 0, 0, 0, 0]], "28764.sol": [0, [0, 0, 0, 0, 0, 0, 0, 0, 0, 0]], "32311.sol": [0, [0, 0, 0, 0, 0, 0, 0, 0, 0, 0]], "17938.sol": [0, [0, 0, 0, 0, 0, 0, 0, 0, 0, 0]], "38464.sol": [0, [0, 0, 0, 0, 0, 0, 0, 0, 0, 0]], "34035.sol": [0, [0, 0, 0, 0, 0, 0, 0, 0, 0, 0]], "1435.sol": [0, [0, 0, 0, 0, 0, 0, 0, 0, 0, 0]], "23711.sol": [0, [0, 0, 0, 0, 0, 0, 0, 0, 0, 0]], "36652.sol": [0, [0, 0, 0, 0, 0, 0, 0, 0, 0, 0]], "10036.sol": [0, [0, 0, 0, 0, 0, 0, 0, 0, 0, 0]], "16953.sol": [1, [0, 0, 0, 0, 1, 0, 0, 0, 0, 0]], "10316.sol": [0, [0, 0, 0, 0, 0, 0, 0, 0, 0, 0]], "25112.sol": [1, [0, 0, 0, 0, 0, 0, 1, 0, 0, 0]], "7719.sol": [0, [0, 0, 0, 0, 0, 0, 0, 0, 0, 0]], "958.sol": [0, [0, 0, 0, 0, 0, 0, 0, 0, 0, 0]], "23695.sol": [0, [0, 0, 0, 0, 0, 0, 0, 0, 0, 0]], "26767.sol": [0, [0, 0, 0, 0, 0, 0, 0, 0, 0, 0]], "4547.sol": [0, [0, 0, 0, 0, 0, 0, 0, 0, 0, 0]], "6580.sol": [0, [0, 0, 0, 0, 0, 0, 0, 0, 0, 0]], "7522.sol": [0, [0, 0, 0, 0, 0, 0, 0, 0, 0, 0]], "3679.sol": [0, [0, 0, 0, 0, 0, 0, 0, 0, 0, 0]], "31348.sol": [0, [0, 0, 0, 0, 0, 0, 0, 0, 0, 0]], "23912.sol": [0, [0, 0, 0, 0, 0, 0, 0, 0, 0, 0]], "33983.sol": [0, [0, 0, 0, 0, 0, 0, 0, 0, 0, 0]], "14725.sol": [0, [0, 0, 0, 0, 0, 0, 0, 0, 0, 0]], "38098.sol": [1, [0, 0, 1, 0, 0, 0, 0, 0, 0, 1]], "7181.sol": [0, [0, 0, 0, 0, 0, 0, 0, 0, 0, 0]], "38969.sol": [0, [0, 0, 0, 0, 0, 0, 0, 0, 0, 0]], "32241.sol": [0, [0, 0, 0, 0, 0, 0, 0, 0, 0, 0]], "13921.sol": [0, [0, 0, 0, 0, 0, 0, 0, 0, 0, 0]], "33269.sol": [0, [0, 0, 0, 0, 0, 0, 0, 0, 0, 0]], "1315.sol": [0, [0, 0, 0, 0, 0, 0, 0, 0, 0, 0]], "37822.sol": [0, [0, 0, 0, 0, 0, 0, 0, 0, 0, 0]], "20145.sol": [0, [0, 0, 0, 0, 0, 0, 0, 0, 0, 0]], "26759.sol": [0, [0, 0, 0, 0, 0, 0, 0, 0, 0, 0]], "22768.sol": [0, [0, 0, 0, 0, 0, 0, 0, 0, 0, 0]], "36064.sol": [0, [0, 0, 0, 0, 0, 0, 0, 0, 0, 0]], "16526.sol": [0, [0, 0, 0, 0, 0, 0, 0, 0, 0, 0]], "36720.sol": [0, [0, 0, 0, 0, 0, 0, 0, 0, 0, 0]], "36376.sol": [1, [0, 0, 0, 0, 0, 0, 0, 0, 1, 1]], "5150.sol": [0, [0, 0, 0, 0, 0, 0, 0, 0, 0, 0]], "17882.sol": [0, [0, 0, 0, 0, 0, 0, 0, 0, 0, 0]], "781.sol": [0, [0, 0, 0, 0, 0, 0, 0, 0, 0, 0]], "25286.sol": [0, [0, 0, 0, 0, 0, 0, 0, 0, 0, 0]], "32250.sol": [1, [0, 0, 0, 0, 1, 0, 0, 0, 1, 1]], "37499.sol": [0, [0, 0, 0, 0, 0, 0, 0, 0, 0, 0]], "26849.sol": [0, [0, 0, 0, 0, 0, 0, 0, 0, 0, 0]], "16838.sol": [0, [0, 0, 0, 0, 0, 0, 0, 0, 0, 0]], "12996.sol": [0, [0, 0, 0, 0, 0, 0, 0, 0, 0, 0]], "7851.sol": [0, [0, 0, 0, 0, 0, 0, 0, 0, 0, 0]], "9790.sol": [0, [0, 0, 0, 0, 0, 0, 0, 0, 0, 0]], "29604.sol": [0, [0, 0, 0, 0, 0, 0, 0, 0, 0, 0]], "37102.sol": [0, [0, 0, 0, 0, 0, 0, 0, 0, 0, 0]], "4810.sol": [0, [0, 0, 0, 0, 0, 0, 0, 0, 0, 0]], "4834.sol": [0, [0, 0, 0, 0, 0, 0, 0, 0, 0, 0]], "6742.sol": [0, [0, 0, 0, 0, 0, 0, 0, 0, 0, 0]], "5614.sol": [0, [0, 0, 0, 0, 0, 0, 0, 0, 0, 0]], "13531.sol": [0, [0, 0, 0, 0, 0, 0, 0, 0, 0, 0]], "13570.sol": [0, [0, 0, 0, 0, 0, 0, 0, 0, 0, 0]], "19572.sol": [0, [0, 0, 0, 0, 0, 0, 0, 0, 0, 0]], "32047.sol": [0, [0, 0, 0, 0, 0, 0, 0, 0, 0, 0]], "16823.sol": [0, [0, 0, 0, 0, 0, 0, 0, 0, 0, 0]], "29477.sol": [0, [0, 0, 0, 0, 0, 0, 0, 0, 0, 0]], "18753.sol": [0, [0, 0, 0, 0, 0, 0, 0, 0, 0, 0]], "11125.sol": [0, [0, 0, 0, 0, 0, 0, 0, 0, 0, 0]], "40307.sol": [0, [0, 0, 0, 0, 0, 0, 0, 0, 0, 0]], "25295.sol": [0, [0, 0, 0, 0, 0, 0, 0, 0, 0, 0]], "27397.sol": [0, [0, 0, 0, 0, 0, 0, 0, 0, 0, 0]], "5734.sol": [0, [0, 0, 0, 0, 0, 0, 0, 0, 0, 0]], "9079.sol": [0, [0, 0, 0, 0, 0, 0, 0, 0, 0, 0]], "24469.sol": [0, [0, 0, 0, 0, 0, 0, 0, 0, 0, 0]], "19638.sol": [0, [0, 0, 0, 0, 0, 0, 0, 0, 0, 0]], "12852.sol": [0, [0, 0, 0, 0, 0, 0, 0, 0, 0, 0]], "19648.sol": [0, [0, 0, 0, 0, 0, 0, 0, 0, 0, 0]], "13835.sol": [0, [0, 0, 0, 0, 0, 0, 0, 0, 0, 0]], "24486.sol": [0, [0, 0, 0, 0, 0, 0, 0, 0, 0, 0]], "33591.sol": [0, [0, 0, 0, 0, 0, 0, 0, 0, 0, 0]], "20725.sol": [0, [0, 0, 0, 0, 0, 0, 0, 0, 0, 0]], "28738.sol": [0, [0, 0, 0, 0, 0, 0, 0, 0, 0, 0]], "7977.sol": [0, [0, 0, 0, 0, 0, 0, 0, 0, 0, 0]], "23477.sol": [0, [0, 0, 0, 0, 0, 0, 0, 0, 0, 0]], "24280.sol": [0, [0, 0, 0, 0, 0, 0, 0, 0, 0, 0]], "25756.sol": [0, [0, 0, 0, 0, 0, 0, 0, 0, 0, 0]], "8832.sol": [0, [0, 0, 0, 0, 0, 0, 0, 0, 0, 0]], "9494.sol": [0, [0, 0, 0, 0, 0, 0, 0, 0, 0, 0]], "7811.sol": [0, [0, 0, 0, 0, 0, 0, 0, 0, 0, 0]], "30323.sol": [0, [0, 0, 0, 0, 0, 0, 0, 0, 0, 0]], "27483.sol": [1, [1, 1, 1, 1, 1, 1, 1, 1, 1, 1]], "21810.sol": [1, [0, 0, 0, 0, 0, 0, 0, 0, 0, 1]], "33826.sol": [0, [0, 0, 0, 0, 0, 0, 0, 0, 0, 0]], "15808.sol": [0, [0, 0, 0, 0, 0, 0, 0, 0, 0, 0]], "8736.sol": [0, [0, 0, 0, 0, 0, 0, 0, 0, 0, 0]], "21875.sol": [0, [0, 0, 0, 0, 0, 0, 0, 0, 0, 0]], "38677.sol": [0, [0, 0, 0, 0, 0, 0, 0, 0, 0, 0]], "5575.sol": [0, [0, 0, 0, 0, 0, 0, 0, 0, 0, 0]], "35310.sol": [0, [0, 0, 0, 0, 0, 0, 0, 0, 0, 0]], "20234.sol": [0, [0, 0, 0, 0, 0, 0, 0, 0, 0, 0]], "1813.sol": [1, [1, 0, 0, 1, 0, 0, 0, 0, 0, 0]], "23728.sol": [0, [0, 0, 0, 0, 0, 0, 0, 0, 0, 0]], "20465.sol": [0, [0, 0, 0, 0, 0, 0, 0, 0, 0, 0]], "15777.sol": [0, [0, 0, 0, 0, 0, 0, 0, 0, 0, 0]], "31156.sol": [0, [0, 0, 0, 0, 0, 0, 0, 0, 0, 0]], "29711.sol": [0, [0, 0, 0, 0, 0, 0, 0, 0, 0, 0]], "29423.sol": [0, [0, 0, 0, 0, 0, 0, 0, 0, 0, 0]], "33997.sol": [0, [0, 0, 0, 0, 0, 0, 0, 0, 0, 0]], "37872.sol": [0, [0, 0, 0, 0, 0, 0, 0, 0, 0, 0]], "537.sol": [0, [0, 0, 0, 0, 0, 0, 0, 0, 0, 0]], "10267.sol": [0, [0, 0, 0, 0, 0, 0, 0, 0, 0, 0]], "13893.sol": [0, [0, 0, 0, 0, 0, 0, 0, 0, 0, 0]], "21011.sol": [0, [0, 0, 0, 0, 0, 0, 0, 0, 0, 0]], "17071.sol": [0, [0, 0, 0, 0, 0, 0, 0, 0, 0, 0]], "12445.sol": [0, [0, 0, 0, 0, 0, 0, 0, 0, 0, 0]], "24522.sol": [0, [0, 0, 0, 0, 0, 0, 0, 0, 0, 0]], "16280.sol": [0, [0, 0, 0, 0, 0, 0, 0, 0, 0, 0]], "34559.sol": [0, [0, 0, 0, 0, 0, 0, 0, 0, 0, 0]], "3173.sol": [0, [0, 0, 0, 0, 0, 0, 0, 0, 0, 0]], "10152.sol": [0, [0, 0, 0, 0, 0, 0, 0, 0, 0, 0]], "10003.sol": [0, [0, 0, 0, 0, 0, 0, 0, 0, 0, 0]], "4306.sol": [0, [0, 0, 0, 0, 0, 0, 0, 0, 0, 0]], "22589.sol": [0, [0, 0, 0, 0, 0, 0, 0, 0, 0, 0]], "9185.sol": [0, [0, 0, 0, 0, 0, 0, 0, 0, 0, 0]], "31400.sol": [0, [0, 0, 0, 0, 0, 0, 0, 0, 0, 0]], "1670.sol": [0, [0, 0, 0, 0, 0, 0, 0, 0, 0, 0]], "20050.sol": [0, [0, 0, 0, 0, 0, 0, 0, 0, 0, 0]], "34261.sol": [0, [0, 0, 0, 0, 0, 0, 0, 0, 0, 0]], "5499.sol": [0, [0, 0, 0, 0, 0, 0, 0, 0, 0, 0]], "3061.sol": [1, [0, 0, 0, 1, 0, 0, 0, 0, 0, 1]], "40557.sol": [0, [0, 0, 0, 0, 0, 0, 0, 0, 0, 0]], "29833.sol": [0, [0, 0, 0, 0, 0, 0, 0, 0, 0, 0]], "7226.sol": [0, [0, 0, 0, 0, 0, 0, 0, 0, 0, 0]], "11816.sol": [0, [0, 0, 0, 0, 0, 0, 0, 0, 0, 0]], "34430.sol": [0, [0, 0, 0, 0, 0, 0, 0, 0, 0, 0]], "1916.sol": [1, [0, 0, 0, 0, 0, 0, 0, 0, 0, 1]], "15616.sol": [1, [1, 1, 1, 1, 1, 0, 0, 0, 0, 0]], "5952.sol": [0, [0, 0, 0, 0, 0, 0, 0, 0, 0, 0]], "2347.sol": [1, [1, 1, 1, 1, 1, 0, 1, 0, 0, 0]], "15571.sol": [0, [0, 0, 0, 0, 0, 0, 0, 0, 0, 0]], "32071.sol": [0, [0, 0, 0, 0, 0, 0, 0, 0, 0, 0]], "37404.sol": [0, [0, 0, 0, 0, 0, 0, 0, 0, 0, 0]], "25872.sol": [0, [0, 0, 0, 0, 0, 0, 0, 0, 0, 0]], "32922.sol": [0, [0, 0, 0, 0, 0, 0, 0, 0, 0, 0]], "3025.sol": [0, [0, 0, 0, 0, 0, 0, 0, 0, 0, 0]], "16767.sol": [0, [0, 0, 0, 0, 0, 0, 0, 0, 0, 0]], "5390.sol": [0, [0, 0, 0, 0, 0, 0, 0, 0, 0, 0]], "22156.sol": [0, [0, 0, 0, 0, 0, 0, 0, 0, 0, 0]], "20216.sol": [0, [0, 0, 0, 0, 0, 0, 0, 0, 0, 0]], "37928.sol": [0, [0, 0, 0, 0, 0, 0, 0, 0, 0, 0]], "23587.sol": [1, [0, 0, 0, 0, 0, 0, 0, 1, 1, 0]], "16627.sol": [0, [0, 0, 0, 0, 0, 0, 0, 0, 0, 0]], "39208.sol": [1, [1, 1, 1, 1, 1, 0, 1, 0, 0, 0]], "5076.sol": [0, [0, 0, 0, 0, 0, 0, 0, 0, 0, 0]], "19207.sol": [0, [0, 0, 0, 0, 0, 0, 0, 0, 0, 0]], "29205.sol": [0, [0, 0, 0, 0, 0, 0, 0, 0, 0, 0]], "7000.sol": [0, [0, 0, 0, 0, 0, 0, 0, 0, 0, 0]], "25391.sol": [0, [0, 0, 0, 0, 0, 0, 0, 0, 0, 0]], "32792.sol": [0, [0, 0, 0, 0, 0, 0, 0, 0, 0, 0]], "547.sol": [0, [0, 0, 0, 0, 0, 0, 0, 0, 0, 0]], "38983.sol": [0, [0, 0, 0, 0, 0, 0, 0, 0, 0, 0]], "30850.sol": [0, [0, 0, 0, 0, 0, 0, 0, 0, 0, 0]], "14705.sol": [0, [0, 0, 0, 0, 0, 0, 0, 0, 0, 0]], "13459.sol": [0, [0, 0, 0, 0, 0, 0, 0, 0, 0, 0]], "5483.sol": [0, [0, 0, 0, 0, 0, 0, 0, 0, 0, 0]], "38845.sol": [0, [0, 0, 0, 0, 0, 0, 0, 0, 0, 0]], "8337.sol": [0, [0, 0, 0, 0, 0, 0, 0, 0, 0, 0]], "9402.sol": [0, [0, 0, 0, 0, 0, 0, 0, 0, 0, 0]], "26157.sol": [0, [0, 0, 0, 0, 0, 0, 0, 0, 0, 0]], "5384.sol": [0, [0, 0, 0, 0, 0, 0, 0, 0, 0, 0]], "20193.sol": [0, [0, 0, 0, 0, 0, 0, 0, 0, 0, 0]], "31444.sol": [0, [0, 0, 0, 0, 0, 0, 0, 0, 0, 0]], "29212.sol": [0, [0, 0, 0, 0, 0, 0, 0, 0, 0, 0]], "17365.sol": [1, [0, 1, 0, 0, 0, 0, 0, 0, 0, 0]], "11626.sol": [0, [0, 0, 0, 0, 0, 0, 0, 0, 0, 0]], "24150.sol": [0, [0, 0, 0, 0, 0, 0, 0, 0, 0, 0]], "21151.sol": [0, [0, 0, 0, 0, 0, 0, 0, 0, 0, 0]], "26853.sol": [0, [0, 0, 0, 0, 0, 0, 0, 0, 0, 0]], "33832.sol": [0, [0, 0, 0, 0, 0, 0, 0, 0, 0, 0]], "17154.sol": [0, [0, 0, 0, 0, 0, 0, 0, 0, 0, 0]], "29591.sol": [0, [0, 0, 0, 0, 0, 0, 0, 0, 0, 0]], "18761.sol": [0, [0, 0, 0, 0, 0, 0, 0, 0, 0, 0]], "31934.sol": [0, [0, 0, 0, 0, 0, 0, 0, 0, 0, 0]], "33812.sol": [0, [0, 0, 0, 0, 0, 0, 0, 0, 0, 0]], "11918.sol": [0, [0, 0, 0, 0, 0, 0, 0, 0, 0, 0]], "15769.sol": [0, [0, 0, 0, 0, 0, 0, 0, 0, 0, 0]], "8438.sol": [1, [0, 0, 0, 0, 0, 0, 0, 1, 0, 0]], "33248.sol": [0, [0, 0, 0, 0, 0, 0, 0, 0, 0, 0]], "21959.sol": [0, [0, 0, 0, 0, 0, 0, 0, 0, 0, 0]], "694.sol": [0, [0, 0, 0, 0, 0, 0, 0, 0, 0, 0]], "23905.sol": [0, [0, 0, 0, 0, 0, 0, 0, 0, 0, 0]], "16051.sol": [0, [0, 0, 0, 0, 0, 0, 0, 0, 0, 0]], "30120.sol": [0, [0, 0, 0, 0, 0, 0, 0, 0, 0, 0]], "33062.sol": [1, [1, 1, 0, 0, 0, 0, 0, 0, 0, 0]], "29742.sol": [0, [0, 0, 0, 0, 0, 0, 0, 0, 0, 0]], "12125.sol": [0, [0, 0, 0, 0, 0, 0, 0, 0, 0, 0]], "25982.sol": [0, [0, 0, 0, 0, 0, 0, 0, 0, 0, 0]], "37951.sol": [0, [0, 0, 0, 0, 0, 0, 0, 0, 0, 0]], "22617.sol": [0, [0, 0, 0, 0, 0, 0, 0, 0, 0, 0]], "30706.sol": [0, [0, 0, 0, 0, 0, 0, 0, 0, 0, 0]], "7559.sol": [0, [0, 0, 0, 0, 0, 0, 0, 0, 0, 0]], "4611.sol": [0, [0, 0, 0, 0, 0, 0, 0, 0, 0, 0]], "12206.sol": [0, [0, 0, 0, 0, 0, 0, 0, 0, 0, 0]], "26512.sol": [0, [0, 0, 0, 0, 0, 0, 0, 0, 0, 0]], "8814.sol": [0, [0, 0, 0, 0, 0, 0, 0, 0, 0, 0]], "28975.sol": [0, [0, 0, 0, 0, 0, 0, 0, 0, 0, 0]], "29003.sol": [0, [0, 0, 0, 0, 0, 0, 0, 0, 0, 0]], "1828.sol": [0, [0, 0, 0, 0, 0, 0, 0, 0, 0, 0]], "20390.sol": [0, [0, 0, 0, 0, 0, 0, 0, 0, 0, 0]], "260.sol": [0, [0, 0, 0, 0, 0, 0, 0, 0, 0, 0]], "19917.sol": [0, [0, 0, 0, 0, 0, 0, 0, 0, 0, 0]], "26051.sol": [0, [0, 0, 0, 0, 0, 0, 0, 0, 0, 0]], "31155.sol": [1, [0, 0, 0, 0, 0, 1, 0, 0, 0, 1]], "20595.sol": [0, [0, 0, 0, 0, 0, 0, 0, 0, 0, 0]], "25369.sol": [0, [0, 0, 0, 0, 0, 0, 0, 0, 0, 0]], "15285.sol": [0, [0, 0, 0, 0, 0, 0, 0, 0, 0, 0]], "32337.sol": [0, [0, 0, 0, 0, 0, 0, 0, 0, 0, 0]], "6758.sol": [0, [0, 0, 0, 0, 0, 0, 0, 0, 0, 0]], "26715.sol": [0, [0, 0, 0, 0, 0, 0, 0, 0, 0, 0]], "32281.sol": [0, [0, 0, 0, 0, 0, 0, 0, 0, 0, 0]], "36835.sol": [0, [0, 0, 0, 0, 0, 0, 0, 0, 0, 0]], "3863.sol": [0, [0, 0, 0, 0, 0, 0, 0, 0, 0, 0]], "33471.sol": [0, [0, 0, 0, 0, 0, 0, 0, 0, 0, 0]], "29129.sol": [0, [0, 0, 0, 0, 0, 0, 0, 0, 0, 0]], "39616.sol": [1, [0, 0, 1, 1, 0, 0, 0, 0, 0, 0]], "1353.sol": [0, [0, 0, 0, 0, 0, 0, 0, 0, 0, 0]], "9514.sol": [0, [0, 0, 0, 0, 0, 0, 0, 0, 0, 0]], "15878.sol": [0, [0, 0, 0, 0, 0, 0, 0, 0, 0, 0]], "31806.sol": [0, [0, 0, 0, 0, 0, 0, 0, 0, 0, 0]], "16562.sol": [0, [0, 0, 0, 0, 0, 0, 0, 0, 0, 0]], "12976.sol": [1, [0, 0, 0, 0, 0, 0, 0, 0, 0, 1]], "10844.sol": [1, [0, 0, 0, 0, 0, 0, 0, 0, 0, 1]], "35438.sol": [0, [0, 0, 0, 0, 0, 0, 0, 0, 0, 0]], "16812.sol": [0, [0, 0, 0, 0, 0, 0, 0, 0, 0, 0]], "31319.sol": [0, [0, 0, 0, 0, 0, 0, 0, 0, 0, 0]], "15846.sol": [0, [0, 0, 0, 0, 0, 0, 0, 0, 0, 0]], "39241.sol": [0, [0, 0, 0, 0, 0, 0, 0, 0, 0, 0]], "23101.sol": [1, [1, 0, 0, 0, 0, 1, 0, 0, 0, 0]], "33323.sol": [0, [0, 0, 0, 0, 0, 0, 0, 0, 0, 0]], "17640.sol": [0, [0, 0, 0, 0, 0, 0, 0, 0, 0, 0]], "20444.sol": [0, [0, 0, 0, 0, 0, 0, 0, 0, 0, 0]], "20275.sol": [0, [0, 0, 0, 0, 0, 0, 0, 0, 0, 0]], "13063.sol": [0, [0, 0, 0, 0, 0, 0, 0, 0, 0, 0]], "19217.sol": [0, [0, 0, 0, 0, 0, 0, 0, 0, 0, 0]], "22929.sol": [0, [0, 0, 0, 0, 0, 0, 0, 0, 0, 0]], "26005.sol": [0, [0, 0, 0, 0, 0, 0, 0, 0, 0, 0]], "39606.sol": [1, [1, 1, 1, 1, 1, 0, 1, 0, 0, 1]], "11798.sol": [1, [1, 1, 0, 0, 1, 1, 0, 1, 0, 1]], "10106.sol": [0, [0, 0, 0, 0, 0, 0, 0, 0, 0, 0]], "9907.sol": [0, [0, 0, 0, 0, 0, 0, 0, 0, 0, 0]], "5302.sol": [0, [0, 0, 0, 0, 0, 0, 0, 0, 0, 0]], "13186.sol": [1, [0, 0, 0, 0, 1, 0, 0, 0, 1, 0]], "28637.sol": [0, [0, 0, 0, 0, 0, 0, 0, 0, 0, 0]], "31836.sol": [0, [0, 0, 0, 0, 0, 0, 0, 0, 0, 0]], "33936.sol": [0, [0, 0, 0, 0, 0, 0, 0, 0, 0, 0]], "30752.sol": [1, [0, 0, 0, 0, 0, 0, 1, 0, 0, 0]], "23525.sol": [0, [0, 0, 0, 0, 0, 0, 0, 0, 0, 0]], "34122.sol": [0, [0, 0, 0, 0, 0, 0, 0, 0, 0, 0]], "27729.sol": [0, [0, 0, 0, 0, 0, 0, 0, 0, 0, 0]], "20243.sol": [0, [0, 0, 0, 0, 0, 0, 0, 0, 0, 0]], "8991.sol": [0, [0, 0, 0, 0, 0, 0, 0, 0, 0, 0]], "26685.sol": [0, [0, 0, 0, 0, 0, 0, 0, 0, 0, 0]], "30885.sol": [0, [0, 0, 0, 0, 0, 0, 0, 0, 0, 0]], "25658.sol": [0, [0, 0, 0, 0, 0, 0, 0, 0, 0, 0]], "13667.sol": [0, [0, 0, 0, 0, 0, 0, 0, 0, 0, 0]], "19628.sol": [0, [0, 0, 0, 0, 0, 0, 0, 0, 0, 0]], "12748.sol": [0, [0, 0, 0, 0, 0, 0, 0, 0, 0, 0]], "27138.sol": [1, [0, 0, 0, 0, 0, 0, 0, 1, 0, 0]], "6538.sol": [0, [0, 0, 0, 0, 0, 0, 0, 0, 0, 0]], "30549.sol": [0, [0, 0, 0, 0, 0, 0, 0, 0, 0, 0]], "19131.sol": [0, [0, 0, 0, 0, 0, 0, 0, 0, 0, 0]], "1515.sol": [0, [0, 0, 0, 0, 0, 0, 0, 0, 0, 0]], "9060.sol": [0, [0, 0, 0, 0, 0, 0, 0, 0, 0, 0]], "6400.sol": [0, [0, 0, 0, 0, 0, 0, 0, 0, 0, 0]], "8822.sol": [0, [0, 0, 0, 0, 0, 0, 0, 0, 0, 0]], "22361.sol": [0, [0, 0, 0, 0, 0, 0, 0, 0, 0, 0]], "24247.sol": [0, [0, 0, 0, 0, 0, 0, 0, 0, 0, 0]], "19423.sol": [0, [0, 0, 0, 0, 0, 0, 0, 0, 0, 0]], "20460.sol": [0, [0, 0, 0, 0, 0, 0, 0, 0, 0, 0]], "4424.sol": [0, [0, 0, 0, 0, 0, 0, 0, 0, 0, 0]], "786.sol": [0, [0, 0, 0, 0, 0, 0, 0, 0, 0, 0]], "1763.sol": [0, [0, 0, 0, 0, 0, 0, 0, 0, 0, 0]], "19821.sol": [0, [0, 0, 0, 0, 0, 0, 0, 0, 0, 0]], "7821.sol": [0, [0, 0, 0, 0, 0, 0, 0, 0, 0, 0]], "10587.sol": [0, [0, 0, 0, 0, 0, 0, 0, 0, 0, 0]], "3779.sol": [0, [0, 0, 0, 0, 0, 0, 0, 0, 0, 0]], "22871.sol": [0, [0, 0, 0, 0, 0, 0, 0, 0, 0, 0]], "39858.sol": [1, [1, 0, 0, 1, 0, 0, 0, 0, 0, 0]], "34287.sol": [0, [0, 0, 0, 0, 0, 0, 0, 0, 0, 0]], "21284.sol": [0, [0, 0, 0, 0, 0, 0, 0, 0, 0, 0]], "10881.sol": [0, [0, 0, 0, 0, 0, 0, 0, 0, 0, 0]], "19208.sol": [0, [0, 0, 0, 0, 0, 0, 0, 0, 0, 0]], "26521.sol": [0, [0, 0, 0, 0, 0, 0, 0, 0, 0, 0]], "15414.sol": [0, [0, 0, 0, 0, 0, 0, 0, 0, 0, 0]], "27855.sol": [0, [0, 0, 0, 0, 0, 0, 0, 0, 0, 0]], "25473.sol": [0, [0, 0, 0, 0, 0, 0, 0, 0, 0, 0]], "29823.sol": [1, [0, 0, 0, 0, 0, 0, 1, 0, 0, 0]], "18170.sol": [1, [0, 1, 0, 0, 0, 0, 0, 0, 0, 0]], "28359.sol": [1, [0, 1, 1, 0, 1, 1, 0, 0, 0, 0]], "17559.sol": [0, [0, 0, 0, 0, 0, 0, 0, 0, 0, 0]], "2504.sol": [0, [0, 0, 0, 0, 0, 0, 0, 0, 0, 0]], "26577.sol": [0, [0, 0, 0, 0, 0, 0, 0, 0, 0, 0]], "39059.sol": [0, [0, 0, 0, 0, 0, 0, 0, 0, 0, 0]], "28563.sol": [0, [0, 0, 0, 0, 0, 0, 0, 0, 0, 0]], "27653.sol": [0, [0, 0, 0, 0, 0, 0, 0, 0, 0, 0]], "18460.sol": [0, [0, 0, 0, 0, 0, 0, 0, 0, 0, 0]], "4142.sol": [0, [0, 0, 0, 0, 0, 0, 0, 0, 0, 0]], "1190.sol": [0, [0, 0, 0, 0, 0, 0, 0, 0, 0, 0]], "3838.sol": [0, [0, 0, 0, 0, 0, 0, 0, 0, 0, 0]], "14886.sol": [0, [0, 0, 0, 0, 0, 0, 0, 0, 0, 0]], "16345.sol": [0, [0, 0, 0, 0, 0, 0, 0, 0, 0, 0]], "32386.sol": [0, [0, 0, 0, 0, 0, 0, 0, 0, 0, 0]], "18818.sol": [0, [0, 0, 0, 0, 0, 0, 0, 0, 0, 0]], "21960.sol": [0, [0, 0, 0, 0, 0, 0, 0, 0, 0, 0]], "36948.sol": [1, [1, 1, 1, 1, 1, 1, 1, 1, 1, 1]], "24573.sol": [0, [0, 0, 0, 0, 0, 0, 0, 0, 0, 0]], "20244.sol": [0, [0, 0, 0, 0, 0, 0, 0, 0, 0, 0]], "11414.sol": [0, [0, 0, 0, 0, 0, 0, 0, 0, 0, 0]], "1317.sol": [0, [0, 0, 0, 0, 0, 0, 0, 0, 0, 0]], "33903.sol": [0, [0, 0, 0, 0, 0, 0, 0, 0, 0, 0]], "20615.sol": [0, [0, 0, 0, 0, 0, 0, 0, 0, 0, 0]], "26985.sol": [0, [0, 0, 0, 0, 0, 0, 0, 0, 0, 0]], "11971.sol": [0, [0, 0, 0, 0, 0, 0, 0, 0, 0, 0]], "21134.sol": [0, [0, 0, 0, 0, 0, 0, 0, 0, 0, 0]], "36143.sol": [1, [0, 0, 1, 0, 0, 0, 0, 0, 0, 0]], "27632.sol": [0, [0, 0, 0, 0, 0, 0, 0, 0, 0, 0]], "12874.sol": [0, [0, 0, 0, 0, 0, 0, 0, 0, 0, 0]], "27263.sol": [0, [0, 0, 0, 0, 0, 0, 0, 0, 0, 0]], "18063.sol": [0, [0, 0, 0, 0, 0, 0, 0, 0, 0, 0]], "33880.sol": [0, [0, 0, 0, 0, 0, 0, 0, 0, 0, 0]], "8943.sol": [0, [0, 0, 0, 0, 0, 0, 0, 0, 0, 0]], "8097.sol": [1, [1, 1, 0, 0, 0, 0, 0, 0, 0, 0]], "7965.sol": [0, [0, 0, 0, 0, 0, 0, 0, 0, 0, 0]], "32734.sol": [1, [0, 0, 1, 0, 0, 0, 0, 0, 0, 0]], "32441.sol": [0, [0, 0, 0, 0, 0, 0, 0, 0, 0, 0]], "19975.sol": [0, [0, 0, 0, 0, 0, 0, 0, 0, 0, 0]], "34296.sol": [0, [0, 0, 0, 0, 0, 0, 0, 0, 0, 0]], "40579.sol": [0, [0, 0, 0, 0, 0, 0, 0, 0, 0, 0]], "30921.sol": [0, [0, 0, 0, 0, 0, 0, 0, 0, 0, 0]], "24600.sol": [0, [0, 0, 0, 0, 0, 0, 0, 0, 0, 0]], "38039.sol": [1, [0, 1, 0, 0, 0, 0, 0, 0, 0, 0]], "23838.sol": [0, [0, 0, 0, 0, 0, 0, 0, 0, 0, 0]], "13038.sol": [0, [0, 0, 0, 0, 0, 0, 0, 0, 0, 0]], "12803.sol": [0, [0, 0, 0, 0, 0, 0, 0, 0, 0, 0]], "32691.sol": [0, [0, 0, 0, 0, 0, 0, 0, 0, 0, 0]], "3944.sol": [0, [0, 0, 0, 0, 0, 0, 0, 0, 0, 0]], "21946.sol": [0, [0, 0, 0, 0, 0, 0, 0, 0, 0, 0]], "16006.sol": [0, [0, 0, 0, 0, 0, 0, 0, 0, 0, 0]], "19707.sol": [1, [1, 0, 1, 0, 0, 1, 0, 1, 0, 0]], "38678.sol": [0, [0, 0, 0, 0, 0, 0, 0, 0, 0, 0]], "18199.sol": [0, [0, 0, 0, 0, 0, 0, 0, 0, 0, 0]], "21383.sol": [0, [0, 0, 0, 0, 0, 0, 0, 0, 0, 0]], "33291.sol": [0, [0, 0, 0, 0, 0, 0, 0, 0, 0, 0]], "8488.sol": [0, [0, 0, 0, 0, 0, 0, 0, 0, 0, 0]], "23503.sol": [1, [0, 1, 1, 0, 1, 0, 0, 0, 0, 0]], "26381.sol": [0, [0, 0, 0, 0, 0, 0, 0, 0, 0, 0]], "21145.sol": [0, [0, 0, 0, 0, 0, 0, 0, 0, 0, 0]], "7382.sol": [0, [0, 0, 0, 0, 0, 0, 0, 0, 0, 0]], "39624.sol": [1, [0, 0, 1, 1, 1, 1, 1, 0, 0, 1]], "166.sol": [0, [0, 0, 0, 0, 0, 0, 0, 0, 0, 0]], "23250.sol": [0, [0, 0, 0, 0, 0, 0, 0, 0, 0, 0]], "32843.sol": [0, [0, 0, 0, 0, 0, 0, 0, 0, 0, 0]], "19705.sol": [0, [0, 0, 0, 0, 0, 0, 0, 0, 0, 0]], "11087.sol": [1, [0, 0, 0, 0, 1, 1, 1, 0, 0, 0]], "40593.sol": [0, [0, 0, 0, 0, 0, 0, 0, 0, 0, 0]], "32823.sol": [0, [0, 0, 0, 0, 0, 0, 0, 0, 0, 0]], "18674.sol": [0, [0, 0, 0, 0, 0, 0, 0, 0, 0, 0]], "2831.sol": [0, [0, 0, 0, 0, 0, 0, 0, 0, 0, 0]], "6267.sol": [0, [0, 0, 0, 0, 0, 0, 0, 0, 0, 0]], "36798.sol": [0, [0, 0, 0, 0, 0, 0, 0, 0, 0, 0]], "4337.sol": [0, [0, 0, 0, 0, 0, 0, 0, 0, 0, 0]], "37648.sol": [0, [0, 0, 0, 0, 0, 0, 0, 0, 0, 0]], "14267.sol": [0, [0, 0, 0, 0, 0, 0, 0, 0, 0, 0]], "16179.sol": [1, [0, 0, 0, 0, 0, 0, 0, 1, 1, 1]], "32967.sol": [0, [0, 0, 0, 0, 0, 0, 0, 0, 0, 0]], "11298.sol": [1, [1, 0, 0, 0, 0, 0, 0, 0, 0, 0]], "1684.sol": [0, [0, 0, 0, 0, 0, 0, 0, 0, 0, 0]], "15612.sol": [1, [0, 0, 0, 0, 0, 1, 0, 0, 1, 1]], "32318.sol": [0, [0, 0, 0, 0, 0, 0, 0, 0, 0, 0]], "19219.sol": [0, [0, 0, 0, 0, 0, 0, 0, 0, 0, 0]], "36129.sol": [0, [0, 0, 0, 0, 0, 0, 0, 0, 0, 0]], "21989.sol": [0, [0, 0, 0, 0, 0, 0, 0, 0, 0, 0]], "15812.sol": [0, [0, 0, 0, 0, 0, 0, 0, 0, 0, 0]], "243.sol": [0, [0, 0, 0, 0, 0, 0, 0, 0, 0, 0]], "38071.sol": [0, [0, 0, 0, 0, 0, 0, 0, 0, 0, 0]], "35097.sol": [0, [0, 0, 0, 0, 0, 0, 0, 0, 0, 0]], "34742.sol": [0, [0, 0, 0, 0, 0, 0, 0, 0, 0, 0]], "27179.sol": [0, [0, 0, 0, 0, 0, 0, 0, 0, 0, 0]], "15918.sol": [0, [0, 0, 0, 0, 0, 0, 0, 0, 0, 0]], "7072.sol": [0, [0, 0, 0, 0, 0, 0, 0, 0, 0, 0]], "21112.sol": [0, [0, 0, 0, 0, 0, 0, 0, 0, 0, 0]], "25858.sol": [0, [0, 0, 0, 0, 0, 0, 0, 0, 0, 0]], "3943.sol": [0, [0, 0, 0, 0, 0, 0, 0, 0, 0, 0]], "38310.sol": [0, [0, 0, 0, 0, 0, 0, 0, 0, 0, 0]], "6323.sol": [0, [0, 0, 0, 0, 0, 0, 0, 0, 0, 0]], "31819.sol": [0, [0, 0, 0, 0, 0, 0, 0, 0, 0, 0]], "39699.sol": [0, [0, 0, 0, 0, 0, 0, 0, 0, 0, 0]], "19827.sol": [0, [0, 0, 0, 0, 0, 0, 0, 0, 0, 0]], "21491.sol": [0, [0, 0, 0, 0, 0, 0, 0, 0, 0, 0]], "23455.sol": [0, [0, 0, 0, 0, 0, 0, 0, 0, 0, 0]], "13977.sol": [0, [0, 0, 0, 0, 0, 0, 0, 0, 0, 0]], "12796.sol": [0, [0, 0, 0, 0, 0, 0, 0, 0, 0, 0]], "15904.sol": [0, [0, 0, 0, 0, 0, 0, 0, 0, 0, 0]], "13676.sol": [0, [0, 0, 0, 0, 0, 0, 0, 0, 0, 0]], "13179.sol": [0, [0, 0, 0, 0, 0, 0, 0, 0, 0, 0]], "435.sol": [0, [0, 0, 0, 0, 0, 0, 0, 0, 0, 0]], "32567.sol": [1, [1, 0, 1, 1, 1, 0, 1, 0, 1, 0]], "24644.sol": [0, [0, 0, 0, 0, 0, 0, 0, 0, 0, 0]], "21836.sol": [0, [0, 0, 0, 0, 0, 0, 0, 0, 0, 0]], "39176.sol": [0, [0, 0, 0, 0, 0, 0, 0, 0, 0, 0]], "15374.sol": [0, [0, 0, 0, 0, 0, 0, 0, 0, 0, 0]], "12603.sol": [0, [0, 0, 0, 0, 0, 0, 0, 0, 0, 0]], "27203.sol": [0, [0, 0, 0, 0, 0, 0, 0, 0, 0, 0]], "3607.sol": [0, [0, 0, 0, 0, 0, 0, 0, 0, 0, 0]], "23887.sol": [0, [0, 0, 0, 0, 0, 0, 0, 0, 0, 0]], "35560.sol": [0, [0, 0, 0, 0, 0, 0, 0, 0, 0, 0]], "2669.sol": [1, [0, 0, 0, 0, 0, 0, 1, 0, 0, 0]], "24467.sol": [0, [0, 0, 0, 0, 0, 0, 0, 0, 0, 0]], "32747.sol": [0, [0, 0, 0, 0, 0, 0, 0, 0, 0, 0]], "3802.sol": [0, [0, 0, 0, 0, 0, 0, 0, 0, 0, 0]], "23129.sol": [0, [0, 0, 0, 0, 0, 0, 0, 0, 0, 0]], "33893.sol": [0, [0, 0, 0, 0, 0, 0, 0, 0, 0, 0]], "37982.sol": [1, [0, 0, 0, 0, 0, 0, 0, 1, 0, 0]], "20123.sol": [0, [0, 0, 0, 0, 0, 0, 0, 0, 0, 0]], "40430.sol": [0, [0, 0, 0, 0, 0, 0, 0, 0, 0, 0]], "16855.sol": [0, [0, 0, 0, 0, 0, 0, 0, 0, 0, 0]], "16382.sol": [0, [0, 0, 0, 0, 0, 0, 0, 0, 0, 0]], "7573.sol": [0, [0, 0, 0, 0, 0, 0, 0, 0, 0, 0]], "15413.sol": [0, [0, 0, 0, 0, 0, 0, 0, 0, 0, 0]], "40445.sol": [0, [0, 0, 0, 0, 0, 0, 0, 0, 0, 0]], "17955.sol": [0, [0, 0, 0, 0, 0, 0, 0, 0, 0, 0]], "6118.sol": [0, [0, 0, 0, 0, 0, 0, 0, 0, 0, 0]], "33715.sol": [0, [0, 0, 0, 0, 0, 0, 0, 0, 0, 0]], "35518.sol": [0, [0, 0, 0, 0, 0, 0, 0, 0, 0, 0]], "10168.sol": [0, [0, 0, 0, 0, 0, 0, 0, 0, 0, 0]], "10625.sol": [0, [0, 0, 0, 0, 0, 0, 0, 0, 0, 0]], "20493.sol": [0, [0, 0, 0, 0, 0, 0, 0, 0, 0, 0]], "35223.sol": [0, [0, 0, 0, 0, 0, 0, 0, 0, 0, 0]], "39498.sol": [1, [1, 0, 0, 0, 0, 0, 0, 0, 0, 0]], "11818.sol": [1, [0, 0, 1, 1, 0, 0, 1, 1, 0, 0]], "9319.sol": [0, [0, 0, 0, 0, 0, 0, 0, 0, 0, 0]], "30327.sol": [0, [0, 0, 0, 0, 0, 0, 0, 0, 0, 0]], "15902.sol": [0, [0, 0, 0, 0, 0, 0, 0, 0, 0, 0]], "38184.sol": [1, [1, 1, 1, 0, 1, 0, 0, 0, 0, 0]], "35792.sol": [1, [1, 0, 0, 0, 0, 0, 0, 0, 0, 0]], "17968.sol": [1, [1, 0, 0, 0, 1, 1, 0, 1, 1, 0]], "19856.sol": [0, [0, 0, 0, 0, 0, 0, 0, 0, 0, 0]], "38780.sol": [1, [0, 1, 1, 0, 0, 0, 0, 0, 0, 1]], "36285.sol": [1, [1, 1, 1, 0, 0, 0, 0, 0, 1, 0]], "28855.sol": [0, [0, 0, 0, 0, 0, 0, 0, 0, 0, 0]], "37656.sol": [1, [0, 0, 0, 0, 1, 0, 1, 0, 0, 0]], "33751.sol": [0, [0, 0, 0, 0, 0, 0, 0, 0, 0, 0]], "22727.sol": [1, [0, 0, 0, 1, 0, 0, 0, 0, 0, 0]], "12689.sol": [1, [1, 1, 1, 0, 0, 0, 0, 0, 1, 1]], "17953.sol": [1, [1, 0, 1, 1, 0, 0, 0, 0, 0, 0]], "33752.sol": [0, [0, 0, 0, 0, 0, 0, 0, 0, 0, 0]], "11777.sol": [0, [0, 0, 0, 0, 0, 0, 0, 0, 0, 0]], "21311.sol": [1, [0, 0, 0, 1, 0, 0, 1, 0, 0, 0]], "35633.sol": [1, [0, 0, 0, 0, 0, 0, 1, 0, 0, 0]], "22297.sol": [0, [0, 0, 0, 0, 0, 0, 0, 0, 0, 0]], "23439.sol": [0, [0, 0, 0, 0, 0, 0, 0, 0, 0, 0]], "32483.sol": [1, [1, 0, 0, 0, 0, 1, 0, 0, 0, 0]], "2355.sol": [0, [0, 0, 0, 0, 0, 0, 0, 0, 0, 0]], "36763.sol": [1, [0, 0, 1, 1, 1, 0, 1, 1, 1, 1]], "24149.sol": [1, [0, 0, 0, 0, 0, 0, 1, 0, 1, 0]], "31519.sol": [1, [1, 0, 0, 0, 0, 0, 1, 1, 1, 1]], "13615.sol": [1, [1, 1, 1, 0, 1, 0, 1, 1, 0, 0]], "12975.sol": [1, [1, 0, 0, 0, 0, 0, 0, 0, 1, 0]], "6255.sol": [1, [0, 0, 0, 0, 1, 0, 0, 1, 1, 1]], "981.sol": [1, [1, 1, 1, 1, 0, 0, 1, 1, 1, 1]], "35652.sol": [0, [0, 0, 0, 0, 0, 0, 0, 0, 0, 0]], "20349.sol": [1, [0, 0, 0, 0, 0, 0, 0, 0, 0, 1]], "38899.sol": [1, [1, 1, 1, 0, 1, 0, 0, 0, 0, 0]], "32673.sol": [1, [1, 1, 1, 1, 1, 1, 1, 1, 1, 1]], "36448.sol": [1, [1, 0, 0, 1, 1, 0, 1, 1, 0, 0]], "40341.sol": [1, [0, 0, 0, 0, 0, 0, 0, 0, 1, 1]], "15399.sol": [1, [1, 0, 0, 0, 0, 0, 0, 0, 0, 0]], "21539.sol": [0, [0, 0, 0, 0, 0, 0, 0, 0, 0, 0]], "34905.sol": [0, [0, 0, 0, 0, 0, 0, 0, 0, 0, 0]], "33561.sol": [0, [0, 0, 0, 0, 0, 0, 0, 0, 0, 0]], "7497.sol": [0, [0, 0, 0, 0, 0, 0, 0, 0, 0, 0]], "14451.sol": [1, [1, 1, 1, 0, 1, 0, 1, 1, 1, 0]], "21618.sol": [1, [0, 0, 0, 1, 1, 0, 0, 0, 0, 0]], "38709.sol": [1, [1, 1, 1, 1, 1, 0, 0, 1, 1, 0]], "38282.sol": [1, [1, 0, 0, 0, 0, 0, 0, 0, 0, 0]], "970.sol": [1, [0, 0, 0, 1, 0, 1, 0, 0, 0, 0]], "32164.sol": [1, [1, 1, 1, 1, 1, 0, 0, 0, 1, 1]], "12691.sol": [1, [1, 1, 1, 0, 0, 0, 0, 0, 1, 1]], "30078.sol": [0, [0, 0, 0, 0, 0, 0, 0, 0, 0, 0]], "18009.sol": [1, [0, 1, 0, 0, 0, 0, 0, 0, 0, 1]], "27455.sol": [1, [1, 1, 1, 1, 1, 0, 1, 0, 1, 1]], "38936.sol": [1, [0, 0, 1, 0, 0, 0, 1, 0, 0, 1]], "38659.sol": [1, [1, 0, 0, 0, 0, 1, 1, 1, 1, 1]], "35513.sol": [0, [0, 0, 0, 0, 0, 0, 0, 0, 0, 0]], "39445.sol": [0, [0, 0, 0, 0, 0, 0, 0, 0, 0, 0]], "33410.sol": [0, [0, 0, 0, 0, 0, 0, 0, 0, 0, 0]], "26000.sol": [1, [1, 1, 1, 1, 0, 1, 0, 1, 1, 0]], "26700.sol": [1, [1, 0, 0, 1, 1, 0, 1, 1, 1, 0]], "6462.sol": [1, [1, 1, 1, 1, 1, 1, 1, 1, 1, 1]], "33348.sol": [1, [1, 0, 0, 0, 1, 0, 0, 0, 0, 0]], "2208.sol": [1, [1, 0, 1, 1, 0, 1, 1, 1, 1, 1]], "10455.sol": [1, [0, 0, 0, 0, 0, 0, 1, 1, 1, 0]], "24296.sol": [1, [0, 0, 1, 0, 1, 0, 0, 0, 0, 0]], "37497.sol": [0, [0, 0, 0, 0, 0, 0, 0, 0, 0, 0]], "36136.sol": [1, [1, 1, 1, 0, 1, 1, 0, 0, 0, 0]], "34536.sol": [1, [1, 1, 1, 1, 1, 1, 1, 1, 1, 1]], "15861.sol": [1, [1, 1, 0, 1, 0, 0, 0, 0, 0, 0]], "14384.sol": [1, [0, 1, 0, 0, 0, 0, 0, 0, 0, 0]], "20754.sol": [1, [1, 1, 1, 1, 1, 1, 0, 0, 0, 0]], "6141.sol": [1, [0, 1, 1, 0, 0, 1, 1, 0, 0, 0]], "38663.sol": [1, [1, 0, 0, 0, 0, 1, 1, 1, 1, 1]], "36645.sol": [1, [0, 0, 0, 0, 0, 0, 1, 1, 0, 0]], "25105.sol": [1, [0, 0, 0, 0, 0, 0, 1, 1, 1, 0]], "1456.sol": [0, [0, 0, 0, 0, 0, 0, 0, 0, 0, 0]], "33693.sol": [1, [1, 1, 1, 1, 0, 0, 0, 0, 0, 0]], "33730.sol": [0, [0, 0, 0, 0, 0, 0, 0, 0, 0, 0]], "6245.sol": [1, [0, 0, 1, 1, 1, 1, 0, 0, 1, 1]], "2445.sol": [1, [0, 0, 0, 1, 0, 1, 0, 1, 0, 0]], "12447.sol": [0, [0, 0, 0, 0, 0, 0, 0, 0, 0, 0]], "5257.sol": [1, [0, 0, 1, 0, 1, 1, 0, 0, 0, 0]], "34741.sol": [1, [1, 0, 1, 0, 0, 0, 0, 1, 0, 0]], "22590.sol": [0, [0, 0, 0, 0, 0, 0, 0, 0, 0, 0]], "19308.sol": [1, [0, 0, 1, 0, 1, 1, 0, 0, 0, 0]], "14299.sol": [1, [1, 1, 1, 0, 1, 0, 1, 1, 1, 1]], "39100.sol": [1, [0, 0, 1, 0, 0, 0, 1, 0, 0, 1]], "9972.sol": [1, [1, 1, 1, 1, 1, 1, 1, 1, 1, 1]], "5749.sol": [1, [0, 0, 0, 0, 0, 1, 0, 0, 0, 1]], "4592.sol": [1, [0, 0, 0, 0, 0, 0, 0, 1, 0, 1]], "3419.sol": [1, [1, 0, 1, 0, 0, 0, 1, 0, 0, 0]], "40448.sol": [0, [0, 0, 0, 0, 0, 0, 0, 0, 0, 0]], "9623.sol": [0, [0, 0, 0, 0, 0, 0, 0, 0, 0, 0]], "38367.sol": [1, [1, 1, 1, 0, 1, 0, 0, 0, 0, 0]], "30408.sol": [1, [1, 1, 1, 0, 0, 1, 0, 0, 0, 0]], "652.sol": [1, [0, 0, 0, 1, 1, 1, 0, 0, 0, 0]], "22370.sol": [0, [0, 0, 0, 0, 0, 0, 0, 0, 0, 0]], "28409.sol": [0, [0, 0, 0, 0, 0, 0, 0, 0, 0, 0]], "12203.sol": [1, [1, 1, 1, 0, 1, 0, 1, 1, 0, 0]], "15476.sol": [1, [1, 1, 1, 1, 0, 0, 1, 0, 1, 1]], "2431.sol": [0, [0, 0, 0, 0, 0, 0, 0, 0, 0, 0]], "37249.sol": [1, [0, 0, 1, 1, 0, 0, 1, 0, 1, 0]], "25251.sol": [0, [0, 0, 0, 0, 0, 0, 0, 0, 0, 0]], "38959.sol": [1, [1, 0, 0, 0, 0, 0, 0, 0, 0, 0]], "15862.sol": [1, [1, 1, 1, 0, 0, 0, 0, 0, 1, 0]], "22779.sol": [1, [1, 1, 1, 1, 1, 1, 1, 1, 1, 1]], "39124.sol": [1, [0, 0, 0, 0, 0, 0, 1, 1, 0, 1]], "31287.sol": [1, [1, 1, 0, 0, 1, 1, 0, 0, 1, 1]], "38416.sol": [1, [1, 0, 0, 0, 0, 0, 0, 1, 1, 0]], "33373.sol": [1, [0, 0, 0, 0, 0, 0, 0, 0, 1, 1]], "33277.sol": [1, [0, 1, 1, 0, 0, 0, 1, 1, 0, 0]], "32203.sol": [1, [0, 0, 0, 0, 1, 0, 0, 1, 1, 0]], "2736.sol": [0, [0, 0, 0, 0, 0, 0, 0, 0, 0, 0]], "18607.sol": [1, [1, 1, 1, 0, 0, 0, 0, 1, 0, 0]], "136.sol": [1, [1, 1, 1, 0, 0, 0, 0, 0, 1, 1]], "27743.sol": [1, [1, 1, 1, 1, 1, 1, 0, 1, 1, 1]], "14813.sol": [0, [0, 0, 0, 0, 0, 0, 0, 0, 0, 0]], "36395.sol": [1, [0, 0, 0, 0, 0, 1, 0, 0, 1, 0]], "35353.sol": [1, [1, 0, 1, 1, 0, 0, 0, 0, 1, 0]], "7320.sol": [1, [1, 1, 1, 1, 1, 1, 1, 1, 0, 0]], "20487.sol": [1, [1, 1, 1, 1, 0, 0, 1, 1, 0, 0]], "36622.sol": [0, [0, 0, 0, 0, 0, 0, 0, 0, 0, 0]], "39132.sol": [1, [1, 1, 0, 1, 1, 1, 1, 0, 1, 1]], "11382.sol": [1, [0, 1, 0, 0, 0, 0, 1, 1, 1, 1]], "21622.sol": [1, [1, 1, 0, 0, 0, 0, 0, 0, 0, 1]], "16216.sol": [0, [0, 0, 0, 0, 0, 0, 0, 0, 0, 0]], "11698.sol": [1, [0, 1, 0, 0, 0, 1, 0, 0, 0, 0]], "5792.sol": [1, [0, 0, 0, 0, 1, 0, 0, 1, 1, 1]], "38623.sol": [1, [1, 1, 1, 1, 1, 1, 1, 1, 1, 0]], "33958.sol": [0, [0, 0, 0, 0, 0, 0, 0, 0, 0, 0]], "28131.sol": [1, [1, 1, 1, 1, 1, 1, 1, 1, 1, 1]], "6211.sol": [1, [1, 1, 1, 1, 0, 0, 0, 0, 0, 0]], "31920.sol": [1, [0, 0, 0, 0, 0, 0, 0, 1, 0, 0]], "19657.sol": [1, [1, 1, 1, 1, 1, 1, 1, 1, 1, 1]], "29182.sol": [1, [0, 0, 0, 1, 0, 1, 0, 0, 1, 1]], "32481.sol": [1, [0, 0, 0, 1, 0, 1, 0, 0, 0, 1]], "12373.sol": [1, [1, 1, 1, 1, 0, 1, 1, 1, 1, 1]], "9479.sol": [1, [0, 1, 1, 0, 0, 0, 0, 0, 0, 0]], "20450.sol": [1, [0, 0, 1, 0, 1, 1, 0, 0, 0, 0]], "6195.sol": [1, [1, 1, 0, 1, 1, 0, 0, 0, 0, 0]], "36024.sol": [0, [0, 0, 0, 0, 0, 0, 0, 0, 0, 0]], "18447.sol": [1, [0, 0, 1, 0, 1, 1, 0, 0, 0, 0]], "2814.sol": [0, [0, 0, 0, 0, 0, 0, 0, 0, 0, 0]], "39070.sol": [1, [1, 1, 1, 1, 0, 0, 1, 1, 0, 0]], "22850.sol": [1, [0, 0, 0, 0, 0, 0, 0, 0, 1, 1]], "33918.sol": [1, [1, 1, 1, 1, 1, 1, 1, 1, 1, 1]], "32217.sol": [1, [1, 1, 1, 1, 1, 1, 1, 1, 1, 1]], "237.sol": [0, [0, 0, 0, 0, 0, 0, 0, 0, 0, 0]], "39073.sol": [0, [0, 0, 0, 0, 0, 0, 0, 0, 0, 0]], "1998.sol": [1, [0, 0, 1, 0, 0, 0, 0, 0, 0, 0]], "39961.sol": [1, [1, 1, 1, 1, 0, 0, 0, 0, 1, 1]], "17497.sol": [0, [0, 0, 0, 0, 0, 0, 0, 0, 0, 0]], "24621.sol": [1, [1, 1, 1, 1, 1, 1, 1, 1, 1, 1]], "332.sol": [0, [0, 0, 0, 0, 0, 0, 0, 0, 0, 0]], "14157.sol": [1, [1, 1, 1, 0, 1, 0, 1, 1, 0, 0]], "14213.sol": [1, [1, 0, 0, 0, 0, 0, 0, 0, 0, 1]], "1819.sol": [0, [0, 0, 0, 0, 0, 0, 0, 0, 0, 0]], "25192.sol": [0, [0, 0, 0, 0, 0, 0, 0, 0, 0, 0]], "36561.sol": [1, [1, 1, 1, 1, 1, 1, 1, 1, 1, 1]], "37729.sol": [1, [0, 0, 0, 1, 1, 0, 1, 0, 0, 0]], "40725.sol": [1, [0, 0, 0, 0, 0, 0, 0, 0, 0, 1]], "13953.sol": [1, [1, 1, 0, 0, 1, 1, 0, 0, 0, 0]], "17328.sol": [0, [0, 0, 0, 0, 0, 0, 0, 0, 0, 0]], "649.sol": [0, [0, 0, 0, 0, 0, 0, 0, 0, 0, 0]], "35818.sol": [1, [0, 0, 0, 0, 1, 1, 0, 0, 0, 0]], "16689.sol": [1, [1, 0, 0, 1, 1, 0, 0, 1, 0, 0]], "1058.sol": [1, [0, 1, 0, 0, 0, 0, 0, 0, 0, 0]], "25489.sol": [1, [1, 0, 0, 0, 0, 0, 0, 1, 0, 0]], "19936.sol": [1, [1, 1, 0, 0, 1, 1, 0, 0, 0, 0]], "22857.sol": [1, [0, 0, 1, 1, 0, 0, 0, 0, 0, 0]], "10559.sol": [0, [0, 0, 0, 0, 0, 0, 0, 0, 0, 0]], "19263.sol": [1, [1, 1, 1, 0, 0, 0, 0, 0, 0, 0]], "26523.sol": [1, [0, 0, 0, 0, 0, 0, 0, 0, 1, 1]], "37658.sol": [1, [0, 0, 0, 0, 0, 0, 0, 1, 0, 0]], "38456.sol": [1, [1, 1, 1, 1, 1, 1, 1, 1, 1, 1]], "14167.sol": [1, [1, 1, 1, 0, 1, 0, 1, 1, 0, 0]], "18278.sol": [1, [0, 0, 0, 0, 0, 0, 1, 1, 0, 1]], "36474.sol": [1, [1, 1, 1, 1, 1, 1, 0, 1, 0, 1]], "22795.sol": [1, [1, 1, 0, 0, 1, 1, 1, 1, 1, 1]], "15825.sol": [1, [1, 0, 0, 0, 0, 0, 0, 0, 0, 0]], "1365.sol": [1, [0, 0, 0, 1, 0, 0, 0, 0, 0, 0]], "7919.sol": [1, [0, 0, 0, 0, 0, 0, 0, 1, 1, 1]], "15225.sol": [1, [1, 1, 0, 0, 0, 1, 0, 0, 0, 0]], "21921.sol": [1, [0, 0, 0, 0, 1, 1, 0, 0, 0, 0]], "15668.sol": [1, [1, 1, 0, 0, 1, 1, 1, 0, 0, 0]], "23796.sol": [1, [1, 1, 1, 1, 1, 1, 1, 1, 1, 1]], "20029.sol": [1, [0, 0, 1, 0, 0, 0, 0, 0, 0, 0]], "20937.sol": [1, [0, 0, 0, 1, 0, 1, 0, 1, 1, 0]], "173.sol": [1, [0, 0, 0, 0, 1, 1, 0, 0, 0, 0]], "37837.sol": [1, [1, 1, 1, 1, 1, 1, 1, 1, 0, 1]], "20146.sol": [1, [1, 1, 1, 1, 0, 0, 0, 0, 0, 0]], "33710.sol": [1, [1, 1, 1, 1, 1, 1, 1, 1, 1, 0]], "38217.sol": [1, [1, 1, 0, 1, 1, 0, 0, 0, 0, 0]], "18899.sol": [1, [0, 1, 0, 1, 0, 0, 0, 0, 0, 1]], "31517.sol": [1, [1, 0, 0, 0, 1, 0, 0, 1, 1, 1]], "40222.sol": [1, [1, 1, 1, 1, 1, 1, 1, 1, 1, 1]], "29013.sol": [1, [0, 0, 0, 1, 0, 1, 0, 0, 1, 1]], "20194.sol": [1, [1, 1, 1, 1, 1, 1, 1, 1, 1, 1]], "37302.sol": [1, [1, 1, 1, 1, 1, 1, 1, 1, 0, 0]], "36734.sol": [1, [1, 1, 1, 1, 1, 1, 1, 1, 0, 1]], "38486.sol": [1, [1, 1, 1, 0, 1, 0, 0, 0, 0, 0]], "24504.sol": [1, [1, 1, 1, 1, 1, 1, 1, 1, 1, 1]], "13396.sol": [1, [0, 0, 0, 0, 0, 0, 1, 1, 1, 1]], "39743.sol": [1, [0, 1, 0, 0, 0, 0, 1, 0, 1, 0]], "22533.sol": [1, [0, 0, 0, 0, 0, 0, 0, 0, 0, 1]], "12325.sol": [0, [0, 0, 0, 0, 0, 0, 0, 0, 0, 0]], "37918.sol": [1, [0, 0, 1, 0, 0, 0, 0, 0, 0, 1]], "4905.sol": [1, [0, 0, 0, 1, 1, 0, 0, 0, 0, 0]], "8450.sol": [1, [0, 1, 0, 0, 1, 0, 1, 1, 0, 1]], "13970.sol": [1, [1, 1, 1, 0, 1, 0, 1, 1, 0, 0]], "38718.sol": [1, [0, 0, 0, 0, 0, 1, 1, 1, 1, 0]], "1232.sol": [0, [0, 0, 0, 0, 0, 0, 0, 0, 0, 0]], "33716.sol": [0, [0, 0, 0, 0, 0, 0, 0, 0, 0, 0]], "12378.sol": [1, [1, 0, 0, 1, 0, 1, 0, 0, 0, 0]], "7528.sol": [1, [1, 1, 0, 0, 0, 0, 0, 0, 0, 0]], "39795.sol": [1, [1, 1, 0, 1, 0, 1, 0, 0, 1, 0]], "11743.sol": [1, [0, 0, 1, 0, 1, 0, 0, 1, 0, 1]], "31921.sol": [0, [0, 0, 0, 0, 0, 0, 0, 0, 0, 0]], "23367.sol": [1, [1, 1, 1, 1, 1, 1, 1, 1, 0, 0]], "36206.sol": [1, [1, 0, 0, 0, 1, 0, 0, 0, 0, 0]], "18864.sol": [1, [1, 1, 1, 1, 1, 1, 1, 1, 1, 1]], "1761.sol": [1, [0, 0, 0, 0, 0, 1, 0, 0, 0, 0]], "29769.sol": [1, [0, 0, 0, 0, 0, 0, 0, 0, 1, 0]], "28366.sol": [0, [0, 0, 0, 0, 0, 0, 0, 0, 0, 0]], "8165.sol": [1, [0, 0, 1, 0, 1, 1, 0, 0, 0, 0]], "19266.sol": [1, [0, 0, 1, 0, 1, 1, 0, 0, 0, 0]], "31509.sol": [1, [1, 0, 0, 0, 0, 0, 1, 1, 1, 1]], "17617.sol": [0, [0, 0, 0, 0, 0, 0, 0, 0, 0, 0]], "13025.sol": [1, [1, 1, 1, 1, 1, 1, 0, 0, 1, 1]], "14055.sol": [1, [1, 1, 1, 0, 1, 0, 1, 1, 0, 0]], "13765.sol": [0, [0, 0, 0, 0, 0, 0, 0, 0, 0, 0]], "6340.sol": [1, [0, 1, 1, 0, 1, 0, 0, 1, 0, 1]], "12098.sol": [0, [0, 0, 0, 0, 0, 0, 0, 0, 0, 0]], "30297.sol": [1, [1, 0, 0, 0, 0, 0, 0, 0, 0, 0]], "25968.sol": [1, [0, 0, 0, 0, 0, 0, 0, 0, 1, 1]], "2948.sol": [0, [0, 0, 0, 0, 0, 0, 0, 0, 0, 0]], "38303.sol": [1, [1, 1, 1, 0, 1, 0, 0, 0, 0, 0]], "15909.sol": [1, [1, 1, 1, 1, 0, 1, 0, 1, 1, 1]], "28119.sol": [1, [1, 1, 1, 1, 1, 1, 1, 1, 1, 1]], "27899.sol": [1, [1, 1, 1, 1, 1, 1, 1, 1, 1, 1]], "38872.sol": [1, [1, 0, 0, 0, 0, 0, 0, 0, 0, 0]], "24937.sol": [1, [0, 0, 0, 0, 0, 0, 0, 0, 0, 1]], "14262.sol": [1, [1, 1, 1, 0, 1, 0, 0, 0, 0, 0]], "13646.sol": [1, [1, 1, 1, 0, 1, 0, 1, 1, 0, 1]], "6339.sol": [1, [1, 0, 1, 1, 0, 1, 1, 1, 0, 0]], "38485.sol": [1, [1, 1, 1, 0, 1, 0, 0, 0, 0, 0]], "39957.sol": [1, [1, 1, 1, 1, 0, 0, 0, 0, 1, 1]], "9163.sol": [1, [0, 0, 0, 1, 1, 1, 1, 0, 1, 1]], "14770.sol": [1, [1, 1, 1, 1, 1, 0, 0, 0, 0, 0]], "31615.sol": [0, [0, 0, 0, 0, 0, 0, 0, 0, 0, 0]], "27068.sol": [1, [0, 0, 0, 0, 0, 0, 1, 1, 1, 0]], "14054.sol": [1, [1, 1, 1, 0, 1, 0, 1, 1, 0, 0]], "16443.sol": [1, [0, 1, 0, 0, 1, 0, 0, 0, 0, 1]], "35755.sol": [1, [1, 0, 1, 1, 0, 0, 0, 0, 1, 0]], "26823.sol": [1, [0, 0, 1, 1, 1, 1, 1, 0, 0, 0]], "14435.sol": [1, [1, 1, 1, 0, 1, 0, 0, 1, 1, 1]], "37622.sol": [1, [1, 1, 1, 0, 1, 0, 0, 0, 0, 0]], "16217.sol": [0, [0, 0, 0, 0, 0, 0, 0, 0, 0, 0]], "34210.sol": [0, [0, 0, 0, 0, 0, 0, 0, 0, 0, 0]], "9901.sol": [1, [0, 0, 1, 0, 1, 1, 1, 1, 1, 1]], "10773.sol": [1, [0, 0, 0, 0, 1, 0, 0, 1, 0, 0]], "32303.sol": [1, [0, 0, 0, 1, 0, 1, 1, 0, 1, 0]], "37193.sol": [1, [1, 0, 0, 0, 0, 1, 1, 0, 0, 0]], "38131.sol": [1, [1, 1, 0, 0, 1, 0, 0, 0, 0, 0]], "28140.sol": [1, [1, 1, 1, 1, 1, 1, 1, 1, 1, 1]], "1720.sol": [1, [0, 1, 0, 0, 1, 0, 1, 1, 0, 1]], "20973.sol": [1, [0, 0, 0, 0, 1, 0, 1, 0, 0, 0]], "16395.sol": [1, [0, 0, 0, 0, 0, 1, 1, 1, 0, 0]], "30058.sol": [1, [0, 0, 0, 0, 0, 0, 1, 1, 1, 1]], "20389.sol": [1, [0, 0, 0, 0, 0, 0, 0, 0, 0, 1]], "11062.sol": [1, [1, 0, 0, 0, 0, 0, 0, 0, 1, 0]], "13864.sol": [0, [0, 0, 0, 0, 0, 0, 0, 0, 0, 0]], "2306.sol": [1, [0, 1, 1, 1, 1, 1, 1, 0, 0, 1]], "39019.sol": [0, [0, 0, 0, 0, 0, 0, 0, 0, 0, 0]], "40013.sol": [1, [0, 0, 0, 0, 0, 0, 0, 0, 0, 1]], "21406.sol": [1, [1, 1, 1, 1, 0, 0, 0, 0, 0, 0]], "22952.sol": [1, [1, 1, 1, 1, 0, 0, 0, 0, 1, 1]], "17353.sol": [1, [1, 1, 1, 1, 0, 0, 0, 0, 0, 0]], "11348.sol": [1, [0, 1, 1, 1, 0, 0, 0, 0, 0, 0]], "14893.sol": [1, [0, 0, 1, 1, 0, 0, 1, 0, 0, 0]], "32372.sol": [1, [1, 1, 1, 1, 0, 0, 0, 0, 1, 0]], "35275.sol": [1, [0, 0, 0, 0, 0, 0, 1, 1, 0, 1]], "36180.sol": [1, [1, 1, 1, 0, 0, 0, 1, 0, 1, 1]], "21771.sol": [1, [0, 0, 0, 0, 1, 0, 1, 1, 1, 1]], "36048.sol": [0, [0, 0, 0, 0, 0, 0, 0, 0, 0, 0]], "36467.sol": [1, [1, 1, 1, 1, 1, 1, 0, 1, 0, 1]], "22367.sol": [1, [1, 0, 1, 0, 1, 0, 0, 0, 0, 0]], "39057.sol": [1, [0, 0, 1, 0, 0, 1, 0, 0, 1, 0]], "30585.sol": [0, [0, 0, 0, 0, 0, 0, 0, 0, 0, 0]], "4200.sol": [1, [1, 1, 1, 1, 1, 1, 1, 1, 1, 1]], "14211.sol": [1, [1, 1, 1, 1, 0, 0, 0, 0, 1, 1]], "6460.sol": [1, [1, 1, 0, 1, 1, 0, 1, 0, 1, 0]], "11246.sol": [1, [0, 0, 0, 1, 1, 1, 1, 0, 0, 0]], "14668.sol": [0, [0, 0, 0, 0, 0, 0, 0, 0, 0, 0]], "40209.sol": [1, [1, 1, 1, 1, 1, 1, 1, 1, 1, 1]], "36466.sol": [1, [1, 1, 1, 1, 1, 1, 0, 1, 0, 1]], "34179.sol": [1, [1, 0, 0, 0, 0, 0, 1, 0, 1, 0]], "8009.sol": [1, [0, 0, 0, 0, 0, 0, 0, 0, 0, 1]], "15397.sol": [0, [0, 0, 0, 0, 0, 0, 0, 0, 0, 0]], "21373.sol": [1, [1, 1, 1, 1, 1, 1, 1, 1, 1, 1]], "38384.sol": [1, [0, 0, 0, 0, 1, 1, 1, 0, 0, 1]], "27827.sol": [1, [0, 0, 0, 0, 1, 1, 1, 1, 0, 0]], "654.sol": [1, [1, 1, 1, 1, 1, 0, 0, 1, 1, 0]], "26832.sol": [0, [0, 0, 0, 0, 0, 0, 0, 0, 0, 0]], "36969.sol": [1, [1, 1, 1, 1, 0, 0, 0, 1, 1, 0]], "39822.sol": [0, [0, 0, 0, 0, 0, 0, 0, 0, 0, 0]], "18834.sol": [1, [1, 1, 0, 1, 1, 0, 0, 0, 1, 0]], "313.sol": [1, [0, 1, 1, 0, 0, 1, 1, 0, 0, 0]], "20094.sol": [1, [0, 0, 1, 0, 1, 1, 1, 0, 0, 0]], "29328.sol": [1, [1, 0, 0, 0, 1, 0, 0, 0, 0, 0]], "33016.sol": [1, [1, 1, 1, 1, 0, 0, 0, 0, 0, 0]], "39768.sol": [1, [1, 1, 0, 0, 1, 1, 0, 0, 1, 0]], "35684.sol": [0, [0, 0, 0, 0, 0, 0, 0, 0, 0, 0]], "16195.sol": [0, [0, 0, 0, 0, 0, 0, 0, 0, 0, 0]], "9154.sol": [1, [0, 1, 1, 1, 1, 1, 1, 1, 1, 1]], "22729.sol": [1, [0, 1, 0, 0, 0, 0, 1, 0, 0, 0]], "36908.sol": [1, [0, 0, 0, 0, 0, 0, 0, 0, 1, 0]], "28420.sol": [1, [1, 1, 1, 1, 1, 1, 0, 1, 1, 0]], "35950.sol": [0, [0, 0, 0, 0, 0, 0, 0, 0, 0, 0]], "24946.sol": [1, [0, 0, 0, 1, 1, 0, 0, 0, 0, 0]], "28651.sol": [0, [0, 0, 0, 0, 0, 0, 0, 0, 0, 0]], "5548.sol": [1, [1, 1, 0, 0, 0, 0, 0, 1, 0, 0]], "11718.sol": [0, [0, 0, 0, 0, 0, 0, 0, 0, 0, 0]], "32559.sol": [1, [0, 0, 0, 1, 1, 1, 0, 0, 1, 1]], "216.sol": [1, [1, 0, 1, 0, 0, 0, 1, 1, 1, 1]], "39706.sol": [1, [1, 1, 0, 0, 0, 0, 0, 0, 0, 0]], "39761.sol": [1, [1, 0, 0, 1, 0, 0, 0, 0, 0, 0]], "19923.sol": [1, [1, 1, 1, 0, 0, 0, 0, 0, 0, 0]], "33722.sol": [0, [0, 0, 0, 0, 0, 0, 0, 0, 0, 0]], "16222.sol": [1, [1, 1, 0, 0, 0, 0, 0, 0, 0, 0]], "29281.sol": [1, [1, 1, 1, 1, 1, 0, 0, 0, 0, 0]], "23655.sol": [1, [0, 0, 0, 0, 0, 0, 0, 0, 0, 1]], "23027.sol": [1, [0, 0, 0, 0, 1, 0, 1, 1, 0, 0]], "5751.sol": [1, [0, 0, 0, 0, 0, 1, 0, 0, 0, 1]], "22023.sol": [0, [0, 0, 0, 0, 0, 0, 0, 0, 0, 0]], "32370.sol": [1, [1, 1, 1, 1, 0, 0, 0, 0, 0, 0]], "2533.sol": [0, [0, 0, 0, 0, 0, 0, 0, 0, 0, 0]], "1968.sol": [1, [1, 1, 1, 0, 0, 0, 0, 0, 0, 0]], "2053.sol": [0, [0, 0, 0, 0, 0, 0, 0, 0, 0, 0]], "13318.sol": [1, [0, 0, 0, 0, 0, 1, 1, 1, 1, 1]], "13422.sol": [1, [1, 1, 1, 0, 0, 1, 0, 1, 0, 1]], "19784.sol": [1, [0, 0, 1, 1, 0, 0, 0, 0, 0, 0]], "22175.sol": [1, [1, 1, 1, 1, 0, 0, 1, 0, 1, 0]], "25209.sol": [0, [0, 0, 0, 0, 0, 0, 0, 0, 0, 0]], "1885.sol": [1, [0, 0, 0, 0, 0, 0, 1, 1, 0, 0]], "38662.sol": [1, [1, 0, 0, 0, 0, 1, 1, 1, 1, 1]], "13603.sol": [1, [1, 1, 1, 0, 1, 0, 1, 1, 0, 0]], "23072.sol": [1, [0, 0, 0, 1, 0, 1, 1, 0, 0, 0]], "24148.sol": [1, [0, 0, 0, 0, 0, 0, 1, 0, 1, 0]], "25548.sol": [1, [0, 0, 0, 0, 1, 0, 0, 0, 1, 1]], "29376.sol": [1, [1, 1, 1, 0, 0, 0, 0, 0, 0, 0]], "26310.sol": [1, [1, 1, 1, 1, 0, 0, 0, 0, 1, 1]], "18854.sol": [0, [0, 0, 0, 0, 0, 0, 0, 0, 0, 0]], "13303.sol": [1, [1, 1, 0, 0, 0, 1, 1, 1, 1, 1]], "29659.sol": [1, [0, 0, 0, 0, 0, 0, 0, 0, 0, 1]], "14214.sol": [1, [1, 0, 0, 0, 0, 0, 0, 0, 0, 1]], "4885.sol": [1, [0, 0, 1, 0, 1, 1, 1, 1, 1, 1]], "13665.sol": [1, [0, 0, 0, 0, 0, 0, 0, 0, 1, 1]], "21490.sol": [1, [1, 1, 1, 1, 1, 1, 1, 1, 1, 1]], "36607.sol": [1, [1, 1, 1, 1, 1, 1, 1, 1, 0, 0]], "9872.sol": [0, [0, 0, 0, 0, 0, 0, 0, 0, 0, 0]], "17352.sol": [1, [1, 1, 1, 1, 0, 0, 0, 0, 1, 1]], "19912.sol": [0, [0, 0, 0, 0, 0, 0, 0, 0, 0, 0]], "36909.sol": [1, [0, 0, 0, 0, 0, 0, 0, 0, 1, 0]], "31515.sol": [1, [1, 0, 0, 0, 0, 0, 1, 1, 1, 1]], "6298.sol": [1, [1, 1, 1, 1, 1, 1, 1, 1, 1, 1]], "38448.sol": [1, [0, 0, 0, 0, 0, 0, 0, 0, 1, 1]], "29893.sol": [1, [0, 0, 1, 1, 1, 1, 1, 0, 1, 1]], "14091.sol": [0, [0, 0, 0, 0, 0, 0, 0, 0, 0, 0]], "36172.sol": [0, [0, 0, 0, 0, 0, 0, 0, 0, 0, 0]], "37459.sol": [1, [0, 0, 1, 1, 1, 1, 1, 1, 0, 0]], "37118.sol": [1, [1, 0, 0, 0, 1, 0, 0, 0, 0, 0]], "27413.sol": [1, [0, 0, 0, 0, 1, 0, 0, 1, 0, 0]], "10112.sol": [1, [0, 0, 0, 0, 0, 0, 1, 1, 1, 0]], "8525.sol": [1, [0, 1, 0, 0, 0, 0, 1, 0, 0, 0]], "23210.sol": [1, [0, 0, 1, 1, 0, 0, 0, 1, 0, 0]], "11366.sol": [1, [0, 0, 0, 0, 1, 0, 1, 0, 0, 1]], "6174.sol": [0, [0, 0, 0, 0, 0, 0, 0, 0, 0, 0]], "14189.sol": [1, [1, 1, 1, 0, 1, 0, 1, 1, 0, 0]], "11041.sol": [1, [0, 0, 0, 0, 1, 0, 0, 0, 0, 0]], "20538.sol": [0, [0, 0, 0, 0, 0, 0, 0, 0, 0, 0]], "34948.sol": [1, [0, 0, 0, 0, 0, 1, 1, 0, 0, 0]], "21144.sol": [1, [1, 0, 1, 1, 0, 0, 0, 1, 1, 0]], "25219.sol": [1, [1, 0, 0, 1, 1, 1, 1, 0, 1, 1]], "34195.sol": [1, [0, 0, 1, 0, 1, 0, 0, 0, 0, 0]], "34051.sol": [0, [0, 0, 0, 0, 0, 0, 0, 0, 0, 0]], "27009.sol": [0, [0, 0, 0, 0, 0, 0, 0, 0, 0, 0]], "28688.sol": [1, [0, 0, 0, 0, 0, 1, 0, 1, 0, 0]], "22839.sol": [1, [0, 1, 1, 0, 1, 1, 1, 0, 0, 1]], "38828.sol": [1, [0, 1, 0, 0, 0, 1, 0, 0, 1, 0]], "24125.sol": [0, [0, 0, 0, 0, 0, 0, 0, 0, 0, 0]], "34480.sol": [0, [0, 0, 0, 0, 0, 0, 0, 0, 0, 0]], "3434.sol": [1, [0, 1, 0, 0, 0, 0, 0, 0, 0, 0]], "16973.sol": [1, [0, 0, 1, 0, 1, 1, 0, 0, 0, 0]], "13950.sol": [1, [0, 0, 0, 1, 0, 1, 0, 0, 0, 0]], "33897.sol": [1, [1, 1, 0, 1, 0, 0, 0, 0, 0, 0]], "35953.sol": [1, [0, 0, 0, 1, 0, 0, 0, 0, 0, 0]], "12898.sol": [1, [0, 1, 0, 0, 0, 0, 0, 0, 0, 0]], "16982.sol": [1, [0, 0, 1, 0, 1, 1, 0, 0, 0, 0]], "14579.sol": [1, [0, 0, 0, 1, 0, 1, 0, 0, 0, 0]], "24947.sol": [1, [0, 0, 1, 0, 1, 0, 0, 1, 0, 0]], "20913.sol": [0, [0, 0, 0, 0, 0, 0, 0, 0, 0, 0]], "20337.sol": [0, [0, 0, 0, 0, 0, 0, 0, 0, 0, 0]], "39115.sol": [1, [1, 1, 1, 1, 1, 0, 0, 0, 1, 1]], "16640.sol": [1, [0, 0, 0, 0, 0, 0, 1, 1, 1, 0]], "20989.sol": [1, [0, 0, 0, 0, 1, 0, 1, 0, 0, 0]], "32119.sol": [1, [1, 1, 1, 1, 1, 1, 1, 1, 1, 1]], "22048.sol": [1, [0, 0, 0, 0, 0, 1, 0, 0, 0, 0]], "20735.sol": [1, [0, 0, 0, 0, 0, 0, 1, 0, 0, 1]], "1673.sol": [1, [0, 1, 0, 0, 0, 0, 0, 0, 0, 0]], "11861.sol": [1, [0, 1, 0, 1, 0, 0, 1, 1, 0, 0]], "665.sol": [1, [1, 0, 0, 0, 0, 0, 0, 0, 0, 0]], "18671.sol": [1, [0, 0, 1, 0, 1, 1, 0, 0, 0, 0]], "34657.sol": [1, [0, 1, 1, 1, 1, 1, 1, 1, 0, 1]], "39315.sol": [1, [1, 0, 0, 0, 0, 0, 0, 0, 0, 0]], "40344.sol": [1, [0, 0, 0, 0, 0, 0, 0, 0, 1, 1]], "35971.sol": [1, [0, 0, 1, 0, 1, 0, 0, 0, 0, 0]], "32170.sol": [1, [0, 0, 0, 1, 0, 0, 0, 0, 0, 0]], "22812.sol": [1, [0, 0, 0, 0, 0, 0, 1, 0, 0, 0]], "19011.sol": [1, [0, 0, 1, 0, 1, 1, 0, 0, 0, 0]], "15910.sol": [1, [1, 1, 1, 1, 0, 1, 0, 1, 1, 1]], "13288.sol": [1, [1, 1, 0, 1, 0, 0, 1, 0, 0, 0]], "4865.sol": [1, [0, 0, 0, 0, 1, 1, 1, 1, 1, 1]], "39220.sol": [0, [0, 0, 0, 0, 0, 0, 0, 0, 0, 0]], "20395.sol": [0, [0, 0, 0, 0, 0, 0, 0, 0, 0, 0]], "29012.sol": [1, [0, 0, 0, 1, 0, 1, 0, 0, 1, 1]], "6459.sol": [1, [0, 0, 0, 0, 1, 1, 1, 1, 1, 1]], "14045.sol": [0, [0, 0, 0, 0, 0, 0, 0, 0, 0, 0]], "36580.sol": [0, [0, 0, 0, 0, 0, 0, 0, 0, 0, 0]], "13789.sol": [1, [0, 0, 1, 0, 1, 1, 0, 0, 0, 0]], "35837.sol": [1, [0, 0, 0, 1, 0, 0, 0, 0, 0, 0]], "22410.sol": [1, [1, 1, 0, 0, 0, 0, 0, 0, 0, 0]], "6307.sol": [1, [0, 0, 1, 0, 1, 1, 1, 1, 1, 1]], "26793.sol": [1, [1, 0, 0, 1, 0, 0, 0, 0, 0, 0]], "6444.sol": [1, [1, 1, 0, 0, 0, 0, 0, 0, 1, 1]], "21408.sol": [1, [1, 1, 1, 1, 0, 0, 0, 0, 0, 0]], "2988.sol": [1, [1, 1, 1, 0, 0, 1, 0, 1, 0, 1]], "21774.sol": [1, [0, 1, 1, 0, 0, 1, 1, 0, 0, 1]], "39901.sol": [1, [1, 1, 1, 1, 1, 1, 1, 1, 1, 1]], "4686.sol": [1, [0, 0, 1, 1, 1, 1, 1, 1, 1, 1]], "38357.sol": [1, [0, 1, 0, 0, 0, 1, 0, 0, 0, 1]], "5550.sol": [1, [1, 1, 0, 0, 0, 0, 1, 1, 0, 0]], "20812.sol": [1, [0, 1, 0, 0, 1, 1, 0, 0, 0, 1]], "19714.sol": [1, [0, 1, 0, 0, 0, 0, 1, 1, 0, 0]], "37281.sol": [0, [0, 0, 0, 0, 0, 0, 0, 0, 0, 0]], "30254.sol": [1, [1, 1, 1, 1, 1, 1, 0, 0, 0, 0]], "38409.sol": [1, [1, 1, 1, 1, 1, 1, 1, 0, 0, 1]], "20411.sol": [1, [0, 0, 0, 0, 0, 0, 1, 0, 0, 1]], "34535.sol": [0, [0, 0, 0, 0, 0, 0, 0, 0, 0, 0]], "36440.sol": [1, [1, 1, 0, 0, 1, 0, 0, 1, 0, 0]], "39765.sol": [1, [1, 1, 0, 1, 0, 1, 0, 0, 1, 0]], "11655.sol": [1, [1, 1, 0, 0, 0, 0, 0, 0, 0, 0]], "24007.sol": [1, [0, 0, 0, 0, 0, 0, 0, 0, 1, 0]], "25802.sol": [0, [0, 0, 0, 0, 0, 0, 0, 0, 0, 0]], "29392.sol": [1, [0, 0, 0, 0, 0, 0, 1, 1, 0, 0]], "11556.sol": [1, [0, 0, 1, 0, 1, 0, 0, 1, 0, 1]], "33761.sol": [1, [1, 0, 0, 1, 0, 1, 1, 1, 1, 0]], "34008.sol": [0, [0, 0, 0, 0, 0, 0, 0, 0, 0, 0]], "33196.sol": [1, [1, 0, 0, 1, 0, 1, 1, 1, 1, 0]], "28515.sol": [1, [0, 0, 0, 0, 1, 0, 0, 0, 0, 0]], "15648.sol": [1, [1, 1, 1, 0, 1, 0, 0, 0, 0, 0]], "1714.sol": [1, [1, 1, 1, 1, 0, 0, 0, 0, 0, 1]], "13786.sol": [1, [1, 0, 0, 0, 0, 0, 0, 0, 1, 0]], "1302.sol": [0, [0, 0, 0, 0, 0, 0, 0, 0, 0, 0]], "14212.sol": [1, [1, 0, 0, 0, 0, 0, 0, 0, 0, 1]], "38903.sol": [1, [1, 1, 1, 0, 1, 0, 0, 0, 0, 0]], "34064.sol": [1, [1, 1, 1, 1, 1, 1, 1, 1, 1, 1]], "20706.sol": [0, [0, 0, 0, 0, 0, 0, 0, 0, 0, 0]], "13142.sol": [1, [1, 1, 1, 0, 1, 0, 1, 1, 0, 0]], "6262.sol": [1, [0, 0, 0, 0, 1, 1, 0, 0, 0, 0]], "24790.sol": [1, [1, 1, 1, 1, 1, 1, 1, 1, 1, 1]], "14967.sol": [1, [0, 0, 0, 0, 0, 1, 0, 0, 0, 0]], "27914.sol": [1, [1, 1, 1, 1, 1, 1, 1, 1, 1, 1]], "4328.sol": [1, [0, 0, 0, 0, 1, 1, 0, 0, 0, 0]], "8161.sol": [1, [0, 0, 1, 0, 1, 1, 0, 0, 0, 0]], "3988.sol": [1, [0, 0, 0, 0, 1, 1, 0, 0, 0, 0]], "13445.sol": [1, [1, 0, 0, 0, 0, 1, 0, 0, 0, 0]], "13157.sol": [1, [1, 1, 0, 0, 0, 0, 0, 0, 0, 0]], "21248.sol": [1, [1, 1, 1, 1, 1, 1, 0, 0, 0, 0]], "16040.sol": [1, [1, 1, 1, 1, 1, 1, 1, 1, 1, 1]], "39118.sol": [1, [1, 1, 0, 0, 1, 0, 0, 0, 1, 1]], "39148.sol": [1, [0, 0, 1, 0, 1, 0, 0, 0, 0, 0]], "18996.sol": [1, [0, 0, 0, 0, 1, 1, 0, 0, 1, 1]], "36579.sol": [1, [1, 1, 1, 1, 1, 1, 0, 1, 0, 1]], "18639.sol": [0, [0, 0, 0, 0, 0, 0, 0, 0, 0, 0]], "38855.sol": [1, [0, 0, 1, 0, 0, 0, 1, 0, 0, 1]], "9313.sol": [1, [1, 1, 1, 0, 1, 0, 1, 1, 0, 0]], "6428.sol": [1, [1, 0, 0, 0, 0, 0, 0, 0, 1, 0]], "34852.sol": [1, [0, 1, 0, 0, 0, 1, 0, 0, 1, 0]], "39133.sol": [1, [1, 1, 0, 1, 1, 1, 1, 0, 1, 1]], "30012.sol": [1, [0, 0, 0, 0, 0, 0, 0, 1, 0, 0]], "26315.sol": [1, [0, 0, 0, 0, 0, 1, 0, 1, 0, 0]], "13772.sol": [1, [0, 0, 0, 1, 1, 1, 0, 1, 0, 0]], "29282.sol": [1, [1, 0, 0, 0, 1, 0, 1, 1, 0, 0]], "2003.sol": [1, [0, 0, 0, 0, 0, 0, 0, 0, 1, 0]], "31511.sol": [1, [1, 0, 0, 0, 0, 1, 0, 1, 1, 1]], "34415.sol": [0, [0, 0, 0, 0, 0, 0, 0, 0, 0, 0]], "17002.sol": [1, [0, 0, 1, 0, 1, 1, 0, 0, 0, 0]], "33106.sol": [1, [0, 0, 0, 0, 0, 1, 1, 0, 1, 0]], "32594.sol": [1, [0, 0, 0, 0, 0, 0, 1, 1, 1, 0]], "32482.sol": [1, [0, 0, 0, 0, 0, 0, 1, 0, 0, 0]], "39762.sol": [1, [1, 0, 0, 1, 0, 0, 0, 0, 0, 0]], "18440.sol": [1, [0, 0, 1, 0, 1, 1, 0, 0, 0, 0]], "1581.sol": [1, [1, 0, 1, 0, 0, 0, 1, 0, 0, 0]], "35661.sol": [1, [1, 0, 0, 0, 1, 0, 0, 0, 0, 1]], "29356.sol": [0, [0, 0, 0, 0, 0, 0, 0, 0, 0, 0]], "9658.sol": [1, [0, 0, 0, 0, 0, 1, 1, 1, 1, 1]], "21987.sol": [0, [0, 0, 0, 0, 0, 0, 0, 0, 0, 0]], "34672.sol": [0, [0, 0, 0, 0, 0, 0, 0, 0, 0, 0]], "38986.sol": [1, [1, 1, 1, 1, 0, 1, 0, 0, 0, 0]], "27634.sol": [0, [0, 0, 0, 0, 0, 0, 0, 0, 0, 0]], "12929.sol": [1, [0, 0, 0, 1, 1, 1, 0, 0, 0, 0]], "38942.sol": [1, [0, 0, 0, 0, 0, 0, 0, 1, 0, 1]], "31441.sol": [1, [1, 1, 1, 1, 1, 1, 1, 1, 1, 0]], "7627.sol": [0, [0, 0, 0, 0, 0, 0, 0, 0, 0, 0]], "32180.sol": [1, [1, 1, 1, 0, 1, 0, 0, 0, 0, 1]], "38985.sol": [1, [1, 1, 1, 1, 0, 1, 0, 0, 0, 0]], "9484.sol": [1, [1, 0, 1, 0, 1, 0, 0, 0, 1, 0]], "6332.sol": [1, [1, 1, 1, 1, 1, 1, 1, 1, 1, 1]], "15342.sol": [0, [0, 0, 0, 0, 0, 0, 0, 0, 0, 0]], "5612.sol": [0, [0, 0, 0, 0, 0, 0, 0, 0, 0, 0]], "13611.sol": [1, [1, 1, 1, 0, 1, 0, 1, 1, 0, 0]], "39673.sol": [1, [1, 0, 0, 0, 0, 0, 0, 0, 0, 0]], "37845.sol": [1, [1, 0, 0, 0, 0, 0, 0, 0, 0, 0]], "39774.sol": [1, [1, 0, 0, 0, 0, 0, 0, 0, 0, 0]], "11454.sol": [0, [0, 0, 0, 0, 0, 0, 0, 0, 0, 0]], "39342.sol": [0, [0, 0, 0, 0, 0, 0, 0, 0, 0, 0]], "14822.sol": [1, [0, 0, 0, 0, 0, 0, 0, 1, 0, 0]], "4906.sol": [1, [0, 0, 0, 0, 0, 0, 0, 1, 1, 1]], "39558.sol": [0, [0, 0, 0, 0, 0, 0, 0, 0, 0, 0]], "25749.sol": [0, [0, 0, 0, 0, 0, 0, 0, 0, 0, 0]], "36113.sol": [0, [0, 0, 0, 0, 0, 0, 0, 0, 0, 0]], "4913.sol": [0, [0, 0, 0, 0, 0, 0, 0, 0, 0, 0]], "35357.sol": [1, [1, 1, 1, 1, 0, 0, 0, 0, 0, 0]], "40498.sol": [1, [1, 1, 1, 1, 1, 1, 1, 1, 1, 1]], "14140.sol": [1, [1, 1, 1, 0, 1, 0, 1, 1, 0, 0]], "11568.sol": [1, [0, 0, 1, 1, 0, 1, 1, 1, 1, 1]], "39169.sol": [1, [0, 0, 1, 0, 1, 0, 0, 0, 0, 0]], "21711.sol": [1, [0, 1, 1, 1, 0, 1, 1, 0, 1, 1]], "36412.sol": [1, [0, 1, 1, 1, 0, 0, 0, 0, 1, 0]], "5459.sol": [1, [0, 1, 0, 0, 0, 0, 0, 0, 0, 0]], "1406.sol": [1, [0, 0, 0, 1, 0, 1, 0, 0, 0, 0]], "13773.sol": [1, [0, 0, 1, 0, 1, 0, 1, 0, 1, 0]], "15205.sol": [0, [0, 0, 0, 0, 0, 0, 0, 0, 0, 0]], "4716.sol": [1, [0, 0, 0, 0, 0, 0, 1, 1, 1, 1]], "14592.sol": [1, [0, 0, 1, 0, 0, 0, 1, 0, 0, 0]], "26121.sol": [1, [0, 0, 0, 0, 1, 1, 1, 1, 1, 1]], "38306.sol": [1, [0, 1, 0, 0, 0, 0, 0, 0, 0, 0]], "38109.sol": [1, [1, 1, 0, 0, 1, 0, 0, 0, 0, 0]], "37207.sol": [1, [0, 0, 0, 1, 1, 0, 0, 1, 1, 0]], "35384.sol": [1, [0, 0, 0, 0, 0, 1, 1, 1, 1, 1]], "23508.sol": [1, [0, 0, 1, 1, 0, 0, 0, 0, 0, 0]], "20323.sol": [1, [0, 0, 0, 1, 0, 1, 0, 0, 0, 0]], "15721.sol": [1, [0, 0, 0, 0, 0, 0, 1, 1, 1, 1]], "36475.sol": [1, [1, 1, 1, 1, 1, 1, 0, 1, 0, 1]], "11952.sol": [0, [0, 0, 0, 0, 0, 0, 0, 0, 0, 0]], "24603.sol": [1, [0, 0, 0, 0, 0, 0, 1, 0, 0, 1]], "23225.sol": [0, [0, 0, 0, 0, 0, 0, 0, 0, 0, 0]], "36250.sol": [0, [0, 0, 0, 0, 0, 0, 0, 0, 0, 0]], "34863.sol": [0, [0, 0, 0, 0, 0, 0, 0, 0, 0, 0]], "37706.sol": [1, [0, 1, 1, 1, 1, 1, 1, 0, 0, 0]], "8182.sol": [1, [0, 0, 1, 0, 1, 1, 0, 0, 0, 0]], "39492.sol": [1, [1, 1, 1, 1, 1, 1, 1, 1, 0, 1]], "13821.sol": [1, [1, 1, 1, 0, 1, 0, 1, 1, 0, 1]], "17973.sol": [1, [1, 1, 1, 1, 1, 1, 1, 1, 1, 1]], "34965.sol": [1, [0, 1, 1, 0, 0, 0, 0, 1, 0, 0]], "24912.sol": [1, [0, 0, 0, 0, 0, 0, 0, 0, 0, 1]], "4887.sol": [1, [1, 1, 1, 1, 1, 1, 1, 1, 1, 1]], "1166.sol": [0, [0, 0, 0, 0, 0, 0, 0, 0, 0, 0]], "13644.sol": [1, [1, 1, 0, 1, 0, 1, 0, 0, 1, 1]], "13331.sol": [1, [1, 1, 1, 1, 0, 1, 1, 1, 1, 0]], "6434.sol": [1, [1, 1, 1, 1, 1, 1, 1, 1, 1, 1]], "16793.sol": [0, [0, 0, 0, 0, 0, 0, 0, 0, 0, 0]], "36927.sol": [1, [1, 1, 1, 1, 0, 0, 0, 1, 1, 0]], "23732.sol": [1, [0, 0, 0, 0, 0, 0, 0, 0, 1, 1]], "16428.sol": [1, [1, 0, 1, 1, 1, 1, 1, 1, 1, 1]], "29861.sol": [1, [0, 0, 0, 0, 0, 0, 1, 1, 1, 1]], "30000.sol": [1, [0, 1, 0, 1, 0, 1, 0, 0, 1, 0]], "584.sol": [1, [0, 0, 0, 0, 1, 1, 0, 0, 0, 0]], "6305.sol": [1, [0, 1, 1, 0, 1, 0, 0, 0, 1, 0]], "27872.sol": [1, [1, 1, 1, 1, 1, 1, 1, 1, 1, 1]], "24146.sol": [1, [0, 0, 0, 0, 0, 0, 1, 0, 1, 0]], "31514.sol": [1, [1, 0, 0, 0, 1, 0, 0, 1, 1, 1]], "6438.sol": [1, [0, 0, 0, 1, 1, 0, 0, 0, 0, 0]], "22072.sol": [1, [1, 0, 0, 1, 0, 0, 0, 0, 0, 0]], "38818.sol": [1, [1, 0, 0, 1, 0, 0, 0, 0, 1, 0]], "4890.sol": [1, [0, 0, 0, 1, 1, 0, 0, 0, 0, 0]], "25216.sol": [1, [1, 1, 0, 0, 1, 0, 1, 0, 1, 0]], "30072.sol": [0, [0, 0, 0, 0, 0, 0, 0, 0, 0, 0]], "25941.sol": [1, [1, 1, 1, 1, 1, 1, 1, 1, 1, 1]], "27794.sol": [1, [0, 0, 0, 0, 0, 0, 1, 1, 0, 0]], "33753.sol": [1, [1, 1, 1, 1, 1, 0, 0, 1, 1, 1]], "39147.sol": [1, [0, 0, 0, 1, 0, 0, 1, 1, 1, 1]], "14543.sol": [1, [1, 0, 0, 0, 0, 0, 0, 0, 1, 0]], "15734.sol": [1, [1, 1, 0, 0, 1, 1, 1, 0, 0, 0]], "21506.sol": [1, [0, 0, 0, 1, 1, 1, 0, 0, 0, 0]], "39183.sol": [1, [0, 0, 0, 1, 0, 0, 1, 1, 1, 1]], "20091.sol": [1, [0, 0, 1, 0, 1, 1, 1, 0, 0, 0]], "11571.sol": [1, [1, 1, 0, 1, 0, 0, 0, 0, 0, 1]]}