{"7547.sol": [0, [0, 0, 0, 0, 0, 0, 0, 0, 0, 0]], "27768.sol": [0, [0, 0, 0, 0, 0, 0, 0, 0, 0, 0]], "16992.sol": [0, [0, 0, 0, 0, 0, 0, 0, 0, 0, 0]], "4109.sol": [0, [0, 0, 0, 0, 0, 0, 0, 0, 0, 0]], "32833.sol": [0, [0, 0, 0, 0, 0, 0, 0, 0, 0, 0]], "37189.sol": [0, [0, 0, 0, 0, 0, 0, 0, 0, 0, 0]], "20611.sol": [0, [0, 0, 0, 0, 0, 0, 0, 0, 0, 0]], "24224.sol": [0, [0, 0, 0, 0, 0, 0, 0, 0, 0, 0]], "27610.sol": [0, [0, 0, 0, 0, 0, 0, 0, 0, 0, 0]], "13385.sol": [0, [0, 0, 0, 0, 0, 0, 0, 0, 0, 0]], "20461.sol": [0, [0, 0, 0, 0, 0, 0, 0, 0, 0, 0]], "18215.sol": [0, [0, 0, 0, 0, 0, 0, 0, 0, 0, 0]], "17829.sol": [0, [0, 0, 0, 0, 0, 0, 0, 0, 0, 0]], "31609.sol": [0, [0, 0, 0, 0, 0, 0, 0, 0, 0, 0]], "1082.sol": [0, [0, 0, 0, 0, 0, 0, 0, 0, 0, 0]], "28579.sol": [0, [0, 0, 0, 0, 0, 0, 0, 0, 0, 0]], "33041.sol": [0, [0, 0, 0, 0, 0, 0, 0, 0, 0, 0]], "22099.sol": [0, [0, 0, 0, 0, 0, 0, 0, 0, 0, 0]], "27146.sol": [1, [0, 0, 1, 0, 0, 0, 0, 0, 0, 0]], "10643.sol": [0, [0, 0, 0, 0, 0, 0, 0, 0, 0, 0]], "9369.sol": [0, [0, 0, 0, 0, 0, 0, 0, 0, 0, 0]], "10703.sol": [0, [0, 0, 0, 0, 0, 0, 0, 0, 0, 0]], "1878.sol": [0, [0, 0, 0, 0, 0, 0, 0, 0, 0, 0]], "12115.sol": [0, [0, 0, 0, 0, 0, 0, 0, 0, 0, 0]], "33089.sol": [0, [0, 0, 0, 0, 0, 0, 0, 0, 0, 0]], "23805.sol": [0, [0, 0, 0, 0, 0, 0, 0, 0, 0, 0]], "17677.sol": [0, [0, 0, 0, 0, 0, 0, 0, 0, 0, 0]], "29494.sol": [0, [0, 0, 0, 0, 0, 0, 0, 0, 0, 0]], "17361.sol": [0, [0, 0, 0, 0, 0, 0, 0, 0, 0, 0]], "37842.sol": [0, [0, 0, 0, 0, 0, 0, 0, 0, 0, 0]], "30017.sol": [0, [0, 0, 0, 0, 0, 0, 0, 0, 0, 0]], "36113.sol": [0, [0, 0, 0, 0, 0, 0, 0, 0, 0, 0]], "18796.sol": [0, [0, 0, 0, 0, 0, 0, 0, 0, 0, 0]], "2713.sol": [0, [0, 0, 0, 0, 0, 0, 0, 0, 0, 0]], "6501.sol": [0, [0, 0, 0, 0, 0, 0, 0, 0, 0, 0]], "37171.sol": [0, [0, 0, 0, 0, 0, 0, 0, 0, 0, 0]], "19632.sol": [0, [0, 0, 0, 0, 0, 0, 0, 0, 0, 0]], "37693.sol": [0, [0, 0, 0, 0, 0, 0, 0, 0, 0, 0]], "6104.sol": [0, [0, 0, 0, 0, 0, 0, 0, 0, 0, 0]], "32307.sol": [0, [0, 0, 0, 0, 0, 0, 0, 0, 0, 0]], "2516.sol": [0, [0, 0, 0, 0, 0, 0, 0, 0, 0, 0]], "751.sol": [0, [0, 0, 0, 0, 0, 0, 0, 0, 0, 0]], "29557.sol": [0, [0, 0, 0, 0, 0, 0, 0, 0, 0, 0]], "34516.sol": [0, [0, 0, 0, 0, 0, 0, 0, 0, 0, 0]], "34915.sol": [0, [0, 0, 0, 0, 0, 0, 0, 0, 0, 0]], "35101.sol": [0, [0, 0, 0, 0, 0, 0, 0, 0, 0, 0]], "16846.sol": [0, [0, 0, 0, 0, 0, 0, 0, 0, 0, 0]], "11307.sol": [0, [0, 0, 0, 0, 0, 0, 0, 0, 0, 0]], "8025.sol": [0, [0, 0, 0, 0, 0, 0, 0, 0, 0, 0]], "22063.sol": [0, [0, 0, 0, 0, 0, 0, 0, 0, 0, 0]], "15308.sol": [0, [0, 0, 0, 0, 0, 0, 0, 0, 0, 0]], "29771.sol": [0, [0, 0, 0, 0, 0, 0, 0, 0, 0, 0]], "15425.sol": [0, [0, 0, 0, 0, 0, 0, 0, 0, 0, 0]], "9594.sol": [0, [0, 0, 0, 0, 0, 0, 0, 0, 0, 0]], "1240.sol": [0, [0, 0, 0, 0, 0, 0, 0, 0, 0, 0]], "29382.sol": [0, [0, 0, 0, 0, 0, 0, 0, 0, 0, 0]], "24185.sol": [0, [0, 0, 0, 0, 0, 0, 0, 0, 0, 0]], "15146.sol": [0, [0, 0, 0, 0, 0, 0, 0, 0, 0, 0]], "1533.sol": [0, [0, 0, 0, 0, 0, 0, 0, 0, 0, 0]], "39698.sol": [0, [0, 0, 0, 0, 0, 0, 0, 0, 0, 0]], "36131.sol": [1, [1, 1, 1, 1, 1, 1, 0, 1, 0, 0]], "27224.sol": [0, [0, 0, 0, 0, 0, 0, 0, 0, 0, 0]], "32021.sol": [0, [0, 0, 0, 0, 0, 0, 0, 0, 0, 0]], "25040.sol": [0, [0, 0, 0, 0, 0, 0, 0, 0, 0, 0]], "9764.sol": [0, [0, 0, 0, 0, 0, 0, 0, 0, 0, 0]], "32151.sol": [0, [0, 0, 0, 0, 0, 0, 0, 0, 0, 0]], "32696.sol": [0, [0, 0, 0, 0, 0, 0, 0, 0, 0, 0]], "7954.sol": [0, [0, 0, 0, 0, 0, 0, 0, 0, 0, 0]], "26586.sol": [0, [0, 0, 0, 0, 0, 0, 0, 0, 0, 0]], "39785.sol": [0, [0, 0, 0, 0, 0, 0, 0, 0, 0, 0]], "137.sol": [1, [1, 1, 1, 0, 1, 1, 1, 1, 1, 1]], "14255.sol": [0, [0, 0, 0, 0, 0, 0, 0, 0, 0, 0]], "13198.sol": [0, [0, 0, 0, 0, 0, 0, 0, 0, 0, 0]], "7961.sol": [0, [0, 0, 0, 0, 0, 0, 0, 0, 0, 0]], "29333.sol": [0, [0, 0, 0, 0, 0, 0, 0, 0, 0, 0]], "4625.sol": [0, [0, 0, 0, 0, 0, 0, 0, 0, 0, 0]], "22122.sol": [0, [0, 0, 0, 0, 0, 0, 0, 0, 0, 0]], "36643.sol": [0, [0, 0, 0, 0, 0, 0, 0, 0, 0, 0]], "35520.sol": [0, [0, 0, 0, 0, 0, 0, 0, 0, 0, 0]], "15586.sol": [0, [0, 0, 0, 0, 0, 0, 0, 0, 0, 0]], "22041.sol": [0, [0, 0, 0, 0, 0, 0, 0, 0, 0, 0]], "36117.sol": [0, [0, 0, 0, 0, 0, 0, 0, 0, 0, 0]], "25715.sol": [0, [0, 0, 0, 0, 0, 0, 0, 0, 0, 0]], "2367.sol": [0, [0, 0, 0, 0, 0, 0, 0, 0, 0, 0]], "8293.sol": [0, [0, 0, 0, 0, 0, 0, 0, 0, 0, 0]], "28084.sol": [0, [0, 0, 0, 0, 0, 0, 0, 0, 0, 0]], "20519.sol": [0, [0, 0, 0, 0, 0, 0, 0, 0, 0, 0]], "17795.sol": [0, [0, 0, 0, 0, 0, 0, 0, 0, 0, 0]], "34743.sol": [0, [0, 0, 0, 0, 0, 0, 0, 0, 0, 0]], "33689.sol": [0, [0, 0, 0, 0, 0, 0, 0, 0, 0, 0]], "31379.sol": [0, [0, 0, 0, 0, 0, 0, 0, 0, 0, 0]], "38844.sol": [0, [0, 0, 0, 0, 0, 0, 0, 0, 0, 0]], "37679.sol": [0, [0, 0, 0, 0, 0, 0, 0, 0, 0, 0]], "31069.sol": [0, [0, 0, 0, 0, 0, 0, 0, 0, 0, 0]], "40153.sol": [0, [0, 0, 0, 0, 0, 0, 0, 0, 0, 0]], "3592.sol": [0, [0, 0, 0, 0, 0, 0, 0, 0, 0, 0]], "2440.sol": [0, [0, 0, 0, 0, 0, 0, 0, 0, 0, 0]], "20365.sol": [0, [0, 0, 0, 0, 0, 0, 0, 0, 0, 0]], "30331.sol": [0, [0, 0, 0, 0, 0, 0, 0, 0, 0, 0]], "30100.sol": [0, [0, 0, 0, 0, 0, 0, 0, 0, 0, 0]], "20526.sol": [0, [0, 0, 0, 0, 0, 0, 0, 0, 0, 0]], "29005.sol": [0, [0, 0, 0, 0, 0, 0, 0, 0, 0, 0]], "29580.sol": [0, [0, 0, 0, 0, 0, 0, 0, 0, 0, 0]], "33902.sol": [0, [0, 0, 0, 0, 0, 0, 0, 0, 0, 0]], "27288.sol": [0, [0, 0, 0, 0, 0, 0, 0, 0, 0, 0]], "4666.sol": [0, [0, 0, 0, 0, 0, 0, 0, 0, 0, 0]], "24377.sol": [0, [0, 0, 0, 0, 0, 0, 0, 0, 0, 0]], "21310.sol": [0, [0, 0, 0, 0, 0, 0, 0, 0, 0, 0]], "38255.sol": [0, [0, 0, 0, 0, 0, 0, 0, 0, 0, 0]], "23259.sol": [0, [0, 0, 0, 0, 0, 0, 0, 0, 0, 0]], "11786.sol": [0, [0, 0, 0, 0, 0, 0, 0, 0, 0, 0]], "20866.sol": [0, [0, 0, 0, 0, 0, 0, 0, 0, 0, 0]], "8029.sol": [0, [0, 0, 0, 0, 0, 0, 0, 0, 0, 0]], "17960.sol": [0, [0, 0, 0, 0, 0, 0, 0, 0, 0, 0]], "17232.sol": [0, [0, 0, 0, 0, 0, 0, 0, 0, 0, 0]], "27262.sol": [0, [0, 0, 0, 0, 0, 0, 0, 0, 0, 0]], "25618.sol": [0, [0, 0, 0, 0, 0, 0, 0, 0, 0, 0]], "38555.sol": [0, [0, 0, 0, 0, 0, 0, 0, 0, 0, 0]], "9699.sol": [0, [0, 0, 0, 0, 0, 0, 0, 0, 0, 0]], "36329.sol": [0, [0, 0, 0, 0, 0, 0, 0, 0, 0, 0]], "35193.sol": [0, [0, 0, 0, 0, 0, 0, 0, 0, 0, 0]], "6470.sol": [0, [0, 0, 0, 0, 0, 0, 0, 0, 0, 0]], "2283.sol": [0, [0, 0, 0, 0, 0, 0, 0, 0, 0, 0]], "34616.sol": [0, [0, 0, 0, 0, 0, 0, 0, 0, 0, 0]], "24892.sol": [0, [0, 0, 0, 0, 0, 0, 0, 0, 0, 0]], "12381.sol": [0, [0, 0, 0, 0, 0, 0, 0, 0, 0, 0]], "23433.sol": [0, [0, 0, 0, 0, 0, 0, 0, 0, 0, 0]], "39139.sol": [0, [0, 0, 0, 0, 0, 0, 0, 0, 0, 0]], "26746.sol": [0, [0, 0, 0, 0, 0, 0, 0, 0, 0, 0]], "35556.sol": [0, [0, 0, 0, 0, 0, 0, 0, 0, 0, 0]], "33611.sol": [0, [0, 0, 0, 0, 0, 0, 0, 0, 0, 0]], "13443.sol": [0, [0, 0, 0, 0, 0, 0, 0, 0, 0, 0]], "27014.sol": [0, [0, 0, 0, 0, 0, 0, 0, 0, 0, 0]], "30674.sol": [0, [0, 0, 0, 0, 0, 0, 0, 0, 0, 0]], "34850.sol": [0, [0, 0, 0, 0, 0, 0, 0, 0, 0, 0]], "15426.sol": [0, [0, 0, 0, 0, 0, 0, 0, 0, 0, 0]], "32865.sol": [0, [0, 0, 0, 0, 0, 0, 0, 0, 0, 0]], "26246.sol": [0, [0, 0, 0, 0, 0, 0, 0, 0, 0, 0]], "16147.sol": [0, [0, 0, 0, 0, 0, 0, 0, 0, 0, 0]], "10903.sol": [0, [0, 0, 0, 0, 0, 0, 0, 0, 0, 0]], "40007.sol": [0, [0, 0, 0, 0, 0, 0, 0, 0, 0, 0]], "39998.sol": [0, [0, 0, 0, 0, 0, 0, 0, 0, 0, 0]], "9905.sol": [0, [0, 0, 0, 0, 0, 0, 0, 0, 0, 0]], "32294.sol": [0, [0, 0, 0, 0, 0, 0, 0, 0, 0, 0]], "30597.sol": [0, [0, 0, 0, 0, 0, 0, 0, 0, 0, 0]], "2037.sol": [0, [0, 0, 0, 0, 0, 0, 0, 0, 0, 0]], "29323.sol": [0, [0, 0, 0, 0, 0, 0, 0, 0, 0, 0]], "33245.sol": [0, [0, 0, 0, 0, 0, 0, 0, 0, 0, 0]], "183.sol": [0, [0, 0, 0, 0, 0, 0, 0, 0, 0, 0]], "13494.sol": [0, [0, 0, 0, 0, 0, 0, 0, 0, 0, 0]], "1702.sol": [0, [0, 0, 0, 0, 0, 0, 0, 0, 0, 0]], "11791.sol": [0, [0, 0, 0, 0, 0, 0, 0, 0, 0, 0]], "34571.sol": [0, [0, 0, 0, 0, 0, 0, 0, 0, 0, 0]], "3676.sol": [0, [0, 0, 0, 0, 0, 0, 0, 0, 0, 0]], "26630.sol": [0, [0, 0, 0, 0, 0, 0, 0, 0, 0, 0]], "366.sol": [0, [0, 0, 0, 0, 0, 0, 0, 0, 0, 0]], "7221.sol": [0, [0, 0, 0, 0, 0, 0, 0, 0, 0, 0]], "24214.sol": [0, [0, 0, 0, 0, 0, 0, 0, 0, 0, 0]], "39150.sol": [0, [0, 0, 0, 0, 0, 0, 0, 0, 0, 0]], "31.sol": [1, [0, 0, 0, 0, 0, 0, 1, 0, 0, 0]], "37178.sol": [0, [0, 0, 0, 0, 0, 0, 0, 0, 0, 0]], "13660.sol": [0, [0, 0, 0, 0, 0, 0, 0, 0, 0, 0]], "13253.sol": [0, [0, 0, 0, 0, 0, 0, 0, 0, 0, 0]], "13103.sol": [0, [0, 0, 0, 0, 0, 0, 0, 0, 0, 0]], "29414.sol": [0, [0, 0, 0, 0, 0, 0, 0, 0, 0, 0]], "21317.sol": [0, [0, 0, 0, 0, 0, 0, 0, 0, 0, 0]], "27872.sol": [0, [0, 0, 0, 0, 0, 0, 0, 0, 0, 0]], "26742.sol": [0, [0, 0, 0, 0, 0, 0, 0, 0, 0, 0]], "27208.sol": [0, [0, 0, 0, 0, 0, 0, 0, 0, 0, 0]], "24729.sol": [0, [0, 0, 0, 0, 0, 0, 0, 0, 0, 0]], "14967.sol": [0, [0, 0, 0, 0, 0, 0, 0, 0, 0, 0]], "3985.sol": [1, [0, 0, 0, 1, 0, 0, 0, 1, 0, 0]], "23133.sol": [1, [1, 1, 1, 1, 1, 1, 1, 1, 1, 1]], "33967.sol": [1, [0, 0, 0, 0, 0, 1, 1, 0, 1, 0]], "38828.sol": [1, [0, 0, 0, 0, 0, 0, 0, 1, 0, 1]], "2598.sol": [1, [0, 0, 0, 0, 0, 0, 1, 1, 1, 1]], "29089.sol": [1, [1, 1, 1, 1, 1, 1, 1, 1, 1, 1]], "16528.sol": [1, [0, 0, 0, 0, 0, 0, 1, 0, 0, 0]], "37118.sol": [1, [0, 0, 0, 0, 0, 0, 1, 1, 1, 0]], "10297.sol": [1, [0, 0, 0, 0, 1, 0, 0, 0, 0, 0]], "36954.sol": [1, [0, 0, 0, 0, 0, 0, 1, 1, 1, 0]], "2225.sol": [1, [0, 0, 0, 0, 0, 0, 1, 1, 1, 1]], "34621.sol": [1, [0, 0, 0, 0, 0, 0, 1, 1, 1, 0]], "39326.sol": [1, [0, 0, 0, 0, 0, 1, 1, 0, 0, 0]], "9610.sol": [0, [0, 0, 0, 0, 0, 0, 0, 0, 0, 0]], "33221.sol": [1, [1, 1, 0, 0, 0, 0, 0, 0, 0, 0]], "2199.sol": [1, [0, 0, 0, 0, 1, 0, 0, 0, 0, 0]], "3364.sol": [1, [0, 0, 0, 0, 0, 0, 1, 1, 1, 1]], "552.sol": [1, [0, 0, 0, 0, 0, 1, 0, 1, 1, 1]], "11056.sol": [1, [1, 1, 1, 1, 1, 0, 0, 0, 0, 0]], "2249.sol": [1, [0, 0, 0, 0, 0, 1, 0, 1, 1, 1]], "2949.sol": [1, [0, 0, 0, 0, 0, 0, 1, 1, 1, 1]], "29130.sol": [1, [0, 0, 0, 0, 0, 0, 0, 0, 0, 1]], "3717.sol": [1, [0, 1, 0, 0, 0, 1, 1, 1, 1, 1]], "27321.sol": [1, [1, 1, 1, 0, 0, 0, 0, 0, 0, 0]], "3108.sol": [1, [0, 0, 0, 0, 0, 0, 1, 1, 1, 1]], "36952.sol": [1, [0, 0, 0, 0, 0, 0, 1, 1, 1, 0]], "2699.sol": [1, [0, 0, 0, 0, 0, 0, 1, 1, 1, 1]], "2072.sol": [1, [1, 1, 0, 0, 1, 1, 1, 1, 1, 1]], "2211.sol": [1, [0, 0, 0, 0, 0, 0, 1, 1, 1, 1]], "29471.sol": [0, [0, 0, 0, 0, 0, 0, 0, 0, 0, 0]], "2357.sol": [1, [0, 0, 0, 0, 1, 0, 1, 1, 0, 0]], "3801.sol": [1, [0, 0, 0, 0, 0, 0, 1, 1, 1, 1]], "38872.sol": [1, [1, 1, 1, 1, 1, 1, 1, 0, 1, 1]], "4172.sol": [1, [0, 0, 0, 0, 0, 0, 1, 1, 1, 1]], "15465.sol": [1, [1, 1, 1, 1, 1, 0, 0, 1, 1, 1]], "84.sol": [1, [0, 0, 0, 0, 0, 0, 1, 1, 1, 1]], "25855.sol": [1, [0, 1, 1, 0, 0, 0, 0, 0, 0, 0]], "18428.sol": [1, [1, 1, 1, 1, 1, 1, 1, 1, 0, 0]], "3661.sol": [1, [0, 0, 0, 0, 0, 0, 1, 1, 1, 1]], "27363.sol": [1, [0, 0, 1, 0, 1, 0, 0, 0, 1, 1]], "16591.sol": [0, [0, 0, 0, 0, 0, 0, 0, 0, 0, 0]], "4206.sol": [1, [0, 0, 0, 0, 0, 0, 1, 1, 1, 1]], "3743.sol": [1, [0, 0, 0, 0, 0, 0, 1, 1, 1, 1]], "3773.sol": [1, [0, 0, 0, 0, 0, 0, 1, 1, 1, 1]], "39706.sol": [1, [1, 1, 1, 1, 1, 1, 1, 1, 1, 1]], "27194.sol": [1, [1, 1, 1, 1, 1, 1, 1, 1, 1, 1]], "12993.sol": [1, [1, 1, 1, 0, 1, 0, 0, 1, 0, 0]], "3051.sol": [1, [0, 0, 0, 0, 0, 0, 1, 1, 1, 1]], "28687.sol": [1, [1, 1, 1, 1, 1, 1, 1, 1, 1, 1]], "2171.sol": [1, [0, 0, 0, 0, 0, 1, 0, 1, 1, 1]], "34393.sol": [1, [0, 0, 0, 0, 0, 1, 1, 1, 0, 0]], "38526.sol": [0, [0, 0, 0, 0, 0, 0, 0, 0, 0, 0]], "31615.sol": [0, [0, 0, 0, 0, 0, 0, 0, 0, 0, 0]], "38282.sol": [1, [1, 1, 1, 1, 1, 1, 1, 1, 0, 1]], "24412.sol": [1, [0, 1, 1, 0, 0, 0, 0, 0, 0, 0]], "18322.sol": [1, [1, 1, 1, 1, 1, 1, 1, 1, 0, 0]], "26593.sol": [1, [1, 1, 1, 1, 1, 1, 1, 1, 1, 1]], "3934.sol": [1, [0, 0, 0, 0, 0, 0, 1, 1, 1, 1]], "452.sol": [1, [0, 0, 0, 0, 0, 0, 1, 1, 1, 1]], "16592.sol": [0, [0, 0, 0, 0, 0, 0, 0, 0, 0, 0]], "12018.sol": [1, [1, 1, 0, 0, 0, 0, 0, 1, 1, 0]], "2947.sol": [1, [1, 0, 0, 0, 0, 0, 0, 0, 0, 0]], "3719.sol": [1, [1, 0, 0, 0, 0, 0, 0, 0, 0, 0]], "16529.sol": [1, [0, 0, 0, 0, 0, 0, 0, 1, 0, 0]], "3199.sol": [1, [0, 0, 0, 0, 0, 0, 1, 1, 1, 1]], "2763.sol": [1, [0, 0, 0, 0, 1, 0, 0, 0, 0, 0]], "21755.sol": [1, [1, 1, 1, 1, 1, 1, 1, 1, 1, 1]], "2954.sol": [1, [0, 0, 0, 0, 0, 1, 0, 1, 1, 1]], "3113.sol": [1, [0, 0, 0, 0, 0, 0, 1, 1, 1, 1]], "3350.sol": [1, [0, 0, 0, 0, 0, 1, 0, 1, 1, 1]], "3255.sol": [1, [0, 0, 0, 0, 0, 0, 1, 1, 1, 1]], "17635.sol": [1, [1, 0, 0, 1, 0, 0, 0, 0, 0, 0]], "37091.sol": [1, [1, 1, 1, 1, 1, 1, 1, 0, 1, 1]], "3664.sol": [1, [0, 0, 0, 0, 0, 0, 1, 1, 1, 1]], "1859.sol": [1, [0, 0, 0, 0, 0, 0, 1, 1, 1, 1]], "16590.sol": [0, [0, 0, 0, 0, 0, 0, 0, 0, 0, 0]], "500.sol": [1, [0, 0, 0, 0, 0, 1, 0, 1, 1, 1]], "3804.sol": [1, [0, 0, 0, 0, 0, 0, 1, 1, 1, 1]], "3555.sol": [1, [0, 0, 0, 0, 0, 0, 1, 1, 1, 1]], "774.sol": [1, [0, 0, 0, 0, 0, 1, 1, 0, 0, 0]], "1937.sol": [1, [0, 0, 0, 0, 0, 0, 1, 1, 1, 1]], "3174.sol": [1, [0, 0, 0, 0, 0, 0, 1, 1, 1, 1]], "3823.sol": [1, [0, 0, 0, 0, 0, 0, 1, 1, 1, 1]], "16530.sol": [1, [0, 0, 0, 0, 0, 0, 0, 1, 0, 0]]}