{"1644.sol": [0, [0, 0, 0, 0, 0, 0, 0, 0, 0, 0]], "29325.sol": [0, [0, 0, 0, 0, 0, 0, 0, 0, 0, 0]], "22466.sol": [0, [0, 0, 0, 0, 0, 0, 0, 0, 0, 0]], "22612.sol": [0, [0, 0, 0, 0, 0, 0, 0, 0, 0, 0]], "19174.sol": [0, [0, 0, 0, 0, 0, 0, 0, 0, 0, 0]], "7892.sol": [0, [0, 0, 0, 0, 0, 0, 0, 0, 0, 0]], "10728.sol": [0, [0, 0, 0, 0, 0, 0, 0, 0, 0, 0]], "28530.sol": [0, [0, 0, 0, 0, 0, 0, 0, 0, 0, 0]], "24374.sol": [0, [0, 0, 0, 0, 0, 0, 0, 0, 0, 0]], "2942.sol": [0, [0, 0, 0, 0, 0, 0, 0, 0, 0, 0]], "29455.sol": [0, [0, 0, 0, 0, 0, 0, 0, 0, 0, 0]], "4738.sol": [0, [0, 0, 0, 0, 0, 0, 0, 0, 0, 0]], "19379.sol": [0, [0, 0, 0, 0, 0, 0, 0, 0, 0, 0]], "22750.sol": [0, [0, 0, 0, 0, 0, 0, 0, 0, 0, 0]], "32574.sol": [0, [0, 0, 0, 0, 0, 0, 0, 0, 0, 0]], "30965.sol": [0, [0, 0, 0, 0, 0, 0, 0, 0, 0, 0]], "24427.sol": [0, [0, 0, 0, 0, 0]], "12825.sol": [0, [0, 0, 0, 0, 0, 0, 0, 0, 0, 0]], "32552.sol": [0, [0, 0, 0, 0, 0, 0, 0, 0, 0, 0]], "760.sol": [0, [0, 0, 0, 0, 0, 0, 0, 0, 0, 0]], "354.sol": [0, [0, 0, 0, 0, 0, 0, 0, 0, 0, 0]], "9720.sol": [0, [0, 0, 0, 0, 0, 0, 0, 0, 0, 0]], "574.sol": [0, [0, 0, 0, 0, 0, 0, 0, 0, 0, 0]], "5377.sol": [0, [0, 0, 0, 0, 0, 0, 0, 0, 0, 0]], "6259.sol": [0, [0, 0, 0, 0, 0, 0, 0, 0, 0, 0]], "27745.sol": [0, [0, 0, 0, 0, 0, 0, 0, 0, 0, 0]], "25112.sol": [0, [0, 0, 0, 0, 0, 0, 0, 0, 0, 0]], "7724.sol": [1, [0, 0, 0, 0, 0, 0, 0, 1, 0, 0]], "9528.sol": [0, [0, 0, 0, 0, 0, 0, 0, 0, 0, 0]], "18812.sol": [0, [0, 0, 0, 0, 0, 0, 0, 0, 0, 0]], "8174.sol": [0, [0, 0, 0, 0, 0, 0, 0, 0, 0, 0]], "20496.sol": [0, [0, 0, 0, 0, 0, 0, 0, 0, 0, 0]], "22495.sol": [0, [0, 0, 0, 0, 0, 0, 0, 0, 0, 0]], "6496.sol": [0, [0, 0, 0, 0, 0, 0, 0, 0, 0, 0]], "22475.sol": [0, [0, 0, 0, 0, 0, 0, 0, 0, 0, 0]], "22702.sol": [0, [0, 0, 0, 0, 0, 0, 0, 0, 0, 0]], "7320.sol": [0, [0, 0, 0, 0, 0, 0, 0, 0, 0, 0]], "13062.sol": [0, [0, 0, 0, 0, 0, 0, 0, 0, 0, 0]], "22551.sol": [0, [0, 0, 0, 0, 0, 0, 0, 0, 0, 0]], "16014.sol": [0, [0, 0, 0, 0, 0, 0, 0, 0, 0, 0]], "9887.sol": [0, [0, 0, 0, 0, 0, 0, 0, 0, 0, 0]], "35215.sol": [0, [0, 0, 0, 0, 0, 0, 0, 0, 0, 0]], "14064.sol": [0, [0, 0, 0, 0, 0, 0, 0, 0, 0, 0]], "18689.sol": [0, [0, 0, 0, 0, 0, 0, 0, 0, 0, 0]], "55.sol": [0, [0, 0, 0, 0, 0, 0, 0, 0, 0, 0]], "4483.sol": [0, [0, 0, 0, 0, 0, 0, 0, 0, 0, 0]], "22605.sol": [0, [0, 0, 0, 0, 0, 0, 0, 0, 0, 0]], "24088.sol": [0, [0, 0, 0, 0, 0, 0, 0, 0, 0, 0]], "3353.sol": [0, [0, 0, 0, 0, 0, 0, 0, 0, 0, 0]], "17536.sol": [0, [0, 0, 0, 0, 0, 0, 0, 0, 0, 0]], "20156.sol": [0, [0, 0, 0, 0, 0, 0, 0, 0, 0, 0]], "33160.sol": [0, [0, 0, 0, 0, 0, 0, 0, 0, 0, 0]], "15338.sol": [0, [0, 0, 0, 0, 0, 0, 0, 0, 0, 0]], "12053.sol": [0, [0, 0, 0, 0, 0, 0, 0, 0, 0, 0]], "6576.sol": [0, [0, 0, 0, 0, 0, 0, 0, 0, 0, 0]], "20091.sol": [0, [0, 0, 0, 0, 0, 0, 0, 0, 0, 0]], "21874.sol": [0, [0, 0, 0, 0, 0, 0, 0, 0, 0, 0]], "18858.sol": [0, [0, 0, 0, 0, 0, 0, 0, 0, 0, 0]], "21739.sol": [0, [0, 0, 0, 0, 0, 0, 0, 0, 0, 0]], "23780.sol": [0, [0, 0, 0, 0, 0, 0, 0, 0, 0, 0]], "7132.sol": [0, [0, 0, 0, 0, 0, 0, 0, 0, 0, 0]], "25241.sol": [0, [0, 0, 0, 0, 0, 0, 0, 0]], "33874.sol": [0, [0, 0, 0, 0, 0, 0, 0, 0, 0, 0]], "22241.sol": [0, [0, 0, 0, 0, 0, 0, 0, 0, 0, 0]], "12916.sol": [0, [0, 0, 0, 0, 0, 0, 0, 0, 0, 0]], "16884.sol": [0, [0, 0, 0, 0, 0, 0, 0, 0, 0, 0]], "21160.sol": [0, [0, 0, 0, 0, 0, 0, 0, 0, 0, 0]], "11672.sol": [0, [0, 0, 0, 0, 0, 0, 0, 0, 0, 0]], "15989.sol": [0, [0, 0, 0, 0, 0, 0, 0, 0, 0, 0]], "6249.sol": [0, [0, 0, 0, 0, 0, 0, 0, 0, 0, 0]], "2586.sol": [0, [0, 0, 0, 0, 0, 0, 0, 0, 0, 0]], "16105.sol": [0, [0, 0, 0, 0, 0, 0, 0, 0, 0, 0]], "26304.sol": [0, [0, 0, 0, 0, 0, 0, 0, 0, 0, 0]], "18526.sol": [0, [0, 0, 0, 0, 0, 0, 0, 0, 0, 0]], "38509.sol": [0, [0, 0, 0, 0, 0, 0, 0, 0, 0, 0]], "1381.sol": [0, [0, 0, 0, 0, 0, 0, 0, 0, 0, 0]], "36359.sol": [0, [0, 0, 0, 0, 0, 0, 0, 0, 0, 0]], "40141.sol": [0, [0, 0, 0, 0, 0, 0, 0, 0, 0, 0]], "21431.sol": [0, [0, 0, 0, 0, 0, 0, 0, 0, 0, 0]], "15938.sol": [0, [0, 0, 0, 0, 0, 0, 0, 0, 0, 0]], "10287.sol": [0, [0, 0, 0, 0, 0, 0, 0, 0, 0, 0]], "8554.sol": [0, [0, 0, 0, 0, 0, 0, 0, 0, 0, 0]], "20202.sol": [0, [0, 0, 0, 0, 0, 0, 0, 0]], "35945.sol": [0, [0, 0, 0, 0, 0, 0, 0, 0, 0, 0]], "11321.sol": [0, [0, 0, 0, 0, 0, 0, 0, 0, 0, 0]], "824.sol": [0, [0, 0, 0, 0, 0, 0, 0, 0, 0, 0]], "38151.sol": [1, [1, 1, 1, 1, 1, 1, 1, 0, 1, 1]], "32448.sol": [0, [0, 0, 0, 0, 0, 0, 0, 0, 0, 0]], "14868.sol": [0, [0, 0, 0, 0, 0, 0, 0, 0, 0, 0]], "2896.sol": [0, [0, 0, 0, 0, 0, 0, 0, 0, 0, 0]], "28936.sol": [0, [0, 0, 0, 0, 0, 0, 0, 0, 0, 0]], "2263.sol": [0, [0, 0, 0, 0, 0, 0, 0, 0, 0, 0]], "23709.sol": [0, [0, 0, 0, 0, 0, 0, 0, 0, 0, 0]], "16146.sol": [0, [0, 0, 0, 0, 0, 0, 0, 0, 0, 0]], "16834.sol": [0, [0, 0, 0, 0, 0, 0, 0, 0, 0, 0]], "12006.sol": [0, [0, 0, 0, 0, 0, 0, 0, 0, 0, 0]], "6131.sol": [0, [0, 0, 0, 0, 0, 0, 0, 0, 0, 0]], "8927.sol": [0, [0, 0, 0, 0, 0, 0, 0, 0, 0, 0]], "1916.sol": [0, [0, 0, 0, 0, 0, 0, 0, 0, 0, 0]], "4820.sol": [0, [0, 0, 0, 0, 0, 0, 0, 0, 0, 0]], "12756.sol": [0, [0, 0, 0, 0, 0, 0, 0, 0, 0, 0]], "20075.sol": [0, [0, 0, 0, 0, 0, 0, 0, 0, 0, 0]], "410.sol": [1, [0, 0, 0, 0, 0, 0, 0, 0, 0, 1]], "33930.sol": [0, [0, 0, 0, 0, 0, 0, 0, 0, 0, 0]], "7390.sol": [0, [0, 0, 0, 0, 0, 0, 0, 0, 0, 0]], "16023.sol": [0, [0, 0, 0, 0, 0, 0, 0, 0, 0, 0]], "7348.sol": [0, [0, 0, 0, 0, 0, 0, 0, 0, 0, 0]], "13315.sol": [0, [0, 0, 0, 0, 0, 0, 0, 0, 0, 0]], "32890.sol": [0, [0, 0, 0, 0, 0, 0, 0, 0, 0, 0]], "17253.sol": [0, [0, 0, 0, 0, 0, 0, 0, 0, 0, 0]], "2257.sol": [0, [0, 0, 0, 0, 0, 0, 0, 0, 0, 0]], "34271.sol": [0, [0, 0, 0, 0, 0, 0, 0, 0, 0, 0]], "13913.sol": [0, [0, 0, 0, 0, 0, 0, 0, 0, 0, 0]], "6299.sol": [0, [0, 0, 0, 0, 0, 0, 0, 0, 0, 0]], "11006.sol": [1, [0, 0, 1, 0, 1, 0, 0, 0, 0, 0]], "20553.sol": [0, [0, 0, 0, 0, 0, 0, 0, 0, 0, 0]], "32575.sol": [0, [0, 0, 0, 0, 0, 0, 0, 0, 0, 0]], "37352.sol": [0, [0, 0, 0, 0, 0, 0, 0, 0, 0, 0]], "33523.sol": [0, [0, 0, 0, 0, 0, 0, 0, 0, 0, 0]], "14818.sol": [0, [0, 0, 0, 0, 0, 0, 0, 0, 0, 0]], "22485.sol": [1, [0, 0, 0, 0, 1, 0, 0, 0, 0, 0]], "20989.sol": [0, [0, 0, 0, 0, 0, 0, 0, 0, 0, 0]], "22785.sol": [0, [0, 0, 0, 0, 0, 0, 0, 0, 0, 0]], "13363.sol": [0, [0, 0, 0, 0, 0, 0, 0, 0, 0, 0]], "34764.sol": [0, [0, 0, 0, 0, 0, 0, 0, 0, 0, 0]], "874.sol": [0, [0, 0, 0, 0, 0, 0, 0, 0, 0, 0]], "17109.sol": [0, [0, 0, 0, 0, 0, 0, 0, 0, 0, 0]], "26111.sol": [0, [0, 0, 0, 0, 0, 0, 0, 0, 0, 0]], "29444.sol": [0, [0, 0, 0, 0, 0, 0, 0, 0, 0, 0]], "39202.sol": [1, [1, 1, 1, 1, 1, 1, 1, 1, 1, 0]], "8885.sol": [0, [0, 0, 0, 0, 0, 0, 0, 0, 0, 0]], "18365.sol": [0, [0, 0, 0, 0, 0, 0, 0, 0, 0, 0]], "16590.sol": [1, [0, 0, 0, 0, 0, 0, 0, 1, 0, 1]], "20737.sol": [0, [0, 0, 0, 0, 0, 0, 0, 0, 0, 0]], "17280.sol": [0, [0, 0, 0, 0, 0, 0, 0, 0, 0, 0]], "36457.sol": [0, [0, 0, 0, 0, 0, 0, 0, 0, 0, 0]], "7061.sol": [0, [0, 0, 0, 0, 0, 0, 0, 0, 0, 0]], "40403.sol": [0, [0, 0, 0, 0, 0, 0, 0, 0, 0, 0]], "31884.sol": [1, [0, 0, 1, 1, 1, 1, 1, 1, 1, 1]], "11177.sol": [0, [0, 0, 0, 0, 0, 0, 0, 0, 0, 0]], "31824.sol": [0, [0, 0, 0, 0, 0, 0, 0, 0, 0, 0]], "35160.sol": [0, [0, 0, 0, 0, 0, 0, 0, 0, 0, 0]], "15953.sol": [0, [0, 0, 0, 0, 0, 0, 0, 0, 0, 0]], "36872.sol": [0, [0, 0, 0, 0, 0, 0, 0, 0, 0, 0]], "26214.sol": [0, [0, 0, 0, 0, 0, 0, 0, 0, 0, 0]], "35770.sol": [1, [0, 0, 0, 0, 0, 0, 0, 0, 0, 1]], "529.sol": [0, [0, 0, 0, 0, 0, 0, 0, 0, 0, 0]], "29208.sol": [0, [0, 0, 0, 0, 0, 0, 0, 0, 0, 0]], "26561.sol": [0, [0, 0, 0, 0, 0, 0, 0, 0, 0, 0]], "9860.sol": [0, [0, 0, 0, 0, 0, 0, 0, 0, 0, 0]], "12618.sol": [0, [0, 0, 0, 0, 0, 0, 0, 0, 0, 0]], "11231.sol": [1, [0, 0, 0, 0, 0, 0, 1, 0, 0, 0]], "2753.sol": [0, [0, 0, 0, 0, 0, 0, 0, 0, 0, 0]], "32266.sol": [0, [0, 0, 0, 0, 0, 0, 0, 0, 0, 0]], "36175.sol": [0, [0, 0, 0, 0, 0, 0, 0, 0, 0, 0]], "29753.sol": [1, [0, 1, 0, 0, 0, 0, 0, 0, 0, 0]], "18124.sol": [0, [0, 0, 0, 0, 0, 0, 0, 0, 0, 0]], "2456.sol": [0, [0, 0, 0, 0, 0, 0, 0, 0, 0, 0]], "11149.sol": [0, [0, 0, 0, 0, 0, 0, 0, 0, 0, 0]], "28579.sol": [1, [1, 1, 1, 1, 1, 1, 1, 1, 1, 1]], "27354.sol": [0, [0, 0, 0, 0, 0, 0, 0, 0, 0, 0]], "34593.sol": [0, [0, 0, 0, 0, 0, 0, 0, 0, 0, 0]], "17797.sol": [0, [0, 0, 0, 0, 0, 0, 0, 0, 0, 0]], "16943.sol": [0, [0, 0, 0, 0, 0, 0, 0, 0, 0, 0]], "12175.sol": [1, [1, 1, 1, 0, 0, 0, 1, 1, 0, 0]], "2758.sol": [0, [0, 0, 0, 0, 0, 0, 0, 0, 0, 0]], "22776.sol": [0, [0, 0, 0, 0, 0, 0, 0, 0, 0, 0]], "35736.sol": [0, [0, 0, 0, 0, 0, 0, 0, 0, 0, 0]], "12302.sol": [0, [0, 0, 0, 0, 0, 0, 0, 0, 0, 0]], "7668.sol": [0, [0, 0, 0, 0, 0, 0, 0, 0, 0, 0]], "24757.sol": [0, [0, 0, 0, 0, 0, 0, 0, 0, 0, 0]], "39944.sol": [0, [0, 0, 0, 0, 0, 0, 0, 0, 0, 0]], "6241.sol": [0, [0, 0, 0, 0, 0, 0, 0, 0, 0, 0]], "4512.sol": [0, [0, 0, 0, 0, 0, 0, 0, 0, 0, 0]], "12770.sol": [0, [0, 0, 0, 0, 0, 0, 0, 0, 0, 0]], "6543.sol": [0, [0, 0, 0, 0, 0, 0, 0, 0, 0, 0]], "23250.sol": [0, [0, 0, 0, 0, 0, 0, 0, 0, 0, 0]], "34531.sol": [0, [0, 0, 0, 0, 0, 0, 0, 0, 0, 0]], "16225.sol": [1, [0, 0, 1, 0, 0, 0, 0, 0, 0, 0]], "4140.sol": [0, [0, 0, 0, 0, 0, 0, 0, 0, 0, 0]], "6090.sol": [0, [0, 0, 0, 0, 0, 0, 0, 0, 0, 0]], "2617.sol": [0, [0, 0, 0, 0, 0, 0, 0, 0, 0, 0]], "29575.sol": [0, [0, 0, 0, 0, 0, 0, 0, 0, 0, 0]], "11736.sol": [0, [0, 0, 0, 0, 0, 0, 0, 0, 0, 0]], "21463.sol": [0, [0, 0, 0, 0, 0, 0, 0, 0, 0, 0]], "1759.sol": [0, [0, 0, 0, 0, 0, 0, 0, 0, 0, 0]], "15333.sol": [0, [0, 0, 0, 0, 0, 0, 0, 0, 0, 0]], "31512.sol": [0, [0, 0, 0, 0, 0, 0, 0, 0, 0, 0]], "10539.sol": [0, [0, 0, 0, 0, 0, 0, 0, 0, 0, 0]], "26933.sol": [0, [0, 0, 0, 0, 0, 0, 0, 0, 0, 0]], "24255.sol": [0, [0, 0, 0, 0, 0, 0, 0, 0, 0, 0]], "8567.sol": [0, [0, 0, 0, 0, 0, 0, 0, 0, 0, 0]], "32932.sol": [0, [0, 0, 0, 0, 0, 0, 0, 0, 0, 0]], "21482.sol": [0, [0, 0, 0, 0, 0, 0, 0, 0, 0, 0]], "21262.sol": [0, [0, 0, 0, 0, 0, 0, 0, 0, 0, 0]], "35698.sol": [0, [0, 0, 0, 0, 0, 0, 0, 0, 0, 0]], "19743.sol": [0, [0, 0, 0, 0, 0, 0, 0, 0, 0, 0]], "43.sol": [1, [0, 0, 0, 0, 0, 0, 0, 1, 1, 1]], "3009.sol": [0, [0, 0, 0, 0, 0, 0, 0, 0, 0, 0]], "20823.sol": [0, [0, 0, 0, 0, 0, 0, 0, 0, 0, 0]], "37596.sol": [1, [1, 0, 0, 1, 0, 0, 1, 0, 0, 0]], "9511.sol": [0, [0, 0, 0, 0, 0, 0, 0, 0, 0, 0]], "2990.sol": [0, [0, 0, 0, 0, 0, 0, 0, 0, 0, 0]], "9762.sol": [0, [0, 0, 0, 0, 0, 0, 0, 0, 0, 0]], "17305.sol": [0, [0, 0, 0, 0, 0, 0, 0, 0, 0, 0]], "10526.sol": [0, [0, 0, 0, 0, 0, 0, 0, 0, 0, 0]], "9257.sol": [0, [0, 0, 0, 0, 0, 0, 0, 0, 0, 0]], "5413.sol": [0, [0, 0, 0, 0, 0, 0, 0, 0, 0, 0]], "1359.sol": [0, [0, 0, 0, 0, 0, 0, 0, 0, 0, 0]], "13183.sol": [0, [0, 0, 0, 0, 0, 0, 0, 0, 0, 0]], "16048.sol": [0, [0, 0, 0, 0, 0, 0, 0, 0, 0, 0]], "32043.sol": [0, [0, 0, 0, 0, 0, 0, 0, 0, 0, 0]], "5104.sol": [0, [0, 0, 0, 0, 0, 0, 0, 0, 0, 0]], "10264.sol": [0, [0, 0, 0, 0, 0, 0, 0, 0, 0, 0]], "6950.sol": [0, [0, 0, 0, 0, 0, 0, 0, 0, 0, 0]], "26456.sol": [0, [0, 0, 0, 0, 0, 0, 0, 0, 0, 0]], "20423.sol": [0, [0, 0, 0, 0, 0, 0, 0, 0, 0, 0]], "29557.sol": [1, [1, 1, 1, 1, 0, 0, 1, 0, 1, 0]], "19574.sol": [0, [0, 0, 0, 0, 0, 0, 0, 0, 0, 0]], "7453.sol": [0, [0, 0, 0, 0, 0, 0, 0, 0, 0, 0]], "6345.sol": [0, [0, 0, 0, 0, 0, 0, 0, 0, 0, 0]], "12728.sol": [0, [0, 0, 0, 0, 0, 0, 0, 0, 0, 0]], "27482.sol": [1, [1, 1, 1, 1, 1, 1, 1, 1, 1, 1]], "32647.sol": [0, [0, 0, 0, 0, 0, 0, 0, 0, 0, 0]], "12278.sol": [0, [0, 0, 0, 0, 0, 0, 0, 0, 0, 0]], "1335.sol": [0, [0, 0, 0, 0, 0, 0, 0, 0, 0, 0]], "26677.sol": [0, [0, 0, 0, 0, 0, 0, 0, 0, 0, 0]], "25040.sol": [0, [0, 0, 0, 0, 0, 0, 0, 0, 0, 0]], "8364.sol": [0, [0, 0, 0, 0, 0, 0, 0, 0, 0, 0]], "23144.sol": [0, [0, 0, 0, 0, 0, 0, 0, 0, 0, 0]], "30564.sol": [0, [0, 0, 0, 0, 0, 0, 0, 0, 0, 0]], "18721.sol": [0, [0, 0, 0, 0, 0, 0, 0, 0, 0, 0]], "30892.sol": [1, [1, 0, 0, 0, 1, 0, 0, 0, 0, 0]], "1420.sol": [0, [0, 0, 0, 0, 0, 0, 0, 0, 0, 0]], "28420.sol": [0, [0, 0, 0, 0, 0, 0, 0, 0, 0, 0]], "17195.sol": [0, [0, 0, 0, 0, 0, 0, 0, 0, 0, 0]], "11105.sol": [0, [0, 0, 0, 0, 0, 0, 0, 0, 0, 0]], "12388.sol": [0, [0, 0, 0, 0, 0, 0, 0, 0, 0, 0]], "1384.sol": [0, [0, 0, 0, 0, 0, 0, 0, 0, 0, 0]], "8683.sol": [0, [0, 0, 0, 0, 0, 0, 0, 0, 0, 0]], "25158.sol": [0, [0, 0, 0, 0, 0, 0, 0, 0, 0, 0]], "14468.sol": [0, [0, 0, 0, 0, 0, 0, 0, 0, 0, 0]], "34503.sol": [0, [0, 0, 0, 0, 0, 0, 0, 0, 0, 0]], "2678.sol": [0, [0, 0, 0, 0, 0, 0, 0, 0, 0, 0]], "4224.sol": [0, [0, 0, 0, 0, 0, 0, 0, 0, 0, 0]], "30767.sol": [0, [0, 0, 0, 0, 0, 0, 0, 0, 0, 0]], "37438.sol": [0, [0, 0, 0, 0, 0, 0, 0, 0, 0, 0]], "29008.sol": [1, [1, 0, 0, 0, 0, 0, 0, 0, 0, 0]], "36060.sol": [0, [0, 0, 0, 0, 0, 0, 0, 0, 0, 0]], "25936.sol": [1, [0, 1, 0, 1, 0, 1, 0, 1, 0, 1]], "38612.sol": [0, [0, 0, 0, 0, 0, 0, 0, 0, 0, 0]], "36268.sol": [0, [0, 0, 0, 0, 0, 0, 0, 0, 0, 0]], "21528.sol": [0, [0, 0, 0, 0, 0, 0, 0, 0, 0, 0]], "25846.sol": [0, [0, 0, 0, 0, 0, 0, 0, 0, 0, 0]], "23609.sol": [0, [0, 0, 0, 0, 0, 0, 0, 0, 0, 0]], "1369.sol": [0, [0, 0, 0, 0, 0, 0, 0, 0, 0, 0]], "7456.sol": [0, [0, 0, 0, 0, 0, 0, 0, 0, 0, 0]], "34290.sol": [0, [0, 0, 0, 0, 0, 0, 0, 0, 0, 0]], "23342.sol": [0, [0, 0, 0, 0, 0, 0, 0, 0, 0, 0]], "5914.sol": [0, [0, 0, 0, 0, 0, 0, 0, 0, 0, 0]], "10974.sol": [0, [0, 0, 0, 0, 0, 0, 0, 0, 0, 0]], "39317.sol": [0, [0, 0, 0, 0, 0, 0, 0, 0, 0, 0]], "28541.sol": [0, [0, 0, 0, 0, 0, 0, 0]], "21964.sol": [0, [0, 0, 0, 0, 0, 0, 0, 0, 0, 0]], "17941.sol": [0, [0, 0, 0, 0, 0, 0, 0, 0, 0, 0]], "16868.sol": [0, [0, 0, 0, 0, 0, 0, 0, 0, 0, 0]], "25182.sol": [0, [0, 0, 0, 0, 0, 0, 0, 0, 0, 0]], "20528.sol": [0, [0, 0, 0, 0, 0, 0, 0, 0, 0, 0]], "10289.sol": [0, [0, 0, 0, 0, 0, 0, 0, 0, 0, 0]], "20230.sol": [0, [0, 0, 0, 0, 0, 0, 0, 0, 0, 0]], "25035.sol": [0, [0, 0, 0, 0, 0, 0, 0, 0, 0, 0]], "10923.sol": [0, [0, 0, 0, 0, 0, 0, 0, 0, 0, 0]], "34770.sol": [0, [0, 0, 0, 0, 0, 0, 0, 0, 0, 0]], "29398.sol": [0, [0, 0, 0, 0, 0, 0, 0, 0, 0, 0]], "31363.sol": [0, [0, 0, 0, 0, 0, 0, 0, 0, 0, 0]], "25281.sol": [0, [0, 0, 0, 0, 0, 0, 0, 0, 0, 0]], "881.sol": [0, [0, 0, 0, 0, 0, 0, 0, 0, 0, 0]], "39637.sol": [0, [0, 0, 0, 0, 0, 0, 0, 0, 0, 0]], "35943.sol": [0, [0, 0, 0, 0, 0, 0, 0, 0, 0, 0]], "28129.sol": [0, [0, 0, 0, 0, 0, 0, 0, 0, 0, 0]], "35917.sol": [0, [0, 0, 0, 0, 0, 0, 0, 0, 0, 0]], "12699.sol": [0, [0, 0, 0, 0, 0, 0, 0, 0, 0, 0]], "21375.sol": [0, [0, 0, 0, 0, 0, 0, 0, 0, 0, 0]], "40097.sol": [0, [0, 0, 0, 0, 0, 0, 0, 0, 0, 0]], "22563.sol": [0, [0, 0, 0, 0, 0, 0, 0, 0, 0, 0]], "31438.sol": [0, [0, 0, 0, 0, 0, 0, 0, 0, 0, 0]], "38456.sol": [0, [0, 0, 0, 0, 0, 0, 0, 0, 0, 0]], "26688.sol": [0, [0, 0, 0, 0, 0, 0, 0, 0, 0, 0]], "26627.sol": [0, [0, 0, 0, 0, 0, 0, 0, 0, 0, 0]], "32113.sol": [0, [0, 0, 0, 0, 0, 0, 0, 0, 0, 0]], "37685.sol": [0, [0, 0, 0, 0, 0, 0, 0, 0, 0, 0]], "27199.sol": [0, [0, 0, 0, 0, 0, 0, 0, 0, 0, 0]], "12299.sol": [0, [0, 0, 0, 0, 0, 0, 0, 0, 0, 0]], "6851.sol": [0, [0, 0, 0, 0, 0, 0, 0, 0, 0, 0]], "29834.sol": [0, [0, 0, 0, 0, 0, 0, 0, 0, 0, 0]], "39308.sol": [0, [0, 0, 0, 0, 0, 0, 0, 0, 0, 0]], "8267.sol": [0, [0, 0, 0, 0, 0, 0, 0, 0, 0, 0]], "35386.sol": [0, [0, 0, 0, 0, 0, 0, 0, 0, 0, 0]], "31580.sol": [0, [0, 0, 0, 0, 0, 0, 0, 0, 0, 0]], "3219.sol": [0, [0, 0, 0, 0, 0, 0, 0, 0, 0, 0]], "26069.sol": [0, [0, 0, 0, 0, 0, 0, 0, 0, 0, 0]], "21078.sol": [0, [0, 0, 0, 0, 0, 0, 0, 0, 0, 0]], "25270.sol": [0, [0, 0, 0, 0, 0, 0, 0, 0, 0, 0]], "21099.sol": [0, [0, 0, 0, 0, 0, 0, 0, 0, 0, 0]], "10887.sol": [0, [0, 0, 0, 0, 0, 0, 0, 0, 0, 0]], "271.sol": [0, [0, 0, 0, 0, 0, 0, 0, 0, 0, 0]], "33051.sol": [0, [0, 0, 0, 0, 0, 0, 0, 0, 0, 0]], "20376.sol": [1, [0, 0, 0, 0, 1, 0, 1, 0, 0, 1]], "32825.sol": [0, [0, 0, 0, 0, 0, 0, 0, 0, 0, 0]], "29473.sol": [0, [0, 0, 0, 0, 0, 0, 0, 0, 0, 0]], "23328.sol": [0, [0, 0, 0, 0, 0, 0, 0, 0, 0, 0]], "30969.sol": [0, [0, 0, 0, 0, 0, 0, 0, 0, 0, 0]], "7303.sol": [0, [0, 0, 0, 0, 0, 0, 0, 0, 0, 0]], "39233.sol": [0, [0, 0, 0, 0, 0, 0, 0, 0, 0, 0]], "5688.sol": [0, [0, 0, 0, 0, 0, 0, 0, 0, 0, 0]], "6214.sol": [0, [0, 0, 0, 0, 0, 0, 0, 0, 0, 0]], "13348.sol": [0, [0, 0, 0, 0, 0, 0, 0, 0, 0, 0]], "26403.sol": [0, [0, 0, 0, 0, 0, 0, 0, 0, 0, 0]], "4773.sol": [0, [0, 0, 0, 0, 0, 0, 0, 0, 0, 0]], "17183.sol": [0, [0, 0, 0, 0, 0, 0, 0, 0, 0, 0]], "34946.sol": [0, [0, 0, 0, 0, 0, 0, 0, 0, 0, 0]], "23883.sol": [0, [0, 0, 0, 0, 0, 0, 0, 0, 0, 0]], "17940.sol": [0, [0, 0, 0, 0, 0, 0, 0, 0, 0, 0]], "23283.sol": [0, [0, 0, 0, 0, 0, 0, 0, 0, 0, 0]], "21770.sol": [0, [0, 0, 0, 0, 0, 0, 0, 0, 0, 0]], "28314.sol": [1, [1, 1, 1, 1, 1, 0, 0, 0, 0, 0]], "23485.sol": [0, [0, 0, 0, 0, 0, 0, 0, 0, 0, 0]], "17303.sol": [0, [0, 0, 0, 0, 0, 0, 0, 0, 0, 0]], "32321.sol": [0, [0, 0, 0, 0, 0, 0, 0, 0, 0, 0]], "17494.sol": [0, [0, 0, 0, 0, 0, 0, 0, 0, 0, 0]], "6423.sol": [0, [0, 0, 0, 0, 0, 0, 0, 0, 0, 0]], "8113.sol": [0, [0, 0, 0, 0, 0, 0, 0, 0, 0, 0]], "7474.sol": [0, [0, 0, 0, 0, 0, 0, 0, 0, 0, 0]], "39635.sol": [1, [0, 1, 0, 0, 0, 0, 0, 0, 0, 0]], "9146.sol": [0, [0, 0, 0, 0, 0, 0, 0, 0, 0, 0]], "11387.sol": [0, [0, 0, 0, 0, 0, 0, 0, 0, 0, 0]], "33547.sol": [0, [0, 0, 0, 0, 0, 0, 0, 0, 0, 0]], "19019.sol": [1, [1, 0, 0, 1, 0, 0, 0, 0, 0, 0]], "9943.sol": [0, [0, 0, 0, 0, 0, 0, 0, 0, 0, 0]], "20124.sol": [0, [0, 0, 0, 0, 0, 0, 0, 0, 0, 0]], "32284.sol": [0, [0, 0, 0, 0, 0, 0, 0, 0, 0, 0]], "417.sol": [1, [0, 0, 0, 0, 0, 0, 0, 1, 0, 0]], "28189.sol": [0, [0, 0, 0, 0, 0, 0, 0, 0, 0, 0]], "8298.sol": [0, [0, 0, 0, 0, 0, 0, 0, 0, 0, 0]], "7139.sol": [0, [0, 0, 0, 0, 0, 0, 0, 0, 0, 0]], "11295.sol": [0, [0, 0, 0, 0, 0, 0, 0, 0, 0, 0]], "10935.sol": [0, [0, 0, 0, 0, 0, 0, 0, 0, 0, 0]], "14694.sol": [1, [0, 0, 0, 0, 0, 0, 0, 0, 1, 0]], "33171.sol": [0, [0, 0, 0, 0, 0, 0, 0, 0, 0, 0]], "24132.sol": [0, [0, 0, 0, 0, 0, 0, 0, 0, 0, 0]], "9881.sol": [0, [0, 0, 0, 0, 0, 0, 0, 0, 0, 0]], "16197.sol": [0, [0, 0, 0, 0, 0, 0, 0, 0, 0, 0]], "14749.sol": [0, [0, 0, 0, 0, 0, 0, 0, 0, 0, 0]], "36242.sol": [0, [0, 0, 0, 0, 0, 0, 0, 0, 0, 0]], "12920.sol": [0, [0, 0, 0, 0, 0, 0, 0, 0, 0, 0]], "34158.sol": [0, [0, 0, 0, 0, 0, 0, 0, 0, 0, 0]], "692.sol": [0, [0, 0, 0, 0, 0, 0, 0, 0, 0, 0]], "6739.sol": [0, [0, 0, 0, 0, 0, 0, 0, 0, 0, 0]], "19918.sol": [0, [0, 0, 0, 0, 0, 0, 0, 0, 0, 0]], "30283.sol": [0, [0, 0, 0, 0, 0, 0, 0, 0, 0, 0]], "30484.sol": [0, [0, 0, 0, 0, 0, 0, 0, 0, 0, 0]], "37235.sol": [0, [0, 0, 0, 0, 0, 0, 0, 0, 0, 0]], "35630.sol": [1, [0, 0, 0, 0, 0, 0, 1, 0, 1, 1]], "26331.sol": [0, [0, 0, 0, 0, 0, 0, 0, 0, 0, 0]], "18170.sol": [0, [0, 0, 0, 0, 0, 0, 0, 0, 0, 0]], "25058.sol": [1, [0, 0, 0, 1, 0, 0, 0, 0, 0, 0]], "6803.sol": [1, [0, 0, 0, 1, 1, 0, 0, 0, 0, 0]], "32207.sol": [1, [0, 0, 0, 0, 0, 0, 0, 1, 0, 0]], "32619.sol": [1, [0, 0, 0, 0, 0, 0, 0, 0, 1, 0]], "39943.sol": [1, [1, 1, 1, 1, 1, 1, 1, 1, 1, 1]], "24545.sol": [1, [1, 1, 0, 0, 0, 0, 0, 0, 0, 0]], "18451.sol": [1, [0, 0, 0, 0, 0, 0, 1, 0, 1, 1]], "37180.sol": [1, [1, 1, 1, 1, 1, 1, 0, 0, 0, 1]], "26199.sol": [0, [0, 0, 0, 0, 0, 0, 0, 0, 0, 0]], "3291.sol": [1, [1, 1, 0, 0, 1, 1, 1, 1, 1, 1]], "34162.sol": [1, [0, 0, 0, 1, 1, 0, 0, 0, 0, 0]], "16206.sol": [0, [0, 0, 0, 0, 0, 0, 0, 0, 0, 0]], "39814.sol": [0, [0, 0, 0, 0, 0, 0, 0, 0, 0, 0]], "39445.sol": [1, [1, 1, 1, 1, 1, 1, 1, 1, 1, 1]], "35362.sol": [1, [1, 1, 1, 1, 1, 1, 1, 1, 0, 1]], "33439.sol": [1, [0, 0, 1, 0, 0, 0, 0, 0, 1, 1]], "37376.sol": [0, [0, 0, 0, 0, 0, 0, 0, 0, 0, 0]], "34430.sol": [1, [1, 1, 1, 1, 1, 1, 1, 1, 1, 1]], "29699.sol": [1, [0, 0, 0, 1, 0, 1, 1, 1, 0, 0]], "15460.sol": [1, [1, 1, 1, 1, 1, 1, 1, 1, 1, 1]], "35032.sol": [1, [0, 0, 0, 0, 0, 0, 0, 1, 0, 1]], "34414.sol": [1, [0, 0, 0, 0, 1, 0, 0, 1, 0, 0]], "10751.sol": [1, [0, 0, 1, 1, 0, 1, 1, 0, 0, 0]], "30445.sol": [0, [0, 0, 0, 0, 0, 0, 0, 0, 0, 0]], "31006.sol": [1, [0, 1, 0, 0, 0, 0, 0, 0, 0, 0]], "30310.sol": [0, [0, 0, 0, 0, 0, 0, 0, 0, 0, 0]], "38602.sol": [1, [0, 0, 0, 1, 1, 0, 0, 0, 0, 0]], "26858.sol": [1, [0, 0, 0, 0, 1, 0, 0, 1, 1, 0]], "31936.sol": [1, [0, 0, 0, 0, 0, 0, 0, 1, 0, 0]], "37868.sol": [1, [0, 1, 1, 1, 0, 0, 0, 0, 0, 0]], "21243.sol": [1, [1, 1, 1, 1, 1, 1, 1, 1, 1, 1]], "22205.sol": [1, [1, 1, 1, 1, 1, 1, 1, 1, 1, 1]], "14991.sol": [1, [0, 0, 0, 0, 0, 0, 0, 1, 0, 1]], "37408.sol": [1, [0, 0, 0, 0, 0, 1, 1, 1, 1, 0]], "23972.sol": [1, [0, 0, 0, 0, 0, 0, 0, 0, 1, 0]], "21816.sol": [1, [0, 0, 0, 0, 0, 1, 1, 0, 0, 0]], "37993.sol": [1, [1, 1, 1, 0, 1, 0, 0, 0, 0, 1]], "24778.sol": [0, [0, 0, 0, 0, 0, 0, 0, 0, 0, 0]], "24536.sol": [1, [1, 1, 0, 0, 0, 0, 0, 0, 0, 0]], "38525.sol": [1, [0, 0, 0, 0, 0, 1, 1, 0, 0, 0]], "31933.sol": [1, [0, 0, 0, 0, 0, 0, 0, 1, 0, 0]], "37929.sol": [1, [0, 0, 0, 0, 0, 1, 1, 0, 0, 0]], "22372.sol": [1, [0, 0, 1, 0, 1, 1, 1, 1, 1, 0]], "19840.sol": [1, [1, 1, 0, 0, 0, 1, 0, 0, 0, 0]], "23639.sol": [1, [0, 0, 0, 1, 0, 0, 0, 0, 1, 1]], "8553.sol": [1, [0, 0, 0, 0, 0, 0, 0, 0, 1, 0]], "33473.sol": [1, [1, 1, 0, 0, 1, 1, 1, 1, 1, 1]], "23273.sol": [1, [1, 1, 1, 1, 1, 1, 1, 0, 0, 0]], "39170.sol": [1, [1, 1, 0, 0, 1, 0, 0, 0, 0, 0]], "32739.sol": [1, [0, 1, 1, 0, 0, 0, 0, 0, 0, 1]], "15814.sol": [1, [1, 1, 0, 0, 0, 0, 0, 0, 0, 0]], "39878.sol": [0, [0, 0, 0, 0, 0, 0, 0, 0, 0, 0]], "39647.sol": [1, [0, 0, 0, 0, 0, 0, 1, 0, 0, 0]], "23954.sol": [1, [0, 1, 1, 0, 1, 1, 0, 1, 1, 0]], "2914.sol": [1, [1, 1, 1, 1, 0, 0, 0, 0, 0, 0]], "34159.sol": [1, [0, 0, 0, 1, 0, 1, 1, 0, 0, 0]], "39715.sol": [1, [1, 1, 1, 1, 1, 1, 1, 1, 1, 1]], "35526.sol": [1, [0, 0, 0, 0, 1, 0, 0, 0, 0, 1]], "30479.sol": [0, [0, 0, 0, 0, 0, 0, 0, 0, 0, 0]], "26536.sol": [1, [0, 1, 0, 0, 0, 0, 0, 0, 0, 0]], "26414.sol": [0, [0, 0, 0, 0, 0, 0, 0, 0, 0, 0]], "29936.sol": [0, [0, 0, 0, 0, 0, 0, 0, 0, 0, 0]], "10469.sol": [0, [0, 0, 0, 0, 0, 0, 0, 0, 0, 0]], "22262.sol": [0, [0, 0, 0, 0, 0, 0, 0, 0, 0, 0]], "32338.sol": [1, [0, 0, 0, 0, 0, 1, 0, 0, 0, 1]], "33853.sol": [0, [0, 0, 0, 0, 0, 0, 0, 0, 0, 0]], "15000.sol": [1, [0, 0, 1, 1, 0, 1, 1, 0, 0, 0]], "31207.sol": [1, [1, 0, 1, 0, 1, 0, 0, 0, 0, 0]], "33005.sol": [1, [1, 0, 0, 0, 0, 0, 0, 0, 0, 0]], "3164.sol": [1, [1, 0, 0, 0, 0, 0, 0, 0, 0, 0]], "27839.sol": [1, [0, 0, 0, 1, 0, 0, 1, 0, 0, 0]], "1559.sol": [1, [0, 0, 0, 0, 0, 0, 0, 0, 1, 0]], "35181.sol": [0, [0, 0, 0, 0, 0, 0, 0, 0, 0, 0]], "29409.sol": [1, [0, 0, 1, 1, 1, 0, 1, 0, 1, 1]], "21979.sol": [0, [0, 0, 0, 0, 0, 0, 0, 0, 0, 0]], "30989.sol": [0, [0, 0, 0, 0, 0, 0, 0, 0, 0, 0]], "36023.sol": [0, [0, 0, 0, 0, 0, 0, 0, 0, 0, 0]], "35380.sol": [0, [0, 0, 0, 0, 0, 0, 0, 0, 0, 0]], "2107.sol": [0, [0, 0, 0, 0, 0, 0, 0, 0, 0, 0]], "34569.sol": [1, [0, 0, 0, 0, 0, 0, 0, 1, 0, 0]], "12924.sol": [1, [0, 0, 0, 0, 0, 0, 0, 0, 1, 0]], "3290.sol": [1, [1, 1, 0, 0, 1, 1, 1, 1, 1, 1]], "36551.sol": [1, [0, 0, 0, 1, 1, 0, 0, 0, 0, 0]], "13242.sol": [1, [1, 1, 0, 0, 0, 0, 0, 0, 0, 0]], "37182.sol": [1, [1, 1, 1, 1, 1, 1, 0, 0, 0, 1]], "35140.sol": [1, [0, 0, 0, 0, 0, 1, 1, 0, 0, 0]], "19517.sol": [0, [0, 0, 0, 0, 0, 0, 0, 0, 0, 0]], "31253.sol": [1, [0, 0, 1, 1, 0, 1, 1, 0, 0, 0]], "19039.sol": [0, [0, 0, 0, 0, 0, 0, 0, 0, 0, 0]], "24515.sol": [0, [0, 0, 0, 0, 0, 0, 0, 0, 0, 0]], "36037.sol": [1, [0, 0, 0, 0, 0, 1, 0, 1, 0, 1]], "36243.sol": [1, [1, 1, 0, 0, 0, 0, 0, 0, 0, 0]], "38191.sol": [1, [0, 0, 1, 1, 0, 0, 0, 1, 0, 0]], "33531.sol": [1, [1, 0, 1, 1, 0, 0, 0, 0, 0, 0]], "30029.sol": [1, [0, 0, 1, 1, 0, 1, 1, 0, 0, 0]], "23614.sol": [1, [0, 1, 0, 0, 0, 0, 0, 0, 0, 0]], "14504.sol": [1, [0, 0, 0, 0, 0, 0, 1, 0, 1, 0]], "20359.sol": [0, [0, 0, 0, 0, 0, 0, 0, 0, 0, 0]], "31283.sol": [1, [0, 0, 0, 0, 0, 0, 0, 1, 0, 0]], "12142.sol": [1, [1, 1, 1, 1, 1, 1, 0, 0, 0, 0]], "13500.sol": [0, [0, 0, 0, 0, 0, 0, 0, 0, 0, 0]], "34977.sol": [1, [1, 1, 1, 0, 0, 0, 0, 0, 0, 0]], "23503.sol": [1, [0, 1, 1, 0, 1, 0, 0, 0, 1, 0]], "8500.sol": [1, [1, 0, 0, 0, 0, 0, 0, 0, 0, 0]], "30604.sol": [1, [0, 0, 1, 1, 0, 1, 1, 0, 0, 0]], "37298.sol": [0, [0, 0, 0, 0, 0, 0, 0, 0, 0, 0]], "23210.sol": [1, [1, 1, 1, 1, 1, 1, 1, 1, 1, 1]], "35974.sol": [1, [0, 0, 0, 1, 1, 0, 0, 0, 0, 0]], "40084.sol": [1, [0, 0, 0, 0, 1, 0, 0, 0, 0, 0]], "35429.sol": [1, [0, 0, 0, 0, 1, 0, 0, 0, 0, 1]], "413.sol": [0, [0, 0, 0, 0, 0, 0, 0, 0, 0, 0]], "39707.sol": [1, [1, 1, 1, 1, 1, 1, 1, 1, 1, 1]], "39708.sol": [1, [1, 1, 1, 1, 1, 1, 1, 1, 1, 1]], "18929.sol": [1, [0, 0, 0, 1, 0, 1, 0, 0, 0, 0]], "31641.sol": [1, [0, 0, 0, 0, 0, 1, 0, 1, 0, 0]], "35418.sol": [1, [0, 0, 0, 0, 0, 0, 1, 1, 0, 1]], "20706.sol": [1, [0, 0, 1, 1, 0, 0, 0, 0, 0, 0]], "39945.sol": [1, [1, 0, 0, 0, 0, 0, 0, 0, 0, 0]], "3284.sol": [1, [1, 1, 0, 0, 1, 1, 1, 1, 1, 1]], "37185.sol": [1, [1, 1, 1, 1, 0, 1, 0, 0, 1, 1]], "36308.sol": [0, [0, 0, 0, 0, 0, 0, 0, 0, 0, 0]], "19520.sol": [0, [0, 0, 0, 0, 0, 0, 0, 0, 0, 0]], "8415.sol": [0, [0, 0, 0, 0, 0, 0, 0, 0, 0, 0]], "33342.sol": [1, [1, 0, 1, 1, 0, 0, 0, 0, 0, 0]], "23495.sol": [1, [0, 1, 1, 0, 1, 0, 0, 0, 1, 0]], "37454.sol": [1, [0, 0, 0, 0, 0, 0, 1, 0, 0, 0]], "7511.sol": [1, [0, 1, 0, 0, 0, 0, 0, 0, 0, 0]], "14654.sol": [1, [0, 0, 0, 0, 0, 0, 1, 0, 1, 0]], "38029.sol": [1, [1, 1, 0, 1, 1, 1, 0, 0, 1, 1]], "40129.sol": [0, [0, 0, 0, 0, 0, 0, 0, 0, 0, 0]], "3939.sol": [0, [0, 0, 0, 0, 0, 0, 0, 0, 0, 0]], "12133.sol": [1, [0, 0, 0, 0, 0, 0, 0, 0, 0, 1]], "36131.sol": [1, [1, 1, 0, 0, 1, 1, 1, 1, 0, 0]], "35341.sol": [1, [0, 0, 0, 0, 1, 1, 1, 1, 1, 1]], "23220.sol": [1, [0, 0, 0, 0, 0, 1, 0, 1, 0, 1]], "24822.sol": [0, [0, 0, 0, 0, 0, 0, 0, 0, 0, 0]], "27352.sol": [0, [0, 0, 0, 0, 0, 0, 0, 0, 0, 0]], "20132.sol": [0, [0, 0, 0, 0, 0, 0, 0, 0, 0, 0]], "30082.sol": [0, [0, 0, 0, 0, 0, 0, 0, 0, 0, 0]], "35976.sol": [0, [0, 0, 0, 0, 0, 0, 0, 0, 0, 0]], "28451.sol": [1, [0, 0, 0, 1, 1, 0, 0, 0, 0, 0]], "18880.sol": [0, [0, 0, 0, 0, 0, 0, 0, 0, 0, 0]], "32248.sol": [0, [0, 0, 0, 0, 0, 0, 0, 0, 0, 0]], "28099.sol": [0, [0, 0, 0, 0, 0, 0, 0, 0, 0, 0]], "38338.sol": [1, [1, 0, 1, 1, 0, 1, 1, 1, 1, 0]], "493.sol": [1, [0, 0, 0, 0, 0, 0, 0, 0, 1, 0]], "16759.sol": [0, [0, 0, 0, 0, 0, 0, 0, 0, 0, 0]], "23618.sol": [1, [1, 1, 1, 0, 1, 0, 1, 0, 0, 1]], "14564.sol": [1, [1, 1, 0, 0, 0, 0, 0, 0, 0, 0]], "40099.sol": [0, [0, 0, 0, 0, 0, 0, 0, 0, 0, 0]], "17400.sol": [0, [0, 0, 0, 0, 0, 0, 0, 0, 0, 0]], "16603.sol": [1, [1, 1, 1, 1, 0, 0, 0, 1, 1, 0]], "34297.sol": [1, [0, 0, 0, 0, 0, 1, 1, 0, 0, 0]], "32901.sol": [1, [0, 1, 1, 0, 0, 1, 0, 0, 0, 0]], "8999.sol": [1, [0, 0, 1, 0, 0, 0, 0, 0, 0, 0]], "39699.sol": [1, [1, 0, 1, 1, 1, 1, 1, 0, 0, 0]], "23467.sol": [1, [0, 0, 0, 0, 0, 0, 1, 0, 0, 0]], "37229.sol": [0, [0, 0, 0, 0, 0, 0, 0, 0, 0, 0]], "35804.sol": [1, [0, 0, 0, 0, 0, 1, 1, 0, 0, 0]], "36685.sol": [0, [0, 0, 0, 0, 0, 0, 0, 0, 0, 0]], "37299.sol": [0, [0, 0, 0, 0, 0, 0, 0, 0, 0, 0]], "37973.sol": [1, [0, 0, 0, 1, 1, 0, 0, 0, 0, 0]], "36327.sol": [1, [0, 0, 0, 1, 1, 0, 0, 0, 0, 0]], "3117.sol": [1, [0, 1, 1, 1, 1, 1, 0, 0, 0, 0]], "3971.sol": [1, [0, 0, 0, 0, 0, 1, 1, 0, 1, 1]], "39094.sol": [0, [0, 0, 0, 0, 0, 0, 0, 0, 0, 0]], "38234.sol": [1, [1, 1, 1, 1, 1, 1, 1, 1, 1, 1]], "20425.sol": [1, [0, 0, 0, 0, 0, 0, 1, 1, 0, 0]], "13216.sol": [1, [1, 0, 1, 0, 0, 0, 0, 1, 0, 1]], "32867.sol": [1, [1, 0, 1, 0, 0, 0, 0, 0, 0, 0]], "24868.sol": [1, [0, 0, 0, 1, 1, 1, 1, 1, 1, 1]], "18862.sol": [0, [0, 0, 0, 0, 0, 0, 0, 0, 0, 0]], "253.sol": [1, [1, 1, 1, 1, 1, 1, 0, 0, 0, 0]], "29945.sol": [1, [0, 0, 0, 1, 1, 0, 1, 0, 1, 0]], "290.sol": [0, [0, 0, 0, 0, 0, 0, 0, 0, 0, 0]], "38204.sol": [1, [0, 0, 0, 1, 1, 0, 0, 0, 0, 0]], "37959.sol": [1, [0, 0, 1, 0, 0, 0, 0, 0, 1, 0]]}