{"389.sol": [0, [0, 0, 0, 0, 0, 0, 0, 0, 0, 0]], "28405.sol": [0, [0, 0, 0, 0, 0, 0, 0, 0, 0, 0]], "19069.sol": [0, [0, 0, 0, 0, 0, 0, 0, 0, 0, 0]], "912.sol": [0, [0, 0, 0, 0, 0, 0, 0, 0, 0, 0]], "17631.sol": [1, [1, 1, 1, 1, 1, 1, 0, 1, 0, 1]], "25545.sol": [0, [0, 0, 0, 0, 0, 0, 0, 0, 0, 0]], "4602.sol": [0, [0, 0, 0, 0, 0, 0, 0, 0, 0, 0]], "203.sol": [0, [0, 0, 0, 0, 0, 0, 0, 0, 0, 0]], "36538.sol": [0, [0, 0, 0, 0, 0, 0, 0, 0, 0, 0]], "15474.sol": [0, [0, 0, 0, 0, 0, 0, 0, 0, 0, 0]], "30375.sol": [1, [0, 0, 0, 1, 0, 0, 1, 0, 0, 0]], "31701.sol": [0, [0, 0, 0, 0, 0, 0, 0, 0, 0, 0]], "23883.sol": [0, [0, 0, 0, 0, 0, 0, 0, 0, 0, 0]], "24550.sol": [0, [0, 0, 0, 0, 0, 0, 0, 0, 0, 0]], "7812.sol": [0, [0, 0, 0, 0, 0, 0, 0, 0, 0, 0]], "23411.sol": [0, [0, 0, 0, 0, 0, 0, 0, 0, 0, 0]], "29050.sol": [0, [0, 0, 0, 0, 0, 0, 0, 0, 0, 0]], "23672.sol": [0, [0, 0, 0, 0, 0, 0, 0, 0, 0, 0]], "19343.sol": [0, [0, 0, 0, 0, 0, 0, 0, 0, 0, 0]], "39260.sol": [1, [1, 1, 1, 1, 0, 0, 0, 0, 0, 0]], "15949.sol": [0, [0, 0, 0, 0, 0, 0, 0, 0, 0, 0]], "3328.sol": [0, [0, 0, 0, 0, 0, 0, 0, 0, 0, 0]], "10161.sol": [0, [0, 0, 0, 0, 0, 0, 0, 0, 0, 0]], "4234.sol": [0, [0, 0, 0, 0, 0, 0, 0, 0, 0, 0]], "7708.sol": [0, [0, 0, 0, 0, 0, 0, 0, 0, 0, 0]], "37469.sol": [1, [0, 0, 1, 1, 0, 0, 0, 0, 0, 0]], "4648.sol": [1, [0, 1, 1, 0, 0, 0, 0, 0, 0, 0]], "10812.sol": [0, [0, 0, 0, 0, 0, 0, 0, 0, 0, 0]], "35000.sol": [0, [0, 0, 0, 0, 0, 0, 0, 0, 0, 0]], "22367.sol": [0, [0, 0, 0, 0, 0, 0, 0, 0, 0, 0]], "5184.sol": [1, [1, 1, 1, 1, 1, 1, 0, 1, 1, 1]], "5904.sol": [0, [0, 0, 0, 0, 0, 0, 0, 0, 0, 0]], "32158.sol": [0, [0, 0, 0, 0, 0, 0, 0, 0, 0, 0]], "22938.sol": [0, [0, 0, 0, 0, 0, 0, 0, 0, 0, 0]], "35387.sol": [0, [0, 0, 0, 0, 0, 0, 0, 0, 0, 0]], "39658.sol": [0, [0, 0, 0, 0, 0, 0, 0, 0, 0, 0]], "36712.sol": [0, [0, 0, 0, 0, 0, 0, 0, 0, 0, 0]], "27225.sol": [0, [0, 0, 0, 0, 0, 0, 0, 0, 0, 0]], "14553.sol": [0, [0, 0, 0, 0, 0, 0, 0, 0, 0, 0]], "37417.sol": [0, [0, 0, 0, 0, 0, 0, 0, 0, 0, 0]], "34561.sol": [0, [0, 0, 0, 0, 0, 0, 0, 0, 0, 0]], "19364.sol": [0, [0, 0, 0, 0, 0, 0, 0, 0, 0, 0]], "27161.sol": [0, [0, 0, 0, 0, 0, 0, 0, 0, 0, 0]], "3187.sol": [0, [0, 0, 0, 0, 0, 0, 0, 0, 0, 0]], "18545.sol": [0, [0, 0, 0, 0, 0, 0, 0, 0, 0, 0]], "27739.sol": [0, [0, 0, 0, 0, 0, 0, 0, 0, 0, 0]], "5201.sol": [0, [0, 0, 0, 0, 0, 0, 0, 0, 0, 0]], "653.sol": [0, [0, 0, 0, 0, 0, 0, 0, 0, 0, 0]], "15036.sol": [0, [0, 0, 0, 0, 0, 0, 0, 0, 0, 0]], "26990.sol": [0, [0, 0, 0, 0, 0, 0, 0, 0, 0, 0]], "27854.sol": [0, [0, 0, 0, 0, 0, 0, 0, 0, 0, 0]], "14817.sol": [0, [0, 0, 0, 0, 0, 0, 0, 0, 0, 0]], "3185.sol": [0, [0, 0, 0, 0, 0, 0, 0, 0, 0, 0]], "29103.sol": [0, [0, 0, 0, 0, 0, 0, 0, 0, 0, 0]], "5178.sol": [0, [0, 0, 0, 0, 0, 0, 0, 0, 0, 0]], "13342.sol": [0, [0, 0, 0, 0, 0, 0, 0, 0, 0, 0]], "17617.sol": [0, [0, 0, 0, 0, 0, 0, 0, 0, 0, 0]], "40410.sol": [0, [0, 0, 0, 0, 0, 0, 0, 0, 0, 0]], "40306.sol": [0, [0, 0, 0, 0, 0, 0, 0, 0, 0, 0]], "39757.sol": [0, [0, 0, 0, 0, 0, 0, 0, 0, 0, 0]], "10903.sol": [0, [0, 0, 0, 0, 0, 0, 0, 0, 0, 0]], "8772.sol": [0, [0, 0, 0, 0, 0, 0, 0, 0, 0, 0]], "23783.sol": [0, [0, 0, 0, 0, 0, 0, 0, 0, 0, 0]], "20419.sol": [0, [0, 0, 0, 0, 0, 0, 0, 0, 0, 0]], "7018.sol": [0, [0, 0, 0, 0, 0, 0, 0, 0, 0, 0]], "39836.sol": [0, [0, 0, 0, 0, 0, 0, 0, 0, 0, 0]], "32163.sol": [1, [0, 1, 1, 0, 1, 0, 0, 0, 0, 1]], "34087.sol": [0, [0, 0, 0, 0, 0, 0, 0, 0, 0, 0]], "37582.sol": [0, [0, 0, 0, 0, 0, 0, 0, 0, 0, 0]], "28227.sol": [0, [0, 0, 0, 0, 0, 0, 0, 0, 0, 0]], "7382.sol": [0, [0, 0, 0, 0, 0, 0, 0, 0, 0, 0]], "34861.sol": [0, [0, 0, 0, 0, 0, 0, 0, 0, 0, 0]], "23620.sol": [0, [0, 0, 0, 0, 0, 0, 0, 0, 0, 0]], "23433.sol": [0, [0, 0, 0, 0, 0, 0, 0, 0, 0, 0]], "39556.sol": [0, [0, 0, 0, 0, 0, 0, 0, 0, 0, 0]], "11194.sol": [0, [0, 0, 0, 0, 0, 0, 0, 0, 0, 0]], "30754.sol": [0, [0, 0, 0, 0, 0, 0, 0, 0, 0, 0]], "19137.sol": [1, [0, 0, 0, 1, 0, 1, 0, 0, 0, 1]], "39498.sol": [1, [1, 1, 1, 1, 1, 0, 1, 0, 1, 1]], "24595.sol": [1, [0, 0, 0, 0, 0, 1, 1, 1, 1, 1]], "2304.sol": [1, [0, 0, 1, 1, 1, 1, 1, 0, 1, 1]], "526.sol": [1, [0, 0, 0, 1, 1, 0]], "33016.sol": [1, [0, 0, 1, 0, 0, 0, 0, 0, 0, 0]], "22935.sol": [1, [1, 0, 0, 1, 0, 1, 0, 1, 1, 1]], "34926.sol": [0, [0, 0, 0, 0, 0, 0, 0, 0, 0, 0]], "3106.sol": [1, [0, 1, 1, 0, 0, 0, 0, 1, 0, 1]], "17169.sol": [1, [0, 0, 0, 0, 1, 0, 0, 0, 0, 0]], "985.sol": [1, [0, 0, 0, 0, 1, 0, 0, 0, 0, 1]], "39410.sol": [1, [1, 0, 1, 1, 1, 1, 0, 0, 0, 0]], "39706.sol": [1, [1, 1, 1, 1, 0, 1, 0, 1, 1, 0]], "39316.sol": [1, [1, 1, 1, 1, 1, 0, 1, 1, 0, 1]], "23203.sol": [1, [0, 0, 0, 1, 0, 0, 0, 0, 0, 0]], "39817.sol": [0, [0, 0, 0, 0, 0, 0, 0, 0, 0, 0]], "34741.sol": [1, [1, 0, 1, 0, 0, 0, 0, 1, 0, 0]], "33130.sol": [1, [0, 0, 1, 0, 0, 1, 0, 1, 0, 0]], "3915.sol": [1, [0, 0, 0, 0, 0, 0, 0, 1, 0, 1]], "40063.sol": [1, [0, 0, 1, 1, 0, 0, 0, 0, 0, 0]], "39110.sol": [0, [0, 0, 0, 0, 0, 0, 0, 0, 0, 0]], "38872.sol": [1, [1, 1, 1, 1, 1, 0, 1, 1, 0, 1]], "35813.sol": [1, [0, 0, 0, 1, 0, 0, 0, 1, 1, 1]], "24588.sol": [1, [0, 0, 0, 0, 0, 0, 0, 1, 1, 1]], "17489.sol": [1, [0, 0, 0, 0, 1, 0, 0, 0, 0, 0]], "27751.sol": [1, [0, 0, 0, 0, 1, 0, 0, 0, 0, 0]], "40038.sol": [1, [1, 1, 1, 1, 0, 1, 0, 1, 0, 0]], "9355.sol": [1, [0, 1, 0, 0, 0, 0, 0, 0, 0, 0]], "14727.sol": [1, [1, 0, 0, 0, 0, 0, 0, 0, 0, 0]], "33498.sol": [1, [0, 0, 0, 0, 0, 0, 0, 0, 1, 0]], "1128.sol": [1, [0, 0, 0, 0, 0, 0, 0, 0, 0, 1]], "21354.sol": [0, [0, 0, 0, 0, 0, 0, 0, 0, 0, 0]], "17482.sol": [1, [0, 0, 0, 0, 1, 0, 0, 0, 0, 0]], "19410.sol": [1, [0, 1, 1, 0, 0, 0, 1, 0, 0, 1]], "34125.sol": [0, [0, 0, 0, 0, 0, 0, 0, 0, 0, 0]], "2506.sol": [1, [0, 1, 1, 1, 1, 1, 1, 1, 0, 1]], "32146.sol": [1, [1, 1, 0, 0, 0, 0, 0, 0, 0, 0]], "38959.sol": [1, [1, 1, 1, 1, 1, 0, 1, 0, 1, 1]], "33464.sol": [1, [1, 0, 1, 1, 0, 1, 0, 0, 0, 0]]}