{"17617.sol": [0, [0, 0, 0, 0, 0, 0, 0, 0, 0, 0]], "36961.sol": [0, [0, 0, 0, 0, 0, 0, 0, 0, 0, 0]], "29214.sol": [0, [0, 0, 0, 0, 0, 0, 0, 0, 0, 0]], "30987.sol": [0, [0, 0, 0, 0, 0, 0, 0, 0, 0, 0]], "7098.sol": [0, [0, 0, 0, 0, 0, 0, 0, 0, 0, 0]], "22650.sol": [0, [0, 0, 0, 0, 0, 0, 0, 0, 0, 0]], "5184.sol": [0, [0, 0, 0, 0, 0, 0, 0, 0, 0, 0]], "9478.sol": [0, [0, 0, 0, 0, 0, 0, 0, 0, 0, 0]], "38192.sol": [0, [0, 0, 0, 0, 0, 0, 0, 0, 0, 0]], "26091.sol": [0, [0, 0, 0, 0, 0, 0, 0, 0, 0, 0]], "13126.sol": [0, [0, 0, 0, 0, 0, 0, 0, 0, 0, 0]], "35181.sol": [0, [0, 0, 0, 0, 0, 0, 0, 0, 0, 0]], "20616.sol": [0, [0, 0, 0, 0, 0, 0, 0, 0, 0, 0]], "38571.sol": [1, [0, 0, 0, 0, 1, 0, 0, 0, 0, 0]], "35994.sol": [1, [0, 0, 0, 0, 0, 0, 1, 0, 0, 0]], "12694.sol": [0, [0, 0, 0, 0, 0, 0, 0, 0, 0, 0]], "10118.sol": [0, [0, 0, 0, 0, 0, 0, 0, 0, 0, 0]], "30037.sol": [0, [0, 0, 0, 0, 0, 0, 0, 0, 0, 0]], "27790.sol": [0, [0, 0, 0, 0, 0, 0, 0, 0, 0, 0]], "10928.sol": [0, [0, 0, 0, 0, 0, 0, 0, 0, 0, 0]], "1039.sol": [0, [0, 0, 0, 0, 0, 0, 0, 0, 0, 0]], "34659.sol": [0, [0, 0, 0, 0, 0, 0, 0, 0, 0, 0]], "7601.sol": [0, [0, 0, 0, 0, 0, 0, 0, 0, 0, 0]], "1317.sol": [0, [0, 0, 0, 0, 0, 0, 0, 0, 0, 0]], "33322.sol": [0, [0, 0, 0, 0, 0, 0, 0, 0, 0, 0]], "33750.sol": [0, [0, 0, 0, 0, 0, 0, 0, 0, 0, 0]], "35775.sol": [0, [0, 0, 0, 0, 0, 0, 0, 0, 0, 0]], "10907.sol": [0, [0, 0, 0, 0, 0, 0, 0, 0, 0, 0]], "1436.sol": [0, [0, 0, 0, 0, 0, 0, 0, 0, 0, 0]], "26301.sol": [0, [0, 0, 0, 0, 0, 0, 0, 0, 0, 0]], "8647.sol": [0, [0, 0, 0, 0, 0, 0, 0, 0, 0, 0]], "8714.sol": [0, [0, 0, 0, 0, 0, 0, 0, 0, 0, 0]], "6445.sol": [0, [0, 0, 0, 0, 0, 0, 0, 0, 0, 0]], "13012.sol": [0, [0, 0, 0, 0, 0, 0, 0, 0, 0, 0]], "3874.sol": [0, [0, 0, 0, 0, 0, 0, 0, 0, 0, 0]], "29850.sol": [0, [0, 0, 0, 0, 0, 0, 0, 0, 0, 0]], "3439.sol": [0, [0, 0, 0, 0, 0, 0, 0, 0, 0, 0]], "7866.sol": [0, [0, 0, 0, 0, 0, 0, 0, 0, 0, 0]], "10969.sol": [0, [0, 0, 0, 0, 0, 0, 0, 0, 0, 0]], "34391.sol": [0, [0, 0, 0, 0, 0, 0, 0, 0, 0, 0]], "7189.sol": [0, [0, 0, 0, 0, 0, 0, 0, 0, 0, 0]], "35715.sol": [1, [0, 0, 0, 0, 0, 0, 1, 1, 1, 1]], "28793.sol": [0, [0, 0, 0, 0, 0, 0, 0, 0, 0, 0]], "10042.sol": [0, [0, 0, 0, 0, 0, 0, 0, 0, 0, 0]], "9883.sol": [0, [0, 0, 0, 0, 0, 0, 0, 0, 0, 0]], "29141.sol": [0, [0, 0, 0, 0, 0, 0, 0, 0, 0, 0]], "28410.sol": [1, [0, 0, 1, 0, 0, 0, 0, 0, 0, 0]], "619.sol": [0, [0, 0, 0, 0, 0, 0, 0, 0, 0, 0]], "26404.sol": [0, [0, 0, 0, 0, 0, 0, 0, 0, 0, 0]], "16811.sol": [0, [0, 0, 0, 0, 0, 0, 0, 0, 0, 0]], "8633.sol": [0, [0, 0, 0, 0, 0, 0, 0, 0, 0, 0]], "6277.sol": [0, [0, 0, 0, 0, 0, 0, 0, 0, 0, 0]], "111.sol": [0, [0, 0, 0, 0, 0, 0, 0, 0, 0, 0]], "27556.sol": [0, [0, 0, 0, 0, 0, 0, 0, 0, 0, 0]], "29366.sol": [0, [0, 0, 0, 0, 0, 0, 0, 0, 0, 0]], "37580.sol": [0, [0, 0, 0, 0, 0, 0, 0, 0, 0, 0]], "10469.sol": [0, [0, 0, 0, 0, 0, 0, 0, 0, 0, 0]], "11631.sol": [0, [0, 0, 0, 0, 0, 0, 0, 0, 0, 0]], "22125.sol": [0, [0, 0, 0, 0, 0, 0, 0, 0, 0, 0]], "19265.sol": [0, [0, 0, 0, 0, 0, 0, 0, 0, 0, 0]], "18734.sol": [0, [0, 0, 0, 0, 0, 0, 0, 0, 0, 0]], "2273.sol": [0, [0, 0, 0, 0, 0, 0, 0, 0, 0, 0]], "29821.sol": [0, [0, 0, 0, 0, 0, 0, 0, 0, 0, 0]], "14192.sol": [0, [0, 0, 0, 0, 0, 0, 0, 0, 0, 0]], "27493.sol": [0, [0, 0, 0, 0, 0, 0, 0, 0, 0, 0]], "33390.sol": [0, [0, 0, 0, 0, 0, 0, 0, 0, 0, 0]], "24630.sol": [0, [0, 0, 0, 0, 0, 0, 0, 0, 0, 0]], "448.sol": [0, [0, 0, 0, 0, 0, 0, 0, 0, 0, 0]], "36770.sol": [0, [0, 0, 0, 0, 0, 0, 0, 0, 0, 0]], "27057.sol": [0, [0, 0, 0, 0, 0, 0, 0, 0, 0, 0]], "13866.sol": [0, [0, 0, 0, 0, 0, 0, 0, 0, 0, 0]], "29468.sol": [0, [0, 0, 0, 0, 0, 0, 0, 0, 0, 0]], "25856.sol": [0, [0, 0, 0, 0, 0, 0, 0, 0, 0, 0]], "10414.sol": [0, [0, 0, 0, 0, 0, 0, 0, 0, 0, 0]], "30932.sol": [0, [0, 0, 0, 0, 0, 0, 0, 0, 0, 0]], "4851.sol": [0, [0, 0, 0, 0, 0, 0, 0, 0, 0, 0]], "6642.sol": [0, [0, 0, 0, 0, 0, 0, 0, 0, 0, 0]], "10331.sol": [0, [0, 0, 0, 0, 0, 0, 0, 0, 0, 0]], "28054.sol": [0, [0, 0, 0, 0, 0, 0, 0, 0, 0, 0]], "6466.sol": [0, [0, 0, 0, 0, 0, 0, 0, 0, 0, 0]], "4278.sol": [0, [0, 0, 0, 0, 0, 0, 0, 0, 0, 0]], "18917.sol": [0, [0, 0, 0, 0, 0, 0, 0, 0, 0, 0]], "34558.sol": [0, [0, 0, 0, 0, 0, 0, 0, 0, 0, 0]], "4777.sol": [0, [0, 0, 0, 0, 0, 0, 0, 0, 0, 0]], "14300.sol": [0, [0, 0, 0, 0, 0, 0, 0, 0, 0, 0]], "28136.sol": [0, [0, 0, 0, 0, 0, 0, 0, 0, 0, 0]], "30207.sol": [0, [0, 0, 0, 0, 0, 0, 0, 0, 0, 0]], "19831.sol": [0, [0, 0, 0, 0, 0, 0, 0, 0, 0, 0]], "12261.sol": [0, [0, 0, 0, 0, 0, 0, 0, 0, 0, 0]], "36343.sol": [0, [0, 0, 0, 0, 0, 0, 0, 0, 0, 0]], "37297.sol": [0, [0, 0, 0, 0, 0, 0, 0, 0, 0, 0]], "14001.sol": [0, [0, 0, 0, 0, 0, 0, 0, 0, 0, 0]], "8194.sol": [0, [0, 0, 0, 0, 0, 0, 0, 0, 0, 0]], "4573.sol": [0, [0, 0, 0, 0, 0, 0, 0, 0, 0, 0]], "4147.sol": [0, [0, 0, 0, 0, 0, 0, 0, 0, 0, 0]], "1540.sol": [0, [0, 0, 0, 0, 0, 0, 0, 0, 0, 0]], "19476.sol": [0, [0, 0, 0, 0, 0, 0, 0, 0, 0, 0]], "14615.sol": [0, [0, 0, 0, 0, 0, 0, 0, 0, 0, 0]], "20818.sol": [0, [0, 0, 0, 0, 0, 0, 0, 0, 0, 0]], "28401.sol": [0, [0, 0, 0, 0, 0, 0, 0, 0, 0, 0]], "4567.sol": [0, [0, 0, 0, 0, 0, 0, 0, 0, 0, 0]], "16335.sol": [0, [0, 0, 0, 0, 0, 0, 0, 0, 0, 0]], "37131.sol": [0, [0, 0, 0, 0, 0, 0, 0, 0, 0, 0]], "5658.sol": [0, [0, 0, 0, 0, 0, 0, 0, 0, 0, 0]], "1376.sol": [0, [0, 0, 0, 0, 0, 0, 0, 0, 0, 0]], "8476.sol": [0, [0, 0, 0, 0, 0, 0, 0, 0, 0, 0]], "39637.sol": [1, [0, 0, 0, 0, 0, 0, 1, 0, 1, 1]], "1294.sol": [0, [0, 0, 0, 0, 0, 0, 0, 0, 0, 0]], "2300.sol": [0, [0, 0, 0, 0, 0, 0, 0, 0, 0, 0]], "26011.sol": [0, [0, 0, 0, 0, 0, 0, 0, 0, 0, 0]], "30771.sol": [0, [0, 0, 0, 0, 0, 0, 0, 0, 0, 0]], "15146.sol": [0, [0, 0, 0, 0, 0, 0, 0, 0, 0, 0]], "29869.sol": [0, [0, 0, 0, 0, 0, 0, 0, 0, 0, 0]], "12338.sol": [0, [0, 0, 0, 0, 0, 0, 0, 0, 0, 0]], "23949.sol": [0, [0, 0, 0, 0, 0, 0, 0, 0, 0, 0]], "23952.sol": [0, [0, 0, 0, 0, 0, 0, 0, 0, 0, 0]], "20954.sol": [0, [0, 0, 0, 0, 0, 0, 0, 0, 0, 0]], "29504.sol": [0, [0, 0, 0, 0, 0, 0, 0, 0, 0, 0]], "35009.sol": [0, [0, 0, 0, 0, 0, 0, 0, 0, 0, 0]], "30205.sol": [1, [0, 0, 0, 0, 1, 1, 1, 1, 1, 0]], "20661.sol": [0, [0, 0, 0, 0, 0, 0, 0, 0, 0, 0]], "9901.sol": [0, [0, 0, 0, 0, 0, 0, 0, 0, 0, 0]], "9390.sol": [0, [0, 0, 0, 0, 0, 0, 0, 0, 0, 0]], "27458.sol": [0, [0, 0, 0, 0, 0, 0, 0, 0, 0, 0]], "21039.sol": [0, [0, 0, 0, 0, 0, 0, 0, 0, 0, 0]], "14753.sol": [0, [0, 0, 0, 0, 0, 0, 0, 0, 0, 0]], "7757.sol": [0, [0, 0, 0, 0, 0, 0, 0, 0, 0, 0]], "1315.sol": [0, [0, 0, 0, 0, 0, 0, 0, 0, 0, 0]], "29799.sol": [0, [0, 0, 0, 0, 0, 0, 0, 0, 0, 0]], "20241.sol": [1, [0, 0, 0, 0, 0, 0, 0, 1, 0, 0]], "36899.sol": [0, [0, 0, 0, 0, 0, 0, 0, 0, 0, 0]], "28569.sol": [0, [0, 0, 0, 0, 0, 0, 0, 0, 0, 0]], "33670.sol": [1, [1, 1, 0, 0, 1, 1, 1, 0, 0, 0]], "34894.sol": [0, [0, 0, 0, 0, 0, 0, 0, 0, 0, 0]], "5154.sol": [0, [0, 0, 0, 0, 0, 0, 0, 0, 0, 0]], "5510.sol": [0, [0, 0, 0, 0, 0, 0, 0, 0, 0, 0]], "20295.sol": [0, [0, 0, 0, 0, 0, 0, 0, 0, 0, 0]], "2535.sol": [0, [0, 0, 0, 0, 0, 0, 0, 0, 0, 0]], "11613.sol": [0, [0, 0, 0, 0, 0, 0, 0, 0, 0, 0]], "14786.sol": [0, [0, 0, 0, 0, 0, 0, 0, 0, 0, 0]], "24635.sol": [0, [0, 0, 0, 0, 0, 0, 0, 0, 0, 0]], "36395.sol": [1, [1, 1, 1, 1, 1, 0, 0, 1, 0, 0]], "2278.sol": [0, [0, 0, 0, 0, 0, 0, 0, 0, 0, 0]], "19126.sol": [0, [0, 0, 0, 0, 0, 0, 0, 0, 0, 0]], "5875.sol": [0, [0, 0, 0, 0, 0, 0, 0, 0, 0, 0]], "16344.sol": [0, [0, 0, 0, 0, 0, 0, 0, 0, 0, 0]], "4327.sol": [0, [0, 0, 0, 0, 0, 0, 0, 0, 0, 0]], "23318.sol": [0, [0, 0, 0, 0, 0, 0, 0, 0, 0, 0]], "35467.sol": [0, [0, 0, 0, 0, 0, 0, 0, 0, 0, 0]], "4236.sol": [0, [0, 0, 0, 0, 0, 0, 0, 0, 0, 0]], "2539.sol": [0, [0, 0, 0, 0, 0, 0, 0, 0, 0, 0]], "27887.sol": [0, [0, 0, 0, 0, 0, 0, 0, 0, 0, 0]], "21185.sol": [0, [0, 0, 0, 0, 0, 0, 0, 0, 0, 0]], "12244.sol": [0, [0, 0, 0, 0, 0, 0, 0, 0, 0, 0]], "19329.sol": [0, [0, 0, 0, 0, 0, 0, 0, 0, 0, 0]], "8931.sol": [0, [0, 0, 0, 0, 0, 0, 0, 0, 0, 0]], "33719.sol": [0, [0, 0, 0, 0, 0, 0, 0, 0, 0, 0]], "35326.sol": [0, [0, 0, 0, 0, 0, 0, 0, 0, 0, 0]], "29276.sol": [0, [0, 0, 0, 0, 0, 0, 0, 0, 0, 0]], "3292.sol": [0, [0, 0, 0, 0, 0, 0, 0, 0, 0, 0]], "18823.sol": [0, [0, 0, 0, 0, 0, 0, 0, 0, 0, 0]], "23793.sol": [0, [0, 0, 0, 0, 0, 0, 0, 0, 0, 0]], "4013.sol": [0, [0, 0, 0, 0, 0, 0, 0, 0, 0, 0]], "24443.sol": [0, [0, 0, 0, 0, 0, 0, 0, 0, 0, 0]], "1245.sol": [0, [0, 0, 0, 0, 0, 0, 0, 0, 0, 0]], "17917.sol": [0, [0, 0, 0, 0, 0, 0, 0, 0, 0, 0]], "32961.sol": [0, [0, 0, 0, 0, 0, 0, 0, 0, 0, 0]], "16634.sol": [0, [0, 0, 0, 0, 0, 0, 0, 0, 0, 0]], "24295.sol": [0, [0, 0, 0, 0, 0, 0, 0, 0, 0, 0]], "23500.sol": [0, [0, 0, 0, 0, 0, 0, 0, 0, 0, 0]], "17820.sol": [0, [0, 0, 0, 0, 0, 0, 0, 0, 0, 0]], "28861.sol": [0, [0, 0, 0, 0, 0, 0, 0, 0, 0, 0]], "29299.sol": [0, [0, 0, 0, 0, 0, 0, 0, 0, 0, 0]], "13311.sol": [0, [0, 0, 0, 0, 0, 0, 0, 0, 0, 0]], "10199.sol": [0, [0, 0, 0, 0, 0, 0, 0, 0, 0, 0]], "16474.sol": [0, [0, 0, 0, 0, 0, 0, 0, 0, 0, 0]], "20307.sol": [0, [0, 0, 0, 0, 0, 0, 0, 0, 0, 0]], "28976.sol": [0, [0, 0, 0, 0, 0, 0, 0, 0, 0, 0]], "3469.sol": [0, [0, 0, 0, 0, 0, 0, 0, 0, 0, 0]], "26085.sol": [0, [0, 0, 0, 0, 0, 0, 0, 0, 0, 0]], "28657.sol": [0, [0, 0, 0, 0, 0, 0, 0, 0, 0, 0]], "8151.sol": [0, [0, 0, 0, 0, 0, 0, 0, 0, 0, 0]], "25701.sol": [0, [0, 0, 0, 0, 0, 0, 0, 0, 0, 0]], "19069.sol": [1, [0, 0, 0, 0, 0, 1, 0, 0, 0, 0]], "4024.sol": [0, [0, 0, 0, 0, 0, 0, 0, 0, 0, 0]], "29005.sol": [0, [0, 0, 0, 0, 0, 0, 0, 0, 0, 0]], "8025.sol": [0, [0, 0, 0, 0, 0, 0, 0, 0, 0, 0]], "18859.sol": [0, [0, 0, 0, 0, 0, 0, 0, 0, 0, 0]], "731.sol": [0, [0, 0, 0, 0, 0, 0, 0, 0, 0, 0]], "14533.sol": [0, [0, 0, 0, 0, 0, 0, 0, 0, 0, 0]], "12314.sol": [0, [0, 0, 0, 0, 0, 0, 0, 0, 0, 0]], "3128.sol": [0, [0, 0, 0, 0, 0, 0, 0, 0, 0, 0]], "33066.sol": [0, [0, 0, 0, 0, 0, 0, 0, 0, 0, 0]], "26447.sol": [0, [0, 0, 0, 0, 0, 0, 0, 0, 0, 0]], "27578.sol": [0, [0, 0, 0, 0, 0, 0, 0, 0, 0, 0]], "1895.sol": [0, [0, 0, 0, 0, 0, 0, 0, 0, 0, 0]], "3852.sol": [0, [0, 0, 0, 0, 0, 0, 0, 0, 0, 0]], "17075.sol": [0, [0, 0, 0, 0, 0, 0, 0, 0, 0, 0]], "501.sol": [0, [0, 0, 0, 0, 0, 0, 0, 0, 0, 0]], "18874.sol": [0, [0, 0, 0, 0, 0, 0, 0, 0, 0, 0]], "4518.sol": [0, [0, 0, 0, 0, 0, 0, 0, 0, 0, 0]], "29946.sol": [0, [0, 0, 0, 0, 0, 0, 0, 0, 0, 0]], "3711.sol": [0, [0, 0, 0, 0, 0, 0, 0, 0, 0, 0]], "30260.sol": [0, [0, 0, 0, 0, 0, 0, 0, 0, 0, 0]], "12400.sol": [0, [0, 0, 0, 0, 0, 0, 0, 0, 0, 0]], "4840.sol": [0, [0, 0, 0, 0, 0, 0, 0, 0, 0, 0]], "5665.sol": [0, [0, 0, 0, 0, 0, 0, 0, 0, 0, 0]], "27696.sol": [0, [0, 0, 0, 0, 0, 0, 0, 0, 0, 0]], "3403.sol": [1, [0, 0, 1, 1, 0, 0, 0, 0, 0, 0]], "19941.sol": [0, [0, 0, 0, 0, 0, 0, 0, 0, 0, 0]], "9152.sol": [0, [0, 0, 0, 0, 0, 0, 0, 0, 0, 0]], "37021.sol": [0, [0, 0, 0, 0, 0, 0, 0, 0, 0, 0]], "35284.sol": [0, [0, 0, 0, 0, 0, 0, 0, 0, 0, 0]], "6126.sol": [0, [0, 0, 0, 0, 0, 0, 0, 0, 0, 0]], "20587.sol": [0, [0, 0, 0, 0, 0, 0, 0, 0, 0, 0]], "17687.sol": [0, [0, 0, 0, 0, 0, 0, 0, 0, 0, 0]], "5500.sol": [0, [0, 0, 0, 0, 0, 0, 0, 0, 0, 0]], "5202.sol": [0, [0, 0, 0, 0, 0, 0, 0, 0, 0, 0]], "20464.sol": [0, [0, 0, 0, 0, 0, 0, 0, 0, 0, 0]], "20800.sol": [0, [0, 0, 0, 0, 0, 0, 0, 0, 0, 0]], "11279.sol": [0, [0, 0, 0, 0, 0, 0, 0, 0, 0, 0]], "39539.sol": [0, [0, 0, 0, 0, 0, 0, 0, 0, 0, 0]], "22593.sol": [0, [0, 0, 0, 0, 0, 0, 0, 0, 0, 0]], "18682.sol": [0, [0, 0, 0, 0, 0, 0, 0, 0, 0, 0]], "6363.sol": [0, [0, 0, 0, 0, 0, 0, 0, 0, 0, 0]], "997.sol": [0, [0, 0, 0, 0, 0, 0, 0, 0, 0, 0]], "22290.sol": [0, [0, 0, 0, 0, 0, 0, 0, 0, 0, 0]], "13536.sol": [0, [0, 0, 0, 0, 0, 0, 0, 0, 0, 0]], "1505.sol": [0, [0, 0, 0, 0, 0, 0, 0, 0, 0, 0]], "3997.sol": [0, [0, 0, 0, 0, 0, 0, 0, 0, 0, 0]], "2054.sol": [1, [0, 0, 0, 1, 1, 0, 0, 0, 0, 0]], "20373.sol": [0, [0, 0, 0, 0, 0, 0, 0, 0, 0, 0]], "21162.sol": [0, [0, 0, 0, 0, 0, 0, 0, 0, 0, 0]], "31119.sol": [0, [0, 0, 0, 0, 0, 0, 0, 0, 0, 0]], "33573.sol": [0, [0, 0, 0, 0, 0, 0, 0, 0, 0, 0]], "16160.sol": [0, [0, 0, 0, 0, 0, 0, 0, 0, 0, 0]], "37288.sol": [0, [0, 0, 0, 0, 0, 0, 0, 0, 0, 0]], "21155.sol": [0, [0, 0, 0, 0, 0, 0, 0, 0, 0, 0]], "38743.sol": [0, [0, 0, 0, 0, 0, 0, 0, 0, 0, 0]], "40201.sol": [0, [0, 0, 0, 0, 0, 0, 0, 0, 0, 0]], "25408.sol": [0, [0, 0, 0, 0, 0, 0, 0, 0, 0, 0]], "32698.sol": [0, [0, 0, 0, 0, 0, 0, 0, 0, 0, 0]], "38798.sol": [0, [0, 0, 0, 0, 0, 0, 0, 0, 0, 0]], "24629.sol": [0, [0, 0, 0, 0, 0, 0, 0, 0, 0, 0]], "30845.sol": [0, [0, 0, 0, 0, 0, 0, 0, 0, 0, 0]], "34436.sol": [0, [0, 0, 0, 0, 0, 0, 0, 0, 0, 0]], "26311.sol": [0, [0, 0, 0, 0, 0, 0, 0, 0, 0, 0]], "12207.sol": [0, [0, 0, 0, 0, 0, 0, 0, 0, 0, 0]], "27648.sol": [0, [0, 0, 0, 0, 0, 0, 0, 0, 0, 0]], "11780.sol": [0, [0, 0, 0, 0, 0, 0, 0, 0, 0, 0]], "18483.sol": [0, [0, 0, 0, 0, 0, 0, 0, 0, 0, 0]], "23492.sol": [0, [0, 0, 0, 0, 0, 0, 0, 0, 0, 0]], "35392.sol": [0, [0, 0, 0, 0, 0, 0, 0, 0, 0, 0]], "12844.sol": [0, [0, 0, 0, 0, 0, 0, 0, 0, 0, 0]], "16054.sol": [0, [0, 0, 0, 0, 0, 0, 0, 0, 0, 0]], "20701.sol": [0, [0, 0, 0, 0, 0, 0, 0, 0, 0, 0]], "4539.sol": [0, [0, 0, 0, 0, 0, 0, 0, 0, 0, 0]], "19095.sol": [0, [0, 0, 0, 0, 0, 0, 0, 0, 0, 0]], "30058.sol": [1, [1, 0, 0, 0, 0, 0, 0, 0, 0, 0]], "32393.sol": [0, [0, 0, 0, 0, 0, 0, 0, 0, 0, 0]], "10285.sol": [0, [0, 0, 0, 0, 0, 0, 0, 0, 0, 0]], "964.sol": [0, [0, 0, 0, 0, 0, 0, 0, 0, 0, 0]], "7516.sol": [0, [0, 0, 0, 0, 0, 0, 0, 0, 0, 0]], "39695.sol": [0, [0, 0, 0, 0, 0, 0, 0, 0, 0, 0]], "811.sol": [0, [0, 0, 0, 0, 0, 0, 0, 0, 0, 0]], "15055.sol": [0, [0, 0, 0, 0, 0, 0, 0, 0, 0, 0]], "31101.sol": [0, [0, 0, 0, 0, 0, 0, 0, 0, 0, 0]], "23214.sol": [0, [0, 0, 0, 0, 0, 0, 0, 0, 0, 0]], "39252.sol": [0, [0, 0, 0, 0, 0, 0, 0, 0, 0, 0]], "21373.sol": [0, [0, 0, 0, 0, 0, 0, 0, 0, 0, 0]], "4994.sol": [0, [0, 0, 0, 0, 0, 0, 0, 0, 0, 0]], "1151.sol": [0, [0, 0, 0, 0, 0, 0, 0, 0, 0, 0]], "8866.sol": [0, [0, 0, 0, 0, 0, 0, 0, 0, 0, 0]], "26675.sol": [0, [0, 0, 0, 0, 0, 0, 0, 0, 0, 0]], "8165.sol": [0, [0, 0, 0, 0, 0, 0, 0, 0, 0, 0]], "21021.sol": [0, [0, 0, 0, 0, 0, 0, 0, 0, 0, 0]], "36737.sol": [1, [0, 0, 0, 0, 0, 1, 0, 0, 0, 0]], "29801.sol": [1, [0, 0, 0, 1, 1, 0, 0, 1, 0, 0]], "38888.sol": [0, [0, 0, 0, 0, 0, 0, 0, 0, 0, 0]], "3254.sol": [1, [0, 0, 0, 0, 1, 0, 1, 1, 1, 1]], "3685.sol": [1, [1, 1, 1, 0, 0, 0, 1, 1, 1, 1]], "17857.sol": [1, [0, 0, 0, 0, 0, 1, 0, 0, 0, 0]], "28383.sol": [0, [0, 0, 0, 0, 0, 0, 0, 0, 0, 0]], "22850.sol": [1, [0, 0, 1, 1, 1, 1, 0, 0, 0, 0]], "20286.sol": [1, [0, 0, 1, 1, 0, 0, 1, 0, 0, 1]], "3826.sol": [1, [1, 1, 1, 0, 0, 0, 1, 1, 1, 1]], "3419.sol": [1, [1, 0, 0, 0, 0, 0, 0, 0, 0, 0]], "3743.sol": [1, [1, 1, 1, 0, 0, 0, 1, 1, 1, 1]], "37006.sol": [1, [0, 0, 0, 0, 0, 0, 1, 1, 0, 0]], "3823.sol": [1, [1, 1, 1, 0, 0, 0, 1, 1, 1, 1]], "33744.sol": [0, [0, 0, 0, 0, 0, 0, 0, 0, 0, 0]], "2847.sol": [0, [0, 0, 0, 0, 0, 0, 0, 0, 0, 0]], "22909.sol": [0, [0, 0, 0, 0, 0, 0, 0, 0, 0, 0]], "11196.sol": [0, [0, 0, 0, 0, 0, 0, 0, 0, 0, 0]], "15417.sol": [1, [1, 1, 1, 1, 0, 0, 0, 0, 0, 0]], "39269.sol": [0, [0, 0, 0, 0, 0, 0, 0, 0, 0, 0]], "8547.sol": [1, [1, 1, 0, 0, 0, 0, 0, 0, 0, 0]], "21111.sol": [1, [1, 1, 1, 0, 0, 0, 0, 0, 0, 0]], "23147.sol": [1, [0, 0, 0, 1, 1, 0, 0, 1, 0, 1]], "12018.sol": [0, [0, 0, 0, 0, 0, 0, 0, 0, 0, 0]], "3269.sol": [1, [1, 1, 1, 0, 0, 0, 1, 1, 1, 1]], "36952.sol": [1, [0, 0, 0, 0, 0, 0, 1, 1, 0, 0]], "2783.sol": [1, [1, 1, 1, 0, 0, 0, 1, 1, 1, 1]], "40056.sol": [1, [1, 1, 1, 1, 1, 0, 1, 0, 0, 1]], "22629.sol": [1, [0, 0, 0, 1, 1, 0, 0, 1, 0, 0]], "37614.sol": [0, [0, 0, 0, 0, 0, 0, 0, 0, 0, 0]], "31857.sol": [0, [0, 0, 0, 0, 0, 0, 0, 0, 0, 0]], "31615.sol": [0, [0, 0, 0, 0, 0, 0, 0, 0, 0, 0]], "2723.sol": [1, [0, 0, 0, 0, 1, 0, 1, 1, 1, 1]], "36928.sol": [1, [0, 0, 0, 0, 0, 1, 0, 0, 0, 0]], "3773.sol": [1, [1, 1, 1, 0, 0, 0, 1, 1, 1, 1]], "3054.sol": [0, [0, 0, 0, 0, 0, 0, 0, 0, 0, 0]], "15201.sol": [1, [0, 1, 1, 1, 1, 0, 1, 0, 1, 0]], "6328.sol": [1, [0, 0, 0, 0, 0, 0, 1, 0, 0, 1]], "21654.sol": [1, [0, 0, 1, 1, 0, 0, 1, 0, 0, 1]], "2188.sol": [0, [0, 0, 0, 0, 0, 0, 0, 0, 0, 0]], "36951.sol": [1, [0, 0, 0, 0, 0, 0, 1, 1, 0, 0]], "9053.sol": [1, [1, 1, 1, 1, 1, 1, 1, 1, 1, 0]], "3703.sol": [1, [1, 1, 1, 0, 0, 0, 1, 1, 1, 1]], "2189.sol": [0, [0, 0, 0, 0, 0, 0, 0, 0, 0, 0]], "16590.sol": [1, [0, 1, 1, 1, 0, 0, 0, 1, 0, 1]], "3266.sol": [1, [1, 1, 1, 1, 1, 1, 0, 0, 0, 0]], "15176.sol": [0, [0, 0, 0, 0, 0, 0, 0, 0, 0, 0]], "3383.sol": [1, [1, 1, 1, 0, 0, 0, 1, 1, 1, 1]], "11211.sol": [1, [1, 1, 1, 1, 1, 1, 0, 1, 1, 0]], "3589.sol": [1, [1, 1, 1, 0, 0, 0, 1, 1, 1, 1]], "34986.sol": [1, [0, 0, 0, 1, 0, 0, 0, 0, 0, 0]], "38873.sol": [1, [1, 1, 1, 1, 0, 0, 0, 0, 0, 0]], "4689.sol": [0, [0, 0, 0, 0, 0, 0, 0, 0, 0, 0]], "4225.sol": [1, [1, 0, 0, 0, 0, 1, 0, 0, 0, 0]], "4172.sol": [1, [1, 1, 1, 0, 0, 0, 1, 1, 1, 1]], "197.sol": [1, [1, 1, 1, 0, 0, 0, 1, 1, 1, 1]], "12702.sol": [1, [1, 1, 1, 1, 1, 1, 1, 1, 0, 1]], "774.sol": [1, [0, 0, 0, 0, 0, 1, 0, 0, 0, 1]], "7344.sol": [1, [1, 1, 1, 1, 1, 1, 0, 0, 1, 1]], "29601.sol": [1, [0, 0, 0, 0, 1, 1, 0, 1, 0, 1]], "15932.sol": [1, [1, 0, 0, 1, 1, 0, 1, 0, 0, 0]], "26968.sol": [1, [0, 0, 0, 1, 1, 0, 0, 1, 0, 1]], "39319.sol": [1, [0, 0, 0, 0, 0, 0, 1, 1, 1, 0]], "3305.sol": [1, [1, 1, 1, 0, 0, 0, 1, 1, 1, 1]], "2802.sol": [1, [1, 1, 1, 1, 1, 1, 0, 1, 1, 0]], "35661.sol": [1, [0, 0, 0, 0, 0, 0, 1, 1, 0, 0]], "2438.sol": [1, [0, 0, 1, 1, 0, 0, 1, 0, 1, 0]], "3103.sol": [1, [1, 1, 1, 0, 0, 0, 1, 1, 1, 1]], "6855.sol": [0, [0, 0, 0, 0, 0, 0, 0, 0, 0, 0]], "16591.sol": [1, [0, 1, 1, 1, 0, 0, 0, 1, 0, 1]], "38559.sol": [1, [0, 0, 0, 0, 0, 0, 0, 1, 1, 0]], "2211.sol": [1, [1, 1, 1, 0, 0, 0, 1, 1, 1, 1]], "34622.sol": [1, [0, 0, 0, 0, 0, 0, 1, 1, 0, 0]], "33234.sol": [1, [1, 1, 1, 0, 0, 1, 0, 1, 0, 0]], "9221.sol": [0, [0, 0, 0, 0, 0, 0, 0, 0, 0, 0]], "2148.sol": [1, [1, 1, 1, 1, 1, 1, 1, 1, 1, 1]], "514.sol": [1, [1, 1, 1, 0, 0, 0, 0, 1, 1, 1]], "9612.sol": [1, [0, 0, 0, 0, 0, 0, 1, 0, 1, 0]], "18860.sol": [1, [0, 0, 1, 1, 0, 0, 1, 0, 0, 1]], "33348.sol": [1, [0, 0, 0, 0, 0, 1, 1, 0, 0, 0]], "35496.sol": [0, [0, 0, 0, 0, 0, 0, 0, 0, 0, 0]], "12278.sol": [0, [0, 0, 0, 0, 0, 0, 0, 0, 0, 0]], "38111.sol": [1, [0, 0, 0, 0, 0, 0, 0, 1, 1, 0]], "29093.sol": [1, [0, 0, 0, 0, 0, 0, 1, 0, 0, 1]], "35617.sol": [0, [0, 0, 0, 0, 0, 0, 0, 0, 0, 0]], "34621.sol": [1, [0, 0, 0, 0, 0, 0, 1, 1, 0, 0]], "39684.sol": [0, [0, 0, 0, 0, 0, 0, 0, 0, 0, 0]], "13284.sol": [1, [1, 1, 1, 1, 1, 1, 1, 1, 0, 1]], "2876.sol": [1, [1, 1, 1, 0, 0, 0, 1, 1, 1, 1]], "18299.sol": [1, [1, 1, 1, 1, 1, 1, 0, 0, 1, 1]], "33971.sol": [1, [0, 0, 0, 0, 0, 1, 1, 0, 0, 0]], "12233.sol": [0, [0, 0, 0, 0, 0, 0, 0, 0, 0, 0]], "5206.sol": [1, [0, 0, 0, 0, 0, 0, 1, 0, 0, 1]], "19132.sol": [1, [1, 1, 1, 1, 1, 1, 1, 1, 1, 0]], "38393.sol": [0, [0, 0, 0, 0, 0, 0, 0, 0, 0, 0]], "33954.sol": [1, [0, 0, 0, 0, 0, 0, 0, 1, 0, 1]], "2823.sol": [1, [1, 1, 1, 0, 0, 0, 1, 1, 1, 1]], "18096.sol": [1, [0, 0, 1, 1, 0, 0, 1, 0, 0, 1]], "3468.sol": [1, [1, 1, 1, 0, 0, 0, 1, 1, 1, 1]], "31823.sol": [1, [0, 0, 0, 0, 0, 1, 1, 0, 0, 0]], "39705.sol": [0, [0, 0, 0, 0, 0, 0, 0, 0, 0, 0]], "39777.sol": [0, [0, 0, 0, 0, 0, 0, 0, 0, 0, 0]], "36927.sol": [1, [0, 0, 0, 0, 0, 0, 0, 1, 1, 0]], "19127.sol": [1, [1, 1, 1, 1, 1, 1, 1, 1, 1, 0]], "27413.sol": [1, [0, 0, 0, 0, 0, 0, 1, 1, 1, 0]], "21144.sol": [1, [1, 0, 1, 1, 0, 0, 0, 1, 1, 0]], "3318.sol": [1, [1, 1, 1, 0, 0, 0, 1, 1, 1, 1]], "22902.sol": [1, [0, 0, 0, 0, 0, 0, 0, 1, 1, 0]], "1399.sol": [1, [0, 0, 0, 0, 0, 1, 0, 0, 0, 1]], "18170.sol": [0, [0, 0, 0, 0, 0, 0, 0, 0, 0, 0]], "2412.sol": [1, [0, 0, 0, 0, 0, 1, 0, 0, 0, 1]], "14550.sol": [1, [1, 1, 1, 1, 1, 1, 0, 1, 1, 0]], "30460.sol": [0, [0, 0, 0, 0, 0, 0, 0, 0, 0, 0]], "26523.sol": [1, [0, 0, 0, 0, 0, 0, 0, 0, 1, 1]], "552.sol": [1, [0, 0, 0, 0, 1, 0, 1, 1, 1, 1]], "458.sol": [1, [1, 1, 1, 1, 1, 1, 1, 1, 1, 1]], "2598.sol": [1, [1, 1, 1, 0, 0, 0, 1, 1, 1, 1]], "37118.sol": [1, [0, 0, 0, 0, 0, 0, 1, 1, 0, 0]], "3476.sol": [1, [1, 1, 1, 0, 0, 0, 1, 1, 1, 1]], "201.sol": [1, [1, 1, 1, 0, 0, 0, 1, 1, 1, 1]], "15179.sol": [1, [0, 0, 0, 0, 0, 0, 1, 0, 1, 0]], "32537.sol": [1, [0, 0, 0, 1, 1, 1, 0, 0, 1, 1]], "8617.sol": [1, [1, 1, 0, 0, 0, 0, 0, 0, 0, 0]], "3555.sol": [1, [1, 1, 1, 0, 0, 0, 1, 1, 1, 1]], "19055.sol": [0, [0, 0, 0, 0, 0, 0, 0, 0, 0, 0]], "21755.sol": [1, [0, 0, 0, 0, 0, 1, 0, 0, 0, 0]], "10296.sol": [1, [1, 1, 1, 1, 0, 0, 1, 0, 0, 0]], "12277.sol": [1, [0, 0, 0, 0, 0, 0, 0, 1, 0, 0]], "35421.sol": [0, [0, 0, 0, 0, 0, 0, 0, 0, 0, 0]], "20735.sol": [1, [0, 1, 0, 0, 1, 0, 0, 0, 1, 0]], "2794.sol": [1, [1, 0, 1, 1, 0, 0, 0, 0, 0, 0]], "14982.sol": [1, [1, 1, 1, 1, 0, 0, 0, 1, 1, 0]], "3371.sol": [1, [1, 1, 1, 0, 0, 0, 1, 1, 1, 1]], "2467.sol": [1, [1, 1, 1, 1, 1, 1, 1, 1, 1, 1]], "12447.sol": [1, [0, 0, 0, 0, 1, 1, 1, 1, 0, 0]], "4391.sol": [1, [1, 0, 0, 0, 0, 1, 0, 0, 0, 0]], "37101.sol": [1, [0, 0, 0, 0, 0, 0, 0, 1, 1, 0]], "3669.sol": [1, [1, 0, 0, 0, 0, 0, 0, 0, 0, 0]]}