{"35761.sol": [0, [0, 0, 0, 0, 0, 0, 0, 0, 0, 0]], "18347.sol": [0, [0, 0, 0, 0, 0, 0, 0, 0, 0, 0]], "27700.sol": [0, [0, 0, 0, 0, 0, 0, 0, 0, 0, 0]], "1263.sol": [0, [0, 0, 0, 0, 0, 0, 0, 0, 0, 0]], "15116.sol": [0, [0, 0, 0, 0, 0, 0, 0, 0, 0, 0]], "7444.sol": [0, [0, 0, 0, 0, 0, 0, 0, 0, 0, 0]], "2735.sol": [0, [0, 0, 0, 0, 0, 0, 0, 0, 0, 0]], "27565.sol": [0, [0, 0, 0, 0, 0, 0, 0, 0, 0, 0]], "35840.sol": [0, [0, 0, 0, 0, 0, 0, 0, 0, 0, 0]], "27408.sol": [0, [0, 0, 0, 0, 0, 0, 0, 0, 0, 0]], "19911.sol": [0, [0, 0, 0, 0, 0, 0, 0, 0, 0, 0]], "11319.sol": [0, [0, 0, 0, 0, 0, 0, 0, 0, 0, 0]], "1131.sol": [0, [0, 0, 0, 0, 0, 0, 0, 0, 0, 0]], "25855.sol": [0, [0, 0, 0, 0, 0, 0, 0, 0, 0, 0]], "3356.sol": [0, [0, 0, 0, 0, 0, 0, 0, 0, 0, 0]], "13093.sol": [0, [0, 0, 0, 0, 0, 0, 0, 0, 0, 0]], "9052.sol": [0, [0, 0, 0, 0, 0, 0, 0, 0, 0, 0]], "33732.sol": [0, [0, 0, 0, 0, 0, 0, 0, 0, 0, 0]], "24808.sol": [0, [0, 0, 0, 0, 0, 0, 0, 0, 0, 0]], "8416.sol": [0, [0, 0, 0, 0, 0, 0, 0, 0, 0, 0]], "26436.sol": [0, [0, 0, 0, 0, 0, 0, 0, 0, 0, 0]], "13799.sol": [0, [0, 0, 0, 0, 0, 0, 0, 0, 0, 0]], "15304.sol": [0, [0, 0, 0, 0, 0, 0, 0, 0, 0, 0]], "20746.sol": [0, [0, 0, 0, 0, 0, 0, 0, 0, 0, 0]], "29665.sol": [0, [0, 0, 0, 0, 0, 0, 0, 0, 0, 0]], "4309.sol": [0, [0, 0, 0, 0, 0, 0, 0, 0, 0, 0]], "30517.sol": [0, [0, 0, 0, 0, 0, 0, 0, 0, 0, 0]], "21854.sol": [0, [0, 0, 0, 0, 0, 0, 0, 0, 0, 0]], "29668.sol": [0, [0, 0, 0, 0, 0, 0, 0, 0, 0, 0]], "27723.sol": [0, [0, 0, 0, 0, 0, 0, 0, 0, 0, 0]], "40071.sol": [0, [0, 0, 0, 0, 0, 0, 0, 0, 0, 0]], "7408.sol": [0, [0, 0, 0, 0, 0, 0, 0, 0, 0, 0]], "7509.sol": [0, [0, 0, 0, 0, 0, 0, 0, 0, 0, 0]], "6309.sol": [1, [1, 1, 1, 1, 1, 1, 1, 1, 1, 1]], "16886.sol": [0, [0, 0, 0, 0, 0, 0, 0, 0, 0, 0]], "37959.sol": [0, [0, 0, 0, 0, 0, 0, 0, 0, 0, 0]], "32431.sol": [0, [0, 0, 0, 0, 0, 0, 0, 0, 0, 0]], "22342.sol": [0, [0, 0, 0, 0, 0, 0, 0, 0, 0, 0]], "37672.sol": [0, [0, 0, 0, 0, 0, 0, 0, 0, 0, 0]], "18917.sol": [0, [0, 0, 0, 0, 0, 0, 0, 0, 0, 0]], "6273.sol": [0, [0, 0, 0, 0, 0, 0, 0, 0, 0, 0]], "9663.sol": [0, [0, 0, 0, 0, 0, 0, 0, 0, 0, 0]], "34009.sol": [0, [0, 0, 0, 0, 0, 0, 0, 0, 0, 0]], "26189.sol": [0, [0, 0, 0, 0, 0, 0, 0, 0, 0, 0]], "22817.sol": [0, [0, 0, 0, 0, 0, 0, 0, 0, 0, 0]], "32704.sol": [0, [0, 0, 0, 0, 0, 0, 0, 0, 0, 0]], "1118.sol": [0, [0, 0, 0, 0, 0, 0, 0, 0, 0, 0]], "17464.sol": [0, [0, 0, 0, 0, 0, 0, 0, 0, 0, 0]], "30158.sol": [1, [0, 0, 0, 0, 0, 0, 0, 0, 0, 1]], "3285.sol": [0, [0, 0, 0, 0, 0, 0, 0, 0, 0, 0]], "35735.sol": [0, [0, 0, 0, 0, 0, 0, 0, 0, 0, 0]], "17694.sol": [0, [0, 0, 0, 0, 0, 0, 0, 0, 0, 0]], "33014.sol": [0, [0, 0, 0, 0, 0, 0, 0, 0, 0, 0]], "5143.sol": [0, [0, 0, 0, 0, 0, 0, 0, 0, 0, 0]], "40311.sol": [0, [0, 0, 0, 0, 0, 0, 0, 0, 0, 0]], "3018.sol": [0, [0, 0, 0, 0, 0, 0, 0, 0, 0, 0]], "38495.sol": [1, [0, 0, 0, 0, 0, 0, 0, 0, 0, 1]], "7552.sol": [0, [0, 0, 0, 0, 0, 0, 0, 0, 0, 0]], "16740.sol": [0, [0, 0, 0, 0, 0, 0, 0, 0, 0, 0]], "35426.sol": [0, [0, 0, 0, 0, 0, 0, 0, 0, 0, 0]], "36552.sol": [0, [0, 0, 0, 0, 0, 0, 0, 0, 0, 0]], "1991.sol": [1, [0, 0, 0, 1, 1, 1, 1, 1, 1, 1]], "32844.sol": [1, [0, 0, 1, 0, 0, 0, 0, 0, 1, 0]], "33813.sol": [1, [0, 0, 0, 0, 0, 0, 0, 0, 0, 1]], "518.sol": [1, [0, 0, 0, 0, 0, 0, 1, 1, 0, 0]], "24937.sol": [1, [0, 0, 0, 0, 0, 0, 0, 0, 0, 1]], "22197.sol": [1, [1, 0, 1, 0, 0, 0, 0, 1, 0, 0]], "39718.sol": [0, [0, 0, 0, 0, 0, 0, 0, 0, 0, 0]], "9670.sol": [1, [0, 1, 0, 1, 0, 1, 0, 0, 0, 0]], "1753.sol": [1, [0, 0, 0, 0, 0, 1, 1, 1, 1, 1]], "9516.sol": [1, [0, 1, 0, 1, 0, 1, 0, 0, 0, 1]], "2757.sol": [1, [0, 0, 1, 0, 1, 0, 0, 0, 0, 0]], "1990.sol": [1, [0, 0, 0, 1, 1, 1, 1, 1, 1, 0]], "4993.sol": [0, [0, 0, 0, 0, 0, 0, 0, 0, 0, 0]], "33326.sol": [0, [0, 0, 0, 0, 0, 0, 0, 0, 0, 0]], "17831.sol": [1, [0, 1, 1, 0, 0, 0, 0, 1, 0, 1]], "1768.sol": [0, [0, 0, 0, 0, 0, 0, 0, 0, 0, 0]], "24935.sol": [1, [0, 0, 0, 0, 0, 0, 0, 0, 0, 1]], "37435.sol": [0, [0, 0, 0, 0, 0, 0, 0, 0, 0, 0]], "512.sol": [1, [0, 0, 0, 0, 0, 0, 1, 1, 1, 0]], "39949.sol": [0, [0, 0, 0, 0, 0, 0, 0, 0, 0, 0]], "1762.sol": [1, [0, 0, 0, 0, 0, 1, 1, 1, 1, 1]], "1547.sol": [1, [0, 0, 0, 0, 0, 0, 0, 1, 0, 0]], "2816.sol": [1, [1, 1, 0, 1, 0, 0, 0, 0, 0, 0]], "9703.sol": [1, [0, 1, 0, 1, 0, 1, 0, 0, 0, 0]], "17057.sol": [1, [1, 0, 0, 0, 0, 0, 1, 0, 0, 0]], "1788.sol": [1, [0, 0, 0, 0, 0, 1, 1, 1, 1, 1]], "19915.sol": [1, [1, 1, 1, 0, 0, 0, 0, 0, 0, 0]], "2746.sol": [1, [0, 0, 1, 0, 1, 0, 0, 0, 0, 0]], "39789.sol": [0, [0, 0, 0, 0, 0, 0, 0, 0, 0, 0]], "11356.sol": [1, [1, 1, 1, 1, 1, 1, 0, 0, 1, 0]], "4989.sol": [0, [0, 0, 0, 0, 0, 0, 0, 0, 0, 0]]}