{"20206.sol": [0, [0, 0, 0, 0, 0, 0, 0, 0, 0, 0]], "32752.sol": [0, [0, 0, 0, 0, 0, 0, 0, 0, 0, 0]], "11107.sol": [0, [0, 0, 0, 0, 0, 0, 0, 0, 0, 0]], "7207.sol": [0, [0, 0, 0, 0, 0, 0, 0, 0, 0, 0]], "39761.sol": [1, [0, 0, 0, 0, 0, 0, 1, 0, 0, 0]], "24318.sol": [0, [0, 0, 0, 0, 0, 0, 0, 0, 0, 0]], "38387.sol": [0, [0, 0, 0, 0, 0, 0, 0, 0, 0, 0]], "20462.sol": [0, [0, 0, 0, 0, 0, 0, 0, 0, 0, 0]], "35497.sol": [0, [0, 0, 0, 0, 0, 0, 0, 0, 0, 0]], "26536.sol": [0, [0, 0, 0, 0, 0, 0, 0, 0, 0, 0]], "5343.sol": [0, [0, 0, 0, 0, 0, 0, 0, 0, 0, 0]], "26584.sol": [0, [0, 0, 0, 0, 0, 0, 0, 0, 0, 0]], "33675.sol": [0, [0, 0, 0, 0, 0, 0, 0, 0, 0, 0]], "13027.sol": [0, [0, 0, 0, 0, 0, 0, 0, 0, 0, 0]], "24418.sol": [0, [0, 0, 0, 0, 0, 0, 0, 0, 0, 0]], "24423.sol": [0, [0, 0, 0, 0, 0, 0, 0, 0, 0, 0]], "32323.sol": [0, [0, 0, 0, 0, 0, 0, 0, 0, 0, 0]], "1252.sol": [0, [0, 0, 0, 0, 0, 0, 0, 0, 0, 0]], "13189.sol": [0, [0, 0, 0, 0, 0, 0, 0, 0, 0, 0]], "11134.sol": [0, [0, 0, 0, 0, 0, 0, 0, 0, 0, 0]], "37981.sol": [0, [0, 0, 0, 0, 0, 0, 0, 0, 0, 0]], "29181.sol": [0, [0, 0, 0, 0, 0, 0, 0, 0, 0, 0]], "19553.sol": [0, [0, 0, 0, 0, 0, 0, 0, 0, 0, 0]], "23810.sol": [0, [0, 0, 0, 0, 0, 0, 0, 0, 0, 0]], "27502.sol": [0, [0, 0, 0, 0, 0, 0, 0, 0, 0, 0]], "2365.sol": [0, [0, 0, 0, 0, 0, 0, 0, 0, 0, 0]], "19161.sol": [0, [0, 0, 0, 0, 0, 0, 0, 0, 0, 0]], "32263.sol": [0, [0, 0, 0, 0, 0, 0, 0, 0, 0, 0]], "25854.sol": [0, [0, 0, 0, 0, 0, 0, 0, 0, 0, 0]], "5020.sol": [0, [0, 0, 0, 0, 0, 0, 0, 0, 0, 0]], "18957.sol": [0, [0, 0, 0, 0, 0, 0, 0, 0, 0, 0]], "39855.sol": [0, [0, 0, 0, 0, 0, 0, 0, 0, 0, 0]], "9339.sol": [0, [0, 0, 0, 0, 0, 0, 0, 0, 0, 0]], "33973.sol": [0, [0, 0, 0, 0, 0, 0, 0, 0, 0, 0]], "30811.sol": [0, [0, 0, 0, 0, 0, 0, 0, 0, 0, 0]], "24392.sol": [1, [0, 0, 0, 0, 0, 0, 0, 0, 1, 0]], "32892.sol": [0, [0, 0, 0, 0, 0, 0, 0, 0, 0, 0]], "30555.sol": [0, [0, 0, 0, 0, 0, 0, 0, 0, 0, 0]], "28125.sol": [0, [0, 0, 0, 0, 0, 0, 0, 0, 0, 0]], "19108.sol": [0, [0, 0, 0, 0, 0, 0, 0, 0, 0, 0]], "27199.sol": [0, [0, 0, 0, 0, 0, 0, 0, 0, 0, 0]], "18181.sol": [0, [0, 0, 0, 0, 0, 0, 0, 0, 0, 0]], "3566.sol": [0, [0, 0, 0, 0, 0, 0, 0, 0, 0, 0]], "21452.sol": [0, [0, 0, 0, 0, 0, 0, 0, 0, 0, 0]], "29010.sol": [0, [0, 0, 0, 0, 0, 0, 0, 0, 0, 0]], "12485.sol": [0, [0, 0, 0, 0, 0, 0, 0, 0, 0, 0]], "29608.sol": [0, [0, 0, 0, 0, 0, 0, 0, 0, 0, 0]], "26541.sol": [1, [0, 0, 0, 0, 0, 1, 0, 0, 0, 0]], "110.sol": [0, [0, 0, 0, 0, 0, 0, 0, 0, 0, 0]], "10203.sol": [0, [0, 0, 0, 0, 0, 0, 0, 0, 0, 0]], "4557.sol": [0, [0, 0, 0, 0, 0, 0, 0, 0, 0, 0]], "35303.sol": [0, [0, 0, 0, 0, 0, 0, 0, 0, 0, 0]], "5429.sol": [0, [0, 0, 0, 0, 0, 0, 0, 0, 0, 0]], "21665.sol": [0, [0, 0, 0, 0, 0, 0, 0, 0, 0, 0]], "10963.sol": [0, [0, 0, 0, 0, 0, 0, 0, 0, 0, 0]], "17006.sol": [0, [0, 0, 0, 0, 0, 0, 0, 0, 0, 0]], "15993.sol": [0, [0, 0, 0, 0, 0, 0, 0, 0, 0, 0]], "33205.sol": [0, [0, 0, 0, 0, 0, 0, 0, 0, 0, 0]], "34926.sol": [0, [0, 0, 0, 0, 0, 0, 0, 0, 0, 0]], "23313.sol": [0, [0, 0, 0, 0, 0, 0, 0, 0, 0, 0]], "22207.sol": [0, [0, 0, 0, 0, 0, 0, 0, 0, 0, 0]], "27831.sol": [0, [0, 0, 0, 0, 0, 0, 0, 0, 0, 0]], "40209.sol": [1, [0, 1, 0, 0, 1, 1, 0, 0, 0, 0]], "20461.sol": [0, [0, 0, 0, 0, 0, 0, 0, 0, 0, 0]], "25493.sol": [0, [0, 0, 0, 0, 0, 0, 0, 0, 0, 0]], "12080.sol": [1, [1, 1, 1, 1, 1, 1, 1, 1, 1, 1]], "11613.sol": [0, [0, 0, 0, 0, 0, 0, 0, 0, 0, 0]], "16931.sol": [0, [0, 0, 0, 0, 0, 0, 0, 0, 0, 0]], "5879.sol": [0, [0, 0, 0, 0, 0, 0, 0, 0, 0, 0]], "3677.sol": [0, [0, 0, 0, 0, 0, 0, 0, 0, 0, 0]], "13647.sol": [0, [0, 0, 0, 0, 0, 0, 0, 0, 0, 0]], "14465.sol": [0, [0, 0, 0, 0, 0, 0, 0, 0, 0, 0]], "5508.sol": [0, [0, 0, 0, 0, 0, 0, 0, 0, 0, 0]], "21600.sol": [0, [0, 0, 0, 0, 0, 0, 0, 0, 0, 0]], "7883.sol": [0, [0, 0, 0, 0, 0, 0, 0, 0, 0, 0]], "25451.sol": [0, [0, 0, 0, 0, 0, 0, 0, 0, 0, 0]], "33635.sol": [0, [0, 0, 0, 0, 0, 0, 0, 0, 0, 0]], "9686.sol": [0, [0, 0, 0, 0, 0, 0, 0, 0, 0, 0]], "24196.sol": [1, [0, 0, 0, 1, 0, 1, 1, 1, 1, 1]], "30358.sol": [1, [1, 0, 0, 0, 0, 0, 0, 0, 0, 0]], "3255.sol": [1, [0, 0, 0, 0, 0, 0, 0, 1, 0, 0]], "30663.sol": [1, [1, 0, 0, 0, 0, 0, 0, 0, 0, 0]], "415.sol": [1, [0, 0, 0, 0, 0, 0, 0, 1, 1, 0]], "23126.sol": [1, [1, 1, 1, 1, 0, 0, 0, 0, 0, 0]], "22780.sol": [1, [0, 0, 0, 0, 0, 0, 0, 0, 1, 0]], "38959.sol": [1, [1, 1, 1, 1, 1, 1, 1, 1, 1, 1]], "30392.sol": [1, [1, 1, 0, 1, 0, 1, 1, 1, 1, 0]], "18452.sol": [1, [1, 1, 1, 1, 1, 1, 1, 1, 1, 1]], "25728.sol": [1, [0, 0, 0, 0, 0, 1, 0, 0, 0, 0]], "16643.sol": [1, [1, 0, 0, 0, 0, 1, 0, 0, 1, 0]], "33873.sol": [1, [0, 0, 0, 0, 0, 1, 0, 0, 0, 0]], "29255.sol": [1, [0, 0, 0, 1, 0, 0, 0, 0, 0, 0]], "35226.sol": [1, [1, 0, 1, 1, 0, 0, 0, 1, 0, 0]], "27603.sol": [1, [1, 1, 1, 1, 0, 0, 0, 0, 0, 0]], "2041.sol": [1, [1, 1, 1, 1, 1, 1, 1, 0, 1, 0]], "500.sol": [1, [0, 1, 0, 0, 0, 0, 0, 0, 1, 1]], "27319.sol": [1, [1, 1, 1, 1, 0, 0, 0, 0, 0, 0]], "18428.sol": [1, [1, 1, 1, 1, 1, 1, 1, 1, 0, 0]], "39557.sol": [1, [1, 1, 1, 1, 1, 1, 1, 1, 1, 1]], "26272.sol": [1, [1, 0, 1, 1, 0, 0, 0, 0, 0, 0]], "18301.sol": [1, [1, 1, 1, 1, 1, 1, 1, 1, 1, 1]], "34410.sol": [1, [1, 1, 0, 0, 0, 0, 0, 0, 0, 0]], "17043.sol": [1, [1, 1, 0, 0, 0, 0, 0, 0, 0]], "25187.sol": [1, [1, 1, 1, 1, 0, 0, 0, 1, 1, 1]], "34694.sol": [1, [0, 0, 1, 0, 1, 0, 1, 0, 0, 1]], "7530.sol": [0, [0, 0, 0, 0, 0, 0, 0, 0, 0, 0]], "18146.sol": [1, [1, 1, 1, 1, 0, 0, 0, 1, 1, 1]], "844.sol": [0, [0, 0, 0, 0, 0, 0, 0, 0, 0, 0]], "31356.sol": [1, [1, 1, 1, 1, 0, 0, 0, 1, 1, 1]], "37858.sol": [0, [0, 0, 0, 0, 0, 0, 0, 0, 0, 0]], "37945.sol": [1, [1, 0, 0, 0, 1, 0, 0, 0, 0, 0]], "40056.sol": [1, [1, 1, 1, 1, 1, 1, 1, 1, 1, 1]], "21604.sol": [1, [0, 1, 0, 0, 0, 1, 1, 0, 0, 0]], "2015.sol": [1, [1, 1, 0, 0, 0, 0, 0, 0, 0, 0]], "552.sol": [1, [0, 1, 0, 0, 0, 0, 0, 0, 1, 1]], "17410.sol": [1, [0, 0, 0, 0, 0, 0, 1, 1, 1, 1]], "17009.sol": [0, [0, 0, 0, 0, 0, 0, 0, 0, 0, 0]]}