{"27424.sol": [0, [0, 0, 0, 0, 0, 0, 0, 0, 0, 0]], "1249.sol": [0, [0, 0, 0, 0, 0, 0, 0, 0, 0, 0]], "26158.sol": [0, [0, 0, 0, 0, 0, 0, 0, 0, 0, 0]], "10027.sol": [0, [0, 0, 0, 0, 0, 0, 0, 0, 0, 0]], "4696.sol": [0, [0, 0, 0, 0, 0, 0, 0, 0, 0, 0]], "4543.sol": [0, [0, 0, 0, 0, 0, 0, 0, 0, 0, 0]], "9309.sol": [0, [0, 0, 0, 0, 0, 0, 0, 0, 0, 0]], "18846.sol": [0, [0, 0, 0, 0, 0, 0, 0, 0, 0, 0]], "22857.sol": [0, [0, 0, 0, 0, 0, 0, 0, 0, 0, 0]], "30078.sol": [0, [0, 0, 0, 0, 0, 0, 0, 0, 0, 0]], "29413.sol": [0, [0, 0, 0, 0, 0, 0, 0, 0, 0, 0]], "2552.sol": [0, [0, 0, 0, 0, 0, 0, 0, 0, 0, 0]], "24055.sol": [0, [0, 0, 0, 0, 0, 0, 0, 0, 0, 0]], "19435.sol": [0, [0, 0, 0, 0, 0, 0, 0, 0, 0, 0]], "18.sol": [0, [0, 0, 0, 0, 0, 0, 0, 0, 0, 0]], "28994.sol": [0, [0, 0, 0, 0, 0, 0, 0, 0, 0, 0]], "30302.sol": [0, [0, 0, 0, 0, 0, 0, 0, 0, 0, 0]], "21813.sol": [0, [0, 0, 0, 0, 0, 0, 0, 0, 0, 0]], "13745.sol": [0, [0, 0, 0, 0, 0, 0, 0, 0, 0, 0]], "9511.sol": [0, [0, 0, 0, 0, 0, 0, 0, 0, 0, 0]], "1832.sol": [0, [0, 0, 0, 0, 0, 0, 0, 0, 0, 0]], "3824.sol": [0, [0, 0, 0, 0, 0, 0, 0, 0, 0, 0]], "432.sol": [1, [0, 0, 1, 0, 0, 0, 0, 0, 0, 0]], "283.sol": [0, [0, 0, 0, 0, 0, 0, 0, 0, 0, 0]], "23977.sol": [0, [0, 0, 0, 0, 0, 0, 0, 0, 0, 0]], "12358.sol": [0, [0, 0, 0, 0, 0, 0, 0, 0, 0, 0]], "17170.sol": [0, [0, 0, 0, 0, 0, 0, 0, 0, 0, 0]], "24765.sol": [0, [0, 0, 0, 0, 0, 0, 0, 0, 0, 0]], "33106.sol": [0, [0, 0, 0, 0, 0, 0, 0, 0, 0, 0]], "36796.sol": [0, [0, 0, 0, 0, 0, 0, 0, 0, 0, 0]], "26893.sol": [0, [0, 0, 0, 0, 0, 0, 0, 0, 0, 0]], "3900.sol": [0, [0, 0, 0, 0, 0, 0, 0, 0, 0, 0]], "3333.sol": [0, [0, 0, 0, 0, 0, 0, 0, 0, 0, 0]], "16971.sol": [0, [0, 0, 0, 0, 0, 0]], "17851.sol": [0, [0, 0, 0, 0, 0, 0, 0, 0, 0, 0]], "4809.sol": [0, [0, 0, 0, 0, 0, 0, 0, 0, 0, 0]], "26193.sol": [0, [0, 0, 0, 0, 0, 0, 0, 0, 0, 0]], "11835.sol": [0, [0, 0, 0, 0, 0, 0, 0, 0, 0, 0]], "37218.sol": [0, [0, 0, 0, 0, 0, 0, 0, 0, 0, 0]], "4396.sol": [0, [0, 0, 0, 0, 0, 0, 0, 0, 0, 0]], "32714.sol": [0, [0, 0, 0, 0, 0, 0, 0, 0, 0, 0]], "38026.sol": [0, [0, 0, 0, 0, 0, 0, 0, 0, 0, 0]], "121.sol": [0, [0, 0, 0, 0, 0, 0, 0, 0, 0, 0]], "19036.sol": [0, [0, 0, 0, 0, 0, 0, 0, 0, 0, 0]], "37975.sol": [0, [0, 0, 0, 0, 0, 0, 0, 0, 0, 0]], "21250.sol": [0, [0, 0, 0, 0, 0, 0, 0, 0, 0, 0]], "11112.sol": [0, [0, 0, 0, 0, 0, 0, 0, 0, 0, 0]], "21799.sol": [0, [0, 0, 0, 0, 0, 0, 0, 0, 0, 0]], "25946.sol": [0, [0, 0, 0, 0, 0, 0, 0, 0, 0, 0]], "8601.sol": [0, [0, 0, 0, 0, 0, 0, 0, 0, 0, 0]], "15870.sol": [0, [0, 0, 0, 0, 0, 0, 0, 0, 0, 0]], "30802.sol": [0, [0, 0, 0, 0, 0, 0, 0, 0, 0, 0]], "33150.sol": [0, [0, 0, 0, 0, 0, 0, 0, 0, 0, 0]], "10541.sol": [0, [0, 0, 0, 0, 0, 0, 0, 0, 0, 0]], "25990.sol": [0, [0, 0, 0, 0, 0, 0, 0, 0, 0, 0]], "30455.sol": [0, [0, 0, 0, 0, 0, 0, 0, 0, 0, 0]], "23591.sol": [0, [0, 0, 0, 0, 0, 0, 0, 0, 0, 0]], "27610.sol": [0, [0, 0, 0, 0, 0, 0, 0, 0, 0, 0]], "6608.sol": [0, [0, 0, 0, 0, 0, 0, 0, 0, 0, 0]], "34846.sol": [0, [0, 0, 0, 0, 0, 0, 0, 0, 0, 0]], "20115.sol": [0, [0, 0, 0, 0, 0, 0, 0, 0, 0, 0]], "33557.sol": [0, [0, 0, 0, 0, 0, 0, 0, 0, 0, 0]], "21139.sol": [0, [0, 0, 0, 0, 0, 0, 0, 0, 0, 0]], "6084.sol": [0, [0, 0, 0, 0, 0, 0, 0, 0, 0, 0]], "13995.sol": [0, [0, 0, 0, 0, 0, 0, 0, 0, 0, 0]], "6437.sol": [0, [0, 0, 0, 0, 0, 0, 0, 0, 0, 0]], "9959.sol": [0, [0, 0, 0, 0, 0, 0, 0, 0, 0, 0]], "27770.sol": [0, [0, 0, 0, 0, 0, 0, 0, 0, 0, 0]], "231.sol": [0, [0, 0, 0, 0, 0, 0, 0, 0, 0, 0]], "17175.sol": [0, [0, 0, 0, 0, 0, 0, 0, 0, 0, 0]], "29071.sol": [0, [0, 0, 0, 0, 0, 0, 0, 0, 0, 0]], "30547.sol": [0, [0, 0, 0, 0, 0, 0, 0, 0, 0, 0]], "16952.sol": [0, [0, 0, 0, 0, 0, 0, 0, 0, 0, 0]], "27663.sol": [0, [0, 0, 0, 0, 0, 0, 0, 0, 0, 0]], "24993.sol": [0, [0, 0, 0, 0, 0, 0, 0, 0, 0, 0]], "29874.sol": [0, [0, 0, 0, 0, 0, 0, 0, 0, 0, 0]], "8241.sol": [0, [0, 0, 0, 0, 0, 0, 0, 0, 0, 0]], "36468.sol": [0, [0, 0, 0, 0, 0, 0, 0, 0, 0, 0]], "8752.sol": [0, [0, 0, 0, 0, 0, 0, 0, 0, 0, 0]], "26436.sol": [0, [0, 0, 0, 0, 0, 0, 0, 0, 0, 0]], "23126.sol": [0, [0, 0, 0, 0, 0, 0, 0, 0, 0, 0]], "4182.sol": [0, [0, 0, 0, 0, 0, 0, 0, 0, 0, 0]], "34006.sol": [0, [0, 0, 0, 0, 0, 0, 0, 0, 0, 0]], "20214.sol": [0, [0, 0, 0, 0, 0, 0, 0, 0, 0, 0]], "34815.sol": [0, [0, 0, 0, 0, 0, 0, 0, 0, 0, 0]], "14094.sol": [0, [0, 0, 0, 0, 0, 0, 0, 0, 0, 0]], "32461.sol": [0, [0, 0, 0, 0, 0, 0, 0, 0, 0, 0]], "30920.sol": [0, [0, 0, 0, 0, 0, 0, 0, 0, 0, 0]], "4425.sol": [0, [0, 0, 0, 0, 0, 0, 0, 0, 0, 0]], "8365.sol": [0, [0, 0, 0, 0, 0, 0, 0, 0, 0, 0]], "14881.sol": [0, [0, 0, 0, 0, 0, 0, 0, 0, 0, 0]], "22166.sol": [0, [0, 0, 0, 0, 0, 0, 0, 0, 0, 0]], "21112.sol": [0, [0, 0, 0, 0, 0, 0, 0, 0, 0, 0]], "127.sol": [0, [0, 0, 0, 0, 0, 0, 0, 0, 0, 0]], "31242.sol": [0, [0, 0, 0, 0, 0, 0, 0, 0, 0, 0]], "4808.sol": [0, [0, 0, 0, 0, 0, 0, 0, 0, 0, 0]], "11837.sol": [0, [0, 0, 0, 0, 0, 0, 0, 0, 0, 0]], "19721.sol": [0, [0, 0, 0, 0, 0, 0, 0, 0, 0, 0]], "30001.sol": [0, [0, 0, 0, 0, 0, 0, 0, 0, 0, 0]], "26839.sol": [0, [0, 0, 0, 0, 0, 0, 0, 0, 0, 0]], "15003.sol": [0, [0, 0, 0, 0, 0, 0, 0, 0, 0, 0]], "31713.sol": [0, [0, 0, 0, 0, 0, 0, 0, 0, 0, 0]], "31621.sol": [0, [0, 0, 0, 0, 0, 0, 0, 0, 0, 0]], "14865.sol": [0, [0, 0, 0, 0, 0, 0, 0, 0, 0, 0]], "30112.sol": [0, [0, 0, 0, 0, 0, 0, 0, 0, 0, 0]], "32166.sol": [0, [0, 0, 0, 0, 0, 0, 0, 0, 0, 0]], "8594.sol": [0, [0, 0, 0, 0, 0, 0, 0, 0, 0, 0]], "9954.sol": [0, [0, 0, 0, 0, 0, 0, 0, 0, 0, 0]], "7597.sol": [0, [0, 0, 0, 0, 0, 0, 0, 0, 0, 0]], "3439.sol": [0, [0, 0, 0, 0, 0, 0, 0, 0, 0, 0]], "30317.sol": [0, [0, 0, 0, 0, 0, 0, 0, 0, 0, 0]], "10762.sol": [0, [0, 0, 0, 0, 0, 0, 0, 0, 0, 0]], "23681.sol": [0, [0, 0, 0, 0, 0, 0, 0, 0, 0, 0]], "29374.sol": [0, [0, 0, 0, 0, 0, 0, 0, 0, 0, 0]], "30417.sol": [0, [0, 0, 0, 0, 0, 0, 0, 0, 0, 0]], "12831.sol": [0, [0, 0, 0, 0, 0, 0, 0, 0, 0, 0]], "22914.sol": [0, [0, 0, 0, 0, 0, 0, 0, 0, 0, 0]], "38756.sol": [0, [0, 0, 0, 0, 0, 0, 0, 0, 0, 0]], "34014.sol": [0, [0, 0, 0, 0, 0, 0, 0, 0, 0, 0]], "33450.sol": [0, [0, 0, 0, 0, 0, 0, 0, 0, 0, 0]], "11370.sol": [0, [0, 0, 0, 0, 0, 0, 0, 0, 0, 0]], "18872.sol": [0, [0, 0, 0, 0, 0, 0, 0, 0, 0, 0]], "14984.sol": [0, [0, 0, 0, 0, 0, 0, 0, 0, 0, 0]], "14956.sol": [0, [0, 0, 0, 0, 0, 0, 0, 0, 0, 0]], "4464.sol": [0, [0, 0, 0, 0, 0, 0, 0, 0, 0, 0]], "11690.sol": [0, [0, 0, 0, 0, 0, 0, 0, 0, 0, 0]], "30598.sol": [0, [0, 0, 0, 0, 0, 0, 0, 0, 0, 0]], "12610.sol": [0, [0, 0, 0, 0, 0, 0, 0, 0, 0, 0]], "15958.sol": [0, [0, 0, 0, 0, 0, 0, 0, 0, 0, 0]], "35438.sol": [0, [0, 0, 0, 0, 0, 0, 0, 0, 0, 0]], "24125.sol": [0, [0, 0, 0, 0, 0, 0, 0, 0, 0, 0]], "27410.sol": [0, [0, 0, 0, 0, 0, 0, 0, 0, 0, 0]], "6217.sol": [0, [0, 0, 0, 0, 0, 0, 0, 0, 0, 0]], "29286.sol": [0, [0, 0, 0, 0, 0, 0, 0, 0, 0, 0]], "31585.sol": [0, [0, 0, 0, 0, 0, 0, 0, 0, 0, 0]], "23268.sol": [0, [0, 0, 0, 0, 0, 0, 0, 0, 0, 0]], "30803.sol": [0, [0, 0, 0, 0, 0, 0, 0, 0, 0, 0]], "33665.sol": [0, [0, 0, 0, 0, 0, 0, 0, 0, 0, 0]], "14705.sol": [0, [0, 0, 0, 0, 0, 0, 0, 0, 0, 0]], "39472.sol": [0, [0, 0, 0, 0, 0, 0, 0, 0, 0, 0]], "24602.sol": [0, [0, 0, 0, 0, 0, 0, 0, 0, 0, 0]], "17920.sol": [0, [0, 0, 0, 0, 0, 0, 0, 0, 0, 0]], "31252.sol": [0, [0, 0, 0, 0, 0, 0, 0, 0, 0, 0]], "13080.sol": [0, [0, 0, 0, 0, 0, 0, 0, 0, 0, 0]], "6406.sol": [0, [0, 0, 0, 0, 0, 0, 0, 0, 0, 0]], "26054.sol": [0, [0, 0, 0, 0, 0, 0, 0, 0, 0, 0]], "19854.sol": [0, [0, 0, 0, 0, 0, 0, 0, 0, 0, 0]], "9538.sol": [0, [0, 0, 0, 0, 0, 0, 0, 0, 0, 0]], "25137.sol": [0, [0, 0, 0, 0, 0, 0, 0, 0, 0, 0]], "6679.sol": [0, [0, 0, 0, 0, 0, 0, 0, 0, 0, 0]], "30578.sol": [0, [0, 0, 0, 0, 0, 0, 0, 0, 0, 0]], "33261.sol": [0, [0, 0, 0, 0, 0, 0, 0, 0, 0, 0]], "22133.sol": [0, [0, 0, 0, 0, 0, 0, 0, 0, 0, 0]], "1459.sol": [0, [0, 0, 0, 0, 0, 0, 0, 0, 0, 0]], "12367.sol": [0, [0, 0, 0, 0, 0, 0, 0, 0, 0, 0]], "13460.sol": [0, [0, 0, 0, 0, 0, 0, 0, 0, 0, 0]], "29122.sol": [0, [0, 0, 0, 0, 0, 0, 0, 0, 0, 0]], "27627.sol": [0, [0, 0, 0, 0, 0, 0, 0, 0, 0, 0]], "5405.sol": [0, [0, 0, 0, 0, 0, 0, 0, 0, 0, 0]], "25277.sol": [0, [0, 0, 0, 0, 0, 0, 0, 0, 0, 0]], "38811.sol": [0, [0, 0, 0, 0, 0, 0, 0, 0, 0, 0]], "10836.sol": [0, [0, 0, 0, 0, 0, 0, 0, 0, 0, 0]], "29914.sol": [0, [0, 0, 0, 0, 0, 0, 0, 0, 0, 0]], "12185.sol": [0, [0, 0, 0, 0, 0, 0, 0, 0, 0, 0]], "9357.sol": [0, [0, 0, 0, 0, 0, 0, 0, 0, 0, 0]], "11430.sol": [0, [0, 0, 0, 0, 0, 0, 0, 0, 0, 0]], "31471.sol": [0, [0, 0, 0, 0, 0, 0, 0, 0, 0, 0]], "19169.sol": [0, [0, 0, 0, 0, 0, 0, 0, 0, 0, 0]], "34301.sol": [0, [0, 0, 0, 0, 0, 0, 0, 0, 0, 0]], "25790.sol": [0, [0, 0, 0, 0, 0, 0, 0, 0, 0, 0]], "19485.sol": [0, [0, 0, 0, 0, 0, 0, 0, 0, 0, 0]], "15774.sol": [0, [0, 0, 0, 0, 0, 0, 0, 0, 0, 0]], "37432.sol": [0, [0, 0, 0, 0, 0, 0, 0, 0, 0, 0]], "15015.sol": [0, [0, 0, 0, 0, 0, 0, 0, 0, 0, 0]], "1155.sol": [0, [0, 0, 0, 0, 0, 0, 0, 0, 0, 0]], "29489.sol": [0, [0, 0, 0, 0, 0, 0, 0, 0, 0, 0]], "13827.sol": [0, [0, 0, 0, 0, 0, 0, 0, 0, 0, 0]], "9705.sol": [0, [0, 0, 0, 0, 0, 0, 0, 0, 0, 0]], "22841.sol": [0, [0, 0, 0, 0, 0, 0, 0, 0, 0, 0]], "39780.sol": [0, [0, 0, 0, 0, 0, 0, 0, 0, 0, 0]], "30763.sol": [0, [0, 0, 0, 0, 0, 0, 0, 0, 0, 0]], "29225.sol": [0, [0, 0, 0, 0, 0, 0, 0, 0, 0, 0]], "38188.sol": [0, [0, 0, 0, 0, 0, 0, 0, 0, 0, 0]], "23027.sol": [0, [0, 0, 0, 0, 0, 0, 0, 0, 0, 0]], "19837.sol": [0, [0, 0, 0, 0, 0, 0, 0, 0, 0, 0]], "19361.sol": [1, [0, 1, 0, 1, 0, 0, 0, 0, 0, 0]], "9372.sol": [0, [0, 0, 0, 0, 0, 0, 0, 0, 0, 0]], "25506.sol": [0, [0, 0, 0, 0, 0, 0, 0, 0, 0, 0]], "4946.sol": [0, [0, 0, 0, 0, 0, 0, 0, 0, 0, 0]], "6500.sol": [0, [0, 0, 0, 0, 0, 0, 0, 0, 0, 0]], "11427.sol": [0, [0, 0, 0, 0, 0, 0, 0, 0, 0, 0]], "16277.sol": [0, [0, 0, 0, 0, 0, 0, 0, 0, 0, 0]], "17686.sol": [0, [0, 0, 0, 0, 0, 0, 0, 0, 0, 0]], "37666.sol": [1, [1, 1, 1, 1, 1, 1, 1, 1, 1, 1]], "22265.sol": [0, [0, 0, 0, 0, 0, 0, 0, 0, 0, 0]], "27353.sol": [1, [0, 0, 0, 0, 0, 0, 0, 1, 0, 0]], "27719.sol": [0, [0, 0, 0, 0, 0, 0, 0, 0, 0, 0]], "39684.sol": [0, [0, 0, 0, 0, 0, 0, 0, 0, 0, 0]], "32401.sol": [1, [1, 1, 1, 0, 1, 1, 0, 1, 0, 0]], "36284.sol": [1, [1, 1, 0, 0, 0, 0, 0, 0, 0, 0]], "38044.sol": [1, [0, 1, 1, 0, 0, 0, 1, 0, 1, 1]], "39295.sol": [0, [0, 0, 0, 0, 0, 0, 0, 0, 0, 0]], "36493.sol": [0, [0, 0, 0, 0, 0, 0, 0, 0, 0, 0]], "31461.sol": [1, [1, 1, 1, 0, 0, 0, 0, 0, 0, 0]], "40275.sol": [1, [0, 0, 0, 0, 1, 0, 0, 0, 0, 0]], "38698.sol": [1, [1, 0, 0, 0, 0, 0, 0, 0, 0, 0]], "40134.sol": [1, [1, 1, 1, 1, 0, 0, 0, 0, 0, 0]], "38038.sol": [1, [0, 1, 1, 0, 0, 0, 1, 0, 1, 1]], "3082.sol": [1, [1, 1, 1, 1, 1, 1, 1, 1, 1, 1]], "32142.sol": [1, [1, 1, 1, 1, 0, 0, 1, 0, 0, 0]], "38605.sol": [1, [1, 0, 0, 0, 0, 0, 0, 0, 0, 0]], "23604.sol": [0, [0, 0, 0, 0, 0, 0, 0, 0, 0, 0]], "32146.sol": [1, [1, 1, 1, 1, 0, 0, 1, 0, 0, 0]], "40560.sol": [1, [0, 1, 0, 1, 0, 0, 0, 0, 0, 0]], "30692.sol": [1, [1, 1, 1, 0, 0, 0, 0, 0, 0, 0]], "40602.sol": [1, [1, 1, 1, 1, 0, 0, 1, 0, 0, 1]], "32097.sol": [1, [1, 1, 1, 1, 0, 0, 0, 1, 0, 0]], "13655.sol": [1, [1, 0, 1, 0, 0, 0, 0, 0, 0, 0]], "36113.sol": [1, [1, 1, 0, 0, 0, 0, 0, 0, 0, 0]], "37251.sol": [1, [1, 1, 1, 1, 1, 1, 1, 1, 1, 1]], "40314.sol": [1, [0, 0, 0, 0, 1, 0, 0, 0, 0, 0]], "27141.sol": [0, [0, 0, 0, 0, 0, 0, 0, 0, 0, 0]], "37117.sol": [1, [1, 1, 1, 1, 1, 1, 1, 1, 1, 1]], "36647.sol": [1, [0, 1, 1, 0, 0, 0, 0, 0, 0, 0]], "27717.sol": [0, [0, 0, 0, 0, 0, 0, 0, 0, 0, 0]], "40625.sol": [1, [1, 1, 1, 1, 1, 1, 1, 1, 1, 1]], "38805.sol": [1, [1, 0, 0, 0, 0, 0, 0, 0, 0, 0]], "40575.sol": [0, [0, 0, 0, 0, 0, 0, 0, 0, 0, 0]], "39099.sol": [1, [0, 0, 1, 1, 0, 0, 1, 1, 0, 0]], "9194.sol": [0, [0, 0, 0, 0, 0, 0, 0, 0, 0, 0]], "14813.sol": [0, [0, 0, 0, 0, 0, 0, 0, 0, 0, 0]], "31311.sol": [1, [0, 0, 0, 0, 0, 0, 0, 1, 0, 0]], "22793.sol": [0, [0, 0, 0, 0, 0, 0, 0, 0, 0, 0]], "18916.sol": [1, [0, 0, 0, 0, 0, 0, 0, 0, 0, 1]], "36083.sol": [1, [1, 1, 0, 0, 0, 0, 0, 0, 0, 0]], "8624.sol": [0, [0, 0, 0, 0, 0, 0, 0, 0, 0, 0]], "37663.sol": [1, [1, 1, 1, 1, 1, 1, 1, 1, 1, 1]], "11891.sol": [1, [1, 1, 0, 0, 0, 0, 0, 0, 0, 0]], "40511.sol": [1, [1, 1, 0, 0, 0, 0, 0, 0, 0, 0]], "2783.sol": [0, [0, 0, 0, 0, 0, 0, 0, 0, 0, 0]], "40323.sol": [1, [0, 0, 0, 0, 1, 0, 0, 0, 0, 0]], "39835.sol": [0, [0, 0, 0, 0, 0, 0, 0, 0, 0, 0]], "3343.sol": [1, [1, 1, 0, 0, 0, 0, 0, 0, 0, 0]], "31632.sol": [1, [0, 0, 0, 0, 0, 0, 0, 1, 0, 0]], "35536.sol": [0, [0, 0, 0, 0, 0, 0, 0, 0, 0, 0]], "9658.sol": [1, [0, 0, 0, 0, 0, 1, 1, 1, 0, 0]], "40658.sol": [1, [1, 1, 1, 1, 1, 1, 1, 1, 1, 1]], "37944.sol": [1, [1, 1, 1, 0, 0, 0, 0, 0, 0, 0]], "36030.sol": [1, [1, 1, 0, 1, 0, 0, 0, 0, 0, 0]], "40725.sol": [0, [0, 0, 0, 0, 0, 0, 0, 0, 0, 0]], "40515.sol": [1, [0, 0, 0, 0, 0, 0, 0, 0, 0, 1]], "40311.sol": [1, [0, 0, 0, 0, 1, 0, 0, 0, 0, 0]], "40187.sol": [1, [1, 1, 0, 0, 0, 0, 0, 0, 0, 0]], "18478.sol": [0, [0, 0, 0, 0, 0, 0, 0, 0, 0, 0]], "5723.sol": [0, [0, 0, 0, 0, 0, 0, 0, 0, 0, 0]], "23577.sol": [0, [0, 0, 0, 0, 0, 0, 0, 0, 0, 0]], "30477.sol": [1, [1, 0, 0, 0, 0, 0, 0, 0, 0, 0]], "40307.sol": [1, [0, 0, 0, 0, 1, 0, 0, 0, 0, 0]], "2705.sol": [1, [0, 0, 1, 0, 0, 0, 0, 0, 0, 0]], "40666.sol": [1, [1, 1, 0, 0, 0, 0, 0, 0, 0, 0]], "16189.sol": [1, [0, 0, 0, 0, 0, 0, 0, 0, 0, 1]], "7384.sol": [1, [0, 1, 1, 0, 0, 1, 0, 0, 0, 0]], "2301.sol": [0, [0, 0, 0, 0, 0, 0, 0, 0, 0, 0]], "11603.sol": [0, [0, 0, 0, 0, 0, 0, 0, 0, 0, 0]], "40276.sol": [1, [0, 0, 0, 0, 1, 0, 0, 0, 0, 0]], "38616.sol": [1, [1, 0, 0, 0, 0, 0, 0, 0, 0, 0]], "36351.sol": [1, [1, 0, 0, 1, 0, 0, 0, 0, 0, 0]], "39975.sol": [1, [1, 1, 0, 0, 1, 1, 0, 0, 0, 0]], "5805.sol": [1, [0, 1, 1, 0, 0, 1, 0, 0, 0, 0]], "40006.sol": [1, [0, 0, 0, 0, 1, 1, 1, 1, 0, 0]], "3053.sol": [1, [1, 0, 1, 0, 0, 0, 0, 0, 0, 0]], "15857.sol": [0, [0, 0, 0, 0, 0, 0, 0, 0, 0, 0]], "40269.sol": [1, [0, 0, 0, 0, 1, 0, 0, 0, 0, 0]], "15743.sol": [1, [0, 0, 0, 0, 0, 1, 0, 0, 0, 0]], "39989.sol": [1, [1, 0, 1, 0, 0, 0, 1, 0, 0, 0]], "2317.sol": [1, [1, 1, 1, 1, 1, 1, 1, 1, 1, 1]], "37977.sol": [1, [1, 1, 0, 0, 0, 0, 0, 0, 0, 0]], "36322.sol": [1, [0, 0, 1, 0, 0, 0, 0, 1, 0, 0]], "8537.sol": [1, [0, 0, 0, 0, 0, 0, 0, 1, 0, 0]], "40595.sol": [1, [0, 1, 1, 0, 1, 1, 0, 0, 0, 1]], "40291.sol": [1, [0, 0, 0, 0, 1, 0, 0, 0, 0, 0]], "40320.sol": [1, [0, 0, 0, 0, 1, 0, 0, 0, 0, 0]], "40521.sol": [1, [1, 1, 0, 1, 0, 0, 1, 0, 1, 0]], "1234.sol": [1, [1, 0, 1, 0, 0, 0, 0, 0, 0, 0]], "39695.sol": [1, [1, 1, 1, 1, 0, 0, 0, 0, 0, 0]], "2692.sol": [0, [0, 0, 0, 0, 0, 0, 0, 0, 0, 0]], "22454.sol": [1, [1, 1, 0, 1, 0, 1, 0, 0, 0, 0]], "36076.sol": [0, [0, 0, 0, 0, 0, 0, 0, 0, 0, 0]], "40691.sol": [1, [0, 0, 1, 1, 0, 0, 1, 1, 0, 0]], "40286.sol": [1, [0, 0, 0, 0, 1, 0, 0, 0, 0, 0]], "40318.sol": [1, [0, 0, 0, 0, 1, 0, 0, 0, 0, 0]]}