{"7968.sol": [0, [0, 0, 0, 0, 0, 0, 0, 0, 0, 0]], "33001.sol": [0, [0, 0, 0, 0, 0, 0, 0, 0, 0, 0]], "5096.sol": [0, [0, 0, 0, 0, 0, 0, 0, 0, 0, 0]], "5267.sol": [0, [0, 0, 0, 0, 0, 0, 0, 0, 0, 0]], "4403.sol": [0, [0, 0, 0, 0, 0, 0, 0, 0, 0, 0]], "34401.sol": [0, [0, 0, 0, 0, 0, 0, 0, 0, 0, 0]], "27109.sol": [0, [0, 0, 0, 0, 0, 0, 0, 0, 0, 0]], "12427.sol": [0, [0, 0, 0, 0, 0, 0, 0, 0, 0, 0]], "20886.sol": [0, [0, 0, 0, 0, 0, 0, 0, 0, 0, 0]], "34888.sol": [1, [0, 0, 0, 0, 0, 0, 0, 1, 0, 0]], "21630.sol": [0, [0, 0, 0, 0, 0, 0, 0, 0, 0, 0]], "24757.sol": [0, [0, 0, 0, 0, 0, 0, 0, 0, 0, 0]], "8472.sol": [0, [0, 0, 0, 0, 0, 0, 0, 0, 0, 0]], "3979.sol": [0, [0, 0, 0, 0, 0, 0, 0, 0, 0, 0]], "9184.sol": [1, [0, 0, 0, 1, 1, 0, 0, 0, 0, 0]], "23775.sol": [0, [0, 0, 0, 0, 0, 0, 0, 0, 0, 0]], "9632.sol": [0, [0, 0, 0, 0, 0, 0, 0, 0, 0, 0]], "24392.sol": [1, [0, 0, 0, 0, 0, 0, 0, 0, 1, 0]], "35703.sol": [1, [1, 1, 1, 0, 0, 0, 0, 0, 0, 0]], "11903.sol": [0, [0, 0, 0, 0, 0, 0, 0, 0, 0, 0]], "16827.sol": [0, [0, 0, 0, 0, 0, 0, 0, 0, 0, 0]], "13775.sol": [0, [0, 0, 0, 0, 0, 0, 0, 0, 0, 0]], "21989.sol": [0, [0, 0, 0, 0, 0, 0, 0, 0, 0, 0]], "7159.sol": [0, [0, 0, 0, 0, 0, 0, 0, 0, 0, 0]], "1282.sol": [0, [0, 0, 0, 0, 0, 0, 0, 0, 0, 0]], "2805.sol": [0, [0, 0, 0, 0, 0, 0, 0, 0, 0, 0]], "24450.sol": [0, [0, 0, 0, 0, 0, 0, 0, 0, 0, 0]], "8425.sol": [0, [0, 0, 0, 0, 0, 0, 0, 0, 0, 0]], "4248.sol": [0, [0, 0, 0, 0, 0, 0, 0, 0, 0, 0]], "6937.sol": [0, [0, 0, 0, 0, 0, 0, 0, 0, 0, 0]], "14049.sol": [0, [0, 0, 0, 0, 0, 0, 0, 0, 0, 0]], "5510.sol": [0, [0, 0, 0, 0, 0, 0, 0, 0, 0, 0]], "11500.sol": [0, [0, 0, 0, 0, 0, 0, 0, 0, 0, 0]], "9304.sol": [0, [0, 0, 0, 0, 0, 0, 0, 0, 0, 0]], "23334.sol": [0, [0, 0, 0, 0, 0, 0, 0, 0, 0, 0]], "31150.sol": [0, [0, 0, 0, 0, 0, 0, 0, 0, 0, 0]], "11693.sol": [0, [0, 0, 0, 0, 0, 0, 0, 0, 0, 0]], "10493.sol": [0, [0, 0, 0, 0, 0, 0, 0, 0, 0, 0]], "9045.sol": [0, [0, 0, 0, 0, 0, 0, 0, 0, 0, 0]], "18241.sol": [0, [0, 0, 0, 0, 0, 0, 0, 0, 0, 0]], "12871.sol": [0, [0, 0, 0, 0, 0, 0, 0, 0, 0, 0]], "18563.sol": [1, [0, 0, 0, 0, 0, 0, 1, 0, 0, 0]], "30823.sol": [0, [0, 0, 0, 0, 0, 0, 0, 0, 0, 0]], "38560.sol": [0, [0, 0, 0, 0, 0, 0, 0, 0, 0, 0]], "21780.sol": [0, [0, 0, 0, 0, 0, 0, 0, 0, 0, 0]], "18120.sol": [0, [0, 0, 0, 0, 0, 0, 0, 0, 0, 0]], "11488.sol": [0, [0, 0, 0, 0, 0, 0, 0, 0, 0, 0]], "33248.sol": [0, [0, 0, 0, 0, 0, 0, 0, 0, 0, 0]], "21301.sol": [0, [0, 0, 0, 0, 0, 0, 0, 0, 0, 0]], "3492.sol": [0, [0, 0, 0, 0, 0, 0, 0, 0, 0, 0]], "32211.sol": [1, [1, 0, 1, 0, 0, 0, 0, 0, 0, 0]], "29898.sol": [0, [0, 0, 0, 0, 0, 0, 0, 0, 0, 0]], "12507.sol": [0, [0, 0, 0, 0, 0, 0, 0, 0, 0, 0]], "32113.sol": [0, [0, 0, 0, 0, 0, 0, 0, 0, 0, 0]], "26626.sol": [0, [0, 0, 0, 0, 0, 0, 0, 0, 0, 0]], "40119.sol": [0, [0, 0, 0, 0, 0, 0, 0, 0, 0, 0]], "6634.sol": [0, [0, 0, 0, 0, 0, 0, 0, 0, 0, 0]], "20493.sol": [0, [0, 0, 0, 0, 0, 0, 0, 0, 0, 0]], "20548.sol": [0, [0, 0, 0, 0, 0, 0, 0, 0, 0, 0]], "8594.sol": [0, [0, 0, 0, 0, 0, 0, 0, 0, 0, 0]], "19375.sol": [0, [0, 0, 0, 0, 0, 0, 0, 0, 0, 0]], "6547.sol": [0, [0, 0, 0, 0, 0, 0, 0, 0, 0, 0]], "15144.sol": [0, [0, 0, 0, 0, 0, 0, 0, 0, 0, 0]], "38853.sol": [0, [0, 0, 0, 0, 0, 0, 0, 0, 0, 0]], "32970.sol": [0, [0, 0, 0, 0, 0, 0, 0, 0, 0, 0]], "14836.sol": [0, [0, 0, 0, 0, 0, 0, 0, 0, 0, 0]], "33979.sol": [0, [0, 0, 0, 0, 0, 0, 0, 0, 0, 0]], "9625.sol": [0, [0, 0, 0, 0, 0, 0, 0, 0, 0, 0]], "3734.sol": [0, [0, 0, 0, 0, 0, 0, 0, 0, 0, 0]], "20521.sol": [0, [0, 0, 0, 0, 0, 0, 0, 0, 0, 0]], "12567.sol": [0, [0, 0, 0, 0, 0, 0, 0, 0, 0, 0]], "24897.sol": [0, [0, 0, 0, 0, 0, 0, 0, 0, 0, 0]], "5469.sol": [0, [0, 0, 0, 0, 0, 0, 0, 0, 0, 0]], "24578.sol": [0, [0, 0, 0, 0, 0, 0, 0, 0, 0, 0]], "17771.sol": [0, [0, 0, 0, 0, 0, 0, 0, 0, 0, 0]], "30038.sol": [0, [0, 0, 0, 0, 0, 0, 0, 0, 0, 0]], "25718.sol": [0, [0, 0, 0, 0, 0, 0, 0, 0, 0, 0]], "36299.sol": [0, [0, 0, 0, 0, 0, 0, 0, 0, 0, 0]], "37293.sol": [0, [0, 0, 0, 0, 0, 0, 0, 0, 0, 0]], "18715.sol": [0, [0, 0, 0, 0, 0, 0, 0, 0, 0, 0]], "8998.sol": [0, [0, 0, 0, 0, 0, 0, 0, 0, 0, 0]], "33490.sol": [0, [0, 0, 0, 0, 0, 0, 0, 0, 0, 0]], "37561.sol": [0, [0, 0, 0, 0, 0, 0, 0, 0, 0, 0]], "6496.sol": [0, [0, 0, 0, 0, 0, 0, 0, 0, 0, 0]], "10093.sol": [0, [0, 0, 0, 0, 0, 0, 0, 0, 0, 0]], "24950.sol": [0, [0, 0, 0, 0, 0, 0, 0, 0, 0, 0]], "28953.sol": [0, [0, 0, 0, 0, 0, 0, 0, 0, 0, 0]], "34701.sol": [1, [0, 0, 0, 0, 1, 1, 1, 0, 1, 0]], "24431.sol": [0, [0, 0, 0, 0, 0, 0, 0, 0, 0, 0]], "6266.sol": [0, [0, 0, 0, 0, 0, 0, 0, 0, 0, 0]], "22584.sol": [0, [0, 0, 0, 0, 0, 0, 0, 0, 0, 0]], "20211.sol": [0, [0, 0, 0, 0, 0, 0, 0, 0, 0, 0]], "30439.sol": [0, [0, 0, 0, 0, 0, 0, 0, 0, 0, 0]], "14722.sol": [0, [0, 0, 0, 0, 0, 0, 0, 0, 0, 0]], "6348.sol": [1, [1, 1, 1, 0, 1, 0, 1, 0, 0, 1]], "6037.sol": [0, [0, 0, 0, 0, 0, 0, 0, 0, 0, 0]], "30898.sol": [0, [0, 0, 0, 0, 0, 0, 0, 0, 0, 0]], "219.sol": [0, [0, 0, 0, 0, 0, 0, 0, 0, 0, 0]], "36307.sol": [1, [0, 0, 1, 0, 1, 0, 1, 1, 1, 1]], "33617.sol": [0, [0, 0, 0, 0, 0, 0, 0, 0, 0, 0]], "14434.sol": [0, [0, 0, 0, 0, 0, 0, 0, 0, 0, 0]], "13361.sol": [0, [0, 0, 0, 0, 0, 0, 0, 0, 0, 0]], "3911.sol": [0, [0, 0, 0, 0, 0, 0, 0, 0, 0, 0]], "28322.sol": [1, [1, 1, 1, 1, 1, 1, 1, 1, 1, 1]], "30397.sol": [1, [1, 1, 1, 0, 0, 0, 0, 0, 0, 0]], "11855.sol": [0, [0, 0, 0, 0, 0, 0, 0, 0, 0, 0]], "20456.sol": [0, [0, 0, 0, 0, 0, 0, 0, 0, 0, 0]], "1014.sol": [0, [0, 0, 0, 0, 0, 0, 0, 0, 0, 0]], "7188.sol": [0, [0, 0, 0, 0, 0, 0, 0, 0, 0, 0]], "26991.sol": [0, [0, 0, 0, 0, 0, 0, 0, 0, 0, 0]], "39999.sol": [0, [0, 0, 0, 0, 0, 0, 0, 0, 0, 0]], "34819.sol": [0, [0, 0, 0, 0, 0, 0, 0, 0, 0, 0]], "38904.sol": [0, [0, 0, 0, 0, 0, 0, 0, 0, 0, 0]], "15741.sol": [0, [0, 0, 0, 0, 0, 0, 0, 0, 0, 0]], "27417.sol": [0, [0, 0, 0, 0, 0, 0, 0, 0, 0, 0]], "18972.sol": [0, [0, 0, 0, 0, 0, 0, 0, 0, 0, 0]], "38486.sol": [0, [0, 0, 0, 0, 0, 0, 0, 0, 0, 0]], "26825.sol": [0, [0, 0, 0, 0, 0, 0, 0, 0, 0, 0]], "30293.sol": [0, [0, 0, 0, 0, 0, 0, 0, 0, 0, 0]], "1275.sol": [0, [0, 0, 0, 0, 0, 0, 0, 0, 0, 0]], "13644.sol": [0, [0, 0, 0, 0, 0, 0, 0, 0, 0, 0]], "3227.sol": [0, [0, 0, 0, 0, 0, 0, 0, 0, 0, 0]], "6640.sol": [0, [0, 0, 0, 0, 0, 0, 0, 0, 0, 0]], "12556.sol": [0, [0, 0, 0, 0, 0, 0, 0, 0, 0, 0]], "25541.sol": [0, [0, 0, 0, 0, 0, 0, 0, 0, 0, 0]], "25806.sol": [0, [0, 0, 0, 0, 0, 0, 0, 0, 0, 0]], "16816.sol": [0, [0, 0, 0, 0, 0, 0, 0, 0, 0, 0]], "3426.sol": [0, [0, 0, 0, 0, 0, 0, 0, 0, 0, 0]], "38119.sol": [0, [0, 0, 0, 0, 0, 0, 0, 0, 0, 0]], "8247.sol": [0, [0, 0, 0, 0, 0, 0, 0, 0, 0, 0]], "13727.sol": [0, [0, 0, 0, 0, 0, 0, 0, 0, 0, 0]], "17998.sol": [0, [0, 0, 0, 0, 0, 0, 0, 0, 0, 0]], "14504.sol": [0, [0, 0, 0, 0, 0, 0, 0, 0, 0, 0]], "5669.sol": [0, [0, 0, 0, 0, 0, 0, 0, 0, 0, 0]], "2984.sol": [0, [0, 0, 0, 0, 0, 0, 0, 0, 0, 0]], "4694.sol": [0, [0, 0, 0, 0, 0, 0, 0, 0, 0, 0]], "6510.sol": [0, [0, 0, 0, 0, 0, 0, 0, 0, 0, 0]], "5512.sol": [0, [0, 0, 0, 0, 0, 0, 0, 0, 0, 0]], "1222.sol": [0, [0, 0, 0, 0, 0, 0, 0, 0, 0, 0]], "17141.sol": [0, [0, 0, 0, 0, 0, 0, 0, 0, 0, 0]], "13432.sol": [0, [0, 0, 0, 0, 0, 0, 0, 0, 0, 0]], "20984.sol": [0, [0, 0, 0, 0, 0, 0, 0, 0, 0, 0]], "5640.sol": [0, [0, 0, 0, 0, 0, 0, 0, 0, 0, 0]], "26400.sol": [0, [0, 0, 0, 0, 0, 0, 0, 0, 0, 0]], "1572.sol": [0, [0, 0, 0, 0, 0, 0, 0, 0, 0, 0]], "10272.sol": [0, [0, 0, 0, 0, 0, 0, 0, 0, 0, 0]], "34778.sol": [0, [0, 0, 0, 0, 0, 0, 0, 0, 0, 0]], "25885.sol": [0, [0, 0, 0, 0, 0, 0, 0, 0, 0, 0]], "5358.sol": [0, [0, 0, 0, 0, 0, 0, 0, 0, 0, 0]], "26791.sol": [1, [0, 1, 0, 1, 0, 1, 1, 1, 0, 0]], "17418.sol": [0, [0, 0, 0, 0, 0, 0, 0, 0, 0, 0]], "3688.sol": [0, [0, 0, 0, 0, 0, 0, 0, 0, 0, 0]], "14932.sol": [0, [0, 0, 0, 0, 0, 0, 0, 0, 0, 0]], "26111.sol": [0, [0, 0, 0, 0, 0, 0, 0, 0, 0, 0]], "20970.sol": [0, [0, 0, 0, 0, 0, 0, 0, 0, 0, 0]], "34504.sol": [0, [0, 0, 0, 0, 0, 0, 0, 0, 0, 0]], "22794.sol": [0, [0, 0, 0, 0, 0, 0, 0, 0, 0, 0]], "11750.sol": [0, [0, 0, 0, 0, 0, 0, 0, 0, 0, 0]], "2235.sol": [0, [0, 0, 0, 0, 0, 0, 0, 0, 0, 0]], "29870.sol": [0, [0, 0, 0, 0, 0, 0, 0, 0, 0, 0]], "17.sol": [0, [0, 0, 0, 0, 0, 0, 0, 0, 0, 0]], "5827.sol": [0, [0, 0, 0, 0, 0, 0, 0, 0, 0, 0]], "2780.sol": [1, [1, 1, 1, 1, 1, 1, 1, 1, 1, 1]], "26007.sol": [0, [0, 0, 0, 0, 0, 0, 0, 0, 0, 0]], "33775.sol": [0, [0, 0, 0, 0, 0, 0, 0, 0, 0, 0]], "14362.sol": [0, [0, 0, 0, 0, 0, 0, 0, 0, 0, 0]], "32186.sol": [0, [0, 0, 0, 0, 0, 0, 0, 0, 0, 0]], "14321.sol": [0, [0, 0, 0, 0, 0, 0, 0, 0, 0, 0]], "1043.sol": [0, [0, 0, 0, 0, 0, 0, 0, 0, 0, 0]], "12995.sol": [0, [0, 0, 0, 0, 0, 0, 0, 0, 0, 0]], "32061.sol": [1, [0, 0, 0, 0, 0, 0, 0, 1, 0, 0]], "13765.sol": [1, [0, 0, 0, 0, 0, 0, 0, 0, 0, 1]], "8233.sol": [0, [0, 0, 0, 0, 0, 0, 0, 0, 0, 0]], "38074.sol": [0, [0, 0, 0, 0, 0, 0, 0, 0, 0, 0]], "15884.sol": [0, [0, 0, 0, 0, 0, 0, 0, 0, 0, 0]], "13366.sol": [0, [0, 0, 0, 0, 0, 0, 0, 0, 0, 0]], "20345.sol": [0, [0, 0, 0, 0, 0, 0, 0, 0, 0, 0]], "28551.sol": [0, [0, 0, 0, 0, 0, 0, 0, 0, 0, 0]], "33665.sol": [0, [0, 0, 0, 0, 0, 0, 0, 0, 0, 0]], "33154.sol": [0, [0, 0, 0, 0, 0, 0, 0, 0, 0, 0]], "20861.sol": [0, [0, 0, 0, 0, 0, 0, 0, 0, 0, 0]], "11679.sol": [0, [0, 0, 0, 0, 0, 0, 0, 0, 0, 0]], "16397.sol": [0, [0, 0, 0, 0, 0, 0, 0, 0, 0, 0]], "28653.sol": [0, [0, 0, 0, 0, 0, 0, 0, 0, 0, 0]], "7775.sol": [0, [0, 0, 0, 0, 0, 0, 0, 0, 0, 0]], "22435.sol": [0, [0, 0, 0, 0, 0, 0, 0, 0, 0, 0]], "35282.sol": [0, [0, 0, 0, 0, 0, 0, 0, 0, 0, 0]], "15951.sol": [0, [0, 0, 0, 0, 0, 0, 0, 0, 0, 0]], "18465.sol": [0, [0, 0, 0, 0, 0, 0, 0, 0, 0, 0]], "25085.sol": [0, [0, 0, 0, 0, 0, 0, 0, 0, 0, 0]], "645.sol": [0, [0, 0, 0, 0, 0, 0, 0, 0, 0, 0]], "954.sol": [0, [0, 0, 0, 0, 0, 0, 0, 0, 0, 0]], "14776.sol": [0, [0, 0, 0, 0, 0, 0, 0, 0, 0, 0]], "11004.sol": [0, [0, 0, 0, 0, 0, 0, 0, 0, 0, 0]], "8272.sol": [0, [0, 0, 0, 0, 0, 0, 0, 0, 0, 0]], "40575.sol": [0, [0, 0, 0, 0, 0, 0, 0, 0, 0, 0]], "9918.sol": [0, [0, 0, 0, 0, 0, 0, 0, 0, 0, 0]], "12808.sol": [0, [0, 0, 0, 0, 0, 0, 0, 0, 0, 0]], "36117.sol": [0, [0, 0, 0, 0, 0, 0, 0, 0, 0, 0]], "35196.sol": [0, [0, 0, 0, 0, 0, 0, 0, 0, 0, 0]], "4856.sol": [0, [0, 0, 0, 0, 0, 0, 0, 0, 0, 0]], "28277.sol": [0, [0, 0, 0, 0, 0, 0, 0, 0, 0, 0]], "8483.sol": [0, [0, 0, 0, 0, 0, 0, 0, 0, 0, 0]], "31365.sol": [0, [0, 0, 0, 0, 0, 0, 0, 0, 0, 0]], "13404.sol": [0, [0, 0, 0, 0, 0, 0, 0, 0, 0, 0]], "25875.sol": [0, [0, 0, 0, 0, 0, 0, 0, 0, 0, 0]], "14409.sol": [0, [0, 0, 0, 0, 0, 0, 0, 0, 0, 0]], "2031.sol": [0, [0, 0, 0, 0, 0, 0, 0, 0, 0, 0]], "7178.sol": [0, [0, 0, 0, 0, 0, 0, 0, 0, 0, 0]], "8504.sol": [0, [0, 0, 0, 0, 0, 0, 0, 0, 0, 0]], "25037.sol": [1, [0, 0, 1, 1, 1, 1, 1, 1, 1, 1]], "10926.sol": [1, [0, 0, 0, 0, 0, 0, 1, 0, 1, 0]], "32010.sol": [1, [1, 0, 1, 0, 1, 1, 0, 0, 0, 0]], "25029.sol": [0, [0, 0, 0, 0, 0, 0, 0, 0, 0, 0]], "6787.sol": [0, [0, 0, 0, 0, 0, 0, 0, 0, 0, 0]], "37255.sol": [0, [0, 0, 0, 0, 0, 0, 0, 0, 0, 0]], "16063.sol": [0, [0, 0, 0, 0, 0, 0, 0, 0, 0, 0]], "27435.sol": [0, [0, 0, 0, 0, 0, 0, 0, 0, 0, 0]], "10652.sol": [0, [0, 0, 0, 0, 0, 0, 0, 0, 0, 0]], "36634.sol": [0, [0, 0, 0, 0, 0, 0, 0, 0, 0, 0]], "35652.sol": [0, [0, 0, 0, 0, 0, 0, 0, 0, 0, 0]], "221.sol": [0, [0, 0, 0, 0, 0, 0, 0, 0, 0, 0]], "34994.sol": [0, [0, 0, 0, 0, 0, 0, 0, 0, 0, 0]], "29218.sol": [0, [0, 0, 0, 0, 0, 0, 0, 0, 0, 0]], "28401.sol": [0, [0, 0, 0, 0, 0, 0, 0, 0, 0, 0]], "24516.sol": [0, [0, 0, 0, 0, 0, 0, 0, 0, 0, 0]], "28985.sol": [0, [0, 0, 0, 0, 0, 0, 0, 0, 0, 0]], "28759.sol": [1, [0, 0, 0, 0, 0, 1, 0, 1, 0, 0]], "29939.sol": [0, [0, 0, 0, 0, 0, 0, 0, 0, 0, 0]], "28750.sol": [1, [0, 0, 0, 0, 0, 0, 0, 0, 1, 0]], "37419.sol": [0, [0, 0, 0, 0, 0, 0, 0, 0, 0, 0]], "31942.sol": [0, [0, 0, 0, 0, 0, 0, 0, 0, 0, 0]], "6044.sol": [0, [0, 0, 0, 0, 0, 0, 0, 0, 0, 0]], "8797.sol": [0, [0, 0, 0, 0, 0, 0, 0, 0, 0, 0]], "33093.sol": [0, [0, 0, 0, 0, 0, 0, 0, 0, 0, 0]], "29113.sol": [0, [0, 0, 0, 0, 0, 0, 0, 0, 0, 0]], "7785.sol": [0, [0, 0, 0, 0, 0, 0, 0, 0, 0, 0]], "36652.sol": [0, [0, 0, 0, 0, 0, 0, 0, 0, 0, 0]], "588.sol": [0, [0, 0, 0, 0, 0, 0, 0, 0, 0, 0]], "33267.sol": [0, [0, 0, 0, 0, 0, 0, 0, 0, 0, 0]], "15600.sol": [0, [0, 0, 0, 0, 0, 0, 0, 0, 0, 0]], "23020.sol": [0, [0, 0, 0, 0, 0, 0, 0, 0, 0, 0]], "22577.sol": [0, [0, 0, 0, 0, 0, 0, 0, 0, 0, 0]], "37597.sol": [1, [1, 0, 0, 0, 0, 0, 0, 0, 0, 0]], "2334.sol": [0, [0, 0, 0, 0, 0, 0, 0, 0, 0, 0]], "35198.sol": [0, [0, 0, 0, 0, 0, 0, 0, 0, 0, 0]], "8509.sol": [0, [0, 0, 0, 0, 0, 0, 0, 0, 0, 0]], "20264.sol": [1, [0, 1, 0, 1, 0, 0, 0, 0, 0, 1]], "28878.sol": [0, [0, 0, 0, 0, 0, 0, 0, 0, 0, 0]], "5749.sol": [0, [0, 0, 0, 0, 0, 0, 0, 0, 0, 0]], "15619.sol": [1, [1, 0, 0, 0, 0, 0, 0, 0, 0, 0]], "791.sol": [0, [0, 0, 0, 0, 0, 0, 0, 0, 0, 0]], "24089.sol": [1, [0, 0, 0, 0, 0, 0, 1, 0, 0, 0]], "17831.sol": [0, [0, 0, 0, 0, 0, 0, 0, 0, 0, 0]], "5842.sol": [0, [0, 0, 0, 0, 0, 0, 0, 0, 0, 0]], "39467.sol": [0, [0, 0, 0, 0, 0, 0, 0, 0, 0, 0]], "16925.sol": [0, [0, 0, 0, 0, 0, 0, 0, 0, 0, 0]], "25237.sol": [0, [0, 0, 0, 0, 0, 0, 0, 0, 0, 0]], "16658.sol": [0, [0, 0, 0, 0, 0, 0, 0, 0, 0, 0]], "2631.sol": [0, [0, 0, 0, 0, 0, 0, 0, 0, 0, 0]], "23048.sol": [0, [0, 0, 0, 0, 0, 0, 0, 0, 0, 0]], "8229.sol": [0, [0, 0, 0, 0, 0, 0, 0, 0, 0, 0]], "15173.sol": [0, [0, 0, 0, 0, 0, 0, 0, 0, 0, 0]], "24810.sol": [0, [0, 0, 0, 0, 0, 0, 0, 0, 0, 0]], "29803.sol": [0, [0, 0, 0, 0, 0, 0, 0, 0, 0, 0]], "24891.sol": [0, [0, 0, 0, 0, 0, 0, 0, 0, 0, 0]], "26052.sol": [0, [0, 0, 0, 0, 0, 0, 0, 0, 0, 0]], "21412.sol": [0, [0, 0, 0, 0, 0, 0, 0, 0, 0, 0]], "22811.sol": [0, [0, 0, 0, 0, 0, 0, 0, 0, 0, 0]], "38032.sol": [0, [0, 0, 0, 0, 0, 0, 0, 0, 0, 0]], "13269.sol": [0, [0, 0, 0, 0, 0, 0, 0, 0, 0, 0]], "31053.sol": [0, [0, 0, 0, 0, 0, 0, 0, 0, 0, 0]], "8635.sol": [0, [0, 0, 0, 0, 0, 0, 0, 0, 0, 0]], "6783.sol": [0, [0, 0, 0, 0, 0, 0, 0, 0, 0, 0]], "7646.sol": [0, [0, 0, 0, 0, 0, 0, 0, 0, 0, 0]], "14861.sol": [0, [0, 0, 0, 0, 0, 0, 0, 0, 0, 0]], "816.sol": [0, [0, 0, 0, 0, 0, 0, 0, 0, 0, 0]], "27051.sol": [0, [0, 0, 0, 0, 0, 0, 0, 0, 0, 0]], "33548.sol": [1, [1, 0, 1, 0, 0, 0, 0, 0, 0, 0]], "19623.sol": [0, [0, 0, 0, 0, 0, 0, 0, 0, 0, 0]], "12006.sol": [0, [0, 0, 0, 0, 0, 0, 0, 0, 0, 0]], "35123.sol": [1, [1, 1, 0, 1, 0, 0, 1, 0, 0, 0]], "10164.sol": [0, [0, 0, 0, 0, 0, 0, 0, 0, 0, 0]], "13873.sol": [0, [0, 0, 0, 0, 0, 0, 0, 0, 0, 0]], "14773.sol": [0, [0, 0, 0, 0, 0, 0, 0, 0, 0, 0]], "31180.sol": [0, [0, 0, 0, 0, 0, 0, 0, 0, 0, 0]], "36878.sol": [1, [1, 0, 0, 0, 0, 0, 0, 0, 0, 0]], "16316.sol": [0, [0, 0, 0, 0, 0, 0, 0, 0, 0, 0]], "35131.sol": [0, [0, 0, 0, 0, 0, 0, 0, 0, 0, 0]], "22094.sol": [0, [0, 0, 0, 0, 0, 0, 0, 0, 0, 0]], "11547.sol": [0, [0, 0, 0, 0, 0, 0, 0, 0, 0, 0]], "24534.sol": [0, [0, 0, 0, 0, 0, 0, 0, 0, 0, 0]], "30231.sol": [0, [0, 0, 0, 0, 0, 0, 0, 0, 0, 0]], "244.sol": [0, [0, 0, 0, 0, 0, 0, 0, 0, 0, 0]], "35922.sol": [1, [1, 1, 1, 1, 0, 1, 0, 1, 0, 0]], "15244.sol": [0, [0, 0, 0, 0, 0, 0, 0, 0, 0, 0]], "36341.sol": [0, [0, 0, 0, 0, 0, 0, 0, 0, 0, 0]], "3611.sol": [0, [0, 0, 0, 0, 0, 0, 0, 0, 0, 0]], "31871.sol": [0, [0, 0, 0, 0, 0, 0, 0, 0, 0, 0]], "8835.sol": [0, [0, 0, 0, 0, 0, 0, 0, 0, 0, 0]], "17155.sol": [0, [0, 0, 0, 0, 0, 0, 0, 0, 0, 0]], "8010.sol": [0, [0, 0, 0, 0, 0, 0, 0, 0, 0, 0]], "23083.sol": [0, [0, 0, 0, 0, 0, 0, 0, 0, 0, 0]], "7908.sol": [1, [1, 1, 1, 1, 1, 1, 1, 1, 1, 1]], "36293.sol": [0, [0, 0, 0, 0, 0, 0, 0, 0, 0, 0]], "34523.sol": [0, [0, 0, 0, 0, 0, 0, 0, 0, 0, 0]], "23851.sol": [0, [0, 0, 0, 0, 0, 0, 0, 0, 0, 0]], "27842.sol": [0, [0, 0, 0, 0, 0, 0, 0, 0, 0, 0]], "39333.sol": [1, [0, 0, 0, 1, 0, 0, 0, 0, 0, 0]], "5526.sol": [0, [0, 0, 0, 0, 0, 0, 0, 0, 0, 0]], "33434.sol": [0, [0, 0, 0, 0, 0, 0, 0, 0, 0, 0]], "8405.sol": [0, [0, 0, 0, 0, 0, 0, 0, 0, 0, 0]], "23232.sol": [0, [0, 0, 0, 0, 0, 0, 0, 0, 0, 0]], "29581.sol": [0, [0, 0, 0, 0, 0, 0, 0, 0, 0, 0]], "9668.sol": [0, [0, 0, 0, 0, 0, 0, 0, 0, 0, 0]], "13222.sol": [0, [0, 0, 0, 0, 0, 0, 0, 0, 0, 0]], "9144.sol": [0, [0, 0, 0, 0, 0, 0, 0, 0, 0, 0]], "14482.sol": [0, [0, 0, 0, 0, 0, 0, 0, 0, 0, 0]], "13841.sol": [0, [0, 0, 0, 0, 0, 0, 0, 0, 0, 0]], "37418.sol": [0, [0, 0, 0, 0, 0, 0, 0, 0, 0, 0]], "5807.sol": [0, [0, 0, 0, 0, 0, 0, 0, 0, 0, 0]], "26253.sol": [0, [0, 0, 0, 0, 0, 0, 0, 0, 0, 0]], "14899.sol": [0, [0, 0, 0, 0, 0, 0, 0, 0, 0, 0]], "30.sol": [0, [0, 0, 0, 0, 0, 0, 0, 0, 0, 0]], "13353.sol": [0, [0, 0, 0, 0, 0, 0, 0, 0, 0, 0]], "12413.sol": [1, [0, 0, 0, 0, 1, 0, 0, 0, 0, 0]], "20183.sol": [0, [0, 0, 0, 0, 0, 0, 0, 0, 0, 0]], "5525.sol": [0, [0, 0, 0, 0, 0, 0, 0, 0, 0, 0]], "26980.sol": [0, [0, 0, 0, 0, 0, 0, 0, 0, 0, 0]], "13178.sol": [1, [1, 1, 1, 1, 0, 1, 1, 0, 1, 0]], "8351.sol": [0, [0, 0, 0, 0, 0, 0, 0, 0, 0, 0]], "22426.sol": [0, [0, 0, 0, 0, 0, 0, 0, 0, 0, 0]], "30539.sol": [0, [0, 0, 0, 0, 0, 0, 0, 0, 0, 0]], "35367.sol": [0, [0, 0, 0, 0, 0, 0, 0, 0, 0, 0]], "26464.sol": [0, [0, 0, 0, 0, 0, 0, 0, 0, 0, 0]], "12257.sol": [0, [0, 0, 0, 0, 0, 0, 0, 0, 0, 0]], "15779.sol": [0, [0, 0, 0, 0, 0, 0, 0, 0, 0, 0]], "7462.sol": [0, [0, 0, 0, 0, 0, 0, 0, 0, 0, 0]], "34675.sol": [0, [0, 0, 0, 0, 0, 0, 0, 0, 0, 0]], "16018.sol": [0, [0, 0, 0, 0, 0, 0, 0, 0, 0, 0]], "11452.sol": [0, [0, 0, 0, 0, 0, 0, 0, 0, 0, 0]], "11684.sol": [0, [0, 0, 0, 0, 0, 0, 0, 0, 0, 0]], "22564.sol": [1, [0, 1, 1, 0, 0, 1, 0, 0, 0, 0]], "1676.sol": [0, [0, 0, 0, 0, 0, 0, 0, 0, 0, 0]], "11215.sol": [0, [0, 0, 0, 0, 0, 0, 0, 0, 0, 0]], "16505.sol": [0, [0, 0, 0, 0, 0, 0, 0, 0, 0, 0]], "38975.sol": [1, [0, 0, 0, 0, 0, 0, 1, 1, 0, 0]], "22801.sol": [0, [0, 0, 0, 0, 0, 0, 0, 0, 0, 0]], "23423.sol": [0, [0, 0, 0, 0, 0, 0, 0, 0, 0, 0]], "13810.sol": [0, [0, 0, 0, 0, 0, 0, 0, 0, 0, 0]], "2086.sol": [0, [0, 0, 0, 0, 0, 0, 0, 0, 0, 0]], "7868.sol": [0, [0, 0, 0, 0, 0, 0, 0, 0, 0, 0]], "11118.sol": [0, [0, 0, 0, 0, 0, 0, 0, 0, 0, 0]], "10869.sol": [0, [0, 0, 0, 0, 0, 0, 0, 0, 0, 0]], "13823.sol": [0, [0, 0, 0, 0, 0, 0, 0, 0, 0, 0]], "20571.sol": [1, [0, 1, 0, 0, 0, 0, 0, 0, 0, 0]], "16283.sol": [0, [0, 0, 0, 0, 0, 0, 0, 0, 0, 0]], "27274.sol": [0, [0, 0, 0, 0, 0, 0, 0, 0, 0, 0]], "3000.sol": [0, [0, 0, 0, 0, 0, 0, 0, 0, 0, 0]], "14062.sol": [0, [0, 0, 0, 0, 0, 0, 0, 0, 0, 0]], "2182.sol": [0, [0, 0, 0, 0, 0, 0, 0, 0, 0, 0]], "26967.sol": [0, [0, 0, 0, 0, 0, 0, 0, 0, 0, 0]], "428.sol": [0, [0, 0, 0, 0, 0, 0, 0, 0, 0, 0]], "18543.sol": [0, [0, 0, 0, 0, 0, 0, 0, 0, 0, 0]], "31817.sol": [0, [0, 0, 0, 0, 0, 0, 0, 0, 0, 0]], "30166.sol": [0, [0, 0, 0, 0, 0, 0, 0, 0, 0, 0]], "4536.sol": [0, [0, 0, 0, 0, 0, 0, 0, 0, 0, 0]], "20869.sol": [0, [0, 0, 0, 0, 0, 0, 0, 0, 0, 0]], "28552.sol": [0, [0, 0, 0, 0, 0, 0, 0, 0, 0, 0]], "4531.sol": [0, [0, 0, 0, 0, 0, 0, 0, 0, 0, 0]], "27025.sol": [0, [0, 0, 0, 0, 0, 0, 0, 0, 0, 0]], "11421.sol": [0, [0, 0, 0, 0, 0, 0, 0, 0, 0, 0]], "2090.sol": [0, [0, 0, 0, 0, 0, 0, 0, 0, 0, 0]], "25870.sol": [0, [0, 0, 0, 0, 0, 0, 0, 0, 0, 0]], "1002.sol": [0, [0, 0, 0, 0, 0, 0, 0, 0, 0, 0]], "13307.sol": [0, [0, 0, 0, 0, 0, 0, 0, 0, 0, 0]], "9856.sol": [0, [0, 0, 0, 0, 0, 0, 0, 0, 0, 0]], "6725.sol": [0, [0, 0, 0, 0, 0, 0, 0, 0, 0, 0]], "25500.sol": [0, [0, 0, 0, 0, 0, 0, 0, 0, 0, 0]], "8293.sol": [0, [0, 0, 0, 0, 0, 0, 0, 0, 0, 0]], "25844.sol": [0, [0, 0, 0, 0, 0, 0, 0, 0, 0, 0]], "8288.sol": [0, [0, 0, 0, 0, 0, 0, 0, 0, 0, 0]], "6416.sol": [0, [0, 0, 0, 0, 0, 0, 0, 0, 0, 0]], "5385.sol": [0, [0, 0, 0, 0, 0, 0, 0, 0, 0, 0]], "6841.sol": [0, [0, 0, 0, 0, 0, 0, 0, 0, 0, 0]], "4125.sol": [0, [0, 0, 0, 0, 0, 0, 0, 0, 0, 0]], "18791.sol": [0, [0, 0, 0, 0, 0, 0, 0, 0, 0, 0]], "29316.sol": [0, [0, 0, 0, 0, 0, 0, 0, 0, 0, 0]], "8274.sol": [0, [0, 0, 0, 0, 0, 0, 0, 0, 0, 0]], "21522.sol": [1, [0, 0, 1, 0, 0, 0, 0, 0, 0, 0]], "16581.sol": [0, [0, 0, 0, 0, 0, 0, 0, 0, 0, 0]], "13203.sol": [0, [0, 0, 0, 0, 0, 0, 0, 0, 0, 0]], "7978.sol": [0, [0, 0, 0, 0, 0, 0, 0, 0, 0, 0]], "3224.sol": [0, [0, 0, 0, 0, 0, 0, 0, 0, 0, 0]], "33697.sol": [0, [0, 0, 0, 0, 0, 0, 0, 0, 0, 0]], "21929.sol": [1, [1, 0, 0, 0, 0, 0, 0, 0, 0, 0]], "19416.sol": [0, [0, 0, 0, 0, 0, 0, 0, 0, 0, 0]], "14210.sol": [0, [0, 0, 0, 0, 0, 0, 0, 0, 0, 0]], "22632.sol": [1, [1, 1, 1, 0, 0, 0, 0, 0, 0, 0]], "29604.sol": [0, [0, 0, 0, 0, 0, 0, 0, 0, 0, 0]], "750.sol": [0, [0, 0, 0, 0, 0, 0, 0, 0, 0, 0]], "21776.sol": [0, [0, 0, 0, 0, 0, 0, 0, 0, 0, 0]], "18892.sol": [0, [0, 0, 0, 0, 0, 0, 0, 0, 0, 0]], "17881.sol": [0, [0, 0, 0, 0, 0, 0, 0, 0, 0, 0]], "10880.sol": [0, [0, 0, 0, 0, 0, 0, 0, 0, 0, 0]], "23651.sol": [0, [0, 0, 0, 0, 0, 0, 0, 0, 0, 0]], "40498.sol": [0, [0, 0, 0, 0, 0, 0, 0, 0, 0, 0]], "26545.sol": [0, [0, 0, 0, 0, 0, 0, 0, 0, 0, 0]], "9182.sol": [0, [0, 0, 0, 0, 0, 0, 0, 0, 0, 0]], "23226.sol": [0, [0, 0, 0, 0, 0, 0, 0, 0, 0, 0]], "14299.sol": [0, [0, 0, 0, 0, 0, 0, 0, 0, 0, 0]], "21217.sol": [1, [1, 1, 1, 0, 0, 1, 1, 0, 0, 0]], "20837.sol": [0, [0, 0, 0, 0, 0, 0, 0, 0, 0, 0]], "12199.sol": [0, [0, 0, 0, 0, 0, 0, 0, 0, 0, 0]], "19960.sol": [0, [0, 0, 0, 0, 0, 0, 0, 0, 0, 0]], "14307.sol": [0, [0, 0, 0, 0, 0, 0, 0, 0, 0, 0]], "13323.sol": [0, [0, 0, 0, 0, 0, 0, 0, 0, 0, 0]], "166.sol": [0, [0, 0, 0, 0, 0, 0, 0, 0, 0, 0]], "17913.sol": [0, [0, 0, 0, 0, 0, 0, 0, 0, 0, 0]], "10824.sol": [0, [0, 0, 0, 0, 0, 0, 0, 0, 0, 0]], "22776.sol": [0, [0, 0, 0, 0, 0, 0, 0, 0, 0, 0]], "29229.sol": [0, [0, 0, 0, 0, 0, 0, 0, 0, 0, 0]], "37281.sol": [0, [0, 0, 0, 0, 0, 0, 0, 0, 0, 0]], "21852.sol": [0, [0, 0, 0, 0, 0, 0, 0, 0, 0, 0]], "25827.sol": [0, [0, 0, 0, 0, 0, 0, 0, 0, 0, 0]], "39767.sol": [0, [0, 0, 0, 0, 0, 0, 0, 0, 0, 0]], "29877.sol": [0, [0, 0, 0, 0, 0, 0, 0, 0, 0, 0]], "20621.sol": [0, [0, 0, 0, 0, 0, 0, 0, 0, 0, 0]], "25523.sol": [0, [0, 0, 0, 0, 0, 0, 0, 0, 0, 0]], "20998.sol": [0, [0, 0, 0, 0, 0, 0, 0, 0, 0, 0]], "12974.sol": [0, [0, 0, 0, 0, 0, 0, 0, 0, 0, 0]], "2099.sol": [0, [0, 0, 0, 0, 0, 0, 0, 0, 0, 0]], "10887.sol": [0, [0, 0, 0, 0, 0, 0, 0, 0, 0, 0]], "11663.sol": [0, [0, 0, 0, 0, 0, 0, 0, 0, 0, 0]], "11155.sol": [0, [0, 0, 0, 0, 0, 0, 0, 0, 0, 0]], "14975.sol": [0, [0, 0, 0, 0, 0, 0, 0, 0, 0, 0]], "11253.sol": [0, [0, 0, 0, 0, 0, 0, 0, 0, 0, 0]], "12901.sol": [0, [0, 0, 0, 0, 0, 0, 0, 0, 0, 0]], "9837.sol": [0, [0, 0, 0, 0, 0, 0, 0, 0, 0, 0]], "14061.sol": [1, [1, 1, 1, 1, 1, 1, 0, 1, 0, 0]], "11708.sol": [0, [0, 0, 0, 0, 0, 0, 0, 0, 0, 0]], "17671.sol": [0, [0, 0, 0, 0, 0, 0, 0, 0, 0, 0]], "34273.sol": [0, [0, 0, 0, 0, 0, 0, 0, 0, 0, 0]], "39104.sol": [0, [0, 0, 0, 0, 0, 0, 0, 0, 0, 0]], "39292.sol": [0, [0, 0, 0, 0, 0, 0, 0, 0, 0, 0]], "6846.sol": [0, [0, 0, 0, 0, 0, 0, 0, 0, 0, 0]], "31960.sol": [0, [0, 0, 0, 0, 0, 0, 0, 0, 0, 0]], "37448.sol": [0, [0, 0, 0, 0, 0, 0, 0, 0, 0, 0]], "18664.sol": [0, [0, 0, 0, 0, 0, 0, 0, 0, 0, 0]], "34455.sol": [0, [0, 0, 0, 0, 0, 0, 0, 0, 0, 0]], "5739.sol": [0, [0, 0, 0, 0, 0, 0, 0, 0, 0, 0]], "1663.sol": [0, [0, 0, 0, 0, 0, 0, 0, 0, 0, 0]], "18684.sol": [0, [0, 0, 0, 0, 0, 0, 0, 0, 0, 0]], "5944.sol": [0, [0, 0, 0, 0, 0, 0, 0, 0, 0, 0]], "1545.sol": [0, [0, 0, 0, 0, 0, 0, 0, 0, 0, 0]], "31956.sol": [0, [0, 0, 0, 0, 0, 0, 0, 0, 0, 0]], "2999.sol": [0, [0, 0, 0, 0, 0, 0, 0, 0, 0, 0]], "15185.sol": [0, [0, 0, 0, 0, 0, 0, 0, 0, 0, 0]], "16760.sol": [0, [0, 0, 0, 0, 0, 0, 0, 0, 0, 0]], "15034.sol": [0, [0, 0, 0, 0, 0, 0, 0, 0, 0, 0]], "12964.sol": [0, [0, 0, 0, 0, 0, 0, 0, 0, 0, 0]], "17409.sol": [0, [0, 0, 0, 0, 0, 0, 0, 0, 0, 0]], "13108.sol": [0, [0, 0, 0, 0, 0, 0, 0, 0, 0, 0]], "35539.sol": [1, [1, 1, 1, 1, 1, 1, 1, 1, 1, 1]], "37055.sol": [0, [0, 0, 0, 0, 0, 0, 0]], "21619.sol": [0, [0, 0, 0, 0, 0, 0, 0, 0, 0, 0]], "30846.sol": [0, [0, 0, 0, 0, 0, 0, 0, 0, 0, 0]], "17632.sol": [0, [0, 0, 0, 0, 0, 0, 0, 0, 0, 0]], "6407.sol": [0, [0, 0, 0, 0, 0, 0, 0, 0, 0, 0]], "23513.sol": [0, [0, 0, 0, 0, 0, 0, 0, 0, 0, 0]], "17348.sol": [0, [0, 0, 0, 0, 0, 0, 0, 0, 0, 0]], "38776.sol": [0, [0, 0, 0, 0, 0, 0, 0, 0, 0, 0]], "14283.sol": [0, [0, 0, 0, 0, 0, 0, 0, 0, 0, 0]], "31783.sol": [0, [0, 0, 0, 0, 0, 0, 0, 0, 0, 0]], "7783.sol": [0, [0, 0, 0, 0, 0, 0, 0, 0, 0, 0]], "39819.sol": [0, [0, 0, 0, 0, 0, 0, 0, 0, 0, 0]], "12515.sol": [1, [0, 0, 0, 0, 0, 1, 0, 1, 0, 0]], "7368.sol": [0, [0, 0, 0, 0, 0, 0, 0, 0, 0, 0]], "2061.sol": [0, [0, 0, 0, 0, 0, 0, 0, 0, 0, 0]], "28440.sol": [0, [0, 0, 0, 0, 0, 0, 0, 0, 0, 0]], "9945.sol": [0, [0, 0, 0, 0, 0, 0, 0, 0, 0, 0]], "22864.sol": [0, [0, 0, 0, 0, 0, 0, 0, 0, 0, 0]], "7404.sol": [0, [0, 0, 0, 0, 0, 0, 0, 0, 0, 0]], "33861.sol": [0, [0, 0, 0, 0, 0, 0, 0, 0, 0, 0]], "18854.sol": [0, [0, 0, 0, 0, 0, 0, 0, 0, 0, 0]], "35376.sol": [0, [0, 0, 0, 0, 0, 0, 0, 0, 0, 0]], "28553.sol": [0, [0, 0, 0, 0, 0, 0, 0, 0, 0, 0]], "10690.sol": [0, [0, 0, 0, 0, 0, 0, 0, 0, 0, 0]], "14024.sol": [0, [0, 0, 0, 0, 0, 0, 0, 0, 0, 0]], "20066.sol": [0, [0, 0, 0, 0, 0, 0, 0, 0, 0, 0]], "33721.sol": [0, [0, 0, 0, 0, 0, 0, 0, 0, 0, 0]], "38031.sol": [0, [0, 0, 0, 0, 0, 0, 0, 0, 0, 0]], "10118.sol": [0, [0, 0, 0, 0, 0, 0, 0, 0, 0, 0]], "7717.sol": [0, [0, 0, 0, 0, 0, 0, 0, 0, 0, 0]], "5824.sol": [0, [0, 0, 0, 0, 0, 0, 0, 0, 0, 0]], "11379.sol": [0, [0, 0, 0, 0, 0, 0, 0, 0, 0, 0]], "2806.sol": [0, [0, 0, 0, 0, 0, 0, 0, 0, 0, 0]], "26783.sol": [0, [0, 0, 0, 0, 0, 0, 0, 0, 0, 0]], "14121.sol": [0, [0, 0, 0, 0, 0, 0, 0, 0, 0, 0]], "11996.sol": [0, [0, 0, 0, 0, 0, 0, 0, 0, 0, 0]], "5115.sol": [0, [0, 0, 0, 0, 0, 0, 0, 0, 0, 0]], "25497.sol": [0, [0, 0, 0, 0, 0, 0, 0, 0, 0, 0]], "23971.sol": [0, [0, 0, 0, 0, 0, 0, 0, 0, 0, 0]], "23796.sol": [0, [0, 0, 0, 0, 0, 0, 0, 0, 0, 0]], "10165.sol": [0, [0, 0, 0, 0, 0, 0, 0, 0, 0, 0]], "34600.sol": [0, [0, 0, 0, 0, 0, 0, 0, 0, 0, 0]], "17846.sol": [0, [0, 0, 0, 0, 0, 0, 0, 0, 0, 0]], "6400.sol": [0, [0, 0, 0, 0, 0, 0, 0, 0, 0, 0]], "21657.sol": [0, [0, 0, 0, 0, 0, 0, 0, 0, 0, 0]], "21952.sol": [0, [0, 0, 0, 0, 0, 0, 0, 0, 0, 0]], "17651.sol": [0, [0, 0, 0, 0, 0, 0, 0, 0, 0, 0]], "13970.sol": [0, [0, 0, 0, 0, 0, 0, 0, 0, 0, 0]], "32249.sol": [0, [0, 0, 0, 0, 0, 0, 0, 0, 0, 0]], "21155.sol": [0, [0, 0, 0, 0, 0, 0, 0, 0, 0, 0]], "35048.sol": [0, [0, 0, 0, 0, 0, 0, 0, 0, 0, 0]], "25397.sol": [0, [0, 0, 0, 0, 0, 0, 0, 0, 0, 0]], "33735.sol": [0, [0, 0, 0, 0, 0, 0, 0, 0, 0, 0]], "8430.sol": [0, [0, 0, 0, 0, 0, 0, 0, 0, 0, 0]], "35752.sol": [0, [0, 0, 0, 0, 0, 0, 0, 0, 0, 0]], "19334.sol": [0, [0, 0, 0, 0, 0, 0, 0, 0, 0, 0]], "20713.sol": [0, [0, 0, 0, 0, 0, 0, 0, 0, 0, 0]], "21715.sol": [0, [0, 0, 0, 0, 0, 0, 0, 0, 0, 0]], "1340.sol": [0, [0, 0, 0, 0, 0, 0, 0, 0, 0, 0]], "9025.sol": [0, [0, 0, 0, 0, 0, 0, 0, 0, 0, 0]], "23754.sol": [0, [0, 0, 0, 0, 0, 0, 0, 0, 0, 0]], "32330.sol": [0, [0, 0, 0, 0, 0, 0, 0, 0, 0, 0]], "39297.sol": [0, [0, 0, 0, 0, 0, 0, 0, 0, 0, 0]], "12575.sol": [0, [0, 0, 0, 0, 0, 0, 0, 0, 0, 0]], "19971.sol": [0, [0, 0, 0, 0, 0, 0, 0, 0, 0, 0]], "14088.sol": [0, [0, 0, 0, 0, 0, 0, 0, 0, 0, 0]], "37684.sol": [1, [0, 0, 0, 0, 0, 0, 0, 0, 0, 1]], "7685.sol": [0, [0, 0, 0, 0, 0, 0, 0, 0, 0, 0]], "2670.sol": [0, [0, 0, 0, 0, 0, 0, 0, 0, 0, 0]], "21112.sol": [1, [1, 0, 0, 1, 0, 0, 0, 0, 0, 0]], "3719.sol": [0, [0, 0, 0, 0, 0, 0, 0, 0, 0, 0]], "21652.sol": [0, [0, 0, 0, 0, 0, 0, 0, 0, 0, 0]], "39512.sol": [1, [0, 0, 0, 0, 1, 0, 0, 0, 0, 0]], "9997.sol": [0, [0, 0, 0, 0, 0, 0, 0, 0, 0, 0]], "14826.sol": [0, [0, 0, 0, 0, 0, 0, 0, 0, 0, 0]], "24806.sol": [0, [0, 0, 0, 0, 0, 0, 0, 0, 0, 0]], "24832.sol": [0, [0, 0, 0, 0, 0, 0, 0, 0, 0, 0]], "36965.sol": [0, [0, 0, 0, 0, 0, 0, 0, 0, 0, 0]], "31044.sol": [0, [0, 0, 0, 0, 0, 0, 0, 0, 0, 0]], "19490.sol": [0, [0, 0, 0, 0, 0, 0, 0, 0, 0, 0]], "15718.sol": [0, [0, 0, 0, 0, 0, 0, 0, 0, 0, 0]], "15009.sol": [0, [0, 0, 0, 0, 0, 0, 0, 0, 0, 0]], "24862.sol": [0, [0, 0, 0, 0, 0, 0, 0, 0, 0, 0]], "25242.sol": [0, [0, 0, 0, 0, 0, 0, 0, 0, 0, 0]], "1597.sol": [0, [0, 0, 0, 0, 0, 0, 0, 0, 0, 0]], "40602.sol": [0, [0, 0, 0, 0, 0, 0, 0, 0, 0, 0]], "29638.sol": [0, [0, 0, 0, 0, 0, 0, 0, 0, 0, 0]], "37952.sol": [0, [0, 0, 0, 0, 0, 0, 0, 0, 0, 0]], "28807.sol": [0, [0, 0, 0, 0, 0, 0, 0, 0, 0, 0]], "3292.sol": [0, [0, 0, 0, 0, 0, 0, 0, 0, 0, 0]], "173.sol": [0, [0, 0, 0, 0, 0, 0, 0, 0, 0, 0]], "9094.sol": [0, [0, 0, 0, 0, 0, 0, 0, 0, 0, 0]], "14656.sol": [0, [0, 0, 0, 0, 0, 0, 0, 0, 0, 0]], "33965.sol": [0, [0, 0, 0, 0, 0, 0, 0, 0, 0, 0]], "35787.sol": [0, [0, 0, 0, 0, 0, 0, 0, 0, 0, 0]], "741.sol": [0, [0, 0, 0, 0, 0, 0, 0, 0, 0, 0]], "27085.sol": [0, [0, 0, 0, 0, 0, 0, 0, 0, 0, 0]], "19572.sol": [0, [0, 0, 0, 0, 0, 0, 0, 0, 0, 0]], "9357.sol": [0, [0, 0, 0, 0, 0, 0, 0, 0, 0, 0]], "22906.sol": [0, [0, 0, 0, 0, 0, 0, 0, 0, 0, 0]], "10227.sol": [0, [0, 0, 0, 0, 0, 0, 0, 0, 0, 0]], "8299.sol": [0, [0, 0, 0, 0, 0, 0, 0, 0, 0, 0]], "33824.sol": [0, [0, 0, 0, 0, 0, 0, 0, 0, 0, 0]], "29370.sol": [0, [0, 0, 0, 0, 0, 0, 0, 0, 0, 0]], "14317.sol": [0, [0, 0, 0, 0, 0, 0, 0, 0, 0, 0]], "26463.sol": [0, [0, 0, 0, 0, 0, 0, 0, 0, 0, 0]], "1286.sol": [1, [0, 1, 0, 0, 0, 0, 0, 0, 0, 0]], "7880.sol": [0, [0, 0, 0, 0, 0, 0, 0, 0, 0, 0]], "7657.sol": [0, [0, 0, 0, 0, 0, 0, 0, 0, 0, 0]], "36941.sol": [0, [0, 0, 0, 0, 0, 0, 0]], "9114.sol": [1, [0, 0, 0, 0, 0, 1, 0, 0, 0, 1]], "11566.sol": [1, [0, 0, 0, 0, 0, 0, 1, 0, 0, 0]], "33174.sol": [0, [0, 0, 0, 0, 0, 0, 0, 0, 0, 0]], "14527.sol": [0, [0, 0, 0, 0, 0, 0, 0, 0, 0, 0]], "13842.sol": [0, [0, 0, 0, 0, 0, 0, 0, 0, 0, 0]], "7182.sol": [0, [0, 0, 0, 0, 0, 0, 0, 0, 0, 0]], "32164.sol": [1, [1, 1, 1, 1, 0, 0, 0, 0, 1, 0]], "14587.sol": [0, [0, 0, 0, 0, 0, 0, 0, 0, 0, 0]], "19075.sol": [0, [0, 0, 0, 0, 0, 0, 0, 0, 0, 0]], "33391.sol": [0, [0, 0, 0, 0, 0, 0, 0, 0, 0, 0]], "27172.sol": [1, [1, 0, 0, 1, 1, 0, 0, 0, 0, 0]], "660.sol": [0, [0, 0, 0, 0, 0, 0, 0, 0, 0, 0]], "36095.sol": [0, [0, 0, 0, 0, 0, 0, 0, 0, 0, 0]], "4519.sol": [0, [0, 0, 0, 0, 0, 0, 0, 0, 0, 0]], "27979.sol": [0, [0, 0, 0, 0, 0, 0, 0, 0, 0, 0]], "1845.sol": [0, [0, 0, 0, 0, 0, 0, 0, 0, 0, 0]], "30419.sol": [0, [0, 0, 0, 0, 0, 0, 0, 0, 0, 0]], "1945.sol": [0, [0, 0, 0, 0, 0, 0, 0, 0, 0, 0]], "38202.sol": [0, [0, 0, 0, 0, 0, 0, 0, 0, 0, 0]], "11162.sol": [0, [0, 0, 0, 0, 0, 0, 0, 0, 0, 0]], "5592.sol": [0, [0, 0, 0, 0, 0, 0, 0, 0, 0, 0]], "16522.sol": [0, [0, 0, 0, 0, 0, 0, 0, 0, 0, 0]], "17858.sol": [0, [0, 0, 0, 0, 0, 0, 0, 0, 0, 0]], "21487.sol": [0, [0, 0, 0, 0, 0, 0, 0, 0, 0, 0]], "30882.sol": [0, [0, 0, 0, 0, 0, 0, 0, 0, 0, 0]], "14860.sol": [0, [0, 0, 0, 0, 0, 0, 0, 0, 0, 0]], "20543.sol": [0, [0, 0, 0, 0, 0, 0, 0, 0, 0, 0]], "36795.sol": [0, [0, 0, 0, 0, 0, 0, 0, 0, 0, 0]], "5911.sol": [0, [0, 0, 0, 0, 0, 0, 0, 0, 0, 0]], "22055.sol": [0, [0, 0, 0, 0, 0, 0, 0, 0, 0, 0]], "18314.sol": [0, [0, 0, 0, 0, 0, 0, 0, 0, 0, 0]], "33653.sol": [1, [0, 1, 0, 0, 0, 0, 0, 0, 0, 0]], "18327.sol": [0, [0, 0, 0, 0, 0, 0, 0, 0, 0, 0]], "19063.sol": [0, [0, 0, 0, 0, 0, 0, 0, 0, 0, 0]], "19775.sol": [0, [0, 0, 0, 0, 0, 0, 0, 0, 0, 0]], "32614.sol": [0, [0, 0, 0, 0, 0, 0, 0, 0, 0, 0]], "482.sol": [0, [0, 0, 0, 0, 0, 0, 0, 0, 0, 0]], "13505.sol": [0, [0, 0, 0, 0, 0, 0, 0, 0, 0, 0]], "40485.sol": [0, [0, 0, 0, 0, 0, 0, 0, 0, 0, 0]], "5987.sol": [0, [0, 0, 0, 0, 0, 0, 0, 0, 0, 0]], "17866.sol": [0, [0, 0, 0, 0, 0, 0, 0, 0, 0, 0]], "4854.sol": [0, [0, 0, 0, 0, 0, 0, 0, 0, 0, 0]], "25918.sol": [0, [0, 0, 0, 0, 0, 0, 0, 0, 0, 0]], "38239.sol": [0, [0, 0, 0, 0, 0, 0, 0, 0, 0, 0]], "6854.sol": [0, [0, 0, 0, 0, 0, 0, 0, 0, 0, 0]], "13892.sol": [0, [0, 0, 0, 0, 0, 0, 0, 0, 0, 0]], "33082.sol": [0, [0, 0, 0, 0, 0, 0, 0, 0, 0, 0]], "188.sol": [0, [0, 0, 0, 0, 0, 0, 0, 0, 0, 0]], "22536.sol": [0, [0, 0, 0, 0, 0, 0, 0, 0, 0, 0]], "21610.sol": [1, [1, 0, 0, 0, 0, 0, 0, 1, 1, 1]], "3671.sol": [0, [0, 0, 0, 0, 0, 0, 0, 0, 0, 0]], "2728.sol": [0, [0, 0, 0, 0, 0, 0, 0, 0, 0, 0]], "22397.sol": [0, [0, 0, 0, 0, 0, 0, 0, 0, 0, 0]], "30398.sol": [0, [0, 0, 0, 0, 0, 0, 0, 0, 0, 0]], "31662.sol": [0, [0, 0, 0, 0, 0, 0, 0, 0, 0, 0]], "5419.sol": [0, [0, 0, 0, 0, 0, 0, 0, 0, 0, 0]], "34206.sol": [0, [0, 0, 0, 0, 0, 0, 0, 0, 0, 0]], "35204.sol": [0, [0, 0, 0, 0, 0, 0, 0, 0, 0, 0]], "5174.sol": [0, [0, 0, 0, 0, 0, 0, 0, 0, 0, 0]], "115.sol": [0, [0, 0, 0, 0, 0, 0, 0, 0, 0, 0]], "16228.sol": [0, [0, 0, 0, 0, 0, 0, 0, 0, 0, 0]], "32752.sol": [0, [0, 0, 0, 0, 0, 0, 0, 0, 0, 0]], "39920.sol": [0, [0, 0, 0, 0, 0, 0, 0, 0, 0, 0]], "18409.sol": [0, [0, 0, 0, 0, 0, 0, 0, 0, 0, 0]], "28429.sol": [0, [0, 0, 0, 0, 0, 0, 0, 0, 0, 0]], "38760.sol": [0, [0, 0, 0, 0, 0, 0, 0, 0, 0, 0]], "21531.sol": [0, [0, 0, 0, 0, 0, 0, 0, 0, 0, 0]], "26198.sol": [0, [0, 0, 0, 0, 0, 0, 0, 0, 0, 0]], "20874.sol": [0, [0, 0, 0, 0, 0, 0, 0, 0, 0, 0]], "19507.sol": [0, [0, 0, 0, 0, 0, 0, 0, 0, 0, 0]], "22809.sol": [0, [0, 0, 0, 0, 0, 0, 0, 0, 0, 0]], "24963.sol": [0, [0, 0, 0, 0, 0, 0, 0, 0, 0, 0]], "4623.sol": [0, [0, 0, 0, 0, 0, 0, 0, 0, 0, 0]], "3043.sol": [0, [0, 0, 0, 0, 0, 0, 0, 0, 0, 0]], "3714.sol": [0, [0, 0, 0, 0, 0, 0, 0, 0, 0, 0]], "30762.sol": [0, [0, 0, 0, 0, 0, 0, 0, 0, 0, 0]], "30649.sol": [0, [0, 0, 0, 0, 0, 0, 0, 0, 0, 0]], "10646.sol": [0, [0, 0, 0, 0, 0, 0, 0, 0, 0, 0]], "40307.sol": [0, [0, 0, 0, 0, 0, 0, 0, 0, 0, 0]], "26307.sol": [0, [0, 0, 0, 0, 0, 0, 0, 0, 0, 0]], "14.sol": [0, [0, 0, 0, 0, 0, 0, 0, 0, 0, 0]], "33828.sol": [0, [0, 0, 0, 0, 0, 0, 0, 0, 0, 0]], "37112.sol": [0, [0, 0, 0, 0, 0, 0, 0, 0, 0, 0]], "11133.sol": [0, [0, 0, 0, 0, 0, 0, 0, 0, 0, 0]], "9376.sol": [0, [0, 0, 0, 0, 0, 0, 0, 0, 0, 0]], "34959.sol": [0, [0, 0, 0, 0, 0, 0, 0, 0, 0, 0]], "23357.sol": [0, [0, 0, 0, 0, 0, 0, 0, 0, 0, 0]], "12348.sol": [0, [0, 0, 0, 0, 0, 0, 0, 0, 0, 0]], "40084.sol": [1, [0, 0, 0, 0, 0, 1, 0, 1, 0, 0]], "34918.sol": [0, [0, 0, 0, 0, 0, 0, 0, 0, 0, 0]], "14149.sol": [0, [0, 0, 0, 0, 0, 0, 0, 0, 0, 0]], "23142.sol": [0, [0, 0, 0, 0, 0, 0, 0, 0, 0, 0]], "4361.sol": [0, [0, 0, 0, 0, 0, 0, 0, 0, 0, 0]], "16959.sol": [0, [0, 0, 0, 0, 0, 0, 0, 0, 0, 0]], "6002.sol": [0, [0, 0, 0, 0, 0, 0, 0, 0, 0, 0]], "30159.sol": [0, [0, 0, 0, 0, 0, 0, 0, 0, 0, 0]], "36043.sol": [0, [0, 0, 0, 0, 0, 0, 0, 0, 0, 0]], "34190.sol": [0, [0, 0, 0, 0, 0, 0, 0, 0, 0, 0]], "39756.sol": [0, [0, 0, 0, 0, 0, 0, 0, 0, 0, 0]], "16494.sol": [0, [0, 0, 0, 0, 0, 0, 0, 0, 0, 0]], "30105.sol": [0, [0, 0, 0, 0, 0, 0, 0, 0, 0, 0]], "28124.sol": [0, [0, 0, 0, 0, 0, 0, 0, 0, 0, 0]], "27810.sol": [0, [0, 0, 0, 0, 0, 0, 0, 0, 0, 0]], "36729.sol": [0, [0, 0, 0, 0, 0, 0, 0, 0, 0, 0]], "10688.sol": [0, [0, 0, 0, 0, 0, 0, 0, 0, 0, 0]], "2944.sol": [0, [0, 0, 0, 0, 0, 0, 0, 0, 0, 0]], "18117.sol": [0, [0, 0, 0, 0, 0, 0, 0, 0, 0, 0]], "19137.sol": [0, [0, 0, 0, 0, 0, 0, 0, 0, 0, 0]], "38295.sol": [0, [0, 0, 0, 0, 0, 0, 0, 0, 0, 0]], "34017.sol": [0, [0, 0, 0, 0, 0, 0, 0, 0, 0, 0]], "11956.sol": [0, [0, 0, 0, 0, 0, 0, 0, 0, 0, 0]], "31838.sol": [0, [0, 0, 0, 0, 0, 0, 0, 0, 0, 0]], "9435.sol": [0, [0, 0, 0, 0, 0, 0, 0, 0, 0, 0]], "7975.sol": [0, [0, 0, 0, 0, 0, 0, 0, 0, 0, 0]], "20075.sol": [0, [0, 0, 0, 0, 0, 0, 0, 0, 0, 0]], "28405.sol": [0, [0, 0, 0, 0, 0, 0, 0, 0, 0, 0]], "5411.sol": [1, [1, 1, 0, 0, 0, 0, 0, 0, 0, 0]], "22232.sol": [0, [0, 0, 0, 0, 0, 0, 0, 0, 0, 0]], "5047.sol": [0, [0, 0, 0, 0, 0, 0, 0, 0, 0, 0]], "3903.sol": [0, [0, 0, 0, 0, 0, 0, 0, 0, 0, 0]], "22773.sol": [0, [0, 0, 0, 0, 0, 0, 0, 0, 0, 0]], "21126.sol": [0, [0, 0, 0, 0, 0, 0, 0, 0, 0, 0]], "39559.sol": [0, [0, 0, 0, 0, 0, 0, 0, 0, 0, 0]], "5985.sol": [0, [0, 0, 0, 0, 0, 0, 0, 0, 0, 0]], "20977.sol": [0, [0, 0, 0, 0, 0, 0, 0, 0, 0, 0]], "33432.sol": [0, [0, 0, 0, 0, 0, 0, 0, 0, 0, 0]], "28893.sol": [0, [0, 0, 0, 0, 0, 0, 0, 0, 0, 0]], "5283.sol": [0, [0, 0, 0, 0, 0, 0, 0, 0, 0, 0]], "17714.sol": [0, [0, 0, 0, 0, 0, 0, 0, 0, 0, 0]], "2729.sol": [0, [0, 0, 0, 0, 0, 0, 0, 0, 0, 0]], "8355.sol": [0, [0, 0, 0, 0, 0, 0, 0, 0, 0, 0]], "9978.sol": [0, [0, 0, 0, 0, 0, 0, 0, 0, 0, 0]], "8220.sol": [0, [0, 0, 0, 0, 0, 0, 0, 0, 0, 0]], "13915.sol": [0, [0, 0, 0, 0, 0, 0, 0, 0, 0, 0]], "19757.sol": [0, [0, 0, 0, 0, 0, 0, 0, 0, 0, 0]], "9811.sol": [0, [0, 0, 0, 0, 0, 0, 0, 0, 0, 0]], "12831.sol": [0, [0, 0, 0, 0, 0, 0, 0, 0, 0, 0]], "29460.sol": [0, [0, 0, 0, 0, 0, 0, 0, 0, 0, 0]], "15522.sol": [0, [0, 0, 0, 0, 0, 0, 0, 0, 0, 0]], "27513.sol": [0, [0, 0, 0, 0, 0, 0, 0, 0]], "19744.sol": [0, [0, 0, 0, 0, 0, 0, 0, 0, 0, 0]], "33073.sol": [0, [0, 0, 0, 0, 0, 0, 0, 0, 0, 0]], "13764.sol": [0, [0, 0, 0, 0, 0, 0, 0, 0, 0, 0]], "9128.sol": [0, [0, 0, 0, 0, 0, 0, 0, 0, 0, 0]], "35984.sol": [0, [0, 0, 0, 0, 0, 0, 0, 0, 0, 0]], "37704.sol": [0, [0, 0, 0, 0, 0, 0, 0, 0, 0, 0]], "33206.sol": [0, [0, 0, 0, 0, 0, 0, 0, 0, 0, 0]], "160.sol": [0, [0, 0, 0, 0, 0, 0, 0, 0, 0, 0]], "13737.sol": [0, [0, 0, 0, 0, 0, 0, 0, 0, 0, 0]], "14186.sol": [0, [0, 0, 0, 0, 0, 0, 0, 0, 0, 0]], "35628.sol": [0, [0, 0, 0, 0, 0, 0, 0, 0, 0, 0]], "5257.sol": [1, [1, 1, 1, 1, 1, 1, 1, 1, 1, 1]], "9329.sol": [1, [0, 0, 0, 0, 1, 0, 0, 0, 0, 0]], "19166.sol": [1, [1, 1, 1, 1, 1, 1, 1, 1, 1, 1]], "28490.sol": [0, [0, 0, 0, 0, 0, 0, 0, 0, 0, 0]], "26440.sol": [1, [1, 1, 1, 1, 1, 1, 0, 0, 0, 0]], "14644.sol": [1, [1, 1, 0, 1, 1, 0, 1, 1, 1, 1]], "22647.sol": [0, [0, 0, 0, 0, 0, 0, 0, 0, 0, 0]], "38406.sol": [1, [0, 0, 0, 1, 1, 1, 1, 0, 1, 1]], "21818.sol": [0, [0, 0, 0, 0, 0, 0, 0, 0, 0, 0]], "39398.sol": [1, [0, 0, 0, 1, 1, 1, 0, 0, 0, 1]], "33402.sol": [1, [1, 1, 1, 1, 1, 1, 1, 1, 1, 1]], "13836.sol": [1, [0, 0, 0, 0, 1, 0, 0, 0, 0, 0]], "39954.sol": [1, [1, 0, 1, 0, 1, 1, 1, 0, 1, 1]], "22072.sol": [1, [1, 1, 1, 1, 1, 1, 1, 1, 1, 1]], "10469.sol": [0, [0, 0, 0, 0, 0, 0, 0, 0, 0, 0]], "30237.sol": [0, [0, 0, 0, 0, 0, 0, 0, 0, 0, 0]], "33571.sol": [1, [1, 1, 1, 1, 1, 0, 0, 0, 0, 0]], "24930.sol": [1, [0, 0, 0, 1, 0, 0, 0, 0, 0, 0]], "19115.sol": [1, [1, 1, 1, 1, 1, 1, 1, 1, 1, 1]], "39905.sol": [1, [1, 0, 1, 1, 1, 0, 0, 1, 0, 0]], "19116.sol": [1, [1, 1, 1, 1, 1, 1, 1, 1, 1, 1]], "30974.sol": [1, [1, 0, 0, 0, 0, 0, 0, 0, 0, 0]], "91.sol": [1, [0, 0, 0, 0, 1, 1, 1, 0, 0, 1]], "20092.sol": [1, [1, 1, 1, 1, 1, 1, 1, 1, 1, 1]], "27141.sol": [0, [0, 0, 0, 0, 0, 0, 0, 0, 0, 0]], "12578.sol": [0, [0, 0, 0, 0, 0, 0, 0, 0, 0, 0]], "1797.sol": [1, [0, 0, 0, 0, 0, 0, 0, 0, 0, 1]], "39481.sol": [1, [1, 0, 0, 1, 1, 0, 0, 0, 1, 0]], "17942.sol": [1, [1, 1, 0, 0, 1, 1, 0, 0, 0, 0]], "17940.sol": [1, [0, 0, 0, 0, 0, 0, 0, 1, 1, 0]], "7322.sol": [1, [1, 1, 1, 1, 1, 1, 0, 1, 1, 0]], "31086.sol": [1, [1, 1, 0, 0, 1, 1, 1, 1, 0, 0]], "1827.sol": [0, [0, 0, 0, 0, 0, 0, 0, 0, 0, 0]], "26010.sol": [1, [1, 1, 1, 0, 1, 1, 1, 1, 0, 1]], "7949.sol": [1, [1, 1, 1, 1, 1, 1, 1, 1, 1, 1]], "25913.sol": [1, [1, 1, 1, 1, 1, 1, 1, 1, 1, 1]], "25525.sol": [1, [0, 0, 0, 0, 0, 1, 1, 0, 0, 0]], "13690.sol": [0, [0, 0, 0, 0, 0, 0, 0, 0, 0, 0]], "14468.sol": [0, [0, 0, 0, 0, 0, 0, 0, 0, 0, 0]], "18440.sol": [1, [1, 1, 1, 1, 1, 1, 1, 1, 1, 1]], "508.sol": [1, [0, 0, 0, 1, 0, 0, 1, 0, 0, 0]], "29255.sol": [1, [1, 1, 1, 0, 0, 0, 0, 0, 0, 0]], "18635.sol": [1, [0, 1, 1, 0, 1, 0, 0, 0, 0, 0]], "24368.sol": [0, [0, 0, 0, 0, 0, 0, 0, 0, 0, 0]], "22557.sol": [0, [0, 0, 0, 0, 0, 0, 0, 0, 0, 0]], "22194.sol": [1, [1, 1, 1, 1, 1, 1, 1, 1, 1, 1]], "29163.sol": [0, [0, 0, 0, 0, 0, 0, 0, 0, 0, 0]], "16676.sol": [1, [1, 1, 0, 0, 0, 0, 0, 0, 0, 0]], "7808.sol": [0, [0, 0, 0, 0, 0, 0, 0, 0, 0, 0]], "38528.sol": [1, [1, 1, 0, 1, 0, 0, 0, 0, 0, 1]], "9679.sol": [1, [1, 0, 0, 0, 0, 0, 0, 0, 0, 0]], "4186.sol": [1, [1, 1, 1, 1, 1, 1, 1, 1, 1, 1]], "35178.sol": [1, [1, 1, 1, 1, 1, 1, 1, 1, 1, 1]], "34956.sol": [0, [0, 0, 0, 0, 0, 0, 0, 0, 0, 0]], "14640.sol": [1, [1, 1, 0, 1, 1, 0, 1, 1, 1, 1]], "29902.sol": [0, [0, 0, 0, 0, 0, 0, 0, 0, 0, 0]], "39816.sol": [1, [0, 1, 0, 1, 0, 0, 0, 0, 1, 1]], "15474.sol": [0, [0, 0, 0, 0, 0, 0, 0, 0, 0, 0]], "7947.sol": [1, [1, 1, 1, 1, 1, 1, 1, 1, 1, 1]], "14416.sol": [0, [0, 0, 0, 0, 0, 0, 0, 0, 0, 0]], "36168.sol": [1, [0, 0, 0, 0, 1, 0, 1, 0, 0, 0]], "37469.sol": [0, [0, 0, 0, 0, 0, 0, 0, 0, 0, 0]], "18325.sol": [0, [0, 0, 0, 0, 0, 0, 0, 0, 0, 0]], "16664.sol": [0, [0, 0, 0, 0, 0, 0, 0, 0, 0, 0]], "9589.sol": [0, [0, 0, 0, 0, 0, 0, 0, 0, 0, 0]], "6307.sol": [1, [1, 1, 0, 0, 0, 0, 0, 0, 0, 0]], "509.sol": [1, [0, 0, 0, 0, 1, 0, 0, 0, 0, 0]], "39962.sol": [1, [1, 0, 1, 0, 1, 1, 1, 0, 1, 1]], "5015.sol": [1, [1, 0, 0, 0, 0, 0, 0, 1, 0, 0]], "6688.sol": [1, [1, 0, 0, 0, 0, 0, 0, 0, 0, 0]], "1968.sol": [1, [1, 1, 1, 1, 1, 1, 1, 1, 1, 1]], "11137.sol": [1, [1, 1, 1, 1, 0, 0, 0, 1, 0, 0]], "20054.sol": [0, [0, 0, 0, 0, 0, 0, 0, 0, 0, 0]], "16822.sol": [1, [0, 0, 0, 0, 1, 0, 0, 0, 0, 0]], "27152.sol": [0, [0, 0, 0, 0, 0, 0, 0, 0, 0, 0]], "8562.sol": [1, [0, 0, 0, 0, 0, 0, 0, 1, 0, 1]], "39030.sol": [1, [0, 0, 0, 0, 1, 0, 1, 0, 0, 0]], "38969.sol": [1, [0, 1, 1, 1, 1, 0, 0, 0, 0, 0]], "35448.sol": [1, [1, 1, 1, 1, 1, 1, 1, 1, 1, 1]], "36100.sol": [0, [0, 0, 0, 0, 0, 0, 0, 0, 0, 0]], "5191.sol": [1, [0, 1, 1, 1, 0, 1, 1, 1, 0, 1]], "12563.sol": [1, [1, 1, 1, 1, 1, 1, 1, 1, 1, 1]], "30205.sol": [1, [0, 1, 1, 1, 0, 0, 0, 0, 0, 0]], "375.sol": [1, [0, 0, 0, 0, 0, 1, 0, 0, 1, 0]], "3981.sol": [0, [0, 0, 0, 0, 0, 0, 0, 0, 0, 0]], "13420.sol": [1, [0, 0, 1, 1, 1, 1, 1, 1, 1, 1]], "30546.sol": [0, [0, 0, 0, 0, 0, 0, 0, 0, 0, 0]], "11135.sol": [1, [1, 1, 1, 1, 0, 0, 0, 1, 0, 0]], "23437.sol": [1, [1, 1, 1, 1, 1, 1, 1, 1, 1, 1]], "21540.sol": [1, [0, 0, 1, 1, 1, 1, 1, 1, 1, 1]], "30354.sol": [1, [0, 1, 1, 1, 0, 1, 1, 1, 1, 1]], "35930.sol": [1, [1, 1, 1, 1, 1, 1, 1, 0, 0, 0]], "16437.sol": [0, [0, 0, 0, 0, 0, 0, 0, 0, 0, 0]], "27270.sol": [1, [1, 1, 1, 0, 1, 0, 1, 0, 0, 1]], "37260.sol": [1, [0, 0, 1, 0, 0, 0, 1, 0, 0, 0]], "21990.sol": [1, [0, 0, 0, 0, 0, 0, 0, 0, 0, 1]], "32342.sol": [1, [1, 1, 1, 0, 0, 1, 1, 1, 1, 0]], "21547.sol": [0, [0, 0, 0, 0, 0, 0, 0, 0, 0, 0]], "17566.sol": [1, [1, 1, 1, 0, 1, 0, 1, 0, 0, 0]], "33018.sol": [1, [1, 1, 1, 1, 1, 1, 1, 1, 0, 0]], "32352.sol": [1, [1, 0, 0, 0, 0, 0, 0, 0, 0, 0]], "30137.sol": [1, [1, 1, 1, 1, 1, 1, 1, 1, 1, 1]], "18027.sol": [1, [0, 0, 1, 1, 0, 0, 0, 0, 0, 0]], "16336.sol": [0, [0, 0, 0, 0, 0, 0, 0, 0, 0, 0]], "26547.sol": [0, [0, 0, 0, 0, 0, 0, 0, 0, 0, 0]], "18255.sol": [1, [1, 1, 1, 1, 1, 1, 0, 0, 0, 0]], "18717.sol": [1, [0, 0, 0, 0, 1, 0, 0, 0, 0, 0]], "10784.sol": [1, [1, 1, 1, 1, 0, 0, 0, 1, 0, 0]], "6251.sol": [1, [0, 0, 0, 0, 1, 0, 1, 0, 0, 0]], "765.sol": [0, [0, 0, 0, 0, 0, 0, 0, 0, 0, 0]], "39183.sol": [1, [1, 1, 1, 0, 1, 1, 0, 0, 0, 0]], "31397.sol": [0, [0, 0, 0, 0, 0, 0, 0, 0, 0, 0]], "12124.sol": [0, [0, 0, 0, 0, 0, 0, 0, 0, 0, 0]], "2524.sol": [0, [0, 0, 0, 0, 0, 0, 0, 0, 0, 0]], "23517.sol": [1, [1, 1, 0, 0, 0, 0, 0, 0, 0, 0]], "29623.sol": [1, [1, 0, 0, 0, 0, 0, 0, 0, 0, 0]], "2883.sol": [1, [1, 1, 1, 1, 1, 1, 1, 1, 1, 1]], "29180.sol": [1, [1, 1, 1, 1, 1, 1, 1, 1, 1, 1]], "37998.sol": [1, [0, 0, 0, 0, 0, 0, 0, 0, 1, 0]], "18758.sol": [1, [1, 1, 1, 1, 1, 1, 0, 0, 0, 0]], "34946.sol": [1, [1, 1, 1, 1, 1, 1, 1, 1, 1, 1]], "10359.sol": [0, [0, 0, 0, 0, 0, 0, 0, 0, 0, 0]], "27201.sol": [1, [1, 1, 1, 0, 1, 0, 1, 1, 0, 0]], "35629.sol": [1, [1, 0, 0, 0, 0, 0, 0, 0, 0, 0]], "39029.sol": [1, [0, 0, 0, 0, 0, 1, 1, 0, 0, 0]], "1317.sol": [0, [0, 0, 0, 0, 0, 0, 0, 0, 0, 0]], "28064.sol": [1, [1, 1, 1, 0, 0, 0, 0, 0, 0, 0]], "4252.sol": [0, [0, 0, 0, 0, 0, 0, 0, 0, 0, 0]], "26519.sol": [0, [0, 0, 0, 0, 0, 0, 0, 0, 0, 0]], "33550.sol": [1, [1, 1, 1, 0, 0, 1, 0, 0, 0, 0]], "16675.sol": [1, [1, 1, 1, 0, 1, 0, 1, 1, 0, 0]], "6253.sol": [1, [0, 0, 0, 0, 1, 0, 1, 0, 0, 0]], "3727.sol": [1, [1, 1, 1, 1, 1, 1, 1, 1, 1, 0]], "20903.sol": [1, [1, 1, 1, 0, 0, 1, 0, 0, 0, 0]], "9750.sol": [1, [0, 0, 1, 1, 1, 1, 1, 1, 1, 1]], "33185.sol": [1, [1, 1, 1, 1, 1, 1, 1, 1, 0, 0]], "4761.sol": [1, [1, 1, 1, 0, 0, 0, 0, 0, 0, 0]], "16850.sol": [1, [1, 1, 1, 1, 1, 1, 1, 1, 1, 1]], "25487.sol": [1, [1, 0, 0, 0, 0, 0, 0, 0, 0, 0]], "39774.sol": [1, [0, 0, 0, 1, 1, 0, 0, 0, 0, 0]], "20351.sol": [1, [0, 0, 0, 1, 0, 0, 0, 0, 0, 0]], "35518.sol": [0, [0, 0, 0, 0, 0, 0, 0, 0, 0, 0]], "5404.sol": [0, [0, 0, 0, 0, 0, 0, 0, 0, 0, 0]], "2355.sol": [0, [0, 0, 0, 0, 0, 0, 0, 0, 0, 0]], "15847.sol": [1, [1, 1, 1, 1, 1, 1, 1, 1, 1, 1]], "14223.sol": [0, [0, 0, 0, 0, 0, 0, 0, 0, 0, 0]], "32184.sol": [1, [1, 1, 1, 1, 1, 1, 1, 1, 0, 0]], "14939.sol": [1, [1, 1, 1, 1, 1, 1, 1, 1, 1, 1]], "5982.sol": [1, [0, 0, 1, 0, 0, 0, 0, 0, 0, 0]], "752.sol": [1, [0, 0, 0, 0, 1, 0, 0, 0, 0, 1]], "30545.sol": [1, [1, 1, 1, 1, 1, 1, 1, 1, 1, 1]], "26638.sol": [1, [1, 1, 0, 1, 0, 0, 0, 0, 1, 1]], "18831.sol": [0, [0, 0, 0, 0, 0, 0, 0, 0, 0, 0]], "19489.sol": [1, [1, 0, 0, 0, 0, 0, 0, 0, 0, 0]], "16152.sol": [1, [0, 1, 0, 1, 1, 1, 1, 1, 1, 1]], "17839.sol": [1, [1, 1, 1, 1, 1, 1, 1, 1, 1, 1]], "13435.sol": [1, [1, 1, 1, 0, 1, 1, 0, 1, 0, 1]], "4688.sol": [0, [0, 0, 0, 0, 0, 0, 0, 0, 0, 0]], "16010.sol": [0, [0, 0, 0, 0, 0, 0, 0, 0, 0, 0]], "18801.sol": [0, [0, 0, 0, 0, 0, 0, 0, 0, 0, 0]], "27289.sol": [1, [1, 1, 0, 0, 0, 0, 0, 0, 0, 0]], "35421.sol": [0, [0, 0, 0, 0, 0, 0, 0, 0, 0, 0]], "32156.sol": [0, [0, 0, 0, 0, 0, 0, 0, 0, 0, 0]], "2143.sol": [1, [0, 1, 1, 0, 0, 0, 0, 1, 1, 1]], "39959.sol": [1, [1, 0, 1, 0, 1, 1, 1, 0, 1, 1]], "21616.sol": [0, [0, 0, 0, 0, 0, 0, 0, 0, 0, 0]], "8297.sol": [1, [1, 1, 1, 1, 1, 1, 1, 1, 1, 1]], "21138.sol": [1, [1, 1, 1, 1, 1, 1, 1, 1, 1, 1]], "25703.sol": [1, [1, 1, 1, 1, 1, 1, 0, 0, 0, 0]], "24618.sol": [1, [1, 1, 1, 1, 1, 1, 1, 1, 1, 1]], "4974.sol": [1, [1, 1, 0, 0, 0, 0, 0, 0, 0, 0]], "28065.sol": [1, [1, 1, 0, 0, 1, 0, 0, 0, 1, 0]], "32300.sol": [1, [1, 0, 0, 0, 1, 0, 1, 0, 0, 1]], "13375.sol": [0, [0, 0, 0, 0, 0, 0, 0, 0, 0, 0]], "24149.sol": [1, [0, 0, 0, 0, 0, 0, 1, 0, 1, 0]], "27045.sol": [1, [1, 1, 1, 1, 1, 1, 1, 1, 1, 1]], "21516.sol": [0, [0, 0, 0, 0, 0, 0, 0, 0, 0, 0]], "13126.sol": [1, [1, 1, 1, 0, 0, 0, 0, 0, 0, 0]], "3942.sol": [0, [0, 0, 0, 0, 0, 0, 0, 0, 0, 0]], "8163.sol": [1, [1, 1, 1, 1, 1, 1, 1, 1, 1, 1]], "4951.sol": [0, [0, 0, 0, 0, 0, 0, 0, 0, 0, 0]], "19830.sol": [1, [1, 1, 1, 1, 1, 1, 1, 1, 0, 1]], "32128.sol": [1, [0, 0, 1, 0, 0, 1, 0, 0, 0, 0]], "38531.sol": [1, [1, 0, 0, 0, 0, 0, 0, 0, 1, 0]], "36242.sol": [1, [1, 1, 1, 1, 1, 1, 1, 0, 0, 1]], "31087.sol": [1, [1, 1, 0, 0, 1, 1, 1, 1, 0, 0]], "15629.sol": [1, [0, 1, 1, 0, 0, 0, 0, 0, 1, 0]], "22367.sol": [1, [1, 0, 0, 0, 1, 0, 1, 1, 0, 0]], "1465.sol": [1, [1, 1, 1, 1, 1, 0, 0, 0, 0, 1]], "19723.sol": [1, [0, 0, 0, 0, 1, 1, 0, 0, 0, 0]], "718.sol": [0, [0, 0, 0, 0, 0, 0, 0, 0, 0, 0]], "28952.sol": [0, [0, 0, 0, 0, 0, 0, 0, 0, 0, 0]], "11037.sol": [0, [0, 0, 0, 0, 0, 0, 0, 0, 0, 0]], "21561.sol": [0, [0, 0, 0, 0, 0, 0, 0, 0, 0, 0]], "39392.sol": [1, [0, 0, 0, 1, 1, 1, 0, 0, 0, 1]], "15909.sol": [1, [1, 1, 0, 0, 0, 0, 0, 0, 0, 0]], "9658.sol": [1, [1, 0, 0, 0, 0, 0, 0, 0, 0, 0]], "29181.sol": [1, [1, 1, 1, 1, 1, 1, 1, 1, 1, 1]], "17584.sol": [1, [1, 1, 1, 1, 1, 1, 1, 1, 1, 1]], "18700.sol": [0, [0, 0, 0, 0, 0, 0, 0, 0, 0, 0]], "25353.sol": [0, [0, 0, 0, 0, 0, 0, 0, 0, 0, 0]], "15908.sol": [1, [1, 1, 0, 0, 0, 0, 0, 0, 0, 0]], "17243.sol": [1, [1, 1, 1, 1, 1, 1, 1, 1, 1, 1]], "19251.sol": [0, [0, 0, 0, 0, 0, 0, 0, 0, 0, 0]], "38683.sol": [1, [1, 0, 0, 0, 0, 0, 1, 1, 0, 0]], "39157.sol": [1, [1, 0, 1, 1, 1, 0, 1, 0, 1, 1]], "30124.sol": [0, [0, 0, 0, 0, 0, 0, 0, 0, 0, 0]], "32840.sol": [1, [0, 1, 1, 1, 1, 1, 1, 1, 1, 1]], "3169.sol": [1, [0, 0, 1, 0, 0, 0, 0, 1, 0, 0]], "10030.sol": [1, [0, 1, 0, 0, 0, 0, 0, 0, 0, 0]], "38658.sol": [1, [1, 1, 1, 1, 0, 1, 0, 0, 1, 0]], "31916.sol": [0, [0, 0, 0, 0, 0, 0, 0, 0, 0, 0]], "6412.sol": [0, [0, 0, 0, 0, 0, 0, 0, 0, 0, 0]], "33703.sol": [1, [1, 1, 1, 1, 1, 1, 1, 1, 1, 1]], "12080.sol": [1, [1, 1, 1, 1, 1, 1, 1, 1, 1, 1]], "11078.sol": [1, [0, 1, 0, 0, 0, 0, 0, 0, 0, 0]], "36169.sol": [1, [0, 0, 0, 0, 1, 0, 1, 0, 0, 0]], "38413.sol": [1, [1, 1, 1, 1, 0, 1, 0, 0, 0, 1]], "24675.sol": [1, [1, 1, 1, 1, 1, 1, 1, 1, 1, 1]], "37402.sol": [0, [0, 0, 0, 0, 0, 0, 0, 0, 0, 0]], "9854.sol": [1, [1, 1, 1, 1, 0, 0, 0, 0, 0, 1]], "6339.sol": [1, [1, 1, 1, 0, 0, 1, 0, 1, 0, 0]], "36452.sol": [0, [0, 0, 0, 0, 0, 0, 0, 0, 0, 0]], "33685.sol": [1, [1, 1, 1, 1, 1, 1, 1, 1, 1, 1]], "33994.sol": [1, [0, 0, 0, 1, 0, 0, 0, 1, 0, 0]], "13452.sol": [0, [0, 0, 0, 0, 0, 0, 0, 0, 0, 0]], "4986.sol": [1, [1, 1, 1, 1, 1, 1, 1, 1, 1, 1]], "20517.sol": [1, [0, 0, 0, 0, 1, 0, 0, 0, 0, 0]], "35476.sol": [1, [1, 1, 1, 0, 0, 0, 0, 0, 0, 0]], "32271.sol": [1, [1, 0, 0, 0, 1, 1, 1, 1, 0, 0]], "21701.sol": [0, [0, 0, 0, 0, 0, 0, 0, 0, 0, 0]], "37791.sol": [0, [0, 0, 0, 0, 0, 0, 0, 0, 0, 0]], "14346.sol": [0, [0, 0, 0, 0, 0, 0, 0, 0, 0, 0]], "24439.sol": [0, [0, 0, 0, 0, 0, 0, 0, 0, 0, 0]], "37922.sol": [0, [0, 0, 0, 0, 0, 0, 0, 0, 0, 0]], "33398.sol": [1, [1, 1, 1, 1, 1, 1, 1, 1, 1, 1]], "19308.sol": [1, [1, 1, 1, 1, 1, 1, 1, 1, 1, 1]], "9460.sol": [0, [0, 0, 0, 0, 0, 0, 0, 0, 0, 0]], "15331.sol": [1, [1, 1, 1, 0, 0, 1, 0, 0, 0, 0]], "25297.sol": [1, [1, 1, 1, 1, 1, 1, 1, 1, 1, 1]], "4700.sol": [0, [0, 0, 0, 0, 0, 0, 0, 0, 0, 0]], "40042.sol": [1, [1, 0, 1, 1, 1, 1, 1, 1, 1, 1]], "37573.sol": [1, [0, 0, 0, 0, 1, 0, 0, 0, 0, 0]], "14003.sol": [0, [0, 0, 0, 0, 0, 0, 0, 0, 0, 0]], "40068.sol": [1, [1, 1, 1, 1, 1, 1, 1, 1, 1, 1]], "14418.sol": [1, [0, 0, 1, 1, 0, 0, 0, 0, 0, 0]], "27282.sol": [0, [0, 0, 0, 0, 0, 0, 0, 0, 0, 0]], "36403.sol": [1, [1, 1, 1, 0, 0, 0, 0, 0, 0, 0]], "24471.sol": [0, [0, 0, 0, 0, 0, 0, 0, 0, 0, 0]], "15521.sol": [1, [0, 1, 1, 0, 0, 0, 0, 0, 1, 0]], "12579.sol": [1, [0, 0, 0, 0, 0, 1, 1, 1, 0, 0]], "22837.sol": [0, [0, 0, 0, 0, 0, 0, 0, 0, 0, 0]], "31748.sol": [0, [0, 0, 0, 0, 0, 0, 0, 0, 0, 0]], "16998.sol": [1, [1, 1, 1, 1, 1, 1, 1, 1, 1, 1]], "19712.sol": [1, [0, 0, 0, 1, 0, 0, 0, 0, 0, 0]], "31200.sol": [0, [0, 0, 0, 0, 0, 0, 0, 0, 0, 0]], "12692.sol": [1, [0, 0, 1, 1, 1, 1, 1, 1, 0, 0]], "19688.sol": [1, [1, 1, 1, 1, 0, 0, 0, 0, 1, 1]], "12969.sol": [1, [1, 1, 1, 1, 1, 1, 1, 1, 1, 1]], "21527.sol": [1, [0, 0, 1, 1, 1, 1, 1, 1, 1, 1]], "32380.sol": [1, [0, 0, 0, 1, 0, 0, 1, 0, 0, 0]], "34477.sol": [1, [0, 0, 0, 0, 0, 0, 1, 0, 0, 0]], "18992.sol": [1, [1, 1, 1, 1, 1, 1, 1, 1, 1, 1]], "32033.sol": [0, [0, 0, 0, 0, 0, 0, 0, 0, 0, 0]], "9238.sol": [0, [0, 0, 0, 0, 0, 0, 0, 0, 0, 0]], "35078.sol": [0, [0, 0, 0, 0, 0, 0, 0, 0, 0, 0]], "4898.sol": [1, [1, 1, 1, 0, 0, 0, 0, 0, 0, 0]], "19173.sol": [0, [0, 0, 0, 0, 0, 0, 0, 0, 0, 0]], "35362.sol": [1, [1, 1, 1, 1, 1, 1, 1, 1, 1, 1]], "20079.sol": [1, [0, 0, 0, 0, 1, 0, 0, 0, 0, 0]], "39817.sol": [1, [1, 0, 0, 0, 0, 0, 0, 0, 0, 0]], "8497.sol": [0, [0, 0, 0, 0, 0, 0, 0, 0, 0, 0]], "22646.sol": [0, [0, 0, 0, 0, 0, 0, 0, 0, 0, 0]], "22272.sol": [1, [1, 1, 1, 1, 1, 1, 1, 1, 1, 0]], "22406.sol": [1, [1, 0, 1, 1, 0, 1, 0, 1, 0, 1]], "25899.sol": [1, [1, 1, 1, 1, 1, 1, 1, 1, 1, 1]], "7793.sol": [0, [0, 0, 0, 0, 0, 0, 0, 0, 0, 0]], "10237.sol": [1, [1, 0, 0, 0, 0, 0, 0, 1, 0, 0]], "12787.sol": [1, [1, 1, 1, 1, 1, 1, 1, 1, 1, 1]], "4890.sol": [1, [1, 1, 1, 1, 1, 1, 1, 1, 1, 1]], "1364.sol": [1, [0, 0, 0, 1, 1, 1, 1, 0, 0, 0]], "20952.sol": [0, [0, 0, 0, 0, 0, 0, 0, 0, 0, 0]], "1063.sol": [0, [0, 0, 0, 0, 0, 0, 0, 0, 0, 0]], "19940.sol": [0, [0, 0, 0, 0, 0, 0, 0, 0, 0, 0]], "39984.sol": [1, [0, 0, 0, 0, 0, 0, 0, 1, 0, 0]], "15390.sol": [1, [0, 0, 0, 0, 1, 0, 0, 0, 0, 0]], "24620.sol": [1, [1, 1, 1, 1, 1, 1, 1, 1, 1, 1]], "23635.sol": [1, [0, 1, 0, 0, 0, 0, 0, 0, 0, 0]], "3081.sol": [0, [0, 0, 0, 0, 0, 0, 0, 0, 0, 0]], "38686.sol": [1, [1, 1, 1, 1, 1, 1, 1, 0, 0, 0]], "36158.sol": [1, [1, 1, 1, 1, 1, 1, 1, 0, 0, 1]], "30129.sol": [0, [0, 0, 0, 0, 0, 0, 0, 0, 0, 0]], "16815.sol": [1, [0, 0, 0, 0, 0, 0, 0, 0, 1, 0]], "7371.sol": [0, [0, 0, 0, 0, 0, 0, 0, 0, 0, 0]], "18753.sol": [1, [1, 1, 1, 1, 1, 1, 0, 0, 0, 0]], "40013.sol": [1, [1, 1, 1, 1, 0, 0, 0, 0, 0, 0]], "22118.sol": [0, [0, 0, 0, 0, 0, 0, 0, 0, 0, 0]], "25216.sol": [1, [0, 0, 1, 0, 0, 1, 0, 1, 0, 1]], "19595.sol": [1, [0, 0, 0, 1, 0, 0, 0, 0, 0, 0]], "27479.sol": [0, [0, 0, 0, 0, 0, 0, 0, 0, 0, 0]], "69.sol": [1, [0, 1, 0, 0, 0, 1, 1, 0, 0, 0]], "13331.sol": [0, [0, 0, 0, 0, 0, 0, 0, 0, 0, 0]], "27946.sol": [0, [0, 0, 0, 0, 0, 0, 0, 0, 0, 0]], "10758.sol": [1, [0, 0, 0, 0, 1, 0, 0, 0, 0, 0]], "1589.sol": [1, [0, 1, 1, 0, 0, 0, 0, 1, 1, 1]], "3429.sol": [0, [0, 0, 0, 0, 0, 0, 0, 0, 0, 0]], "9181.sol": [0, [0, 0, 0, 0, 0, 0, 0, 0, 0, 0]], "12934.sol": [1, [1, 1, 1, 1, 1, 1, 1, 1, 1, 1]], "25354.sol": [0, [0, 0, 0, 0, 0, 0, 0, 0, 0, 0]], "11328.sol": [1, [0, 0, 0, 0, 0, 0, 0, 0, 0, 1]], "4965.sol": [1, [1, 0, 0, 0, 0, 0, 0, 0, 1, 0]], "34034.sol": [1, [1, 0, 0, 0, 0, 0, 0, 0, 0, 0]], "38949.sol": [0, [0, 0, 0, 0, 0, 0, 0, 0, 0, 0]], "19478.sol": [1, [1, 0, 1, 1, 0, 0, 1, 1, 0, 0]], "13948.sol": [0, [0, 0, 0, 0, 0, 0, 0, 0, 0, 0]], "7366.sol": [0, [0, 0, 0, 0, 0, 0, 0, 0, 0, 0]], "32628.sol": [1, [1, 1, 1, 1, 1, 1, 1, 1, 1, 1]], "24792.sol": [1, [0, 0, 0, 1, 0, 0, 0, 0, 0, 0]], "18667.sol": [1, [1, 1, 1, 1, 1, 1, 1, 1, 1, 1]], "24609.sol": [1, [1, 1, 1, 1, 1, 1, 1, 1, 1, 1]], "20466.sol": [0, [0, 0, 0, 0, 0, 0, 0, 0, 0, 0]], "4645.sol": [1, [0, 0, 0, 0, 1, 0, 0, 0, 0, 0]], "10103.sol": [1, [1, 1, 1, 1, 1, 1, 1, 1, 1, 1]], "20625.sol": [0, [0, 0, 0, 0, 0, 0, 0, 0, 0, 0]], "14110.sol": [0, [0, 0, 0, 0, 0, 0, 0, 0, 0, 0]], "26724.sol": [1, [1, 0, 0, 0, 0, 0, 0, 0, 0, 0]], "35435.sol": [1, [1, 1, 1, 1, 1, 1, 1, 1, 1, 1]], "13428.sol": [0, [0, 0, 0, 0, 0, 0, 0, 0, 0, 0]], "30979.sol": [1, [1, 1, 1, 1, 0, 1, 1, 1, 1, 1]], "17624.sol": [0, [0, 0, 0, 0, 0, 0, 0, 0, 0, 0]], "1469.sol": [1, [0, 0, 0, 0, 1, 0, 1, 0, 0, 0]], "39026.sol": [1, [0, 0, 0, 0, 0, 1, 1, 0, 0, 0]], "39908.sol": [1, [1, 1, 0, 1, 1, 0, 0, 1, 0, 0]], "14209.sol": [1, [1, 1, 1, 1, 1, 1, 1, 1, 1, 1]], "17961.sol": [1, [0, 0, 1, 1, 0, 0, 0, 0, 0, 0]], "1643.sol": [0, [0, 0, 0, 0, 0, 0, 0, 0, 0, 0]], "15729.sol": [1, [0, 0, 0, 0, 0, 0, 1, 1, 1, 1]], "1463.sol": [0, [0, 0, 0, 0, 0, 0, 0, 0, 0, 0]], "40214.sol": [1, [1, 1, 1, 1, 1, 1, 1, 1, 1, 1]], "11790.sol": [0, [0, 0, 0, 0, 0, 0, 0, 0, 0, 0]], "10992.sol": [0, [0, 0, 0, 0, 0, 0, 0, 0, 0, 0]], "39248.sol": [1, [1, 1, 1, 1, 0, 1, 0, 1, 0, 1]], "28420.sol": [1, [1, 1, 1, 1, 1, 1, 1, 1, 1, 1]], "38414.sol": [1, [1, 1, 1, 1, 0, 1, 0, 0, 0, 1]], "32929.sol": [0, [0, 0, 0, 0, 0, 0, 0, 0, 0, 0]], "5816.sol": [1, [1, 1, 1, 1, 1, 1, 1, 1, 0, 0]], "7134.sol": [1, [1, 0, 0, 0, 0, 0, 0, 1, 0, 0]], "25794.sol": [1, [1, 1, 1, 1, 1, 1, 1, 1, 1, 1]], "16909.sol": [1, [0, 0, 0, 0, 0, 0, 1, 0, 0, 1]], "19500.sol": [0, [0, 0, 0, 0, 0, 0, 0, 0, 0, 0]], "16260.sol": [0, [0, 0, 0, 0, 0, 0, 0, 0, 0, 0]], "25749.sol": [1, [1, 1, 1, 1, 1, 1, 0, 0, 0, 0]], "24935.sol": [1, [0, 0, 0, 0, 0, 0, 0, 0, 0, 1]], "30984.sol": [1, [0, 1, 1, 1, 1, 1, 1, 0, 1, 1]], "26175.sol": [1, [1, 1, 1, 1, 1, 1, 0, 0, 0, 0]], "13092.sol": [0, [0, 0, 0, 0, 0, 0, 0, 0, 0, 0]], "7416.sol": [0, [0, 0, 0, 0, 0, 0, 0, 0, 0, 0]], "39960.sol": [1, [1, 0, 1, 0, 1, 1, 1, 0, 1, 1]], "24108.sol": [1, [1, 1, 1, 0, 1, 0, 1, 1, 0, 0]], "18028.sol": [1, [0, 0, 1, 1, 0, 0, 0, 0, 0, 0]], "2612.sol": [0, [0, 0, 0, 0, 0, 0, 0, 0, 0, 0]], "28179.sol": [0, [0, 0, 0, 0, 0, 0, 0, 0, 0, 0]], "25911.sol": [1, [1, 0, 0, 0, 0, 0, 0, 0, 0, 0]], "25552.sol": [1, [1, 1, 1, 1, 1, 1, 1, 1, 1, 1]]}